tile_id,tile_row,tile_col,ohrc_x,ohrc_y,nac_x,nac_y,confidence
13,7160,1800,2437.0,7581.0,2427.0,4946.0,0.919831
13,7160,1800,2543.0,7916.0,2536.0,5279.0,0.949908
13,7160,1800,2684.0,7517.0,2681.0,4877.0,0.719626
13,7160,1800,2843.0,7904.0,2841.0,5265.0,0.917317
13,7160,1800,2997.0,8201.0,2991.0,5568.0,0.942106
13,7160,1800,2142.0,7758.0,2125.0,5128.0,0.952532
13,7160,1800,1994.0,7620.0,1969.0,4995.0,0.94705
13,7160,1800,2863.0,8160.0,2855.0,5526.0,0.941743
13,7160,1800,1951.0,7951.0,1924.0,5331.0,0.349142
13,7160,1800,2239.0,7809.0,2224.0,5177.0,0.942786
13,7160,1800,2472.0,7770.0,2464.0,5133.0,0.948091
13,7160,1800,2427.0,7960.0,2419.0,5325.0,0.929246
13,7160,1800,2687.0,7370.0,2687.0,4725.0,0.933871
13,7160,1800,2930.0,7322.0,2938.0,4673.0,0.619995
13,7160,1800,2638.0,7175.0,2641.0,4526.0,0.329288
13,7160,1800,2039.0,7868.0,2018.0,5241.0,0.799054
13,7160,1800,2215.0,7842.0,2199.0,5212.0,0.920297
13,7160,1800,2992.0,8228.0,2986.0,5596.0,0.950789
13,7160,1800,2270.0,7961.0,2254.0,5332.0,0.899133
13,7160,1800,2836.0,7425.0,2839.0,4784.0,0.767704
13,7160,1800,2760.0,8059.0,2750.0,5421.0,0.892595
13,7160,1800,2927.0,7681.0,2930.0,5037.0,0.936557
13,7160,1800,2954.0,7481.0,2959.0,4836.0,0.943107
13,7160,1800,2557.0,7922.0,2550.0,5285.0,0.819519
13,7160,1800,2993.0,8123.0,2996.0,5494.0,0.803297
13,7160,1800,2946.0,8202.0,2939.0,5569.0,0.949184
13,7160,1800,2380.0,7521.0,2367.0,4886.0,0.941168
13,7160,1800,2505.0,7771.0,2498.0,5133.0,0.89971
13,7160,1800,2410.0,8018.0,2399.0,5385.0,0.924766
13,7160,1800,2609.0,7440.0,2603.0,4802.0,0.945035
13,7160,1800,2852.0,7415.0,2854.0,4770.0,0.621147
13,7160,1800,2936.0,7788.0,2939.0,5145.0,0.850187
13,7160,1800,2522.0,7448.0,2516.0,4809.0,0.857961
13,7160,1800,2038.0,7507.0,2015.0,4880.0,0.947083
13,7160,1800,2945.0,7709.0,2947.0,5067.0,0.880394
13,7160,1800,2109.0,7598.0,2088.0,4969.0,0.934685
13,7160,1800,2438.0,7974.0,2428.0,5338.0,0.94778
13,7160,1800,2508.0,7178.0,2506.0,4534.0,0.3548
13,7160,1800,2489.0,7781.0,2486.0,5143.0,0.934723
13,7160,1800,2942.0,7820.0,2943.0,5178.0,0.894511
13,7160,1800,2180.0,7519.0,2162.0,4888.0,0.917045
13,7160,1800,2223.0,8026.0,2205.0,5397.0,0.951284
13,7160,1800,2923.0,7698.0,2929.0,5052.0,0.560602
13,7160,1800,2572.0,7652.0,2567.0,5013.0,0.936228
13,7160,1800,2067.0,8150.0,2044.0,5528.0,0.917611
13,7160,1800,2208.0,7827.0,2190.0,5194.0,0.955392
13,7160,1800,2446.0,7422.0,2437.0,4785.0,0.869793
13,7160,1800,2214.0,8046.0,2194.0,5417.0,0.855644
13,7160,1800,2434.0,7701.0,2424.0,5065.0,0.941569
13,7160,1800,2176.0,7543.0,2158.0,4913.0,0.939724
13,7160,1800,2300.0,7868.0,2285.0,5236.0,0.952187
13,7160,1800,2607.0,8186.0,2589.0,5554.0,0.902844
13,7160,1800,2982.0,7618.0,2989.0,4974.0,0.805479
13,7160,1800,2835.0,7629.0,2835.0,4987.0,0.756035
13,7160,1800,2884.0,8055.0,2879.0,5420.0,0.936267
13,7160,1800,2998.0,7621.0,3004.0,4977.0,0.925045
13,7160,1800,2320.0,7346.0,2307.0,4712.0,0.952372
13,7160,1800,2448.0,7588.0,2439.0,4952.0,0.942035
13,7160,1800,2481.0,7768.0,2480.0,5127.0,0.937725
13,7160,1800,2181.0,7947.0,2155.0,5323.0,0.6308
13,7160,1800,2468.0,7951.0,2458.0,5315.0,0.952583
13,7160,1800,2539.0,7717.0,2532.0,5079.0,0.933136
13,7160,1800,2981.0,7761.0,2986.0,5118.0,0.905179
13,7160,1800,2284.0,7864.0,2270.0,5233.0,0.947681
13,7160,1800,2420.0,7851.0,2410.0,5215.0,0.685306
13,7160,1800,2945.0,7833.0,2946.0,5191.0,0.876121
13,7160,1800,2520.0,8106.0,2506.0,5474.0,0.951593
13,7160,1800,2545.0,8035.0,2535.0,5401.0,0.568439
13,7160,1800,2160.0,7868.0,2143.0,5238.0,0.789056
13,7160,1800,2559.0,7253.0,2557.0,4609.0,0.607299
13,7160,1800,2374.0,7505.0,2362.0,4870.0,0.951609
13,7160,1800,2869.0,7579.0,2879.0,4933.0,0.902169
13,7160,1800,2310.0,7528.0,2302.0,4895.0,0.561296
13,7160,1800,2658.0,7504.0,2666.0,4864.0,0.931497
13,7160,1800,2402.0,7765.0,2393.0,5127.0,0.955318
13,7160,1800,2823.0,7647.0,2819.0,5004.0,0.834628
13,7160,1800,2917.0,7905.0,2924.0,5266.0,0.875397
13,7160,1800,2387.0,7794.0,2379.0,5158.0,0.943174
13,7160,1800,2010.0,7844.0,1988.0,5217.0,0.918419
13,7160,1800,1966.0,7695.0,1942.0,5070.0,0.833549
13,7160,1800,1960.0,7774.0,1938.0,5149.0,0.686954
13,7160,1800,2000.0,8095.0,1974.0,5471.0,0.930532
13,7160,1800,2684.0,7633.0,2680.0,4994.0,0.932444
13,7160,1800,2427.0,8019.0,2416.0,5385.0,0.942091
13,7160,1800,2191.0,7554.0,2173.0,4923.0,0.601896
13,7160,1800,2735.0,7553.0,2734.0,4910.0,0.897398
13,7160,1800,2909.0,7899.0,2910.0,5260.0,0.790227
13,7160,1800,2373.0,7483.0,2361.0,4848.0,0.921066
13,7160,1800,2311.0,8051.0,2296.0,5420.0,0.851006
13,7160,1800,2137.0,7768.0,2120.0,5138.0,0.954219
13,7160,1800,2253.0,7415.0,2237.0,4783.0,0.953593
13,7160,1800,2232.0,7908.0,2221.0,5275.0,0.57057
13,7160,1800,2788.0,7578.0,2788.0,4937.0,0.915819
13,7160,1800,2431.0,8056.0,2417.0,5423.0,0.550921
13,7160,1800,2976.0,7664.0,2980.0,5021.0,0.657717
13,7160,1800,2430.0,7811.0,2421.0,5175.0,0.947308
13,7160,1800,2477.0,7721.0,2469.0,5085.0,0.9414
13,7160,1800,1952.0,7841.0,1928.0,5217.0,0.442004
13,7160,1800,2722.0,7899.0,2716.0,5263.0,0.500682
13,7160,1800,2215.0,7313.0,2201.0,4672.0,0.310405
13,7160,1800,2206.0,7901.0,2189.0,5271.0,0.945588
13,7160,1800,2322.0,8204.0,2305.0,5579.0,0.644659
13,7160,1800,2608.0,7481.0,2602.0,4841.0,0.767489
13,7160,1800,2027.0,8168.0,2000.0,5545.0,0.63777
13,7160,1800,2126.0,7754.0,2109.0,5123.0,0.94844
13,7160,1800,2593.0,7893.0,2584.0,5253.0,0.888972
13,7160,1800,2858.0,7573.0,2868.0,4935.0,0.621778
13,7160,1800,2293.0,8166.0,2273.0,5539.0,0.938228
13,7160,1800,1975.0,7226.0,1963.0,4598.0,0.501163
13,7160,1800,2188.0,7833.0,2172.0,5201.0,0.633343
13,7160,1800,2135.0,7476.0,2116.0,4848.0,0.686793
13,7160,1800,2794.0,7660.0,2796.0,5018.0,0.939476
13,7160,1800,2997.0,7743.0,3004.0,5100.0,0.818123
13,7160,1800,2466.0,7911.0,2458.0,5274.0,0.951403
13,7160,1800,2777.0,7466.0,2775.0,4822.0,0.936299
13,7160,1800,2004.0,8131.0,1978.0,5509.0,0.950086
13,7160,1800,2503.0,8067.0,2491.0,5435.0,0.9485
13,7160,1800,2584.0,7493.0,2578.0,4854.0,0.413807
13,7160,1800,2115.0,8126.0,2091.0,5501.0,0.873375
13,7160,1800,2018.0,7988.0,1994.0,5364.0,0.953845
13,7160,1800,2681.0,7763.0,2672.0,5124.0,0.889561
13,7160,1800,2196.0,7421.0,2178.0,4790.0,0.943052
13,7160,1800,2605.0,7505.0,2616.0,4868.0,0.788543
13,7160,1800,1998.0,7704.0,1974.0,5079.0,0.343193
13,7160,1800,2938.0,7806.0,2940.0,5167.0,0.604303
13,7160,1800,1950.0,7890.0,1925.0,5266.0,0.371651
13,7160,1800,2045.0,7636.0,2023.0,5010.0,0.948147
13,7160,1800,2551.0,7422.0,2545.0,4785.0,0.928996
13,7160,1800,2355.0,8162.0,2337.0,5536.0,0.953329
13,7160,1800,2154.0,8043.0,2133.0,5416.0,0.843602
13,7160,1800,2696.0,7597.0,2693.0,4957.0,0.945841
13,7160,1800,2110.0,8170.0,2085.0,5547.0,0.910075
13,7160,1800,2255.0,7961.0,2236.0,5334.0,0.783905
13,7160,1800,2495.0,7918.0,2486.0,5283.0,0.952801
13,7160,1800,2149.0,7432.0,2132.0,4800.0,0.775714
13,7160,1800,2904.0,7833.0,2905.0,5193.0,0.757355
13,7160,1800,2569.0,7411.0,2564.0,4771.0,0.940941
13,7160,1800,2071.0,7835.0,2052.0,5206.0,0.950033
13,7160,1800,2327.0,8130.0,2310.0,5502.0,0.888794
13,7160,1800,2126.0,7772.0,2108.0,5141.0,0.952227
13,7160,1800,2655.0,7975.0,2649.0,5338.0,0.927126
13,7160,1800,2347.0,7731.0,2337.0,5099.0,0.951795
13,7160,1800,2545.0,7751.0,2538.0,5113.0,0.954563
13,7160,1800,2384.0,7726.0,2376.0,5089.0,0.954767
13,7160,1800,2966.0,7801.0,2967.0,5160.0,0.926993
13,7160,1800,1994.0,7651.0,1970.0,5024.0,0.618742
13,7160,1800,2909.0,8112.0,2903.0,5478.0,0.775012
13,7160,1800,2264.0,7953.0,2247.0,5322.0,0.768374
13,7160,1800,2684.0,7705.0,2680.0,5065.0,0.950401
13,7160,1800,2186.0,8208.0,2164.0,5585.0,0.926422
13,7160,1800,2297.0,8145.0,2278.0,5518.0,0.953538
13,7160,1800,2979.0,7704.0,2982.0,5063.0,0.802931
13,7160,1800,2955.0,7368.0,2961.0,4716.0,0.526437
13,7160,1800,2693.0,7437.0,2695.0,4793.0,0.493434
13,7160,1800,2102.0,7681.0,2079.0,5052.0,0.842277
13,7160,1800,2420.0,7945.0,2410.0,5309.0,0.950869
13,7160,1800,2870.0,7417.0,2874.0,4772.0,0.435713
13,7160,1800,2152.0,7905.0,2133.0,5274.0,0.562683
13,7160,1800,2242.0,7923.0,2224.0,5293.0,0.954908
13,7160,1800,2052.0,7838.0,2032.0,5209.0,0.805448
13,7160,1800,2394.0,8073.0,2381.0,5442.0,0.953132
13,7160,1800,2055.0,7560.0,2033.0,4933.0,0.945146
13,7160,1800,1981.0,7535.0,1956.0,4909.0,0.713771
13,7160,1800,2449.0,7969.0,2441.0,5335.0,0.902086
13,7160,1800,2476.0,7497.0,2468.0,4861.0,0.741671
13,7160,1800,2361.0,7592.0,2349.0,4959.0,0.807714
13,7160,1800,2647.0,7478.0,2642.0,4838.0,0.878745
13,7160,1800,2470.0,7822.0,2462.0,5185.0,0.949219
13,7160,1800,1962.0,7824.0,1942.0,5207.0,0.518389
13,7160,1800,2589.0,7216.0,2590.0,4569.0,0.480169
13,7160,1800,2253.0,7865.0,2238.0,5235.0,0.950679
13,7160,1800,2253.0,7502.0,2236.0,4870.0,0.740759
13,7160,1800,1980.0,7643.0,1956.0,5017.0,0.508869
13,7160,1800,2092.0,7890.0,2070.0,5262.0,0.947703
13,7160,1800,2304.0,7541.0,2291.0,4908.0,0.426353
13,7160,1800,2883.0,7559.0,2891.0,4915.0,0.575363
13,7160,1800,2020.0,7583.0,1998.0,4959.0,0.595267
13,7160,1800,2344.0,8139.0,2327.0,5513.0,0.767588
13,7160,1800,2044.0,7854.0,2024.0,5226.0,0.942124
13,7160,1800,2618.0,7493.0,2627.0,4853.0,0.530893
13,7160,1800,2309.0,7611.0,2296.0,4977.0,0.952327
13,7160,1800,2671.0,7976.0,2665.0,5338.0,0.886792
13,7160,1800,2952.0,8310.0,2944.0,5678.0,0.936375
13,7160,1800,1983.0,7596.0,1958.0,4972.0,0.823318
13,7160,1800,2152.0,7776.0,2133.0,5145.0,0.946285
13,7160,1800,1980.0,7773.0,1959.0,5145.0,0.86693
13,7160,1800,2255.0,7532.0,2239.0,4901.0,0.439253
13,7160,1800,2915.0,7505.0,2920.0,4858.0,0.767467
13,7160,1800,2336.0,7835.0,2325.0,5202.0,0.936352
13,7160,1800,2764.0,8166.0,2759.0,5533.0,0.883756
13,7160,1800,2320.0,7490.0,2308.0,4855.0,0.623331
13,7160,1800,2340.0,7695.0,2329.0,5059.0,0.94167
13,7160,1800,2956.0,8295.0,2948.0,5664.0,0.909244
13,7160,1800,2621.0,7486.0,2617.0,4846.0,0.530275
13,7160,1800,2153.0,7724.0,2135.0,5094.0,0.686574
13,7160,1800,2660.0,7524.0,2666.0,4881.0,0.500035
13,7160,1800,2987.0,8088.0,2984.0,5451.0,0.915028
13,7160,1800,2899.0,7797.0,2900.0,5158.0,0.944575
13,7160,1800,2398.0,7699.0,2388.0,5063.0,0.933522
13,7160,1800,2231.0,7663.0,2215.0,5031.0,0.949673
13,7160,1800,2244.0,8121.0,2223.0,5494.0,0.936976
13,7160,1800,2874.0,7755.0,2873.0,5114.0,0.95016
13,7160,1800,2662.0,7589.0,2658.0,4949.0,0.942617
13,7160,1800,2626.0,7328.0,2624.0,4685.0,0.809284
13,7160,1800,2526.0,7922.0,2518.0,5285.0,0.950266
13,7160,1800,2176.0,7598.0,2158.0,4968.0,0.953329
13,7160,1800,2701.0,7363.0,2705.0,4719.0,0.812208
13,7160,1800,2660.0,7702.0,2656.0,5065.0,0.688879
13,7160,1800,2009.0,7574.0,1985.0,4949.0,0.91344
13,7160,1800,2064.0,8053.0,2040.0,5428.0,0.942404
13,7160,1800,2568.0,8043.0,2558.0,5409.0,0.949812
13,7160,1800,2594.0,8036.0,2585.0,5400.0,0.311137
13,7160,1800,2366.0,7733.0,2352.0,5098.0,0.921156
13,7160,1800,2019.0,7825.0,1998.0,5197.0,0.950682
13,7160,1800,2741.0,7585.0,2740.0,4944.0,0.907438
13,7160,1800,2103.0,7935.0,2085.0,5307.0,0.949371
13,7160,1800,1966.0,8267.0,1935.0,5649.0,0.941312
13,7160,1800,2003.0,8023.0,1982.0,5401.0,0.605979
13,7160,1800,2705.0,8057.0,2699.0,5421.0,0.944596
13,7160,1800,2367.0,7581.0,2354.0,4947.0,0.917263
13,7160,1800,2405.0,7530.0,2395.0,4895.0,0.431438
13,7160,1800,2737.0,7284.0,2739.0,4637.0,0.518818
13,7160,1800,2334.0,8051.0,2319.0,5422.0,0.951324
13,7160,1800,2824.0,7208.0,2832.0,4556.0,0.483813
13,7160,1800,2798.0,7600.0,2805.0,4957.0,0.951083
13,7160,1800,1968.0,7771.0,1950.0,5157.0,0.500746
13,7160,1800,2612.0,7523.0,2606.0,4884.0,0.9316
13,7160,1800,2622.0,7631.0,2619.0,4981.0,0.745103
13,7160,1800,2814.0,7550.0,2815.0,4908.0,0.933572
13,7160,1800,2203.0,8175.0,2182.0,5550.0,0.818193
13,7160,1800,2633.0,7520.0,2629.0,4880.0,0.699174
13,7160,1800,2607.0,7540.0,2600.0,4901.0,0.942175
13,7160,1800,2909.0,7687.0,2911.0,5050.0,0.532123
13,7160,1800,2031.0,7839.0,2010.0,5212.0,0.939863
13,7160,1800,2265.0,7869.0,2253.0,5233.0,0.523129
13,7160,1800,2945.0,7406.0,2952.0,4757.0,0.733047
13,7160,1800,2783.0,7842.0,2779.0,5205.0,0.932092
13,7160,1800,2544.0,8065.0,2533.0,5432.0,0.654105
13,7160,1800,2729.0,7674.0,2724.0,5032.0,0.673844
13,7160,1800,2182.0,7976.0,2163.0,5347.0,0.954783
13,7160,1800,2932.0,7721.0,2933.0,5078.0,0.671425
13,7160,1800,2943.0,7947.0,2942.0,5309.0,0.945662
13,7160,1800,2319.0,7425.0,2305.0,4791.0,0.327115
13,7160,1800,2900.0,7906.0,2899.0,5268.0,0.800782
13,7160,1800,2917.0,7892.0,2918.0,5251.0,0.703365
13,7160,1800,2972.0,8263.0,2964.0,5631.0,0.520345
13,7160,1800,2239.0,7882.0,2223.0,5250.0,0.954252
13,7160,1800,2055.0,7431.0,2034.0,4803.0,0.780198
13,7160,1800,2428.0,8168.0,2412.0,5538.0,0.956059
13,7160,1800,2642.0,8049.0,2635.0,5413.0,0.942922
13,7160,1800,2547.0,7813.0,2541.0,5176.0,0.866305
13,7160,1800,2805.0,8212.0,2797.0,5578.0,0.903606
14,7160,3000,3268.0,8246.0,3251.0,5620.0,0.530531
14,7160,3000,3230.0,8193.0,3232.0,5555.0,0.916282
14,7160,3000,3213.0,8029.0,3219.0,5386.0,0.853878
14,7160,3000,3345.0,8356.0,3346.0,5721.0,0.397064
14,7160,3000,3056.0,8342.0,3049.0,5711.0,0.372058
14,7160,3000,3300.0,7689.0,3317.0,5037.0,0.410589
14,7160,3000,3527.0,8195.0,3536.0,5554.0,0.679436
14,7160,3000,3144.0,8045.0,3145.0,5405.0,0.753239
14,7160,3000,3095.0,8101.0,3093.0,5466.0,0.440985
14,7160,3000,3481.0,7918.0,3496.0,5269.0,0.335382
16,8360,1800,2867.0,9396.0,2830.0,6797.0,0.307534
19,9560,1800,2952.0,10193.0,2884.0,7622.0,0.589633
19,9560,1800,2813.0,10050.0,2742.0,7483.0,0.754873
19,9560,1800,2845.0,10560.0,2760.0,8011.0,0.950376
19,9560,1800,2708.0,10218.0,2628.0,7662.0,0.912807
19,9560,1800,2950.0,10154.0,2872.0,7587.0,0.340653
19,9560,1800,2883.0,10440.0,2803.0,7885.0,0.949817
19,9560,1800,2412.0,10226.0,2325.0,7676.0,0.897593
19,9560,1800,2965.0,10641.0,2883.0,8090.0,0.398057
19,9560,1800,1972.0,10369.0,1874.0,7829.0,0.40111
19,9560,1800,2702.0,10231.0,2622.0,7676.0,0.921157
19,9560,1800,2824.0,10684.0,2735.0,8137.0,0.951812
19,9560,1800,2846.0,10633.0,2760.0,8086.0,0.740084
19,9560,1800,2850.0,10268.0,2773.0,7711.0,0.946057
19,9560,1800,2852.0,10250.0,2773.0,7694.0,0.752019
19,9560,1800,2771.0,9951.0,2705.0,7380.0,0.316906
19,9560,1800,2815.0,9904.0,2750.0,7330.0,0.922226
19,9560,1800,2738.0,10566.0,2669.0,8016.0,0.760763
19,9560,1800,2630.0,10718.0,2558.0,8168.0,0.766465
19,9560,1800,2933.0,10204.0,2861.0,7644.0,0.864514
19,9560,1800,2951.0,10570.0,2871.0,8016.0,0.949454
19,9560,1800,2833.0,9621.0,2782.0,7034.0,0.409284
19,9560,1800,2753.0,10756.0,2661.0,8213.0,0.945107
19,9560,1800,2218.0,9791.0,2143.0,7228.0,0.318238
19,9560,1800,2522.0,9893.0,2445.0,7330.0,0.58384
19,9560,1800,2633.0,10170.0,2561.0,7608.0,0.818875
19,9560,1800,2886.0,10028.0,2819.0,7458.0,0.315321
19,9560,1800,2762.0,10123.0,2687.0,7562.0,0.605622
19,9560,1800,2915.0,10540.0,2832.0,7989.0,0.952526
19,9560,1800,2402.0,10340.0,2335.0,7793.0,0.850932
19,9560,1800,2243.0,10077.0,2157.0,7526.0,0.67816
19,9560,1800,2838.0,10448.0,2756.0,7896.0,0.588293
19,9560,1800,2392.0,10560.0,2297.0,8018.0,0.543687
19,9560,1800,2900.0,10595.0,2814.0,8046.0,0.924693
19,9560,1800,2860.0,10216.0,2782.0,7657.0,0.673657
19,9560,1800,2458.0,9861.0,2382.0,7298.0,0.705996
19,9560,1800,2140.0,10029.0,2051.0,7475.0,0.910207
19,9560,1800,2457.0,10004.0,2374.0,7444.0,0.746915
19,9560,1800,2978.0,10576.0,2897.0,8023.0,0.924778
19,9560,1800,2895.0,10584.0,2822.0,8023.0,0.91947
19,9560,1800,2970.0,10466.0,2891.0,7912.0,0.949695
19,9560,1800,2354.0,9959.0,2272.0,7402.0,0.54795
19,9560,1800,2494.0,9928.0,2415.0,7366.0,0.484603
19,9560,1800,2827.0,10554.0,2740.0,8005.0,0.613907
19,9560,1800,2865.0,10047.0,2797.0,7480.0,0.920032
19,9560,1800,2733.0,10602.0,2644.0,8057.0,0.95059
19,9560,1800,2191.0,9900.0,2116.0,7339.0,0.382708
19,9560,1800,2711.0,10178.0,2632.0,7620.0,0.353804
19,9560,1800,2817.0,10247.0,2735.0,7686.0,0.719419
19,9560,1800,2949.0,9932.0,2891.0,7354.0,0.926636
19,9560,1800,2838.0,10661.0,2750.0,8115.0,0.951103
19,9560,1800,2940.0,10569.0,2858.0,8017.0,0.943211
19,9560,1800,2760.0,10395.0,2697.0,7843.0,0.709963
19,9560,1800,2445.0,10013.0,2364.0,7457.0,0.690159
19,9560,1800,2640.0,10737.0,2565.0,8187.0,0.375744
19,9560,1800,2811.0,10088.0,2752.0,7523.0,0.777026
19,9560,1800,2509.0,9869.0,2435.0,7305.0,0.469471
19,9560,1800,2855.0,10543.0,2774.0,7993.0,0.94792
19,9560,1800,2847.0,10528.0,2762.0,7978.0,0.93911
19,9560,1800,2853.0,10680.0,2766.0,8134.0,0.914677
19,9560,1800,2735.0,10053.0,2660.0,7491.0,0.593194
19,9560,1800,2134.0,10004.0,2046.0,7450.0,0.482035
19,9560,1800,2875.0,10703.0,2788.0,8157.0,0.947905
19,9560,1800,2941.0,9915.0,2885.0,7337.0,0.533073
19,9560,1800,2718.0,10096.0,2639.0,7536.0,0.667176
19,9560,1800,2866.0,10288.0,2789.0,7731.0,0.90895
19,9560,1800,2909.0,9754.0,2853.0,7175.0,0.332854
19,9560,1800,2712.0,10194.0,2632.0,7636.0,0.94595
19,9560,1800,2681.0,10212.0,2599.0,7657.0,0.931983
19,9560,1800,2922.0,9836.0,2868.0,7254.0,0.885265
19,9560,1800,2695.0,10625.0,2604.0,8070.0,0.717928
19,9560,1800,2509.0,9765.0,2438.0,7194.0,0.359869
19,9560,1800,2260.0,9812.0,2184.0,7249.0,0.341693
19,9560,1800,2835.0,9768.0,2777.0,7189.0,0.33961
19,9560,1800,2343.0,9831.0,2266.0,7267.0,0.582191
19,9560,1800,2914.0,10453.0,2834.0,7900.0,0.839436
19,9560,1800,2700.0,10661.0,2608.0,8117.0,0.943342
19,9560,1800,2699.0,10158.0,2618.0,7600.0,0.897841
19,9560,1800,2643.0,10520.0,2563.0,7977.0,0.925816
19,9560,1800,2775.0,9931.0,2710.0,7359.0,0.697505
19,9560,1800,2999.0,10375.0,2925.0,7815.0,0.739987
19,9560,1800,2983.0,10620.0,2902.0,8070.0,0.528067
19,9560,1800,2630.0,10144.0,2568.0,7585.0,0.48214
19,9560,1800,2712.0,10240.0,2632.0,7687.0,0.904551
19,9560,1800,2429.0,9830.0,2364.0,7264.0,0.490601
19,9560,1800,2991.0,9943.0,2926.0,7367.0,0.843041
19,9560,1800,2896.0,10269.0,2818.0,7710.0,0.951765
19,9560,1800,2932.0,10438.0,2862.0,7884.0,0.914475
19,9560,1800,2990.0,10687.0,2925.0,8138.0,0.761946
19,9560,1800,2831.0,10109.0,2764.0,7547.0,0.786288
19,9560,1800,2324.0,10150.0,2258.0,7593.0,0.399881
19,9560,1800,2783.0,10389.0,2698.0,7833.0,0.806551
19,9560,1800,2789.0,10094.0,2714.0,7531.0,0.665971
19,9560,1800,2816.0,9756.0,2759.0,7176.0,0.308293
19,9560,1800,2742.0,10126.0,2665.0,7564.0,0.48232
19,9560,1800,2649.0,10058.0,2570.0,7499.0,0.855861
19,9560,1800,2958.0,10692.0,2874.0,8142.0,0.929237
19,9560,1800,2594.0,9980.0,2516.0,7418.0,0.725292
19,9560,1800,2794.0,10067.0,2720.0,7502.0,0.753789
19,9560,1800,2872.0,10129.0,2801.0,7566.0,0.936021
19,9560,1800,2723.0,10227.0,2644.0,7670.0,0.531612
20,9560,3000,3488.0,10428.0,3440.0,7854.0,0.601872
20,9560,3000,3766.0,10353.0,3714.0,7780.0,0.940863
20,9560,3000,3322.0,9907.0,3275.0,7324.0,0.521751
20,9560,3000,3637.0,10505.0,3581.0,7936.0,0.942331
20,9560,3000,3723.0,10323.0,3665.0,7750.0,0.755133
20,9560,3000,3608.0,9753.0,3569.0,7163.0,0.424563
20,9560,3000,3280.0,9811.0,3238.0,7223.0,0.57034
20,9560,3000,3245.0,10277.0,3185.0,7708.0,0.312396
20,9560,3000,3416.0,10543.0,3353.0,7977.0,0.939172
20,9560,3000,3889.0,10490.0,3837.0,7920.0,0.951209
20,9560,3000,3230.0,9919.0,3180.0,7335.0,0.927554
20,9560,3000,3324.0,9957.0,3276.0,7373.0,0.937923
20,9560,3000,3277.0,9830.0,3234.0,7240.0,0.881641
20,9560,3000,3719.0,10630.0,3658.0,8065.0,0.739975
20,9560,3000,3924.0,10723.0,3868.0,8158.0,0.954868
20,9560,3000,3285.0,9861.0,3240.0,7273.0,0.941711
20,9560,3000,3485.0,9786.0,3444.0,7195.0,0.428171
20,9560,3000,3339.0,10548.0,3273.0,7984.0,0.942296
20,9560,3000,3631.0,10652.0,3569.0,8089.0,0.945673
20,9560,3000,3240.0,9900.0,3183.0,7321.0,0.780038
20,9560,3000,3206.0,10721.0,3145.0,8156.0,0.724431
20,9560,3000,3924.0,10632.0,3869.0,8065.0,0.86358
20,9560,3000,3537.0,10581.0,3478.0,8015.0,0.927769
20,9560,3000,3611.0,9724.0,3574.0,7134.0,0.347878
20,9560,3000,3800.0,10124.0,3750.0,7550.0,0.80534
20,9560,3000,3009.0,9721.0,2949.0,7126.0,0.425256
20,9560,3000,3455.0,10337.0,3398.0,7766.0,0.942161
20,9560,3000,3280.0,10066.0,3225.0,7487.0,0.75143
20,9560,3000,3617.0,10649.0,3559.0,8079.0,0.942903
20,9560,3000,3872.0,10742.0,3817.0,8177.0,0.928282
20,9560,3000,3511.0,10640.0,3450.0,8076.0,0.92393
20,9560,3000,3273.0,10095.0,3218.0,7518.0,0.86939
20,9560,3000,3842.0,10305.0,3793.0,7729.0,0.754899
20,9560,3000,3050.0,9960.0,2994.0,7382.0,0.907258
20,9560,3000,3363.0,10411.0,3305.0,7843.0,0.93997
20,9560,3000,3666.0,10302.0,3623.0,7725.0,0.942241
20,9560,3000,3378.0,10029.0,3327.0,7449.0,0.832548
20,9560,3000,3771.0,10278.0,3721.0,7702.0,0.938237
20,9560,3000,3599.0,9771.0,3561.0,7178.0,0.489159
20,9560,3000,3730.0,9786.0,3693.0,7196.0,0.75053
20,9560,3000,3449.0,10182.0,3397.0,7604.0,0.940213
20,9560,3000,3447.0,10070.0,3397.0,7489.0,0.941993
20,9560,3000,3652.0,10738.0,3592.0,8174.0,0.942435
20,9560,3000,3409.0,10531.0,3347.0,7966.0,0.935946
20,9560,3000,3377.0,10207.0,3322.0,7631.0,0.92217
20,9560,3000,3897.0,10345.0,3848.0,7773.0,0.940815
20,9560,3000,3208.0,10668.0,3135.0,8112.0,0.931057
20,9560,3000,3273.0,10008.0,3222.0,7427.0,0.939566
20,9560,3000,3496.0,10210.0,3445.0,7632.0,0.942975
20,9560,3000,3387.0,10410.0,3328.0,7842.0,0.946764
20,9560,3000,3859.0,10244.0,3811.0,7668.0,0.945419
20,9560,3000,3421.0,9826.0,3381.0,7237.0,0.344262
20,9560,3000,3906.0,10602.0,3854.0,8036.0,0.878371
20,9560,3000,3723.0,9901.0,3684.0,7313.0,0.762533
20,9560,3000,3924.0,10681.0,3867.0,8117.0,0.614517
20,9560,3000,3284.0,10113.0,3230.0,7537.0,0.941964
20,9560,3000,3812.0,10662.0,3753.0,8100.0,0.942834
20,9560,3000,3216.0,9809.0,3171.0,7221.0,0.893394
20,9560,3000,3336.0,10180.0,3290.0,7606.0,0.908046
20,9560,3000,3707.0,10379.0,3652.0,7809.0,0.867394
20,9560,3000,3060.0,10306.0,3002.0,7745.0,0.842403
20,9560,3000,3195.0,9833.0,3153.0,7247.0,0.779175
20,9560,3000,3625.0,10515.0,3568.0,7946.0,0.943964
20,9560,3000,3246.0,10692.0,3169.0,8130.0,0.93918
20,9560,3000,3847.0,10067.0,3802.0,7485.0,0.484909
20,9560,3000,3730.0,9850.0,3696.0,7258.0,0.599767
20,9560,3000,3403.0,9930.0,3358.0,7346.0,0.691676
20,9560,3000,3665.0,10480.0,3608.0,7909.0,0.364203
20,9560,3000,3664.0,10061.0,3622.0,7476.0,0.512186
20,9560,3000,3612.0,9798.0,3573.0,7210.0,0.649562
20,9560,3000,3790.0,10331.0,3740.0,7758.0,0.8452
20,9560,3000,3824.0,10036.0,3780.0,7454.0,0.84608
20,9560,3000,3496.0,9772.0,3455.0,7182.0,0.394186
20,9560,3000,3687.0,10366.0,3634.0,7792.0,0.940008
20,9560,3000,3800.0,10574.0,3744.0,8008.0,0.944758
20,9560,3000,3259.0,9765.0,3217.0,7173.0,0.870695
20,9560,3000,3803.0,10431.0,3743.0,7847.0,0.315995
20,9560,3000,3350.0,10097.0,3298.0,7519.0,0.944397
20,9560,3000,3730.0,10597.0,3669.0,8035.0,0.93415
20,9560,3000,3783.0,10639.0,3723.0,8076.0,0.951589
20,9560,3000,3407.0,10260.0,3352.0,7686.0,0.942439
20,9560,3000,3058.0,9976.0,3001.0,7397.0,0.933699
20,9560,3000,3346.0,9811.0,3303.0,7221.0,0.64675
20,9560,3000,3414.0,9859.0,3369.0,7271.0,0.901778
20,9560,3000,3475.0,10741.0,3410.0,8179.0,0.942868
20,9560,3000,3162.0,9853.0,3114.0,7268.0,0.940591
20,9560,3000,3667.0,10208.0,3618.0,7632.0,0.942577
20,9560,3000,3364.0,10098.0,3314.0,7518.0,0.932687
20,9560,3000,3065.0,10353.0,2998.0,7791.0,0.723221
20,9560,3000,3223.0,10280.0,3166.0,7708.0,0.44092
20,9560,3000,3294.0,10037.0,3241.0,7458.0,0.93713
20,9560,3000,3037.0,9588.0,2997.0,6992.0,0.64163
20,9560,3000,3359.0,10684.0,3290.0,8122.0,0.941018
20,9560,3000,3672.0,10329.0,3620.0,7756.0,0.942524
20,9560,3000,3262.0,10286.0,3211.0,7710.0,0.635884
20,9560,3000,3702.0,10337.0,3649.0,7763.0,0.943737
20,9560,3000,3269.0,10068.0,3215.0,7492.0,0.708128
20,9560,3000,3246.0,9932.0,3196.0,7350.0,0.811074
20,9560,3000,3078.0,10296.0,3010.0,7730.0,0.900109
20,9560,3000,3775.0,10423.0,3723.0,7851.0,0.941495
20,9560,3000,3618.0,10370.0,3564.0,7797.0,0.942504
20,9560,3000,3775.0,10030.0,3732.0,7447.0,0.706699
20,9560,3000,3483.0,10205.0,3431.0,7630.0,0.943036
20,9560,3000,3229.0,10300.0,3170.0,7728.0,0.936429
20,9560,3000,3425.0,10020.0,3381.0,7441.0,0.738343
20,9560,3000,3604.0,10551.0,3546.0,7983.0,0.321225
20,9560,3000,3619.0,10633.0,3566.0,8069.0,0.927285
20,9560,3000,3453.0,10024.0,3404.0,7443.0,0.863156
20,9560,3000,3894.0,10633.0,3841.0,8068.0,0.588538
20,9560,3000,3058.0,9699.0,3015.0,7106.0,0.492778
20,9560,3000,3270.0,9866.0,3229.0,7283.0,0.906628
20,9560,3000,3465.0,9631.0,3426.0,7039.0,0.38716
20,9560,3000,3722.0,10431.0,3668.0,7860.0,0.942686
20,9560,3000,3336.0,9940.0,3288.0,7355.0,0.932587
20,9560,3000,3298.0,10075.0,3246.0,7498.0,0.528914
20,9560,3000,3352.0,9946.0,3308.0,7362.0,0.922764
20,9560,3000,3644.0,10541.0,3586.0,7973.0,0.940872
20,9560,3000,3788.0,10128.0,3732.0,7531.0,0.584345
20,9560,3000,3614.0,10338.0,3563.0,7759.0,0.907557
20,9560,3000,3216.0,9823.0,3159.0,7248.0,0.396467
20,9560,3000,3514.0,10684.0,3452.0,8120.0,0.947424
20,9560,3000,3753.0,10369.0,3700.0,7797.0,0.931457
20,9560,3000,3606.0,10639.0,3543.0,8075.0,0.947314
20,9560,3000,3245.0,10087.0,3189.0,7511.0,0.737776
20,9560,3000,3012.0,10109.0,2945.0,7540.0,0.939777
20,9560,3000,3335.0,9927.0,3289.0,7343.0,0.889449
20,9560,3000,3776.0,10366.0,3724.0,7791.0,0.565818
20,9560,3000,3383.0,9914.0,3337.0,7329.0,0.566954
20,9560,3000,3885.0,10340.0,3836.0,7767.0,0.820624
20,9560,3000,3428.0,10091.0,3378.0,7511.0,0.862763
20,9560,3000,3679.0,10034.0,3635.0,7452.0,0.637838
20,9560,3000,3540.0,10726.0,3477.0,8163.0,0.934714
20,9560,3000,3509.0,9943.0,3462.0,7358.0,0.94189
20,9560,3000,3087.0,9812.0,3040.0,7225.0,0.687903
20,9560,3000,3622.0,10713.0,3560.0,8150.0,0.946824
20,9560,3000,3310.0,10073.0,3256.0,7497.0,0.660485
20,9560,3000,3364.0,9909.0,3317.0,7325.0,0.941216
20,9560,3000,3030.0,9848.0,2979.0,7264.0,0.412296
20,9560,3000,3178.0,10237.0,3116.0,7667.0,0.938437
20,9560,3000,3395.0,10736.0,3328.0,8176.0,0.942292
20,9560,3000,3646.0,10517.0,3590.0,7947.0,0.944007
20,9560,3000,3531.0,10380.0,3479.0,7809.0,0.486668
20,9560,3000,3522.0,10565.0,3463.0,7999.0,0.937754
20,9560,3000,3739.0,10338.0,3692.0,7764.0,0.929261
20,9560,3000,3412.0,10512.0,3350.0,7947.0,0.938534
20,9560,3000,3620.0,9864.0,3579.0,7277.0,0.888022
20,9560,3000,3318.0,10162.0,3264.0,7585.0,0.939651
20,9560,3000,3319.0,10177.0,3271.0,7609.0,0.739868
20,9560,3000,3766.0,10126.0,3721.0,7544.0,0.949238
20,9560,3000,3334.0,10195.0,3280.0,7622.0,0.94092
20,9560,3000,3145.0,10271.0,3073.0,7699.0,0.691563
20,9560,3000,3761.0,10430.0,3709.0,7858.0,0.942773
20,9560,3000,3320.0,10640.0,3259.0,8071.0,0.777539
20,9560,3000,3354.0,9932.0,3315.0,7349.0,0.93695
20,9560,3000,3094.0,10419.0,3023.0,7861.0,0.925837
20,9560,3000,3359.0,10431.0,3296.0,7865.0,0.931573
20,9560,3000,3328.0,10015.0,3278.0,7435.0,0.921581
20,9560,3000,3264.0,9809.0,3220.0,7220.0,0.683373
20,9560,3000,3549.0,9915.0,3505.0,7329.0,0.924043
20,9560,3000,3295.0,10239.0,3238.0,7666.0,0.928926
20,9560,3000,3079.0,10740.0,2999.0,8190.0,0.907401
20,9560,3000,3598.0,9761.0,3560.0,7174.0,0.483363
20,9560,3000,3604.0,9861.0,3564.0,7273.0,0.921742
20,9560,3000,3237.0,9889.0,3190.0,7304.0,0.92677
20,9560,3000,3639.0,10083.0,3592.0,7498.0,0.737594
20,9560,3000,3368.0,10399.0,3308.0,7831.0,0.93598
20,9560,3000,3256.0,10533.0,3188.0,7971.0,0.939512
20,9560,3000,3908.0,10464.0,3856.0,7895.0,0.909148
20,9560,3000,3412.0,10407.0,3354.0,7839.0,0.941194
20,9560,3000,3276.0,9710.0,3232.0,7125.0,0.48403
20,9560,3000,3364.0,10179.0,3312.0,7601.0,0.942526
20,9560,3000,3233.0,9815.0,3190.0,7225.0,0.829959
20,9560,3000,3346.0,10492.0,3281.0,7927.0,0.942021
20,9560,3000,3398.0,10524.0,3336.0,7959.0,0.942016
20,9560,3000,3207.0,9761.0,3164.0,7169.0,0.756077
20,9560,3000,3745.0,10069.0,3702.0,7488.0,0.857166
20,9560,3000,3253.0,9898.0,3206.0,7312.0,0.826728
20,9560,3000,3769.0,10022.0,3726.0,7438.0,0.703644
20,9560,3000,3578.0,10418.0,3522.0,7848.0,0.942689
20,9560,3000,3518.0,10616.0,3456.0,8051.0,0.94184
20,9560,3000,3321.0,10731.0,3251.0,8172.0,0.939587
20,9560,3000,3794.0,10682.0,3733.0,8119.0,0.950837
20,9560,3000,3683.0,9871.0,3644.0,7279.0,0.690925
20,9560,3000,3188.0,10719.0,3114.0,8163.0,0.536309
20,9560,3000,3619.0,10073.0,3573.0,7490.0,0.658883
20,9560,3000,3612.0,10379.0,3558.0,7807.0,0.941498
20,9560,3000,3165.0,10400.0,3097.0,7837.0,0.909386
20,9560,3000,3278.0,10126.0,3223.0,7551.0,0.94043
20,9560,3000,3126.0,10036.0,3069.0,7459.0,0.925999
20,9560,3000,3019.0,9700.0,2974.0,7110.0,0.333406
20,9560,3000,3301.0,10422.0,3237.0,7856.0,0.716482
20,9560,3000,3069.0,10469.0,2992.0,7910.0,0.935861
20,9560,3000,3314.0,9808.0,3272.0,7219.0,0.939824
20,9560,3000,3887.0,10447.0,3832.0,7871.0,0.860739
20,9560,3000,3414.0,10225.0,3360.0,7651.0,0.940245
20,9560,3000,3319.0,10332.0,3260.0,7759.0,0.941425
20,9560,3000,3511.0,10477.0,3452.0,7908.0,0.94286
20,9560,3000,3066.0,10341.0,2996.0,7777.0,0.525416
20,9560,3000,3081.0,10367.0,3012.0,7803.0,0.836408
20,9560,3000,3272.0,10739.0,3197.0,8187.0,0.698134
20,9560,3000,3539.0,10683.0,3477.0,8120.0,0.919519
20,9560,3000,3531.0,10711.0,3469.0,8147.0,0.945392
20,9560,3000,3487.0,10587.0,3426.0,8022.0,0.440357
20,9560,3000,3343.0,10449.0,3279.0,7882.0,0.917855
20,9560,3000,3303.0,9946.0,3253.0,7363.0,0.943495
20,9560,3000,3662.0,10201.0,3611.0,7626.0,0.943342
20,9560,3000,3237.0,10683.0,3156.0,8121.0,0.809241
20,9560,3000,3143.0,10129.0,3081.0,7557.0,0.808134
20,9560,3000,3547.0,10271.0,3494.0,7697.0,0.734395
20,9560,3000,3564.0,10529.0,3506.0,7961.0,0.941877
20,9560,3000,3012.0,10721.0,2930.0,8171.0,0.926418
20,9560,3000,3432.0,9926.0,3395.0,7344.0,0.778044
20,9560,3000,3175.0,9708.0,3136.0,7113.0,0.384276
20,9560,3000,3737.0,9943.0,3698.0,7357.0,0.302338
20,9560,3000,3403.0,10359.0,3344.0,7785.0,0.917968
20,9560,3000,3272.0,9896.0,3226.0,7312.0,0.933521
20,9560,3000,3911.0,10574.0,3859.0,8003.0,0.695861
20,9560,3000,3651.0,10304.0,3600.0,7717.0,0.655592
20,9560,3000,3319.0,10216.0,3263.0,7639.0,0.874585
20,9560,3000,3289.0,10286.0,3229.0,7715.0,0.940627
20,9560,3000,3471.0,10047.0,3422.0,7466.0,0.921915
20,9560,3000,3480.0,10437.0,3421.0,7867.0,0.869918
20,9560,3000,3735.0,10346.0,3683.0,7774.0,0.924969
20,9560,3000,3369.0,10216.0,3316.0,7638.0,0.714277
20,9560,3000,3588.0,9597.0,3551.0,7006.0,0.406129
20,9560,3000,3638.0,10696.0,3578.0,8133.0,0.893555
20,9560,3000,3327.0,10649.0,3253.0,8091.0,0.892188
20,9560,3000,3444.0,9934.0,3403.0,7350.0,0.927301
20,9560,3000,3267.0,10286.0,3210.0,7721.0,0.592677
20,9560,3000,3512.0,10176.0,3462.0,7598.0,0.640184
20,9560,3000,3793.0,10710.0,3734.0,8148.0,0.949884
20,9560,3000,3016.0,10623.0,2937.0,8071.0,0.918196
20,9560,3000,3649.0,10469.0,3593.0,7898.0,0.936586
20,9560,3000,3448.0,10589.0,3386.0,8023.0,0.941855
20,9560,3000,3401.0,10221.0,3348.0,7646.0,0.94009
20,9560,3000,3732.0,10377.0,3680.0,7804.0,0.532029
20,9560,3000,3039.0,10538.0,2974.0,7981.0,0.448281
20,9560,3000,3391.0,10237.0,3337.0,7661.0,0.944035
20,9560,3000,3175.0,9807.0,3129.0,7218.0,0.696425
20,9560,3000,3183.0,10402.0,3115.0,7839.0,0.934717
20,9560,3000,3251.0,10009.0,3199.0,7430.0,0.570495
20,9560,3000,3554.0,10454.0,3501.0,7881.0,0.940201
20,9560,3000,3855.0,10510.0,3803.0,7940.0,0.951052
20,9560,3000,3331.0,10652.0,3264.0,8096.0,0.923152
20,9560,3000,3274.0,9602.0,3239.0,7005.0,0.346543
20,9560,3000,3275.0,10720.0,3206.0,8163.0,0.941214
20,9560,3000,3615.0,9762.0,3583.0,7169.0,0.44099
22,10760,1800,2355.0,11863.0,2235.0,9348.0,0.376422
22,10760,1800,2804.0,11493.0,2704.0,8962.0,0.954179
22,10760,1800,2687.0,11636.0,2579.0,9111.0,0.93657
22,10760,1800,2919.0,11450.0,2823.0,8915.0,0.877037
22,10760,1800,2021.0,11367.0,1903.0,8853.0,0.913969
22,10760,1800,2682.0,11549.0,2575.0,9023.0,0.946125
22,10760,1800,2460.0,11799.0,2344.0,9281.0,0.952294
22,10760,1800,2862.0,11788.0,2759.0,9261.0,0.94926
22,10760,1800,2987.0,11482.0,2894.0,8944.0,0.948654
22,10760,1800,2654.0,11378.0,2547.0,8851.0,0.954716
22,10760,1800,2837.0,11018.0,2745.0,8478.0,0.86399
22,10760,1800,2383.0,11808.0,2267.0,9292.0,0.954107
22,10760,1800,2938.0,11781.0,2837.0,9253.0,0.708116
22,10760,1800,2043.0,10940.0,1938.0,8413.0,0.87162
22,10760,1800,2892.0,10873.0,2814.0,8326.0,0.882417
22,10760,1800,2667.0,11639.0,2559.0,9115.0,0.818819
22,10760,1800,2093.0,10803.0,2002.0,8268.0,0.691322
22,10760,1800,2315.0,11852.0,2193.0,9338.0,0.874299
22,10760,1800,2331.0,11324.0,2234.0,8786.0,0.782825
22,10760,1800,2612.0,11400.0,2504.0,8873.0,0.944427
22,10760,1800,2003.0,11691.0,1879.0,9180.0,0.948557
22,10760,1800,2983.0,11748.0,2900.0,9220.0,0.815727
22,10760,1800,2610.0,11769.0,2498.0,9247.0,0.955599
22,10760,1800,2618.0,11085.0,2517.0,8550.0,0.898292
22,10760,1800,1943.0,11064.0,1828.0,8538.0,0.413059
22,10760,1800,2963.0,10857.0,2878.0,8310.0,0.888037
22,10760,1800,2960.0,11706.0,2861.0,9174.0,0.947177
22,10760,1800,2903.0,10880.0,2833.0,8337.0,0.479642
22,10760,1800,2863.0,11624.0,2761.0,9093.0,0.949285
22,10760,1800,2955.0,11082.0,2865.0,8539.0,0.504324
22,10760,1800,2752.0,11543.0,2646.0,9014.0,0.857509
22,10760,1800,2406.0,11850.0,2289.0,9334.0,0.948953
22,10760,1800,2671.0,11650.0,2568.0,9130.0,0.651915
22,10760,1800,2888.0,11727.0,2787.0,9198.0,0.947997
22,10760,1800,2887.0,10890.0,2797.0,8349.0,0.57276
22,10760,1800,2842.0,11035.0,2750.0,8493.0,0.944825
22,10760,1800,2882.0,11813.0,2779.0,9285.0,0.941743
22,10760,1800,2997.0,11171.0,2908.0,8628.0,0.845892
22,10760,1800,2256.0,11811.0,2134.0,9299.0,0.918186
22,10760,1800,1947.0,11390.0,1826.0,8873.0,0.942824
22,10760,1800,2319.0,11906.0,2200.0,9391.0,0.951363
22,10760,1800,2770.0,10999.0,2676.0,8459.0,0.936727
22,10760,1800,2635.0,11115.0,2534.0,8585.0,0.880888
22,10760,1800,2556.0,10840.0,2457.0,8289.0,0.386388
22,10760,1800,2995.0,10841.0,2911.0,8293.0,0.817009
22,10760,1800,2618.0,11239.0,2513.0,8709.0,0.94368
22,10760,1800,2588.0,11407.0,2479.0,8882.0,0.946546
22,10760,1800,2948.0,11462.0,2852.0,8926.0,0.642909
22,10760,1800,2514.0,11801.0,2403.0,9283.0,0.930713
22,10760,1800,2452.0,11957.0,2334.0,9441.0,0.951503
22,10760,1800,2599.0,11319.0,2492.0,8792.0,0.944757
22,10760,1800,2462.0,11900.0,2345.0,9383.0,0.948992
22,10760,1800,2698.0,10835.0,2620.0,8292.0,0.47044
22,10760,1800,2655.0,11632.0,2545.0,9108.0,0.623117
22,10760,1800,2910.0,11834.0,2808.0,9307.0,0.951438
22,10760,1800,2888.0,10923.0,2800.0,8380.0,0.791538
22,10760,1800,2519.0,11812.0,2405.0,9292.0,0.938135
22,10760,1800,2918.0,11756.0,2820.0,9225.0,0.468938
22,10760,1800,2571.0,11739.0,2458.0,9218.0,0.952494
22,10760,1800,2135.0,11287.0,2031.0,8768.0,0.422981
22,10760,1800,2956.0,11626.0,2861.0,9093.0,0.855696
22,10760,1800,2792.0,11127.0,2697.0,8591.0,0.951803
22,10760,1800,2985.0,11416.0,2893.0,8878.0,0.949767
22,10760,1800,2573.0,11809.0,2460.0,9288.0,0.95499
22,10760,1800,2530.0,11809.0,2419.0,9290.0,0.943669
22,10760,1800,2578.0,11759.0,2466.0,9237.0,0.954563
22,10760,1800,2675.0,11617.0,2568.0,9091.0,0.927235
22,10760,1800,2671.0,11559.0,2565.0,9034.0,0.940989
22,10760,1800,2935.0,11344.0,2842.0,8807.0,0.94415
22,10760,1800,2010.0,11648.0,1885.0,9134.0,0.695597
22,10760,1800,2674.0,11758.0,2565.0,9234.0,0.954382
22,10760,1800,2929.0,10974.0,2843.0,8434.0,0.438935
22,10760,1800,2841.0,10984.0,2750.0,8442.0,0.898638
22,10760,1800,2593.0,10891.0,2503.0,8354.0,0.939797
22,10760,1800,2665.0,11951.0,2553.0,9430.0,0.953
22,10760,1800,2267.0,11938.0,2144.0,9425.0,0.933156
22,10760,1800,2941.0,10845.0,2856.0,8299.0,0.9228
22,10760,1800,2575.0,11841.0,2461.0,9323.0,0.941113
22,10760,1800,2606.0,11816.0,2489.0,9295.0,0.845601
22,10760,1800,2403.0,11865.0,2285.0,9349.0,0.954056
22,10760,1800,2889.0,11959.0,2784.0,9433.0,0.949815
22,10760,1800,2855.0,11282.0,2759.0,8745.0,0.77268
22,10760,1800,2991.0,11932.0,2891.0,9404.0,0.653133
22,10760,1800,2693.0,11600.0,2585.0,9072.0,0.95437
22,10760,1800,2356.0,11619.0,2238.0,9101.0,0.953195
22,10760,1800,2715.0,10858.0,2619.0,8318.0,0.94738
22,10760,1800,2245.0,11860.0,2121.0,9349.0,0.723527
22,10760,1800,2630.0,11721.0,2519.0,9198.0,0.952819
22,10760,1800,2229.0,11872.0,2108.0,9360.0,0.614784
22,10760,1800,2446.0,11715.0,2328.0,9196.0,0.953366
22,10760,1800,2670.0,11814.0,2555.0,9295.0,0.481249
22,10760,1800,2617.0,11157.0,2513.0,8626.0,0.865281
22,10760,1800,2915.0,11859.0,2813.0,9331.0,0.892746
22,10760,1800,2680.0,11164.0,2578.0,8631.0,0.926609
22,10760,1800,2263.0,11634.0,2144.0,9121.0,0.952036
22,10760,1800,2182.0,11871.0,2057.0,9361.0,0.766075
22,10760,1800,1947.0,11430.0,1825.0,8913.0,0.747114
22,10760,1800,2879.0,11065.0,2787.0,8524.0,0.647613
22,10760,1800,2959.0,11111.0,2869.0,8568.0,0.915014
22,10760,1800,1935.0,11410.0,1814.0,8895.0,0.598222
22,10760,1800,2658.0,11554.0,2549.0,9029.0,0.952254
22,10760,1800,2650.0,11157.0,2548.0,8625.0,0.911832
22,10760,1800,2605.0,11646.0,2494.0,9124.0,0.742256
22,10760,1800,2485.0,11715.0,2370.0,9195.0,0.776714
22,10760,1800,2861.0,11753.0,2757.0,9225.0,0.941814
22,10760,1800,2293.0,11930.0,2173.0,9419.0,0.6647
22,10760,1800,2297.0,11932.0,2175.0,9424.0,0.623871
22,10760,1800,2899.0,11567.0,2797.0,9034.0,0.915417
22,10760,1800,2928.0,11699.0,2828.0,9168.0,0.421946
22,10760,1800,2861.0,11394.0,2762.0,8859.0,0.951564
22,10760,1800,2902.0,11822.0,2800.0,9294.0,0.950432
22,10760,1800,2431.0,11851.0,2315.0,9334.0,0.949464
22,10760,1800,2793.0,11055.0,2698.0,8517.0,0.953179
22,10760,1800,2295.0,11394.0,2187.0,8874.0,0.926567
22,10760,1800,2953.0,11642.0,2855.0,9109.0,0.953475
22,10760,1800,2417.0,11807.0,2299.0,9291.0,0.945507
22,10760,1800,2610.0,10902.0,2516.0,8369.0,0.505814
22,10760,1800,2988.0,11248.0,2899.0,8706.0,0.88758
22,10760,1800,2488.0,10985.0,2398.0,8447.0,0.704167
22,10760,1800,2935.0,11107.0,2846.0,8565.0,0.917585
22,10760,1800,2800.0,11247.0,2700.0,8711.0,0.674212
22,10760,1800,2616.0,11657.0,2505.0,9135.0,0.952243
22,10760,1800,2838.0,11387.0,2739.0,8853.0,0.953699
22,10760,1800,2925.0,11735.0,2825.0,9205.0,0.949849
22,10760,1800,2746.0,10833.0,2653.0,8292.0,0.722121
22,10760,1800,2755.0,10998.0,2661.0,8453.0,0.431648
22,10760,1800,2600.0,11723.0,2486.0,9199.0,0.953986
22,10760,1800,2526.0,11793.0,2415.0,9273.0,0.950853
22,10760,1800,2280.0,11441.0,2192.0,8915.0,0.638676
22,10760,1800,2157.0,11136.0,2047.0,8614.0,0.841832
22,10760,1800,2977.0,11769.0,2878.0,9235.0,0.542265
22,10760,1800,2637.0,10948.0,2540.0,8412.0,0.692663
22,10760,1800,2520.0,11636.0,2407.0,9115.0,0.92999
22,10760,1800,2881.0,11857.0,2777.0,9330.0,0.949413
22,10760,1800,2631.0,11942.0,2517.0,9427.0,0.885483
22,10760,1800,2071.0,11661.0,1948.0,9149.0,0.93008
22,10760,1800,2243.0,11897.0,2120.0,9384.0,0.95012
22,10760,1800,2631.0,11688.0,2521.0,9165.0,0.918809
22,10760,1800,2902.0,11881.0,2800.0,9354.0,0.856817
22,10760,1800,2437.0,11764.0,2320.0,9246.0,0.952995
22,10760,1800,2895.0,11674.0,2793.0,9145.0,0.584524
22,10760,1800,2580.0,11660.0,2468.0,9138.0,0.954735
22,10760,1800,2523.0,11855.0,2408.0,9337.0,0.951002
22,10760,1800,2890.0,11099.0,2799.0,8559.0,0.316898
22,10760,1800,1970.0,11950.0,1843.0,9443.0,0.715821
22,10760,1800,2973.0,11483.0,2883.0,8949.0,0.727958
22,10760,1800,2762.0,11761.0,2656.0,9236.0,0.953819
22,10760,1800,2768.0,10981.0,2673.0,8443.0,0.875706
22,10760,1800,2899.0,11927.0,2796.0,9401.0,0.575511
22,10760,1800,2831.0,11035.0,2740.0,8501.0,0.591358
22,10760,1800,2602.0,11942.0,2490.0,9423.0,0.953499
22,10760,1800,2811.0,11347.0,2711.0,8815.0,0.952129
22,10760,1800,2488.0,11616.0,2375.0,9095.0,0.954249
22,10760,1800,2723.0,11209.0,2622.0,8675.0,0.943433
22,10760,1800,2913.0,11160.0,2819.0,8620.0,0.938571
22,10760,1800,2327.0,11942.0,2212.0,9428.0,0.699294
22,10760,1800,2988.0,11139.0,2899.0,8597.0,0.941682
22,10760,1800,2847.0,11500.0,2745.0,8969.0,0.924717
22,10760,1800,2844.0,11722.0,2741.0,9198.0,0.912466
22,10760,1800,2886.0,11001.0,2792.0,8461.0,0.917373
22,10760,1800,2031.0,11175.0,1927.0,8648.0,0.578116
22,10760,1800,2739.0,11745.0,2632.0,9219.0,0.950808
22,10760,1800,2972.0,11135.0,2882.0,8593.0,0.948362
22,10760,1800,2409.0,11782.0,2288.0,9260.0,0.644005
22,10760,1800,2030.0,11722.0,1906.0,9211.0,0.951802
22,10760,1800,2511.0,11386.0,2401.0,8861.0,0.952221
22,10760,1800,2605.0,11806.0,2491.0,9285.0,0.892549
22,10760,1800,2522.0,11709.0,2408.0,9189.0,0.953795
22,10760,1800,2686.0,11621.0,2579.0,9095.0,0.686977
22,10760,1800,2785.0,11599.0,2682.0,9069.0,0.954414
22,10760,1800,2495.0,11666.0,2380.0,9146.0,0.951572
22,10760,1800,2375.0,11592.0,2258.0,9073.0,0.935091
22,10760,1800,2349.0,11941.0,2225.0,9429.0,0.950871
22,10760,1800,2949.0,11395.0,2855.0,8856.0,0.954316
22,10760,1800,2940.0,11001.0,2850.0,8459.0,0.549926
22,10760,1800,2668.0,10939.0,2571.0,8402.0,0.928802
22,10760,1800,2771.0,11235.0,2673.0,8700.0,0.786625
22,10760,1800,2988.0,11777.0,2891.0,9248.0,0.952892
22,10760,1800,2430.0,11941.0,2312.0,9424.0,0.95339
22,10760,1800,2834.0,11623.0,2732.0,9094.0,0.879969
22,10760,1800,2797.0,11292.0,2700.0,8761.0,0.711339
22,10760,1800,2699.0,11188.0,2599.0,8654.0,0.62721
22,10760,1800,2821.0,11033.0,2728.0,8493.0,0.908032
22,10760,1800,1994.0,10887.0,1884.0,8358.0,0.631048
22,10760,1800,2614.0,11115.0,2519.0,8582.0,0.931899
22,10760,1800,2787.0,11024.0,2693.0,8486.0,0.942208
22,10760,1800,2994.0,11830.0,2903.0,9299.0,0.512506
22,10760,1800,2875.0,10889.0,2782.0,8342.0,0.544131
22,10760,1800,2981.0,11161.0,2893.0,8619.0,0.870309
22,10760,1800,2808.0,11446.0,2706.0,8913.0,0.904107
22,10760,1800,2295.0,11864.0,2173.0,9352.0,0.918713
22,10760,1800,2786.0,11074.0,2691.0,8538.0,0.821388
22,10760,1800,2799.0,11243.0,2700.0,8707.0,0.849559
22,10760,1800,2531.0,11329.0,2435.0,8803.0,0.636946
22,10760,1800,2015.0,11735.0,1889.0,9226.0,0.627128
22,10760,1800,2880.0,11678.0,2778.0,9148.0,0.950519
22,10760,1800,2711.0,11298.0,2608.0,8765.0,0.876936
22,10760,1800,2492.0,11166.0,2388.0,8640.0,0.822047
22,10760,1800,2108.0,11731.0,1983.0,9219.0,0.953921
22,10760,1800,2879.0,10871.0,2790.0,8327.0,0.570347
22,10760,1800,2558.0,11827.0,2454.0,9306.0,0.372416
22,10760,1800,2861.0,11034.0,2768.0,8493.0,0.895602
22,10760,1800,2927.0,10871.0,2844.0,8316.0,0.456386
22,10760,1800,2928.0,11101.0,2838.0,8558.0,0.947165
22,10760,1800,2997.0,11160.0,2910.0,8617.0,0.828794
22,10760,1800,2987.0,11832.0,2889.0,9304.0,0.531121
23,10760,3000,3299.0,11333.0,3217.0,8788.0,0.941281
23,10760,3000,3275.0,11955.0,3191.0,9425.0,0.821314
23,10760,3000,3176.0,11935.0,3081.0,9403.0,0.940578
23,10760,3000,3064.0,11389.0,2979.0,8839.0,0.561874
23,10760,3000,3598.0,10929.0,3533.0,8369.0,0.94112
23,10760,3000,3350.0,11079.0,3274.0,8527.0,0.941011
23,10760,3000,3489.0,11884.0,3397.0,9346.0,0.874022
23,10760,3000,3046.0,11326.0,2953.0,8785.0,0.593248
23,10760,3000,3960.0,11296.0,3884.0,8744.0,0.605062
23,10760,3000,3335.0,11044.0,3255.0,8492.0,0.800263
23,10760,3000,3980.0,11929.0,3897.0,9393.0,0.930111
23,10760,3000,3448.0,11425.0,3369.0,8880.0,0.944931
23,10760,3000,3333.0,11888.0,3241.0,9355.0,0.768054
23,10760,3000,3019.0,11240.0,2930.0,8700.0,0.885222
23,10760,3000,3567.0,11284.0,3490.0,8735.0,0.944868
23,10760,3000,3409.0,11515.0,3325.0,8973.0,0.941869
23,10760,3000,3073.0,11225.0,2983.0,8684.0,0.756376
23,10760,3000,3016.0,11489.0,2923.0,8953.0,0.89547
23,10760,3000,3784.0,11769.0,3702.0,9229.0,0.38247
23,10760,3000,3746.0,11327.0,3673.0,8777.0,0.719997
23,10760,3000,3217.0,11629.0,3127.0,9090.0,0.94053
23,10760,3000,3206.0,11497.0,3119.0,8956.0,0.939032
23,10760,3000,3493.0,11749.0,3409.0,9212.0,0.939876
23,10760,3000,3724.0,10878.0,3671.0,8310.0,0.765001
23,10760,3000,3464.0,11823.0,3370.0,9290.0,0.919039
23,10760,3000,3165.0,11750.0,3071.0,9217.0,0.883993
23,10760,3000,3577.0,11511.0,3499.0,8966.0,0.940912
23,10760,3000,3245.0,11659.0,3155.0,9121.0,0.940184
23,10760,3000,3265.0,11522.0,3176.0,8982.0,0.940326
23,10760,3000,3664.0,11861.0,3579.0,9324.0,0.939227
23,10760,3000,3570.0,11069.0,3499.0,8515.0,0.94133
23,10760,3000,3346.0,11865.0,3255.0,9331.0,0.903489
23,10760,3000,3187.0,11360.0,3098.0,8820.0,0.931911
23,10760,3000,3483.0,11558.0,3401.0,9015.0,0.940931
23,10760,3000,3356.0,11199.0,3280.0,8650.0,0.93981
23,10760,3000,3020.0,11507.0,2926.0,8969.0,0.938541
23,10760,3000,3294.0,11640.0,3206.0,9101.0,0.9409
23,10760,3000,3195.0,11838.0,3101.0,9305.0,0.935608
23,10760,3000,3501.0,11543.0,3420.0,8998.0,0.940706
23,10760,3000,3227.0,11070.0,3149.0,8520.0,0.940704
23,10760,3000,3670.0,10893.0,3607.0,8332.0,0.927408
23,10760,3000,3341.0,11917.0,3248.0,9384.0,0.940985
23,10760,3000,3037.0,10777.0,2955.0,8227.0,0.917015
23,10760,3000,3081.0,11465.0,2989.0,8932.0,0.941219
23,10760,3000,3591.0,11124.0,3520.0,8570.0,0.821469
23,10760,3000,3251.0,11649.0,3156.0,9111.0,0.469902
23,10760,3000,3036.0,11505.0,2942.0,8969.0,0.939496
23,10760,3000,3255.0,11831.0,3162.0,9297.0,0.938239
23,10760,3000,3702.0,11860.0,3618.0,9324.0,0.939237
23,10760,3000,3435.0,11421.0,3356.0,8876.0,0.936976
23,10760,3000,3057.0,11877.0,2959.0,9346.0,0.940466
23,10760,3000,3535.0,10937.0,3469.0,8378.0,0.941447
23,10760,3000,3275.0,10869.0,3201.0,8319.0,0.426714
23,10760,3000,3501.0,11337.0,3423.0,8790.0,0.944165
23,10760,3000,3009.0,11073.0,2923.0,8530.0,0.930499
23,10760,3000,3559.0,11066.0,3488.0,8509.0,0.937614
23,10760,3000,3292.0,11081.0,3209.0,8528.0,0.747002
23,10760,3000,3400.0,11544.0,3317.0,9000.0,0.852597
23,10760,3000,3561.0,10919.0,3495.0,8359.0,0.940259
23,10760,3000,3608.0,10899.0,3545.0,8337.0,0.803745
23,10760,3000,3656.0,10809.0,3594.0,8246.0,0.942289
23,10760,3000,3027.0,11493.0,2933.0,8955.0,0.921769
23,10760,3000,3860.0,11886.0,3783.0,9330.0,0.515646
23,10760,3000,3478.0,11754.0,3395.0,9216.0,0.515218
23,10760,3000,3019.0,11265.0,2929.0,8722.0,0.936826
23,10760,3000,3699.0,11522.0,3622.0,8978.0,0.942231
23,10760,3000,3717.0,10863.0,3656.0,8302.0,0.923849
23,10760,3000,3289.0,10858.0,3214.0,8305.0,0.939693
23,10760,3000,3717.0,10802.0,3658.0,8238.0,0.94172
23,10760,3000,3663.0,11780.0,3579.0,9240.0,0.943426
23,10760,3000,3388.0,11776.0,3299.0,9239.0,0.939292
23,10760,3000,3757.0,11317.0,3686.0,8768.0,0.787487
23,10760,3000,3918.0,11541.0,3844.0,8995.0,0.937283
23,10760,3000,3960.0,11180.0,3894.0,8624.0,0.358962
23,10760,3000,3261.0,11578.0,3169.0,9039.0,0.723429
23,10760,3000,3094.0,11346.0,3002.0,8809.0,0.884278
23,10760,3000,3590.0,11231.0,3517.0,8680.0,0.94337
23,10760,3000,3398.0,11498.0,3315.0,8957.0,0.942754
23,10760,3000,3588.0,11030.0,3521.0,8475.0,0.942622
23,10760,3000,3371.0,11951.0,3279.0,9419.0,0.939956
23,10760,3000,3513.0,11100.0,3441.0,8547.0,0.941347
23,10760,3000,3403.0,11330.0,3323.0,8782.0,0.941702
23,10760,3000,3352.0,11214.0,3283.0,8670.0,0.539179
23,10760,3000,3519.0,11253.0,3445.0,8703.0,0.951793
23,10760,3000,3578.0,11604.0,3497.0,9062.0,0.941722
23,10760,3000,3804.0,11655.0,3726.0,9110.0,0.94034
23,10760,3000,3530.0,10994.0,3462.0,8437.0,0.93991
23,10760,3000,3358.0,11744.0,3269.0,9207.0,0.939997
23,10760,3000,3346.0,11047.0,3272.0,8493.0,0.778601
23,10760,3000,3027.0,11665.0,2931.0,9130.0,0.940489
23,10760,3000,3268.0,11757.0,3178.0,9220.0,0.936051
23,10760,3000,3061.0,11679.0,2966.0,9144.0,0.940264
23,10760,3000,3014.0,11323.0,2922.0,8783.0,0.921161
23,10760,3000,3165.0,11273.0,3082.0,8717.0,0.490584
23,10760,3000,3165.0,11765.0,3072.0,9231.0,0.940858
23,10760,3000,3182.0,11284.0,3094.0,8742.0,0.883511
23,10760,3000,3294.0,11742.0,3204.0,9206.0,0.925797
23,10760,3000,3180.0,11274.0,3092.0,8733.0,0.932324
23,10760,3000,3641.0,11899.0,3555.0,9362.0,0.944106
23,10760,3000,3329.0,11034.0,3253.0,8483.0,0.497663
23,10760,3000,3539.0,11695.0,3456.0,9156.0,0.940596
23,10760,3000,3358.0,11704.0,3270.0,9166.0,0.937872
23,10760,3000,3994.0,11375.0,3926.0,8826.0,0.652248
23,10760,3000,3266.0,11648.0,3176.0,9109.0,0.940504
23,10760,3000,3321.0,11781.0,3231.0,9245.0,0.940926
23,10760,3000,3253.0,11627.0,3164.0,9088.0,0.940521
23,10760,3000,3425.0,10920.0,3356.0,8363.0,0.940887
23,10760,3000,3336.0,11871.0,3245.0,9337.0,0.621448
23,10760,3000,3476.0,11590.0,3394.0,9047.0,0.944629
23,10760,3000,3229.0,11749.0,3138.0,9213.0,0.941014
23,10760,3000,3445.0,11954.0,3353.0,9421.0,0.90924
23,10760,3000,3921.0,11936.0,3835.0,9402.0,0.939593
23,10760,3000,3068.0,11746.0,2973.0,9215.0,0.939605
23,10760,3000,3829.0,11502.0,3759.0,8956.0,0.937421
23,10760,3000,3214.0,11750.0,3123.0,9215.0,0.939655
23,10760,3000,3285.0,11579.0,3196.0,9039.0,0.940915
23,10760,3000,3197.0,11784.0,3104.0,9249.0,0.944293
23,10760,3000,3379.0,11668.0,3292.0,9129.0,0.940639
23,10760,3000,3794.0,10812.0,3734.0,8247.0,0.524105
23,10760,3000,3543.0,10882.0,3477.0,8322.0,0.765409
23,10760,3000,3625.0,10861.0,3561.0,8301.0,0.930763
23,10760,3000,3053.0,11601.0,2958.0,9065.0,0.939475
23,10760,3000,3563.0,11793.0,3477.0,9254.0,0.941039
23,10760,3000,3276.0,10886.0,3203.0,8331.0,0.768232
23,10760,3000,3419.0,10842.0,3349.0,8284.0,0.927949
23,10760,3000,3279.0,11763.0,3187.0,9227.0,0.937137
23,10760,3000,3527.0,10917.0,3461.0,8357.0,0.940802
23,10760,3000,3912.0,11907.0,3830.0,9372.0,0.840392
23,10760,3000,3373.0,11457.0,3289.0,8914.0,0.940336
23,10760,3000,3369.0,10813.0,3299.0,8256.0,0.821829
23,10760,3000,3299.0,10843.0,3227.0,8288.0,0.941286
23,10760,3000,3288.0,10876.0,3223.0,8321.0,0.583178
23,10760,3000,3360.0,11313.0,3280.0,8768.0,0.709509
23,10760,3000,3554.0,11054.0,3484.0,8498.0,0.917156
23,10760,3000,3152.0,11837.0,3058.0,9304.0,0.933964
23,10760,3000,3775.0,11554.0,3699.0,9008.0,0.940806
23,10760,3000,3466.0,11548.0,3383.0,9006.0,0.940686
23,10760,3000,3101.0,11214.0,3025.0,8677.0,0.450945
23,10760,3000,3389.0,10923.0,3318.0,8367.0,0.936031
23,10760,3000,3159.0,11369.0,3067.0,8829.0,0.93709
23,10760,3000,3338.0,11055.0,3261.0,8502.0,0.941143
23,10760,3000,3138.0,11246.0,3050.0,8703.0,0.939906
23,10760,3000,3495.0,11199.0,3420.0,8647.0,0.942869
23,10760,3000,3033.0,11678.0,2937.0,9143.0,0.940578
23,10760,3000,3274.0,11369.0,3190.0,8826.0,0.510849
23,10760,3000,3020.0,11298.0,2931.0,8760.0,0.622619
23,10760,3000,3311.0,11880.0,3220.0,9345.0,0.937623
23,10760,3000,3092.0,11763.0,2997.0,9228.0,0.93826
23,10760,3000,3971.0,11647.0,3895.0,9104.0,0.951869
23,10760,3000,3635.0,11426.0,3559.0,8880.0,0.942622
23,10760,3000,3424.0,10893.0,3357.0,8341.0,0.930002
23,10760,3000,3180.0,11728.0,3086.0,9193.0,0.928354
23,10760,3000,3637.0,10771.0,3575.0,8207.0,0.597794
23,10760,3000,3346.0,11540.0,3261.0,8999.0,0.88261
23,10760,3000,3889.0,11957.0,3805.0,9424.0,0.942293
23,10760,3000,3008.0,11279.0,2916.0,8736.0,0.86353
23,10760,3000,3099.0,10795.0,3019.0,8245.0,0.933902
23,10760,3000,3490.0,11274.0,3420.0,8726.0,0.945042
23,10760,3000,3615.0,10874.0,3551.0,8312.0,0.940213
23,10760,3000,3572.0,11040.0,3508.0,8483.0,0.939553
23,10760,3000,3502.0,11282.0,3429.0,8733.0,0.941715
23,10760,3000,3492.0,11351.0,3414.0,8803.0,0.940996
23,10760,3000,3428.0,10952.0,3357.0,8395.0,0.941753
23,10760,3000,3145.0,11742.0,3056.0,9203.0,0.940727
23,10760,3000,3503.0,11704.0,3418.0,9165.0,0.921194
23,10760,3000,3085.0,11721.0,2991.0,9187.0,0.90525
23,10760,3000,3357.0,10773.0,3288.0,8214.0,0.818608
23,10760,3000,3789.0,11862.0,3709.0,9324.0,0.945069
23,10760,3000,3752.0,10880.0,3684.0,8320.0,0.758746
23,10760,3000,3026.0,11083.0,2940.0,8537.0,0.834943
23,10760,3000,3684.0,10792.0,3624.0,8229.0,0.885545
23,10760,3000,3461.0,11954.0,3369.0,9421.0,0.940214
23,10760,3000,3250.0,11537.0,3162.0,8997.0,0.941239
23,10760,3000,3039.0,11249.0,2948.0,8709.0,0.673411
23,10760,3000,3863.0,11844.0,3780.0,9309.0,0.940596
23,10760,3000,3220.0,11502.0,3132.0,8962.0,0.937164
23,10760,3000,3439.0,11125.0,3353.0,8573.0,0.368365
23,10760,3000,3234.0,11035.0,3155.0,8486.0,0.940806
23,10760,3000,3604.0,11482.0,3525.0,8936.0,0.942171
23,10760,3000,3470.0,11531.0,3388.0,8989.0,0.872121
23,10760,3000,3272.0,11084.0,3193.0,8534.0,0.940508
23,10760,3000,3199.0,10965.0,3119.0,8417.0,0.939544
23,10760,3000,3660.0,10836.0,3598.0,8274.0,0.623432
23,10760,3000,3102.0,11802.0,3008.0,9270.0,0.939849
23,10760,3000,3227.0,11771.0,3134.0,9235.0,0.941612
23,10760,3000,3298.0,10912.0,3234.0,8358.0,0.42421
23,10760,3000,3640.0,11468.0,3574.0,8914.0,0.600413
23,10760,3000,3337.0,11115.0,3262.0,8564.0,0.939974
23,10760,3000,3979.0,11727.0,3903.0,9187.0,0.935737
23,10760,3000,3441.0,11867.0,3352.0,9332.0,0.934106
23,10760,3000,3019.0,11293.0,2927.0,8750.0,0.638889
23,10760,3000,3366.0,11211.0,3287.0,8664.0,0.798562
23,10760,3000,3234.0,11315.0,3148.0,8772.0,0.890834
23,10760,3000,3075.0,11737.0,2984.0,9202.0,0.939467
23,10760,3000,3120.0,11317.0,3035.0,8778.0,0.530676
23,10760,3000,3169.0,11484.0,3080.0,8945.0,0.939824
23,10760,3000,3320.0,10776.0,3251.0,8219.0,0.939531
23,10760,3000,3538.0,11511.0,3458.0,8968.0,0.948564
23,10760,3000,3211.0,11324.0,3126.0,8780.0,0.939206
23,10760,3000,3404.0,11538.0,3329.0,9001.0,0.322658
23,10760,3000,3391.0,11597.0,3306.0,9056.0,0.940555
23,10760,3000,3694.0,11384.0,3622.0,8835.0,0.92459
23,10760,3000,3422.0,11465.0,3340.0,8921.0,0.941624
23,10760,3000,3080.0,11695.0,2985.0,9160.0,0.940458
23,10760,3000,3268.0,11802.0,3176.0,9269.0,0.940629
23,10760,3000,3352.0,11758.0,3264.0,9221.0,0.940396
23,10760,3000,3396.0,10873.0,3326.0,8315.0,0.941199
23,10760,3000,3074.0,11058.0,2991.0,8513.0,0.928422
23,10760,3000,3015.0,11954.0,2914.0,9425.0,0.93932
23,10760,3000,3408.0,11653.0,3322.0,9112.0,0.940496
23,10760,3000,3110.0,11846.0,3014.0,9313.0,0.806541
23,10760,3000,3333.0,10983.0,3259.0,8427.0,0.940703
23,10760,3000,3299.0,11788.0,3207.0,9252.0,0.94033
23,10760,3000,3518.0,11551.0,3436.0,9008.0,0.931324
23,10760,3000,3582.0,11657.0,3499.0,9115.0,0.941657
23,10760,3000,3536.0,11910.0,3447.0,9376.0,0.945105
23,10760,3000,3362.0,11600.0,3276.0,9060.0,0.616576
23,10760,3000,3440.0,10965.0,3371.0,8408.0,0.937963
23,10760,3000,3773.0,11756.0,3691.0,9218.0,0.673199
23,10760,3000,3678.0,10785.0,3618.0,8221.0,0.86561
23,10760,3000,3532.0,11499.0,3461.0,8947.0,0.855123
23,10760,3000,3754.0,11827.0,3671.0,9288.0,0.894802
23,10760,3000,3097.0,11659.0,3003.0,9122.0,0.938171
23,10760,3000,3310.0,11439.0,3225.0,8893.0,0.941052
23,10760,3000,3337.0,10776.0,3257.0,8202.0,0.488711
23,10760,3000,3221.0,11334.0,3134.0,8792.0,0.936023
23,10760,3000,3330.0,11276.0,3250.0,8729.0,0.939315
23,10760,3000,3620.0,11091.0,3550.0,8536.0,0.852495
23,10760,3000,3445.0,11415.0,3365.0,8868.0,0.941001
23,10760,3000,3128.0,11515.0,3033.0,8979.0,0.30025
23,10760,3000,3066.0,11057.0,2980.0,8511.0,0.901801
23,10760,3000,3423.0,11239.0,3346.0,8689.0,0.949091
23,10760,3000,3710.0,10893.0,3639.0,8340.0,0.707337
23,10760,3000,3137.0,10785.0,3058.0,8233.0,0.912151
23,10760,3000,3204.0,11751.0,3112.0,9216.0,0.939101
23,10760,3000,3481.0,10937.0,3413.0,8378.0,0.93848
23,10760,3000,3559.0,11042.0,3489.0,8486.0,0.929454
23,10760,3000,3339.0,11084.0,3264.0,8531.0,0.941416
23,10760,3000,3253.0,11011.0,3174.0,8459.0,0.520571
23,10760,3000,3059.0,11058.0,2974.0,8512.0,0.934048
23,10760,3000,3527.0,11487.0,3448.0,8945.0,0.940944
23,10760,3000,3346.0,11227.0,3268.0,8677.0,0.936513
23,10760,3000,3238.0,10888.0,3162.0,8336.0,0.694415
23,10760,3000,3116.0,10968.0,3030.0,8420.0,0.821985
23,10760,3000,3248.0,11193.0,3164.0,8646.0,0.940549
23,10760,3000,3403.0,11840.0,3313.0,9304.0,0.939728
23,10760,3000,3316.0,11249.0,3236.0,8702.0,0.941215
23,10760,3000,3544.0,11068.0,3473.0,8512.0,0.943026
23,10760,3000,3600.0,11627.0,3520.0,9077.0,0.93281
23,10760,3000,3251.0,11842.0,3157.0,9309.0,0.898213
23,10760,3000,3717.0,10777.0,3660.0,8215.0,0.708925
23,10760,3000,3047.0,11842.0,2949.0,9310.0,0.93685
23,10760,3000,3094.0,10982.0,3009.0,8435.0,0.93978
23,10760,3000,3041.0,10815.0,2958.0,8267.0,0.926636
23,10760,3000,3532.0,10844.0,3469.0,8281.0,0.853644
23,10760,3000,3213.0,10899.0,3135.0,8348.0,0.940068
23,10760,3000,3585.0,11219.0,3510.0,8668.0,0.953223
23,10760,3000,3058.0,11591.0,2965.0,9056.0,0.940918
23,10760,3000,3335.0,11227.0,3256.0,8674.0,0.877038
23,10760,3000,3442.0,11420.0,3362.0,8874.0,0.938012
23,10760,3000,3445.0,10893.0,3384.0,8340.0,0.427943
23,10760,3000,3023.0,11535.0,2928.0,8999.0,0.940946
23,10760,3000,3167.0,10996.0,3086.0,8449.0,0.938638
23,10760,3000,3359.0,11309.0,3279.0,8764.0,0.802056
23,10760,3000,3371.0,10902.0,3299.0,8346.0,0.939777
23,10760,3000,3653.0,11264.0,3585.0,8709.0,0.636615
23,10760,3000,3279.0,10842.0,3205.0,8288.0,0.925308
23,10760,3000,3694.0,10768.0,3632.0,8203.0,0.901962
23,10760,3000,3414.0,11495.0,3333.0,8944.0,0.933713
23,10760,3000,3523.0,11540.0,3443.0,8996.0,0.908625
23,10760,3000,3215.0,11674.0,3124.0,9137.0,0.946751
23,10760,3000,3782.0,10789.0,3725.0,8224.0,0.722512
23,10760,3000,3326.0,11600.0,3239.0,9059.0,0.940641
23,10760,3000,3088.0,10908.0,3006.0,8362.0,0.514623
23,10760,3000,3061.0,11548.0,2981.0,9009.0,0.887197
23,10760,3000,3321.0,11439.0,3237.0,8894.0,0.941432
23,10760,3000,3239.0,10978.0,3163.0,8428.0,0.555473
23,10760,3000,4026.0,11781.0,3948.0,9240.0,0.938579
23,10760,3000,3297.0,11051.0,3219.0,8499.0,0.934521
23,10760,3000,3335.0,11386.0,3254.0,8842.0,0.942895
23,10760,3000,3087.0,11083.0,3001.0,8536.0,0.940689
23,10760,3000,3099.0,11226.0,3010.0,8685.0,0.939203
23,10760,3000,3310.0,11304.0,3228.0,8756.0,0.894252
23,10760,3000,3945.0,11930.0,3861.0,9395.0,0.94064
23,10760,3000,3562.0,11598.0,3480.0,9054.0,0.939736
23,10760,3000,3039.0,11568.0,2945.0,9033.0,0.940709
23,10760,3000,3755.0,11553.0,3677.0,9008.0,0.82964
23,10760,3000,3339.0,10943.0,3265.0,8385.0,0.823971
25,11960,1800,2929.0,12765.0,2822.0,10242.0,0.92451
25,11960,1800,2477.0,12749.0,2357.0,10236.0,0.939589
25,11960,1800,2673.0,12804.0,2559.0,10289.0,0.950749
25,11960,1800,2504.0,12225.0,2391.0,9718.0,0.678649
25,11960,1800,2979.0,12006.0,2877.0,9480.0,0.836363
25,11960,1800,2500.0,12825.0,2378.0,10314.0,0.815634
25,11960,1800,2238.0,12401.0,2112.0,9891.0,0.915146
25,11960,1800,2161.0,12244.0,2035.0,9735.0,0.950223
25,11960,1800,2642.0,12396.0,2527.0,9878.0,0.95011
25,11960,1800,2267.0,12336.0,2143.0,9826.0,0.933102
25,11960,1800,2120.0,12449.0,1992.0,9943.0,0.949249
25,11960,1800,2679.0,12815.0,2564.0,10298.0,0.953528
25,11960,1800,2723.0,12292.0,2611.0,9773.0,0.886923
25,11960,1800,2569.0,12395.0,2453.0,9879.0,0.603483
25,11960,1800,2117.0,12471.0,1989.0,9966.0,0.944942
25,11960,1800,2832.0,12686.0,2722.0,10165.0,0.949287
25,11960,1800,2942.0,12590.0,2835.0,10070.0,0.320846
25,11960,1800,2438.0,12995.0,2316.0,10484.0,0.949467
25,11960,1800,2485.0,12419.0,2366.0,9904.0,0.952932
25,11960,1800,2060.0,12732.0,1934.0,10236.0,0.711381
25,11960,1800,2757.0,12510.0,2644.0,9991.0,0.95186
25,11960,1800,2876.0,12144.0,2769.0,9621.0,0.944283
25,11960,1800,2110.0,12012.0,1982.0,9504.0,0.866678
25,11960,1800,2515.0,12220.0,2397.0,9704.0,0.707386
25,11960,1800,2646.0,12686.0,2531.0,10169.0,0.952557
25,11960,1800,2545.0,12126.0,2430.0,9610.0,0.936099
25,11960,1800,2122.0,12259.0,1995.0,9752.0,0.894008
25,11960,1800,2696.0,11974.0,2586.0,9453.0,0.706513
25,11960,1800,2936.0,12651.0,2830.0,10127.0,0.942819
25,11960,1800,2461.0,12104.0,2342.0,9587.0,0.480517
25,11960,1800,2068.0,12161.0,1960.0,9650.0,0.93978
25,11960,1800,2130.0,12989.0,1995.0,10487.0,0.92356
25,11960,1800,2560.0,12611.0,2443.0,10096.0,0.954801
25,11960,1800,2905.0,12797.0,2797.0,10274.0,0.36195
25,11960,1800,2176.0,13148.0,2045.0,10645.0,0.950918
25,11960,1800,2371.0,12633.0,2249.0,10123.0,0.951578
25,11960,1800,2614.0,12262.0,2500.0,9745.0,0.312735
25,11960,1800,2708.0,12261.0,2596.0,9742.0,0.952897
25,11960,1800,2941.0,12212.0,2837.0,9689.0,0.949505
25,11960,1800,2294.0,12746.0,2179.0,10242.0,0.528991
25,11960,1800,1982.0,12721.0,1844.0,10223.0,0.366611
25,11960,1800,2605.0,12584.0,2490.0,10069.0,0.953837
25,11960,1800,2614.0,12023.0,2500.0,9504.0,0.941253
25,11960,1800,2043.0,12390.0,1914.0,9884.0,0.897921
25,11960,1800,2199.0,12453.0,2074.0,9945.0,0.947765
25,11960,1800,2240.0,12061.0,2116.0,9550.0,0.784812
25,11960,1800,2467.0,12684.0,2346.0,10170.0,0.877177
25,11960,1800,2240.0,12112.0,2116.0,9602.0,0.949805
25,11960,1800,2138.0,13009.0,2007.0,10506.0,0.947451
25,11960,1800,2247.0,12808.0,2117.0,10302.0,0.939289
25,11960,1800,2598.0,12810.0,2481.0,10297.0,0.949991
25,11960,1800,2523.0,12491.0,2406.0,9976.0,0.948753
25,11960,1800,2663.0,12541.0,2549.0,10023.0,0.95166
25,11960,1800,2821.0,12357.0,2713.0,9835.0,0.95195
25,11960,1800,2648.0,12255.0,2534.0,9736.0,0.924059
25,11960,1800,2442.0,12812.0,2317.0,10304.0,0.346426
25,11960,1800,2599.0,12294.0,2483.0,9777.0,0.951196
25,11960,1800,2494.0,12605.0,2375.0,10090.0,0.950372
25,11960,1800,2180.0,11989.0,2056.0,9479.0,0.651644
25,11960,1800,2742.0,12713.0,2629.0,10195.0,0.949657
25,11960,1800,2196.0,12069.0,2071.0,9559.0,0.71111
25,11960,1800,1943.0,13019.0,1800.0,10526.0,0.563987
25,11960,1800,2060.0,12713.0,1932.0,10218.0,0.806818
25,11960,1800,2770.0,12459.0,2659.0,9940.0,0.949917
25,11960,1800,2539.0,12687.0,2421.0,10174.0,0.950773
25,11960,1800,2613.0,12372.0,2500.0,9852.0,0.922845
25,11960,1800,2368.0,12496.0,2247.0,9985.0,0.951776
25,11960,1800,2318.0,12023.0,2197.0,9509.0,0.938747
25,11960,1800,2309.0,12951.0,2184.0,10441.0,0.946501
25,11960,1800,1980.0,12345.0,1849.0,9841.0,0.941031
25,11960,1800,2198.0,12387.0,2071.0,9878.0,0.952057
25,11960,1800,2729.0,12781.0,2614.0,10264.0,0.9487
25,11960,1800,2804.0,12339.0,2694.0,9820.0,0.933658
25,11960,1800,2368.0,12607.0,2246.0,10095.0,0.932512
25,11960,1800,2795.0,12350.0,2687.0,9832.0,0.59078
25,11960,1800,2622.0,12517.0,2507.0,10000.0,0.927394
25,11960,1800,1961.0,12205.0,1831.0,9701.0,0.536843
25,11960,1800,2656.0,12488.0,2542.0,9971.0,0.88566
25,11960,1800,2468.0,12723.0,2347.0,10211.0,0.913372
25,11960,1800,2740.0,12039.0,2634.0,9518.0,0.793907
25,11960,1800,2208.0,12470.0,2082.0,9961.0,0.950604
25,11960,1800,2076.0,12938.0,1941.0,10438.0,0.508967
25,11960,1800,2807.0,12106.0,2699.0,9583.0,0.946189
25,11960,1800,2460.0,12750.0,2340.0,10238.0,0.92122
25,11960,1800,2218.0,12458.0,2094.0,9947.0,0.945992
25,11960,1800,2080.0,12460.0,1951.0,9955.0,0.947308
25,11960,1800,2477.0,12973.0,2356.0,10460.0,0.937562
25,11960,1800,2741.0,12868.0,2627.0,10350.0,0.940012
25,11960,1800,2355.0,11997.0,2234.0,9484.0,0.479078
25,11960,1800,2542.0,12747.0,2423.0,10233.0,0.952771
25,11960,1800,1949.0,12685.0,1811.0,10188.0,0.336446
25,11960,1800,1988.0,12793.0,1851.0,10294.0,0.561802
25,11960,1800,2582.0,12689.0,2465.0,10174.0,0.760097
25,11960,1800,2279.0,12132.0,2156.0,9621.0,0.945204
25,11960,1800,2678.0,12729.0,2563.0,10214.0,0.948142
25,11960,1800,2516.0,12259.0,2398.0,9744.0,0.94822
25,11960,1800,2378.0,12595.0,2255.0,10083.0,0.951504
25,11960,1800,2165.0,12570.0,2037.0,10065.0,0.535059
25,11960,1800,2705.0,12823.0,2590.0,10308.0,0.918676
25,11960,1800,2418.0,12425.0,2299.0,9911.0,0.94827
25,11960,1800,2620.0,12475.0,2504.0,9959.0,0.94057
25,11960,1800,1994.0,13053.0,1855.0,10554.0,0.930252
25,11960,1800,2339.0,12938.0,2215.0,10428.0,0.830982
25,11960,1800,2694.0,12242.0,2582.0,9723.0,0.950023
25,11960,1800,2626.0,12703.0,2510.0,10189.0,0.94619
25,11960,1800,2119.0,13041.0,1984.0,10539.0,0.920909
25,11960,1800,2837.0,12171.0,2730.0,9648.0,0.751735
25,11960,1800,2253.0,12543.0,2127.0,10034.0,0.943677
25,11960,1800,2026.0,12159.0,1897.0,9653.0,0.879412
25,11960,1800,1930.0,12668.0,1792.0,10171.0,0.860743
25,11960,1800,2738.0,12234.0,2627.0,9714.0,0.905804
25,11960,1800,2154.0,12591.0,2024.0,10085.0,0.946254
25,11960,1800,2159.0,12673.0,2029.0,10170.0,0.948279
25,11960,1800,2925.0,12248.0,2818.0,9725.0,0.950839
25,11960,1800,2666.0,11995.0,2554.0,9483.0,0.579348
25,11960,1800,2044.0,12376.0,1914.0,9871.0,0.938732
25,11960,1800,2069.0,12738.0,1947.0,10237.0,0.678016
25,11960,1800,2146.0,12667.0,2015.0,10167.0,0.725773
25,11960,1800,2046.0,12157.0,1938.0,9656.0,0.500411
25,11960,1800,2480.0,12185.0,2363.0,9671.0,0.345342
25,11960,1800,2106.0,13108.0,1967.0,10609.0,0.594055
25,11960,1800,2290.0,13087.0,2162.0,10581.0,0.889765
25,11960,1800,2467.0,12064.0,2362.0,9544.0,0.651433
25,11960,1800,2331.0,12581.0,2207.0,10072.0,0.68371
25,11960,1800,2326.0,12896.0,2201.0,10384.0,0.94846
25,11960,1800,2670.0,12245.0,2557.0,9727.0,0.902852
25,11960,1800,2017.0,13016.0,1880.0,10517.0,0.94945
25,11960,1800,2115.0,13145.0,1980.0,10644.0,0.863247
25,11960,1800,2373.0,12302.0,2251.0,9789.0,0.862376
25,11960,1800,1976.0,12225.0,1846.0,9722.0,0.571803
25,11960,1800,2860.0,12484.0,2750.0,9963.0,0.809175
25,11960,1800,2609.0,12703.0,2492.0,10188.0,0.950748
25,11960,1800,2653.0,12104.0,2540.0,9584.0,0.449665
25,11960,1800,2835.0,12666.0,2727.0,10146.0,0.86425
25,11960,1800,2625.0,12207.0,2500.0,9691.0,0.646134
25,11960,1800,2267.0,12936.0,2143.0,10432.0,0.936391
25,11960,1800,2463.0,12618.0,2343.0,10106.0,0.950956
25,11960,1800,2701.0,12295.0,2590.0,9776.0,0.951279
25,11960,1800,2848.0,12394.0,2739.0,9872.0,0.94596
25,11960,1800,2104.0,12499.0,1975.0,9993.0,0.952027
25,11960,1800,2709.0,12404.0,2597.0,9886.0,0.948956
25,11960,1800,2726.0,12378.0,2615.0,9859.0,0.951092
25,11960,1800,2694.0,12273.0,2580.0,9756.0,0.817161
25,11960,1800,2177.0,12726.0,2044.0,10223.0,0.946045
25,11960,1800,2818.0,11993.0,2712.0,9469.0,0.935321
25,11960,1800,2218.0,12054.0,2094.0,9543.0,0.670454
25,11960,1800,2915.0,12236.0,2807.0,9713.0,0.890612
25,11960,1800,2004.0,12793.0,1868.0,10291.0,0.95076
25,11960,1800,2285.0,12869.0,2158.0,10361.0,0.479444
25,11960,1800,2183.0,13135.0,2052.0,10636.0,0.951853
25,11960,1800,2577.0,12658.0,2459.0,10143.0,0.951248
25,11960,1800,2498.0,12086.0,2382.0,9570.0,0.463838
25,11960,1800,2465.0,12646.0,2345.0,10132.0,0.942567
25,11960,1800,2930.0,12239.0,2825.0,9713.0,0.950062
25,11960,1800,2957.0,12757.0,2849.0,10234.0,0.896993
25,11960,1800,2699.0,12394.0,2588.0,9874.0,0.9501
25,11960,1800,2130.0,13083.0,1996.0,10581.0,0.923025
25,11960,1800,2104.0,13072.0,1968.0,10572.0,0.528955
25,11960,1800,2899.0,12365.0,2793.0,9841.0,0.940567
25,11960,1800,2100.0,12985.0,1965.0,10482.0,0.95232
25,11960,1800,2337.0,12893.0,2215.0,10382.0,0.951814
25,11960,1800,2820.0,12337.0,2711.0,9816.0,0.918022
25,11960,1800,2012.0,13138.0,1866.0,10647.0,0.425554
25,11960,1800,2530.0,12367.0,2412.0,9852.0,0.937814
25,11960,1800,2112.0,12102.0,1984.0,9594.0,0.929077
25,11960,1800,2752.0,12271.0,2639.0,9752.0,0.695104
25,11960,1800,2495.0,12557.0,2377.0,10045.0,0.949327
25,11960,1800,2077.0,12258.0,1949.0,9752.0,0.766765
25,11960,1800,2202.0,12842.0,2071.0,10338.0,0.951555
25,11960,1800,2882.0,12177.0,2777.0,9654.0,0.858547
25,11960,1800,2688.0,12487.0,2574.0,9969.0,0.951898
25,11960,1800,2603.0,12200.0,2489.0,9683.0,0.900388
25,11960,1800,2752.0,12796.0,2638.0,10285.0,0.402586
25,11960,1800,1963.0,12252.0,1832.0,9748.0,0.928676
25,11960,1800,2555.0,11999.0,2460.0,9484.0,0.455433
25,11960,1800,2764.0,12047.0,2645.0,9526.0,0.632882
25,11960,1800,2919.0,12036.0,2814.0,9510.0,0.949188
25,11960,1800,2740.0,12468.0,2626.0,9950.0,0.687861
25,11960,1800,2735.0,12521.0,2624.0,10006.0,0.951936
25,11960,1800,2567.0,12480.0,2452.0,9965.0,0.94829
25,11960,1800,2346.0,13025.0,2220.0,10515.0,0.952479
25,11960,1800,2125.0,12460.0,1996.0,9953.0,0.948017
25,11960,1800,1929.0,12142.0,1798.0,9637.0,0.682371
25,11960,1800,2217.0,12520.0,2090.0,10012.0,0.948277
25,11960,1800,2163.0,12216.0,2039.0,9705.0,0.711679
25,11960,1800,2293.0,12997.0,2166.0,10488.0,0.945671
25,11960,1800,2689.0,12149.0,2577.0,9629.0,0.94689
25,11960,1800,2555.0,12231.0,2439.0,9715.0,0.951011
25,11960,1800,2931.0,12409.0,2824.0,9887.0,0.745587
25,11960,1800,1983.0,12250.0,1853.0,9746.0,0.656427
25,11960,1800,2157.0,13002.0,2024.0,10501.0,0.925846
25,11960,1800,2479.0,12436.0,2361.0,9922.0,0.943318
25,11960,1800,2096.0,12017.0,1968.0,9508.0,0.406342
25,11960,1800,2641.0,12656.0,2525.0,10139.0,0.862151
25,11960,1800,2374.0,12071.0,2254.0,9556.0,0.784455
25,11960,1800,1991.0,12787.0,1853.0,10290.0,0.587858
25,11960,1800,2391.0,12756.0,2268.0,10245.0,0.635166
25,11960,1800,2768.0,12312.0,2655.0,9793.0,0.947793
25,11960,1800,2150.0,12617.0,2019.0,10113.0,0.948859
25,11960,1800,2517.0,12489.0,2397.0,9970.0,0.946311
25,11960,1800,2788.0,12647.0,2678.0,10127.0,0.870656
25,11960,1800,2875.0,12353.0,2768.0,9831.0,0.773879
25,11960,1800,2275.0,12588.0,2149.0,10080.0,0.950042
25,11960,1800,2752.0,12466.0,2642.0,9946.0,0.934575
25,11960,1800,2944.0,12576.0,2841.0,10050.0,0.636943
25,11960,1800,2348.0,12473.0,2226.0,9961.0,0.95186
25,11960,1800,2849.0,12677.0,2740.0,10157.0,0.887242
25,11960,1800,2409.0,12246.0,2291.0,9733.0,0.881497
25,11960,1800,2752.0,12034.0,2654.0,9512.0,0.82371
25,11960,1800,2727.0,12848.0,2614.0,10331.0,0.95258
25,11960,1800,2042.0,12733.0,1910.0,10232.0,0.786597
25,11960,1800,2629.0,12443.0,2510.0,9928.0,0.779612
25,11960,1800,2944.0,12639.0,2835.0,10117.0,0.864132
25,11960,1800,1960.0,12889.0,1820.0,10392.0,0.939343
25,11960,1800,2677.0,12328.0,2555.0,9820.0,0.896039
25,11960,1800,2380.0,12539.0,2258.0,10027.0,0.944319
25,11960,1800,2706.0,12643.0,2589.0,10125.0,0.848537
25,11960,1800,2768.0,12891.0,2655.0,10373.0,0.952977
25,11960,1800,2567.0,12306.0,2456.0,9792.0,0.880627
25,11960,1800,1970.0,12244.0,1839.0,9739.0,0.844806
25,11960,1800,2432.0,12892.0,2310.0,10380.0,0.882535
25,11960,1800,2099.0,13011.0,1965.0,10509.0,0.945685
25,11960,1800,2118.0,12299.0,1991.0,9794.0,0.95096
25,11960,1800,2495.0,12078.0,2379.0,9561.0,0.485435
25,11960,1800,2135.0,12883.0,2002.0,10382.0,0.951718
25,11960,1800,2592.0,12374.0,2476.0,9857.0,0.428754
25,11960,1800,2242.0,13039.0,2114.0,10532.0,0.952766
25,11960,1800,2668.0,12412.0,2556.0,9895.0,0.95277
25,11960,1800,2293.0,12151.0,2170.0,9639.0,0.772892
25,11960,1800,2964.0,12266.0,2857.0,9743.0,0.863115
25,11960,1800,2386.0,12766.0,2260.0,10255.0,0.504938
25,11960,1800,2125.0,12869.0,1991.0,10368.0,0.950666
25,11960,1800,2307.0,12635.0,2182.0,10125.0,0.93076
25,11960,1800,2228.0,12575.0,2103.0,10067.0,0.949287
25,11960,1800,2396.0,12770.0,2274.0,10257.0,0.828632
25,11960,1800,2392.0,12767.0,2275.0,10253.0,0.688802
25,11960,1800,2543.0,12775.0,2421.0,10265.0,0.937599
25,11960,1800,2861.0,12739.0,2753.0,10218.0,0.946193
25,11960,1800,2627.0,12695.0,2513.0,10177.0,0.902206
25,11960,1800,2144.0,12230.0,2025.0,9730.0,0.468834
25,11960,1800,2283.0,12191.0,2158.0,9680.0,0.846555
25,11960,1800,2499.0,12447.0,2381.0,9934.0,0.649995
25,11960,1800,2812.0,12021.0,2703.0,9498.0,0.945119
25,11960,1800,2196.0,12100.0,2070.0,9592.0,0.816284
25,11960,1800,2507.0,13072.0,2395.0,10573.0,0.354815
25,11960,1800,1999.0,13091.0,1858.0,10594.0,0.948632
25,11960,1800,2796.0,12435.0,2685.0,9916.0,0.94116
25,11960,1800,2814.0,12372.0,2707.0,9849.0,0.952224
25,11960,1800,2750.0,12319.0,2637.0,9800.0,0.801543
25,11960,1800,2439.0,12101.0,2320.0,9586.0,0.947769
25,11960,1800,2277.0,12775.0,2148.0,10267.0,0.401738
25,11960,1800,2821.0,12384.0,2713.0,9863.0,0.951907
25,11960,1800,2752.0,12874.0,2638.0,10357.0,0.950032
25,11960,1800,2848.0,12690.0,2738.0,10169.0,0.76941
25,11960,1800,2161.0,13130.0,2030.0,10629.0,0.81556
25,11960,1800,2590.0,12806.0,2470.0,10298.0,0.854833
25,11960,1800,2645.0,12409.0,2531.0,9893.0,0.949919
28,13160,1800,1940.0,13263.0,1799.0,10771.0,0.301522
28,13160,1800,2043.0,13495.0,1900.0,11001.0,0.911635
28,13160,1800,2128.0,13179.0,1992.0,10679.0,0.361847
28,13160,1800,2282.0,13743.0,2151.0,11250.0,0.615369
28,13160,1800,1964.0,13723.0,1821.0,11236.0,0.535149
28,13160,1800,2106.0,13674.0,1969.0,11181.0,0.595443
28,13160,1800,2015.0,13593.0,1873.0,11101.0,0.58386
28,13160,1800,2092.0,13497.0,1947.0,11002.0,0.448171
36,15560,4200,4341.0,16627.0,4213.0,14136.0,0.774656
38,16760,3000,3555.0,17838.0,3401.0,15376.0,0.788399
38,16760,3000,3842.0,17682.0,3691.0,15220.0,0.38444
38,16760,3000,3860.0,17883.0,3711.0,15423.0,0.552624
38,16760,3000,3740.0,17954.0,3590.0,15494.0,0.43951
38,16760,3000,3862.0,17874.0,3714.0,15413.0,0.564767
38,16760,3000,3843.0,17864.0,3695.0,15404.0,0.791279
39,16760,4200,4345.0,17317.0,4205.0,14819.0,0.3018
41,17960,3000,3924.0,18779.0,3788.0,16310.0,0.705615
41,17960,3000,3891.0,18865.0,3752.0,16397.0,0.301778
41,17960,3000,4120.0,18588.0,3985.0,16118.0,0.480432
41,17960,3000,3900.0,18886.0,3761.0,16417.0,0.317165
41,17960,3000,3917.0,18741.0,3780.0,16270.0,0.668583
41,17960,3000,3872.0,18655.0,3733.0,16189.0,0.309579
41,17960,3000,3910.0,18779.0,3772.0,16310.0,0.466977
43,19160,1800,2653.0,20111.0,2491.0,17655.0,0.55958
43,19160,1800,2588.0,20043.0,2423.0,17590.0,0.541827
43,19160,1800,2582.0,20026.0,2419.0,17570.0,0.516052
43,19160,1800,2227.0,20196.0,2055.0,17748.0,0.32953
43,19160,1800,2495.0,20147.0,2330.0,17692.0,0.536057
43,19160,1800,2663.0,20275.0,2498.0,17821.0,0.5638
43,19160,1800,2526.0,19748.0,2363.0,17291.0,0.366105
43,19160,1800,2309.0,20333.0,2149.0,17880.0,0.431269
43,19160,1800,2202.0,20311.0,2030.0,17862.0,0.364861
43,19160,1800,2152.0,20081.0,1983.0,17629.0,0.389917
43,19160,1800,2501.0,19747.0,2339.0,17289.0,0.449152
43,19160,1800,2306.0,19839.0,2136.0,17389.0,0.687226
43,19160,1800,2567.0,20066.0,2404.0,17609.0,0.564021
43,19160,1800,2099.0,20196.0,1927.0,17746.0,0.373694
43,19160,1800,2164.0,20259.0,1992.0,17811.0,0.548992
43,19160,1800,2274.0,20103.0,2106.0,17650.0,0.335469
43,19160,1800,2630.0,20325.0,2466.0,17871.0,0.531155
43,19160,1800,2551.0,20336.0,2385.0,17884.0,0.742019
43,19160,1800,2630.0,20288.0,2464.0,17835.0,0.723249
43,19160,1800,2573.0,20175.0,2407.0,17720.0,0.305904
43,19160,1800,2564.0,20122.0,2398.0,17667.0,0.409516
43,19160,1800,2623.0,20272.0,2458.0,17819.0,0.589282
43,19160,1800,2590.0,20133.0,2425.0,17677.0,0.447592
44,19160,3000,4020.0,20194.0,3887.0,17722.0,0.556364
44,19160,3000,3955.0,19655.0,3820.0,17184.0,0.786828
44,19160,3000,4067.0,20123.0,3937.0,17649.0,0.858436
44,19160,3000,3565.0,20194.0,3411.0,17739.0,0.552029
44,19160,3000,3661.0,19305.0,3511.0,16846.0,0.37218
44,19160,3000,4022.0,19996.0,3887.0,17525.0,0.402845
44,19160,3000,3671.0,19520.0,3520.0,17064.0,0.421502
44,19160,3000,3624.0,20064.0,3470.0,17609.0,0.816023
44,19160,3000,3794.0,19997.0,3648.0,17536.0,0.780648
44,19160,3000,3498.0,19477.0,3341.0,17022.0,0.595445
44,19160,3000,4155.0,20336.0,4029.0,17858.0,0.612429
44,19160,3000,3532.0,20344.0,3379.0,17887.0,0.456286
44,19160,3000,4174.0,19777.0,4049.0,17299.0,0.68151
44,19160,3000,3485.0,19576.0,3344.0,17123.0,0.43123
44,19160,3000,3535.0,19343.0,3382.0,16887.0,0.642934
44,19160,3000,3698.0,19719.0,3547.0,17262.0,0.858613
44,19160,3000,3578.0,20193.0,3426.0,17738.0,0.673736
44,19160,3000,3970.0,20292.0,3836.0,17820.0,0.52669
44,19160,3000,3568.0,19453.0,3414.0,16999.0,0.645089
44,19160,3000,3959.0,19835.0,3823.0,17366.0,0.82146
44,19160,3000,4140.0,19975.0,4011.0,17492.0,0.450259
44,19160,3000,4117.0,20299.0,3986.0,17824.0,0.909119
44,19160,3000,3298.0,19849.0,3135.0,17398.0,0.501385
44,19160,3000,3755.0,19335.0,3609.0,16874.0,0.498331
44,19160,3000,4077.0,20053.0,3946.0,17580.0,0.837294
44,19160,3000,3512.0,19469.0,3355.0,17016.0,0.625385
44,19160,3000,3680.0,19217.0,3532.0,16758.0,0.53232
44,19160,3000,4087.0,19743.0,3958.0,17268.0,0.495243
44,19160,3000,3627.0,19377.0,3475.0,16919.0,0.761551
44,19160,3000,3335.0,20040.0,3184.0,17590.0,0.391973
44,19160,3000,3724.0,19489.0,3575.0,17030.0,0.377494
44,19160,3000,3551.0,19344.0,3393.0,16887.0,0.3591
44,19160,3000,3837.0,19871.0,3692.0,17409.0,0.360894
44,19160,3000,3602.0,20264.0,3449.0,17809.0,0.814197
44,19160,3000,3420.0,19453.0,3269.0,17000.0,0.447591
44,19160,3000,3830.0,19984.0,3686.0,17521.0,0.788861
44,19160,3000,4171.0,20088.0,4044.0,17611.0,0.509876
44,19160,3000,3298.0,19571.0,3136.0,17119.0,0.456839
44,19160,3000,3831.0,20037.0,3695.0,17558.0,0.320652
44,19160,3000,3636.0,19274.0,3486.0,16813.0,0.489467
44,19160,3000,3623.0,20270.0,3470.0,17812.0,0.860204
44,19160,3000,4099.0,20069.0,3971.0,17596.0,0.882143
44,19160,3000,4099.0,20083.0,3973.0,17608.0,0.654151
44,19160,3000,4000.0,20039.0,3865.0,17568.0,0.845194
44,19160,3000,4144.0,20208.0,4015.0,17731.0,0.823097
44,19160,3000,4073.0,20160.0,3944.0,17685.0,0.551077
44,19160,3000,4095.0,20057.0,3966.0,17581.0,0.621907
44,19160,3000,3725.0,19213.0,3581.0,16751.0,0.360137
44,19160,3000,3611.0,19487.0,3458.0,17031.0,0.340613
44,19160,3000,3496.0,20019.0,3339.0,17564.0,0.885321
44,19160,3000,4121.0,19953.0,3992.0,17478.0,0.695294
44,19160,3000,3619.0,20090.0,3466.0,17634.0,0.782959
44,19160,3000,3937.0,19952.0,3799.0,17484.0,0.773074
44,19160,3000,3975.0,19987.0,3836.0,17518.0,0.370184
44,19160,3000,3672.0,19384.0,3521.0,16927.0,0.852237
44,19160,3000,4161.0,20206.0,4035.0,17729.0,0.713208
44,19160,3000,4095.0,20236.0,3966.0,17760.0,0.751427
44,19160,3000,4010.0,20120.0,3880.0,17647.0,0.304678
44,19160,3000,3668.0,19208.0,3521.0,16750.0,0.416129
44,19160,3000,3739.0,20132.0,3591.0,17670.0,0.565977
44,19160,3000,4124.0,19978.0,3995.0,17503.0,0.418316
44,19160,3000,3306.0,19834.0,3144.0,17385.0,0.394364
44,19160,3000,3661.0,19639.0,3524.0,17172.0,0.352978
44,19160,3000,3518.0,19486.0,3361.0,17033.0,0.603318
44,19160,3000,3597.0,20211.0,3444.0,17754.0,0.856374
44,19160,3000,3873.0,19917.0,3732.0,17452.0,0.674034
44,19160,3000,3554.0,19535.0,3397.0,17080.0,0.687681
44,19160,3000,4158.0,19707.0,4032.0,17228.0,0.461625
44,19160,3000,3835.0,19385.0,3693.0,16920.0,0.36091
44,19160,3000,3760.0,19650.0,3612.0,17189.0,0.329914
44,19160,3000,3790.0,20289.0,3647.0,17824.0,0.614146
44,19160,3000,3660.0,19593.0,3506.0,17136.0,0.435052
44,19160,3000,3585.0,19837.0,3430.0,17383.0,0.930155
44,19160,3000,3947.0,20348.0,3813.0,17878.0,0.675375
44,19160,3000,4083.0,20100.0,3952.0,17627.0,0.632231
44,19160,3000,3495.0,19439.0,3342.0,16985.0,0.587047
44,19160,3000,3468.0,19619.0,3309.0,17166.0,0.307043
44,19160,3000,3976.0,20310.0,3843.0,17838.0,0.858328
44,19160,3000,4152.0,19975.0,4026.0,17498.0,0.805911
44,19160,3000,3996.0,20315.0,3863.0,17842.0,0.795744
44,19160,3000,4041.0,19677.0,3911.0,17203.0,0.85784
44,19160,3000,3611.0,20276.0,3459.0,17821.0,0.852869
44,19160,3000,3589.0,19313.0,3436.0,16856.0,0.326874
44,19160,3000,4002.0,19333.0,3869.0,16858.0,0.374031
44,19160,3000,3961.0,19938.0,3823.0,17469.0,0.422689
44,19160,3000,3953.0,19948.0,3813.0,17482.0,0.58699
44,19160,3000,3810.0,20003.0,3665.0,17540.0,0.768507
44,19160,3000,3638.0,20096.0,3488.0,17636.0,0.645301
44,19160,3000,4157.0,19412.0,4024.0,16927.0,0.353424
44,19160,3000,4058.0,20162.0,3926.0,17688.0,0.683655
44,19160,3000,3808.0,19880.0,3659.0,17420.0,0.771153
44,19160,3000,4112.0,20080.0,3985.0,17602.0,0.646868
44,19160,3000,3666.0,20123.0,3517.0,17662.0,0.641802
44,19160,3000,4132.0,20003.0,4004.0,17527.0,0.841197
44,19160,3000,3571.0,20265.0,3417.0,17809.0,0.706123
44,19160,3000,3684.0,19206.0,3537.0,16744.0,0.309539
46,20360,1800,2625.0,21041.0,2459.0,18587.0,0.916649
46,20360,1800,2662.0,21264.0,2497.0,18812.0,0.91883
46,20360,1800,2068.0,20477.0,1895.0,18025.0,0.923599
46,20360,1800,2581.0,21416.0,2416.0,18965.0,0.933627
46,20360,1800,2596.0,21067.0,2431.0,18614.0,0.850863
46,20360,1800,2179.0,20856.0,2010.0,18405.0,0.712242
46,20360,1800,2330.0,20920.0,2162.0,18468.0,0.855853
46,20360,1800,2624.0,21020.0,2458.0,18569.0,0.736292
46,20360,1800,2264.0,20522.0,2094.0,18071.0,0.729025
46,20360,1800,2240.0,21343.0,2070.0,18894.0,0.950186
46,20360,1800,2433.0,21247.0,2269.0,18799.0,0.907044
46,20360,1800,2527.0,20827.0,2369.0,18377.0,0.606898
46,20360,1800,2286.0,20588.0,2118.0,18138.0,0.763791
46,20360,1800,2812.0,21181.0,2648.0,18728.0,0.940519
46,20360,1800,2475.0,20781.0,2314.0,18323.0,0.490551
46,20360,1800,2336.0,20952.0,2170.0,18500.0,0.560713
46,20360,1800,2246.0,21313.0,2078.0,18864.0,0.954083
46,20360,1800,2287.0,20568.0,2117.0,18116.0,0.847671
46,20360,1800,1910.0,21023.0,1735.0,18576.0,0.871434
46,20360,1800,1882.0,21009.0,1709.0,18563.0,0.422917
46,20360,1800,2875.0,21437.0,2722.0,18988.0,0.788017
46,20360,1800,2409.0,21273.0,2242.0,18821.0,0.923737
46,20360,1800,2089.0,20896.0,1918.0,18445.0,0.610802
46,20360,1800,2941.0,20852.0,2778.0,18401.0,0.596071
46,20360,1800,2600.0,21035.0,2447.0,18582.0,0.935818
46,20360,1800,2825.0,21169.0,2661.0,18718.0,0.91181
46,20360,1800,2228.0,21346.0,2058.0,18898.0,0.951657
46,20360,1800,2210.0,20639.0,2041.0,18187.0,0.938417
46,20360,1800,2345.0,20558.0,2175.0,18108.0,0.381561
46,20360,1800,2270.0,20874.0,2101.0,18422.0,0.759858
46,20360,1800,2027.0,20941.0,1854.0,18493.0,0.857621
46,20360,1800,2840.0,21138.0,2677.0,18686.0,0.924134
46,20360,1800,2397.0,21393.0,2231.0,18942.0,0.926466
46,20360,1800,2544.0,21155.0,2379.0,18702.0,0.840709
46,20360,1800,2864.0,21443.0,2718.0,18987.0,0.872075
46,20360,1800,2284.0,20374.0,2128.0,17929.0,0.324355
46,20360,1800,2874.0,20553.0,2705.0,18101.0,0.493565
46,20360,1800,1901.0,21031.0,1726.0,18584.0,0.715115
46,20360,1800,2360.0,20976.0,2193.0,18523.0,0.847969
46,20360,1800,2413.0,20391.0,2245.0,17939.0,0.376006
46,20360,1800,2100.0,20639.0,1930.0,18187.0,0.817069
46,20360,1800,2281.0,20843.0,2112.0,18390.0,0.931788
46,20360,1800,2720.0,20830.0,2555.0,18378.0,0.41851
46,20360,1800,2445.0,21542.0,2279.0,19091.0,0.93128
46,20360,1800,2138.0,21049.0,1985.0,18603.0,0.548635
46,20360,1800,2227.0,20644.0,2058.0,18193.0,0.8924
46,20360,1800,2272.0,20600.0,2104.0,18150.0,0.784115
46,20360,1800,2670.0,20480.0,2506.0,18025.0,0.32936
46,20360,1800,2751.0,21066.0,2587.0,18615.0,0.906087
46,20360,1800,2673.0,21158.0,2509.0,18706.0,0.479032
46,20360,1800,2335.0,20748.0,2165.0,18298.0,0.635551
46,20360,1800,2699.0,20630.0,2539.0,18176.0,0.519922
46,20360,1800,2128.0,21315.0,1955.0,18869.0,0.95208
46,20360,1800,2989.0,20854.0,2823.0,18402.0,0.799007
46,20360,1800,2777.0,21468.0,2616.0,19015.0,0.599851
46,20360,1800,2325.0,21066.0,2157.0,18613.0,0.405008
46,20360,1800,2739.0,21483.0,2578.0,19030.0,0.946942
46,20360,1800,2542.0,21491.0,2388.0,19031.0,0.846129
46,20360,1800,2367.0,20530.0,2199.0,18080.0,0.856261
46,20360,1800,2441.0,20857.0,2274.0,18407.0,0.633017
46,20360,1800,1904.0,21011.0,1728.0,18562.0,0.694254
46,20360,1800,2598.0,21547.0,2435.0,19094.0,0.950906
46,20360,1800,2197.0,20969.0,2028.0,18518.0,0.909967
46,20360,1800,2906.0,20859.0,2758.0,18410.0,0.643596
46,20360,1800,2832.0,21155.0,2668.0,18704.0,0.92905
46,20360,1800,2770.0,21480.0,2614.0,19023.0,0.726538
46,20360,1800,2224.0,21488.0,2069.0,19030.0,0.324695
46,20360,1800,2333.0,21049.0,2167.0,18596.0,0.950436
46,20360,1800,2614.0,20489.0,2450.0,18036.0,0.669564
46,20360,1800,2716.0,20669.0,2553.0,18215.0,0.502802
46,20360,1800,2707.0,21021.0,2542.0,18569.0,0.601472
46,20360,1800,2294.0,20608.0,2124.0,18157.0,0.868643
46,20360,1800,2570.0,20380.0,2406.0,17927.0,0.38914
46,20360,1800,2762.0,21475.0,2600.0,19018.0,0.717399
46,20360,1800,2463.0,21147.0,2298.0,18693.0,0.856978
46,20360,1800,2846.0,21371.0,2681.0,18919.0,0.44271
46,20360,1800,1999.0,21551.0,1824.0,19109.0,0.810047
46,20360,1800,1919.0,20457.0,1754.0,18021.0,0.503036
46,20360,1800,2715.0,21268.0,2550.0,18816.0,0.381277
46,20360,1800,2728.0,20808.0,2562.0,18357.0,0.697805
46,20360,1800,2441.0,21236.0,2288.0,18782.0,0.864716
46,20360,1800,2752.0,21481.0,2590.0,19027.0,0.940849
46,20360,1800,2480.0,20629.0,2312.0,18178.0,0.324688
46,20360,1800,2810.0,21364.0,2645.0,18914.0,0.951473
46,20360,1800,2377.0,20778.0,2209.0,18325.0,0.904746
46,20360,1800,1924.0,20895.0,1749.0,18449.0,0.899566
46,20360,1800,2909.0,20921.0,2745.0,18470.0,0.907874
46,20360,1800,2451.0,21345.0,2284.0,18894.0,0.954511
46,20360,1800,2478.0,21359.0,2313.0,18908.0,0.946248
46,20360,1800,2518.0,21208.0,2352.0,18756.0,0.689425
46,20360,1800,2359.0,20957.0,2192.0,18505.0,0.942664
46,20360,1800,2692.0,21398.0,2528.0,18945.0,0.868303
46,20360,1800,2411.0,20371.0,2243.0,17919.0,0.316737
46,20360,1800,1949.0,20912.0,1774.0,18467.0,0.882093
46,20360,1800,1912.0,20447.0,1740.0,18005.0,0.496819
46,20360,1800,2050.0,21086.0,1876.0,18639.0,0.901719
46,20360,1800,2808.0,21426.0,2647.0,18973.0,0.943523
46,20360,1800,2585.0,20882.0,2418.0,18429.0,0.435972
46,20360,1800,2284.0,21281.0,2114.0,18832.0,0.936022
46,20360,1800,2417.0,21232.0,2251.0,18780.0,0.903129
46,20360,1800,2348.0,21350.0,2181.0,18900.0,0.951825
46,20360,1800,2461.0,20528.0,2292.0,18076.0,0.598767
46,20360,1800,2031.0,21254.0,1853.0,18810.0,0.616635
46,20360,1800,2699.0,21187.0,2533.0,18735.0,0.661115
46,20360,1800,2716.0,20455.0,2553.0,18001.0,0.36456
46,20360,1800,2902.0,21189.0,2737.0,18737.0,0.934666
46,20360,1800,2317.0,21469.0,2149.0,19021.0,0.952903
46,20360,1800,2403.0,20688.0,2234.0,18238.0,0.444007
46,20360,1800,2321.0,20444.0,2151.0,17993.0,0.465557
46,20360,1800,2898.0,20897.0,2733.0,18446.0,0.490905
46,20360,1800,2438.0,21220.0,2274.0,18768.0,0.946935
46,20360,1800,2371.0,21039.0,2204.0,18585.0,0.884485
46,20360,1800,2070.0,20820.0,1901.0,18371.0,0.764592
46,20360,1800,2955.0,21012.0,2793.0,18565.0,0.895279
46,20360,1800,2443.0,20953.0,2269.0,18512.0,0.524055
46,20360,1800,2368.0,20666.0,2199.0,18214.0,0.927202
46,20360,1800,2149.0,20917.0,1980.0,18465.0,0.427717
46,20360,1800,2249.0,21527.0,2079.0,19079.0,0.922565
46,20360,1800,2585.0,21019.0,2432.0,18566.0,0.552644
46,20360,1800,2321.0,21371.0,2153.0,18922.0,0.954028
46,20360,1800,2738.0,21355.0,2574.0,18903.0,0.849877
46,20360,1800,2417.0,21253.0,2251.0,18800.0,0.940482
46,20360,1800,2230.0,21192.0,2060.0,18742.0,0.945741
46,20360,1800,2334.0,21273.0,2165.0,18823.0,0.943471
46,20360,1800,2742.0,20626.0,2579.0,18168.0,0.322897
46,20360,1800,2078.0,20598.0,1908.0,18146.0,0.688904
46,20360,1800,2295.0,20596.0,2126.0,18146.0,0.726824
46,20360,1800,2441.0,21127.0,2275.0,18673.0,0.942442
46,20360,1800,1878.0,21020.0,1705.0,18578.0,0.352487
46,20360,1800,2631.0,21552.0,2486.0,19094.0,0.833529
46,20360,1800,2070.0,20763.0,1899.0,18311.0,0.667487
46,20360,1800,2762.0,21067.0,2597.0,18614.0,0.396029
46,20360,1800,2302.0,20529.0,2131.0,18079.0,0.872085
46,20360,1800,2342.0,20983.0,2176.0,18528.0,0.883699
46,20360,1800,2585.0,21330.0,2422.0,18878.0,0.418081
46,20360,1800,2975.0,21044.0,2813.0,18590.0,0.933338
46,20360,1800,2380.0,21396.0,2214.0,18944.0,0.474963
46,20360,1800,2403.0,20621.0,2234.0,18171.0,0.918469
46,20360,1800,2782.0,21248.0,2620.0,18799.0,0.787541
46,20360,1800,2183.0,21248.0,2010.0,18800.0,0.949112
46,20360,1800,2373.0,20857.0,2206.0,18404.0,0.85482
46,20360,1800,2080.0,20469.0,1909.0,18021.0,0.873652
46,20360,1800,2116.0,21314.0,1942.0,18868.0,0.927063
46,20360,1800,2127.0,20512.0,1956.0,18060.0,0.404566
46,20360,1800,2831.0,21206.0,2668.0,18753.0,0.894486
46,20360,1800,2492.0,21245.0,2326.0,18793.0,0.932961
46,20360,1800,1939.0,21096.0,1764.0,18652.0,0.352471
46,20360,1800,2354.0,21532.0,2197.0,19095.0,0.63834
46,20360,1800,2934.0,20979.0,2768.0,18528.0,0.632422
46,20360,1800,2978.0,21138.0,2816.0,18689.0,0.896822
46,20360,1800,1941.0,20500.0,1764.0,18055.0,0.403634
46,20360,1800,2944.0,20989.0,2780.0,18538.0,0.747274
46,20360,1800,2366.0,21015.0,2198.0,18561.0,0.94616
46,20360,1800,2116.0,20781.0,1946.0,18331.0,0.814427
46,20360,1800,1968.0,20484.0,1793.0,18036.0,0.318285
46,20360,1800,2476.0,21426.0,2310.0,18974.0,0.875261
46,20360,1800,2569.0,21368.0,2406.0,18915.0,0.955372
46,20360,1800,2130.0,21389.0,1955.0,18945.0,0.803207
46,20360,1800,1888.0,20435.0,1713.0,17990.0,0.563871
46,20360,1800,1886.0,20439.0,1710.0,17994.0,0.435686
46,20360,1800,2166.0,20830.0,1996.0,18378.0,0.901199
46,20360,1800,2841.0,21186.0,2691.0,18739.0,0.795642
46,20360,1800,2829.0,21144.0,2664.0,18690.0,0.912259
46,20360,1800,2593.0,21022.0,2436.0,18564.0,0.326974
46,20360,1800,2329.0,20559.0,2160.0,18108.0,0.761034
46,20360,1800,2687.0,21045.0,2526.0,18594.0,0.681193
46,20360,1800,2244.0,21193.0,2073.0,18745.0,0.954392
46,20360,1800,1942.0,20517.0,1767.0,18070.0,0.727198
46,20360,1800,2200.0,21468.0,2028.0,19021.0,0.951513
46,20360,1800,1953.0,20426.0,1778.0,17979.0,0.3311
46,20360,1800,2189.0,21290.0,2017.0,18842.0,0.951789
46,20360,1800,2270.0,20533.0,2099.0,18083.0,0.646277
46,20360,1800,2757.0,21299.0,2592.0,18845.0,0.33008
46,20360,1800,2444.0,21258.0,2280.0,18804.0,0.609895
46,20360,1800,2042.0,21555.0,1866.0,19112.0,0.948372
46,20360,1800,2482.0,21399.0,2314.0,18949.0,0.873576
46,20360,1800,2130.0,20477.0,1957.0,18024.0,0.69746
46,20360,1800,2583.0,20951.0,2420.0,18499.0,0.39782
46,20360,1800,2375.0,20824.0,2207.0,18372.0,0.778446
46,20360,1800,2004.0,21499.0,1825.0,19064.0,0.746927
46,20360,1800,2304.0,20909.0,2136.0,18459.0,0.815646
46,20360,1800,2352.0,20979.0,2185.0,18527.0,0.922239
46,20360,1800,2554.0,21085.0,2390.0,18631.0,0.953319
46,20360,1800,2343.0,20834.0,2184.0,18380.0,0.92331
46,20360,1800,2194.0,20935.0,2025.0,18484.0,0.908199
46,20360,1800,2382.0,21299.0,2216.0,18847.0,0.954292
46,20360,1800,2773.0,20922.0,2610.0,18472.0,0.803213
46,20360,1800,2365.0,21289.0,2203.0,18827.0,0.946484
46,20360,1800,2687.0,21026.0,2522.0,18574.0,0.87471
46,20360,1800,2151.0,21167.0,1997.0,18717.0,0.949922
46,20360,1800,1927.0,20523.0,1751.0,18077.0,0.769533
46,20360,1800,2049.0,21060.0,1875.0,18612.0,0.905328
46,20360,1800,2907.0,21262.0,2743.0,18812.0,0.938184
46,20360,1800,2851.0,21189.0,2701.0,18741.0,0.632424
46,20360,1800,2627.0,20848.0,2470.0,18393.0,0.4036
46,20360,1800,2635.0,21038.0,2471.0,18586.0,0.916293
46,20360,1800,2987.0,20930.0,2822.0,18481.0,0.7739
46,20360,1800,2287.0,21466.0,2119.0,19017.0,0.951119
46,20360,1800,2021.0,21041.0,1848.0,18590.0,0.790925
46,20360,1800,2681.0,21391.0,2525.0,18937.0,0.717974
46,20360,1800,2391.0,21273.0,2224.0,18821.0,0.563465
46,20360,1800,2066.0,21081.0,1894.0,18633.0,0.733912
46,20360,1800,2215.0,21344.0,2044.0,18897.0,0.92739
46,20360,1800,2233.0,21317.0,2063.0,18868.0,0.94539
46,20360,1800,2369.0,20734.0,2197.0,18283.0,0.809924
46,20360,1800,2673.0,20999.0,2508.0,18545.0,0.892167
46,20360,1800,1911.0,20683.0,1733.0,18238.0,0.329625
46,20360,1800,2287.0,20466.0,2116.0,18017.0,0.738323
46,20360,1800,1929.0,21294.0,1748.0,18859.0,0.533846
46,20360,1800,2991.0,21147.0,2829.0,18697.0,0.876271
46,20360,1800,2467.0,20967.0,2301.0,18515.0,0.443533
46,20360,1800,2666.0,21418.0,2503.0,18965.0,0.927615
46,20360,1800,1927.0,20454.0,1754.0,18009.0,0.772897
46,20360,1800,2526.0,21297.0,2361.0,18845.0,0.897265
46,20360,1800,2308.0,21264.0,2138.0,18813.0,0.949821
46,20360,1800,2596.0,20755.0,2430.0,18296.0,0.437354
46,20360,1800,2053.0,21249.0,1876.0,18806.0,0.764178
46,20360,1800,2080.0,20819.0,1919.0,18369.0,0.418258
46,20360,1800,2425.0,21421.0,2257.0,18971.0,0.398361
46,20360,1800,1890.0,20456.0,1716.0,18009.0,0.411225
46,20360,1800,2413.0,21148.0,2246.0,18696.0,0.697244
46,20360,1800,2477.0,20899.0,2313.0,18446.0,0.88639
46,20360,1800,2062.0,20992.0,1890.0,18543.0,0.854735
46,20360,1800,2068.0,20467.0,1897.0,18016.0,0.571123
46,20360,1800,2328.0,21550.0,2160.0,19100.0,0.949994
46,20360,1800,2952.0,20915.0,2786.0,18464.0,0.868685
46,20360,1800,2443.0,21078.0,2278.0,18625.0,0.950354
46,20360,1800,2814.0,20785.0,2650.0,18335.0,0.848356
46,20360,1800,2636.0,21029.0,2472.0,18573.0,0.878746
46,20360,1800,2230.0,21523.0,2060.0,19073.0,0.795724
46,20360,1800,2071.0,20463.0,1901.0,18013.0,0.56328
46,20360,1800,2261.0,20888.0,2090.0,18437.0,0.820638
46,20360,1800,2463.0,21212.0,2296.0,18759.0,0.94278
46,20360,1800,2429.0,21505.0,2269.0,19043.0,0.722912
46,20360,1800,2087.0,20384.0,1914.0,17934.0,0.682914
46,20360,1800,2242.0,20902.0,2073.0,18451.0,0.910575
46,20360,1800,2511.0,20762.0,2346.0,18309.0,0.506879
46,20360,1800,2312.0,20980.0,2150.0,18532.0,0.636877
46,20360,1800,2493.0,21321.0,2330.0,18870.0,0.478335
46,20360,1800,2417.0,21370.0,2250.0,18920.0,0.9492
46,20360,1800,2936.0,21192.0,2772.0,18742.0,0.851023
46,20360,1800,2618.0,20594.0,2453.0,18141.0,0.503195
46,20360,1800,2403.0,21319.0,2239.0,18870.0,0.953911
46,20360,1800,2528.0,21197.0,2363.0,18743.0,0.491321
46,20360,1800,2237.0,20767.0,2068.0,18315.0,0.924191
46,20360,1800,1988.0,21231.0,1811.0,18791.0,0.795145
46,20360,1800,2227.0,20823.0,2059.0,18370.0,0.813649
46,20360,1800,2550.0,20372.0,2384.0,17918.0,0.469883
46,20360,1800,2382.0,21400.0,2223.0,18943.0,0.557646
46,20360,1800,2005.0,21291.0,1826.0,18848.0,0.358456
46,20360,1800,2215.0,21340.0,2044.0,18893.0,0.818405
46,20360,1800,1990.0,21486.0,1820.0,19044.0,0.390213
46,20360,1800,2373.0,20585.0,2204.0,18134.0,0.420927
46,20360,1800,2733.0,21264.0,2584.0,18805.0,0.775938
46,20360,1800,2300.0,20661.0,2132.0,18208.0,0.928705
46,20360,1800,2556.0,21173.0,2391.0,18721.0,0.890216
46,20360,1800,2508.0,21347.0,2344.0,18895.0,0.873608
46,20360,1800,2487.0,21096.0,2323.0,18643.0,0.945536
46,20360,1800,2080.0,20814.0,1911.0,18361.0,0.912689
46,20360,1800,2725.0,21208.0,2559.0,18756.0,0.51035
46,20360,1800,2931.0,20923.0,2766.0,18473.0,0.827566
46,20360,1800,2278.0,21497.0,2108.0,19047.0,0.932844
46,20360,1800,2990.0,20902.0,2822.0,18446.0,0.351934
46,20360,1800,2644.0,21151.0,2481.0,18690.0,0.379916
46,20360,1800,2918.0,20867.0,2764.0,18421.0,0.315694
46,20360,1800,2633.0,21344.0,2468.0,18892.0,0.945215
46,20360,1800,2149.0,21486.0,1977.0,19041.0,0.944051
46,20360,1800,2245.0,20504.0,2079.0,18055.0,0.473093
46,20360,1800,2746.0,21241.0,2582.0,18789.0,0.857876
46,20360,1800,2260.0,21204.0,2092.0,18755.0,0.955208
46,20360,1800,2349.0,20708.0,2180.0,18256.0,0.476721
46,20360,1800,2598.0,20745.0,2430.0,18292.0,0.744185
46,20360,1800,2214.0,21301.0,2041.0,18854.0,0.808455
46,20360,1800,2560.0,20379.0,2389.0,17930.0,0.320934
46,20360,1800,2576.0,21389.0,2411.0,18935.0,0.954482
46,20360,1800,2160.0,20962.0,1990.0,18512.0,0.547981
46,20360,1800,2488.0,21439.0,2323.0,18987.0,0.950965
47,20360,3000,3813.0,20707.0,3669.0,18245.0,0.32908
47,20360,3000,3256.0,21480.0,3109.0,19027.0,0.32348
47,20360,3000,3915.0,20998.0,3773.0,18534.0,0.539837
47,20360,3000,3652.0,20749.0,3503.0,18289.0,0.620861
47,20360,3000,3864.0,20807.0,3721.0,18344.0,0.327682
47,20360,3000,4144.0,20824.0,4015.0,18351.0,0.396581
47,20360,3000,4165.0,20633.0,4019.0,18149.0,0.459652
47,20360,3000,4074.0,21445.0,3940.0,18972.0,0.399653
49,21560,1800,2270.0,21594.0,2101.0,19145.0,0.915987
49,21560,1800,2134.0,21985.0,1963.0,19538.0,0.646981
49,21560,1800,2805.0,21927.0,2650.0,19467.0,0.3696
49,21560,1800,2618.0,22149.0,2460.0,19692.0,0.897143
49,21560,1800,2673.0,22194.0,2516.0,19738.0,0.926897
49,21560,1800,2691.0,21584.0,2530.0,19130.0,0.900364
49,21560,1800,2075.0,21877.0,1903.0,19429.0,0.892562
49,21560,1800,2852.0,22353.0,2704.0,19888.0,0.520658
49,21560,1800,2853.0,22377.0,2704.0,19912.0,0.933248
49,21560,1800,2128.0,22113.0,1955.0,19667.0,0.748887
49,21560,1800,2191.0,22288.0,2032.0,19834.0,0.315756
49,21560,1800,2410.0,21717.0,2244.0,19266.0,0.780355
49,21560,1800,2773.0,22757.0,2628.0,20286.0,0.538387
49,21560,1800,2866.0,22526.0,2718.0,20059.0,0.901418
49,21560,1800,2795.0,22628.0,2649.0,20159.0,0.930884
49,21560,1800,2887.0,22147.0,2736.0,19684.0,0.946147
49,21560,1800,2211.0,22217.0,2041.0,19770.0,0.801507
49,21560,1800,2834.0,22042.0,2680.0,19581.0,0.909809
49,21560,1800,2659.0,22179.0,2502.0,19721.0,0.927766
49,21560,1800,1978.0,21717.0,1805.0,19273.0,0.398813
49,21560,1800,2380.0,21915.0,2213.0,19465.0,0.621509
49,21560,1800,2838.0,21684.0,2683.0,19224.0,0.417755
49,21560,1800,2014.0,21656.0,1840.0,19213.0,0.622592
49,21560,1800,2866.0,22150.0,2714.0,19688.0,0.920819
49,21560,1800,2548.0,21888.0,2388.0,19431.0,0.852037
49,21560,1800,2426.0,22694.0,2271.0,20231.0,0.727963
49,21560,1800,2264.0,22069.0,2096.0,19621.0,0.813303
49,21560,1800,2738.0,22528.0,2588.0,20061.0,0.877621
49,21560,1800,2402.0,22399.0,2239.0,19946.0,0.67914
49,21560,1800,2848.0,22538.0,2701.0,20071.0,0.867006
49,21560,1800,2995.0,22335.0,2851.0,19866.0,0.894592
49,21560,1800,2849.0,22176.0,2696.0,19713.0,0.949819
49,21560,1800,2661.0,22632.0,2512.0,20165.0,0.70714
49,21560,1800,2405.0,21601.0,2238.0,19151.0,0.666165
49,21560,1800,2464.0,22176.0,2299.0,19723.0,0.660142
49,21560,1800,2748.0,21717.0,2590.0,19261.0,0.942412
49,21560,1800,1922.0,22172.0,1748.0,19726.0,0.578167
49,21560,1800,2192.0,21816.0,2023.0,19368.0,0.740974
49,21560,1800,2674.0,22477.0,2522.0,20011.0,0.927125
49,21560,1800,2540.0,21777.0,2378.0,19324.0,0.490662
49,21560,1800,2763.0,22531.0,2615.0,20064.0,0.887583
49,21560,1800,2467.0,22616.0,2311.0,20155.0,0.371686
49,21560,1800,2141.0,22060.0,1970.0,19615.0,0.843821
49,21560,1800,2414.0,21993.0,2248.0,19540.0,0.78273
49,21560,1800,1936.0,22141.0,1762.0,19696.0,0.313595
49,21560,1800,2448.0,22269.0,2304.0,19809.0,0.618396
49,21560,1800,2979.0,21806.0,2829.0,19344.0,0.894938
49,21560,1800,2062.0,21832.0,1890.0,19384.0,0.840037
49,21560,1800,2171.0,22290.0,2013.0,19842.0,0.840242
49,21560,1800,2328.0,22017.0,2161.0,19568.0,0.832718
49,21560,1800,2667.0,22488.0,2515.0,20022.0,0.941216
49,21560,1800,2199.0,21871.0,2029.0,19423.0,0.38286
49,21560,1800,2601.0,22550.0,2443.0,20086.0,0.408847
49,21560,1800,2614.0,22525.0,2464.0,20062.0,0.498144
49,21560,1800,2784.0,22646.0,2637.0,20176.0,0.805175
49,21560,1800,2417.0,21612.0,2252.0,19159.0,0.789424
49,21560,1800,2656.0,21638.0,2492.0,19184.0,0.418492
49,21560,1800,2050.0,21711.0,1878.0,19265.0,0.696718
49,21560,1800,2245.0,22160.0,2075.0,19712.0,0.778392
49,21560,1800,2798.0,22669.0,2654.0,20199.0,0.508853
49,21560,1800,2673.0,21625.0,2514.0,19170.0,0.683288
49,21560,1800,2248.0,21976.0,2079.0,19528.0,0.520682
49,21560,1800,2565.0,21925.0,2419.0,19473.0,0.81617
49,21560,1800,2556.0,21958.0,2396.0,19501.0,0.368218
49,21560,1800,2238.0,21874.0,2068.0,19426.0,0.462182
49,21560,1800,2558.0,22553.0,2403.0,20090.0,0.817948
49,21560,1800,2409.0,21896.0,2244.0,19445.0,0.897888
49,21560,1800,2631.0,22093.0,2472.0,19636.0,0.906738
49,21560,1800,1939.0,21671.0,1764.0,19229.0,0.758858
49,21560,1800,2609.0,22537.0,2457.0,20075.0,0.625355
49,21560,1800,2793.0,21760.0,2637.0,19302.0,0.379598
49,21560,1800,2180.0,22472.0,2012.0,20024.0,0.837499
49,21560,1800,2308.0,22219.0,2140.0,19770.0,0.614044
49,21560,1800,2163.0,22040.0,1990.0,19592.0,0.358824
49,21560,1800,2660.0,22083.0,2502.0,19625.0,0.947889
49,21560,1800,2754.0,22749.0,2612.0,20284.0,0.378344
49,21560,1800,2574.0,22178.0,2413.0,19722.0,0.758565
49,21560,1800,2302.0,22365.0,2136.0,19914.0,0.841232
49,21560,1800,2592.0,22660.0,2458.0,20204.0,0.498316
49,21560,1800,2812.0,21894.0,2656.0,19432.0,0.895053
49,21560,1800,2373.0,22139.0,2206.0,19688.0,0.549271
49,21560,1800,2996.0,22012.0,2847.0,19547.0,0.83474
49,21560,1800,2655.0,22476.0,2502.0,20014.0,0.884006
49,21560,1800,2740.0,21621.0,2580.0,19165.0,0.363493
49,21560,1800,2247.0,21801.0,2077.0,19352.0,0.785971
49,21560,1800,2688.0,21625.0,2527.0,19171.0,0.55671
49,21560,1800,2688.0,21939.0,2530.0,19481.0,0.752593
49,21560,1800,2750.0,21708.0,2593.0,19249.0,0.758351
49,21560,1800,2210.0,21588.0,2040.0,19140.0,0.480845
49,21560,1800,2883.0,21835.0,2730.0,19373.0,0.9308
49,21560,1800,1930.0,21727.0,1757.0,19284.0,0.487494
49,21560,1800,2789.0,22448.0,2645.0,19981.0,0.517217
49,21560,1800,2863.0,21806.0,2709.0,19345.0,0.921079
49,21560,1800,2243.0,21775.0,2075.0,19326.0,0.784495
49,21560,1800,2554.0,22071.0,2393.0,19615.0,0.869781
49,21560,1800,2383.0,22061.0,2220.0,19612.0,0.701578
49,21560,1800,2463.0,22549.0,2321.0,20095.0,0.380897
49,21560,1800,2939.0,22369.0,2793.0,19902.0,0.674559
49,21560,1800,2532.0,21890.0,2371.0,19436.0,0.564719
49,21560,1800,2753.0,21815.0,2596.0,19359.0,0.82496
49,21560,1800,2834.0,21815.0,2681.0,19355.0,0.939739
49,21560,1800,2637.0,21664.0,2476.0,19208.0,0.691792
49,21560,1800,2350.0,21822.0,2181.0,19373.0,0.653812
49,21560,1800,2114.0,22098.0,1949.0,19658.0,0.428574
49,21560,1800,2343.0,21940.0,2176.0,19490.0,0.609618
49,21560,1800,2176.0,22300.0,2023.0,19855.0,0.561693
49,21560,1800,2254.0,22172.0,2084.0,19724.0,0.928412
49,21560,1800,2926.0,21928.0,2773.0,19466.0,0.705224
49,21560,1800,2817.0,22292.0,2667.0,19829.0,0.932944
49,21560,1800,1915.0,21973.0,1740.0,19529.0,0.45855
49,21560,1800,1929.0,22128.0,1756.0,19682.0,0.605452
49,21560,1800,2750.0,21790.0,2593.0,19331.0,0.91208
49,21560,1800,2341.0,22707.0,2190.0,20252.0,0.455939
49,21560,1800,2655.0,21726.0,2494.0,19271.0,0.610731
49,21560,1800,2603.0,21864.0,2439.0,19409.0,0.871301
49,21560,1800,2688.0,22420.0,2535.0,19958.0,0.57719
49,21560,1800,2721.0,22205.0,2566.0,19746.0,0.918508
49,21560,1800,2608.0,21626.0,2446.0,19174.0,0.768368
49,21560,1800,2196.0,22297.0,2033.0,19846.0,0.33525
49,21560,1800,2841.0,22673.0,2698.0,20204.0,0.61153
49,21560,1800,2983.0,22280.0,2836.0,19814.0,0.944991
49,21560,1800,2331.0,22117.0,2163.0,19667.0,0.41409
49,21560,1800,2569.0,22544.0,2416.0,20079.0,0.711946
49,21560,1800,2270.0,21924.0,2101.0,19475.0,0.52731
49,21560,1800,2760.0,22477.0,2609.0,20011.0,0.710438
49,21560,1800,2733.0,22175.0,2577.0,19715.0,0.846194
49,21560,1800,2533.0,22103.0,2372.0,19648.0,0.377972
49,21560,1800,2559.0,21900.0,2397.0,19446.0,0.31429
49,21560,1800,2694.0,21644.0,2536.0,19186.0,0.625662
49,21560,1800,2857.0,22166.0,2705.0,19704.0,0.949754
49,21560,1800,2825.0,21878.0,2671.0,19417.0,0.804104
49,21560,1800,2785.0,21725.0,2629.0,19266.0,0.422122
49,21560,1800,2951.0,22263.0,2803.0,19797.0,0.903249
49,21560,1800,2428.0,22573.0,2268.0,20115.0,0.483126
49,21560,1800,2231.0,22087.0,2061.0,19635.0,0.654228
49,21560,1800,1955.0,22339.0,1782.0,19894.0,0.438028
49,21560,1800,2752.0,22544.0,2604.0,20077.0,0.733042
49,21560,1800,2951.0,22133.0,2802.0,19668.0,0.457473
49,21560,1800,2703.0,22597.0,2553.0,20132.0,0.933246
49,21560,1800,2410.0,21885.0,2241.0,19438.0,0.515359
49,21560,1800,2272.0,21688.0,2102.0,19239.0,0.723672
49,21560,1800,2859.0,22582.0,2712.0,20113.0,0.768513
49,21560,1800,2708.0,22559.0,2567.0,20093.0,0.301104
49,21560,1800,2847.0,22025.0,2694.0,19564.0,0.649979
49,21560,1800,2630.0,22575.0,2478.0,20111.0,0.944912
49,21560,1800,2834.0,22129.0,2680.0,19667.0,0.758551
49,21560,1800,2219.0,22031.0,2049.0,19583.0,0.606398
49,21560,1800,2802.0,22150.0,2648.0,19689.0,0.818164
49,21560,1800,2809.0,22368.0,2659.0,19902.0,0.639691
49,21560,1800,2613.0,21991.0,2450.0,19536.0,0.492303
49,21560,1800,2488.0,22012.0,2348.0,19556.0,0.50439
49,21560,1800,2139.0,21711.0,1969.0,19264.0,0.37113
49,21560,1800,2739.0,21908.0,2582.0,19450.0,0.943914
49,21560,1800,2788.0,22432.0,2638.0,19966.0,0.947027
49,21560,1800,2782.0,21869.0,2626.0,19409.0,0.826682
49,21560,1800,2922.0,22218.0,2772.0,19752.0,0.943418
49,21560,1800,2148.0,21827.0,1978.0,19376.0,0.356644
49,21560,1800,2599.0,22538.0,2446.0,20072.0,0.698424
49,21560,1800,2342.0,22033.0,2173.0,19584.0,0.941449
49,21560,1800,2928.0,22024.0,2777.0,19561.0,0.939135
49,21560,1800,2592.0,22481.0,2437.0,20018.0,0.41736
49,21560,1800,2580.0,22224.0,2434.0,19764.0,0.359398
49,21560,1800,2267.0,22551.0,2102.0,20098.0,0.397981
49,21560,1800,2236.0,22063.0,2065.0,19616.0,0.345014
49,21560,1800,2841.0,22120.0,2689.0,19659.0,0.841524
49,21560,1800,2073.0,21829.0,1902.0,19381.0,0.813372
49,21560,1800,2524.0,22246.0,2362.0,19790.0,0.638212
49,21560,1800,2810.0,22029.0,2652.0,19569.0,0.890926
49,21560,1800,2698.0,22497.0,2548.0,20032.0,0.947758
49,21560,1800,2979.0,22428.0,2834.0,19959.0,0.904344
49,21560,1800,2511.0,21616.0,2348.0,19162.0,0.695045
49,21560,1800,2862.0,22144.0,2710.0,19683.0,0.659406
49,21560,1800,2449.0,21626.0,2283.0,19176.0,0.68091
49,21560,1800,1976.0,22046.0,1803.0,19600.0,0.819456
49,21560,1800,2899.0,22136.0,2754.0,19664.0,0.53167
49,21560,1800,2754.0,22518.0,2604.0,20052.0,0.730199
49,21560,1800,2533.0,22242.0,2372.0,19787.0,0.414203
49,21560,1800,2604.0,22518.0,2452.0,20054.0,0.734055
49,21560,1800,2659.0,22112.0,2498.0,19655.0,0.881521
49,21560,1800,2763.0,22733.0,2610.0,20269.0,0.453865
49,21560,1800,2416.0,22692.0,2260.0,20234.0,0.302494
49,21560,1800,2404.0,21831.0,2237.0,19381.0,0.868166
49,21560,1800,2749.0,21712.0,2584.0,19255.0,0.612637
49,21560,1800,2232.0,21776.0,2064.0,19329.0,0.834843
49,21560,1800,2688.0,21610.0,2526.0,19153.0,0.44719
49,21560,1800,2542.0,21821.0,2377.0,19369.0,0.817858
49,21560,1800,2945.0,22624.0,2796.0,20154.0,0.668253
49,21560,1800,2676.0,21663.0,2518.0,19207.0,0.367877
49,21560,1800,1936.0,22137.0,1763.0,19689.0,0.346932
49,21560,1800,2367.0,22509.0,2204.0,20052.0,0.684914
49,21560,1800,2957.0,22497.0,2811.0,20029.0,0.940862
49,21560,1800,2996.0,22498.0,2851.0,20027.0,0.918886
49,21560,1800,2948.0,22604.0,2805.0,20134.0,0.904294
49,21560,1800,2740.0,22502.0,2589.0,20037.0,0.937623
49,21560,1800,2708.0,21865.0,2561.0,19402.0,0.347838
49,21560,1800,2463.0,22006.0,2299.0,19553.0,0.696691
49,21560,1800,2133.0,21713.0,1965.0,19266.0,0.495596
49,21560,1800,2196.0,22603.0,2031.0,20150.0,0.337633
49,21560,1800,2384.0,22057.0,2219.0,19605.0,0.542447
49,21560,1800,2560.0,22697.0,2408.0,20232.0,0.862033
49,21560,1800,2178.0,22619.0,2011.0,20168.0,0.47865
49,21560,1800,2932.0,22335.0,2786.0,19872.0,0.884226
49,21560,1800,2667.0,22045.0,2510.0,19587.0,0.638279
49,21560,1800,2151.0,22186.0,1981.0,19738.0,0.688466
49,21560,1800,2924.0,22318.0,2776.0,19851.0,0.891671
49,21560,1800,2662.0,22469.0,2510.0,20004.0,0.776473
49,21560,1800,2158.0,21837.0,1988.0,19386.0,0.712678
49,21560,1800,1918.0,22192.0,1744.0,19746.0,0.427312
49,21560,1800,2975.0,22674.0,2833.0,20202.0,0.85128
49,21560,1800,2391.0,21869.0,2222.0,19420.0,0.87055
49,21560,1800,2330.0,21820.0,2165.0,19370.0,0.581372
49,21560,1800,2719.0,22212.0,2565.0,19750.0,0.902423
49,21560,1800,1921.0,22134.0,1747.0,19693.0,0.349384
49,21560,1800,2666.0,21919.0,2506.0,19462.0,0.596785
49,21560,1800,2458.0,21829.0,2298.0,19381.0,0.423718
49,21560,1800,2574.0,22534.0,2420.0,20069.0,0.913718
49,21560,1800,2359.0,22703.0,2207.0,20235.0,0.333815
49,21560,1800,2102.0,22091.0,1929.0,19643.0,0.614002
49,21560,1800,2660.0,21618.0,2500.0,19164.0,0.576504
49,21560,1800,2275.0,21570.0,2109.0,19121.0,0.484153
49,21560,1800,2983.0,22128.0,2836.0,19662.0,0.860006
49,21560,1800,2974.0,22311.0,2827.0,19845.0,0.864854
49,21560,1800,2683.0,21809.0,2525.0,19352.0,0.594058
49,21560,1800,1985.0,22358.0,1813.0,19912.0,0.38207
49,21560,1800,2703.0,22220.0,2547.0,19760.0,0.886095
49,21560,1800,2538.0,21886.0,2376.0,19433.0,0.595954
49,21560,1800,2782.0,21606.0,2627.0,19153.0,0.355839
49,21560,1800,2388.0,21629.0,2236.0,19183.0,0.615314
49,21560,1800,2826.0,22154.0,2672.0,19693.0,0.952717
49,21560,1800,2539.0,21878.0,2378.0,19424.0,0.908586
49,21560,1800,2952.0,22736.0,2812.0,20262.0,0.677465
49,21560,1800,2214.0,21811.0,2044.0,19362.0,0.721674
49,21560,1800,2333.0,21767.0,2165.0,19318.0,0.775332
49,21560,1800,2516.0,22406.0,2358.0,19949.0,0.796794
49,21560,1800,1986.0,21909.0,1815.0,19462.0,0.463812
49,21560,1800,2955.0,22318.0,2808.0,19851.0,0.946073
49,21560,1800,2583.0,21618.0,2420.0,19166.0,0.585648
49,21560,1800,2183.0,22271.0,2020.0,19822.0,0.653795
50,21560,3000,3387.0,22342.0,3251.0,19870.0,0.381082
50,21560,3000,4096.0,22414.0,3983.0,19924.0,0.944629
50,21560,3000,3046.0,22145.0,2901.0,19678.0,0.516105
50,21560,3000,3909.0,22238.0,3785.0,19756.0,0.942624
50,21560,3000,3374.0,22171.0,3234.0,19701.0,0.542133
50,21560,3000,3802.0,22427.0,3682.0,19942.0,0.551558
50,21560,3000,4062.0,22604.0,3952.0,20113.0,0.902248
50,21560,3000,4029.0,22664.0,3916.0,20173.0,0.920812
50,21560,3000,3326.0,22402.0,3189.0,19928.0,0.812811
50,21560,3000,3458.0,22087.0,3312.0,19618.0,0.588972
50,21560,3000,3623.0,22743.0,3500.0,20256.0,0.929824
50,21560,3000,4158.0,22270.0,4044.0,19782.0,0.869698
50,21560,3000,3956.0,22362.0,3836.0,19877.0,0.920969
50,21560,3000,4080.0,22427.0,3968.0,19938.0,0.892852
50,21560,3000,4100.0,22653.0,3991.0,20161.0,0.771803
50,21560,3000,3968.0,22561.0,3852.0,20070.0,0.885179
50,21560,3000,4064.0,22739.0,3954.0,20247.0,0.837257
50,21560,3000,3819.0,22435.0,3695.0,19952.0,0.553348
50,21560,3000,3893.0,21904.0,3762.0,19430.0,0.745692
50,21560,3000,3666.0,21913.0,3525.0,19448.0,0.784034
50,21560,3000,3262.0,22563.0,3127.0,20087.0,0.600198
50,21560,3000,4094.0,22450.0,3981.0,19960.0,0.94563
50,21560,3000,3968.0,22741.0,3856.0,20250.0,0.944728
50,21560,3000,3321.0,21874.0,3174.0,19411.0,0.592892
50,21560,3000,3330.0,22389.0,3194.0,19916.0,0.406343
50,21560,3000,3295.0,22426.0,3157.0,19951.0,0.874664
50,21560,3000,4129.0,22758.0,4021.0,20264.0,0.940794
50,21560,3000,3460.0,22139.0,3320.0,19672.0,0.888361
50,21560,3000,3153.0,22188.0,3011.0,19718.0,0.343717
50,21560,3000,3453.0,22230.0,3314.0,19759.0,0.602623
50,21560,3000,3111.0,22473.0,2970.0,20000.0,0.839615
50,21560,3000,3829.0,22353.0,3707.0,19871.0,0.938634
50,21560,3000,3415.0,22211.0,3274.0,19741.0,0.894958
50,21560,3000,3683.0,22606.0,3561.0,20121.0,0.850712
50,21560,3000,3950.0,22568.0,3837.0,20080.0,0.928019
50,21560,3000,3901.0,22515.0,3783.0,20028.0,0.94959
50,21560,3000,3722.0,22449.0,3600.0,19965.0,0.912912
50,21560,3000,3344.0,22395.0,3208.0,19921.0,0.861934
50,21560,3000,3199.0,22113.0,3056.0,19642.0,0.755327
50,21560,3000,4013.0,22612.0,3900.0,20122.0,0.936158
50,21560,3000,3249.0,22465.0,3111.0,19990.0,0.760897
50,21560,3000,3621.0,22317.0,3490.0,19839.0,0.621604
50,21560,3000,3248.0,22493.0,3111.0,20018.0,0.902407
50,21560,3000,3146.0,22427.0,3006.0,19955.0,0.805805
50,21560,3000,3848.0,22471.0,3729.0,19985.0,0.91646
50,21560,3000,3805.0,22449.0,3682.0,19961.0,0.920669
50,21560,3000,3439.0,22706.0,3312.0,20223.0,0.929662
50,21560,3000,3647.0,22049.0,3511.0,19580.0,0.439879
50,21560,3000,3389.0,22182.0,3249.0,19711.0,0.799939
50,21560,3000,3791.0,22645.0,3673.0,20156.0,0.940508
50,21560,3000,3378.0,22159.0,3241.0,19691.0,0.371431
50,21560,3000,3247.0,22664.0,3113.0,20186.0,0.836438
50,21560,3000,3266.0,22541.0,3131.0,20065.0,0.91945
50,21560,3000,4118.0,22647.0,4008.0,20154.0,0.94064
50,21560,3000,4028.0,22062.0,3905.0,19583.0,0.398157
50,21560,3000,3729.0,22519.0,3608.0,20033.0,0.933932
50,21560,3000,4187.0,22701.0,4083.0,20208.0,0.819258
50,21560,3000,3665.0,22237.0,3531.0,19762.0,0.930498
50,21560,3000,4033.0,22632.0,3919.0,20142.0,0.939859
50,21560,3000,3710.0,22404.0,3585.0,19922.0,0.890174
50,21560,3000,4182.0,22754.0,4075.0,20260.0,0.881661
50,21560,3000,3232.0,22750.0,3094.0,20277.0,0.396328
50,21560,3000,3936.0,22695.0,3825.0,20207.0,0.932935
50,21560,3000,3556.0,22214.0,3422.0,19741.0,0.681519
50,21560,3000,3778.0,22703.0,3661.0,20214.0,0.942939
50,21560,3000,3540.0,22226.0,3414.0,19753.0,0.834132
50,21560,3000,3382.0,22690.0,3253.0,20208.0,0.52588
50,21560,3000,3956.0,21813.0,3826.0,19342.0,0.541798
50,21560,3000,3581.0,22011.0,3442.0,19548.0,0.390606
50,21560,3000,3261.0,22124.0,3119.0,19655.0,0.799201
50,21560,3000,3417.0,22105.0,3272.0,19637.0,0.875077
50,21560,3000,3931.0,21654.0,3798.0,19185.0,0.56878
50,21560,3000,3916.0,22271.0,3793.0,19788.0,0.901229
50,21560,3000,3683.0,22201.0,3550.0,19728.0,0.659433
50,21560,3000,3685.0,22484.0,3559.0,19999.0,0.949314
50,21560,3000,3590.0,22711.0,3469.0,20223.0,0.850077
50,21560,3000,3428.0,22272.0,3290.0,19801.0,0.67882
50,21560,3000,3525.0,22508.0,3395.0,20029.0,0.816707
50,21560,3000,3291.0,22626.0,3157.0,20149.0,0.731821
50,21560,3000,3893.0,22359.0,3771.0,19875.0,0.92942
50,21560,3000,4198.0,21863.0,4080.0,19381.0,0.310949
50,21560,3000,3827.0,22448.0,3707.0,19963.0,0.943955
50,21560,3000,3164.0,22721.0,3028.0,20245.0,0.92709
50,21560,3000,3682.0,22726.0,3565.0,20238.0,0.940023
50,21560,3000,4189.0,22255.0,4075.0,19768.0,0.93612
50,21560,3000,3370.0,22190.0,3230.0,19721.0,0.848593
50,21560,3000,3082.0,22470.0,2956.0,19994.0,0.633499
50,21560,3000,4119.0,22250.0,4003.0,19764.0,0.951188
50,21560,3000,3866.0,22701.0,3747.0,20211.0,0.635342
50,21560,3000,3029.0,22739.0,2890.0,20265.0,0.763791
50,21560,3000,3652.0,22059.0,3522.0,19593.0,0.907111
50,21560,3000,3882.0,21864.0,3752.0,19392.0,0.327221
50,21560,3000,3138.0,22418.0,2997.0,19947.0,0.514205
50,21560,3000,4007.0,21806.0,3878.0,19333.0,0.387456
50,21560,3000,4097.0,22226.0,3983.0,19742.0,0.9082
50,21560,3000,4147.0,21921.0,4026.0,19441.0,0.71558
50,21560,3000,3616.0,22052.0,3476.0,19584.0,0.593942
50,21560,3000,4129.0,22470.0,4018.0,19979.0,0.950914
50,21560,3000,3856.0,22456.0,3736.0,19972.0,0.903521
50,21560,3000,4164.0,22617.0,4055.0,20124.0,0.916155
50,21560,3000,4188.0,21835.0,4068.0,19354.0,0.542172
50,21560,3000,4097.0,22309.0,3981.0,19822.0,0.941514
50,21560,3000,3053.0,22422.0,2925.0,19958.0,0.584919
50,21560,3000,4146.0,21607.0,4022.0,19128.0,0.652154
50,21560,3000,4158.0,21620.0,4028.0,19143.0,0.385631
50,21560,3000,3772.0,22688.0,3656.0,20198.0,0.895916
50,21560,3000,3044.0,22601.0,2904.0,20131.0,0.604184
50,21560,3000,3841.0,22676.0,3726.0,20188.0,0.915905
50,21560,3000,4133.0,22672.0,4027.0,20175.0,0.475519
50,21560,3000,3763.0,22179.0,3632.0,19704.0,0.701615
50,21560,3000,3969.0,21738.0,3837.0,19266.0,0.456317
50,21560,3000,4081.0,22239.0,3963.0,19754.0,0.934861
50,21560,3000,4183.0,22503.0,4073.0,20011.0,0.918095
50,21560,3000,3888.0,22593.0,3772.0,20102.0,0.943448
50,21560,3000,3056.0,21957.0,2908.0,19492.0,0.488521
50,21560,3000,3757.0,22296.0,3629.0,19817.0,0.919198
50,21560,3000,3829.0,22429.0,3707.0,19939.0,0.789577
50,21560,3000,4116.0,22493.0,4005.0,20001.0,0.797025
50,21560,3000,3196.0,22065.0,3053.0,19597.0,0.485391
50,21560,3000,3279.0,22426.0,3143.0,19952.0,0.865758
50,21560,3000,3479.0,22053.0,3334.0,19587.0,0.882743
50,21560,3000,3933.0,22340.0,3811.0,19855.0,0.950114
50,21560,3000,4104.0,22424.0,3992.0,19933.0,0.826967
50,21560,3000,4142.0,22416.0,4030.0,19925.0,0.951858
50,21560,3000,4108.0,22132.0,3990.0,19649.0,0.87068
50,21560,3000,3365.0,22629.0,3235.0,20150.0,0.883127
50,21560,3000,3203.0,22211.0,3063.0,19739.0,0.740255
50,21560,3000,3521.0,22598.0,3392.0,20117.0,0.94318
50,21560,3000,3497.0,22734.0,3373.0,20249.0,0.792054
50,21560,3000,3780.0,22221.0,3651.0,19743.0,0.637062
50,21560,3000,4195.0,22753.0,4090.0,20259.0,0.945559
50,21560,3000,3946.0,22199.0,3823.0,19717.0,0.950316
50,21560,3000,3144.0,22590.0,3006.0,20116.0,0.859853
50,21560,3000,3823.0,22576.0,3705.0,20087.0,0.943976
50,21560,3000,3372.0,22297.0,3234.0,19823.0,0.835045
50,21560,3000,4075.0,22410.0,3960.0,19922.0,0.952453
50,21560,3000,3024.0,22606.0,2884.0,20135.0,0.459191
50,21560,3000,3063.0,22305.0,2921.0,19836.0,0.758639
50,21560,3000,3688.0,22705.0,3569.0,20216.0,0.875036
50,21560,3000,3119.0,22616.0,2981.0,20142.0,0.697334
50,21560,3000,3227.0,22111.0,3085.0,19642.0,0.541996
50,21560,3000,3933.0,22165.0,3810.0,19683.0,0.648996
50,21560,3000,3733.0,22453.0,3612.0,19969.0,0.765955
50,21560,3000,3513.0,22562.0,3385.0,20080.0,0.821182
50,21560,3000,3714.0,22284.0,3588.0,19806.0,0.32189
50,21560,3000,3815.0,22240.0,3688.0,19761.0,0.950064
50,21560,3000,3949.0,21993.0,3820.0,19518.0,0.760956
50,21560,3000,4051.0,22649.0,3941.0,20162.0,0.933464
50,21560,3000,3536.0,22401.0,3405.0,19924.0,0.739736
50,21560,3000,3936.0,22482.0,3806.0,19986.0,0.865651
50,21560,3000,4085.0,22351.0,3970.0,19864.0,0.950456
50,21560,3000,3815.0,22364.0,3691.0,19882.0,0.351145
50,21560,3000,3785.0,22232.0,3658.0,19755.0,0.865988
50,21560,3000,4168.0,22406.0,4058.0,19916.0,0.933253
50,21560,3000,3758.0,22348.0,3633.0,19866.0,0.949564
50,21560,3000,3707.0,22570.0,3585.0,20084.0,0.913717
50,21560,3000,3873.0,22503.0,3757.0,20015.0,0.93661
50,21560,3000,3415.0,22330.0,3278.0,19857.0,0.828426
50,21560,3000,3839.0,22306.0,3715.0,19825.0,0.934147
50,21560,3000,3699.0,22712.0,3579.0,20225.0,0.776327
50,21560,3000,3864.0,22538.0,3745.0,20052.0,0.950601
50,21560,3000,3870.0,22573.0,3751.0,20086.0,0.951687
50,21560,3000,4112.0,22166.0,3995.0,19681.0,0.912313
50,21560,3000,3999.0,22004.0,3873.0,19528.0,0.34882
50,21560,3000,4001.0,22334.0,3883.0,19849.0,0.30523
50,21560,3000,3650.0,22255.0,3518.0,19780.0,0.47283
50,21560,3000,3614.0,22681.0,3492.0,20195.0,0.666274
50,21560,3000,3946.0,22217.0,3822.0,19734.0,0.949542
50,21560,3000,4105.0,22692.0,3996.0,20201.0,0.734842
50,21560,3000,3913.0,22697.0,3802.0,20209.0,0.566331
50,21560,3000,3915.0,22680.0,3801.0,20189.0,0.828944
50,21560,3000,4131.0,22678.0,4022.0,20187.0,0.462005
50,21560,3000,3253.0,22472.0,3119.0,20000.0,0.570112
50,21560,3000,3864.0,22604.0,3748.0,20115.0,0.923093
50,21560,3000,3855.0,22179.0,3735.0,19699.0,0.867371
50,21560,3000,3884.0,21896.0,3751.0,19425.0,0.88658
50,21560,3000,3698.0,22701.0,3581.0,20213.0,0.549915
50,21560,3000,4108.0,22433.0,3994.0,19943.0,0.70515
50,21560,3000,3707.0,22465.0,3588.0,19978.0,0.592218
50,21560,3000,3093.0,22101.0,2949.0,19632.0,0.533356
50,21560,3000,3568.0,22705.0,3446.0,20218.0,0.898782
50,21560,3000,3546.0,22409.0,3419.0,19927.0,0.519051
50,21560,3000,3272.0,22410.0,3138.0,19934.0,0.687296
50,21560,3000,3897.0,21811.0,3764.0,19340.0,0.340311
50,21560,3000,3935.0,22261.0,3812.0,19779.0,0.944331
50,21560,3000,3782.0,22085.0,3648.0,19614.0,0.393521
50,21560,3000,3296.0,22651.0,3166.0,20171.0,0.897183
50,21560,3000,3858.0,22022.0,3725.0,19549.0,0.377266
50,21560,3000,3207.0,22566.0,3069.0,20091.0,0.831465
50,21560,3000,3154.0,22406.0,3014.0,19933.0,0.93225
50,21560,3000,3899.0,22692.0,3784.0,20202.0,0.889997
50,21560,3000,3288.0,22506.0,3151.0,20032.0,0.688531
50,21560,3000,3134.0,22526.0,2997.0,20052.0,0.401824
50,21560,3000,4193.0,22404.0,4084.0,19913.0,0.545121
50,21560,3000,3589.0,22557.0,3459.0,20084.0,0.855107
50,21560,3000,3729.0,22146.0,3596.0,19674.0,0.536595
50,21560,3000,3545.0,22397.0,3416.0,19917.0,0.677379
50,21560,3000,3699.0,22654.0,3580.0,20167.0,0.944528
50,21560,3000,3979.0,22583.0,3866.0,20094.0,0.952843
50,21560,3000,3012.0,22487.0,2869.0,20018.0,0.436863
50,21560,3000,4097.0,22679.0,3987.0,20185.0,0.878146
50,21560,3000,4126.0,22496.0,4012.0,20006.0,0.690219
50,21560,3000,3607.0,22696.0,3485.0,20210.0,0.830877
50,21560,3000,3120.0,22404.0,2977.0,19933.0,0.854193
50,21560,3000,3145.0,22755.0,3009.0,20279.0,0.336322
50,21560,3000,3060.0,22630.0,2930.0,20165.0,0.608104
50,21560,3000,3884.0,22757.0,3776.0,20265.0,0.405109
50,21560,3000,3419.0,22340.0,3280.0,19867.0,0.784614
50,21560,3000,3868.0,21863.0,3736.0,19395.0,0.373456
50,21560,3000,4135.0,22639.0,4026.0,20147.0,0.918256
50,21560,3000,3123.0,22617.0,2985.0,20142.0,0.628838
50,21560,3000,3113.0,22537.0,2975.0,20064.0,0.885383
50,21560,3000,4082.0,22253.0,3963.0,19768.0,0.928414
50,21560,3000,4175.0,22264.0,4061.0,19779.0,0.428378
50,21560,3000,3573.0,22702.0,3458.0,20215.0,0.805338
50,21560,3000,3424.0,22195.0,3285.0,19724.0,0.317235
50,21560,3000,4185.0,22275.0,4072.0,19786.0,0.916684
50,21560,3000,3546.0,22671.0,3422.0,20186.0,0.52948
50,21560,3000,3088.0,22124.0,2942.0,19656.0,0.801421
50,21560,3000,3877.0,21849.0,3743.0,19378.0,0.816369
50,21560,3000,3550.0,22076.0,3409.0,19609.0,0.695117
50,21560,3000,3734.0,22276.0,3605.0,19798.0,0.745666
50,21560,3000,3959.0,22658.0,3845.0,20168.0,0.950848
50,21560,3000,3207.0,22479.0,3068.0,20005.0,0.844075
50,21560,3000,3930.0,22015.0,3801.0,19537.0,0.878347
50,21560,3000,3918.0,22589.0,3802.0,20101.0,0.785803
50,21560,3000,3884.0,22710.0,3771.0,20219.0,0.600402
50,21560,3000,3249.0,22018.0,3122.0,19545.0,0.320664
50,21560,3000,3892.0,22455.0,3773.0,19970.0,0.94607
50,21560,3000,3946.0,22705.0,3832.0,20215.0,0.951051
50,21560,3000,3970.0,22576.0,3855.0,20087.0,0.931379
50,21560,3000,4065.0,22506.0,3951.0,20016.0,0.949546
50,21560,3000,3025.0,22660.0,2884.0,20187.0,0.726158
50,21560,3000,4090.0,22506.0,3978.0,20015.0,0.944116
50,21560,3000,3800.0,22681.0,3686.0,20193.0,0.645257
50,21560,3000,3020.0,22682.0,2880.0,20210.0,0.301877
50,21560,3000,4121.0,22442.0,4010.0,19950.0,0.368814
50,21560,3000,3263.0,22669.0,3131.0,20191.0,0.692498
50,21560,3000,3143.0,22292.0,3000.0,19820.0,0.938318
50,21560,3000,3939.0,22132.0,3814.0,19652.0,0.807152
50,21560,3000,3965.0,21855.0,3834.0,19384.0,0.770775
50,21560,3000,3982.0,21691.0,3851.0,19220.0,0.304326
50,21560,3000,4020.0,22577.0,3905.0,20085.0,0.884727
50,21560,3000,3908.0,22414.0,3789.0,19929.0,0.803022
50,21560,3000,3877.0,22642.0,3762.0,20153.0,0.950661
50,21560,3000,4076.0,22302.0,3958.0,19816.0,0.945466
50,21560,3000,4121.0,22369.0,4008.0,19880.0,0.878329
50,21560,3000,3702.0,22465.0,3577.0,19982.0,0.794055
50,21560,3000,4048.0,22511.0,3935.0,20021.0,0.946054
52,22760,1800,1982.0,23107.0,1818.0,20655.0,0.346587
52,22760,1800,2280.0,23494.0,2127.0,21032.0,0.772089
52,22760,1800,2395.0,23613.0,2246.0,21146.0,0.94662
52,22760,1800,2286.0,23541.0,2132.0,21077.0,0.8723
52,22760,1800,2804.0,23469.0,2664.0,20995.0,0.939155
52,22760,1800,2180.0,23339.0,2022.0,20881.0,0.484338
52,22760,1800,2254.0,23481.0,2100.0,21023.0,0.401985
52,22760,1800,2628.0,23845.0,2496.0,21361.0,0.553265
52,22760,1800,2103.0,23899.0,1979.0,21432.0,0.695262
52,22760,1800,2715.0,23877.0,2587.0,21388.0,0.945273
52,22760,1800,2269.0,23514.0,2124.0,21047.0,0.373294
52,22760,1800,2540.0,23831.0,2418.0,21353.0,0.646309
52,22760,1800,2002.0,23278.0,1851.0,20822.0,0.645756
52,22760,1800,2104.0,23882.0,1965.0,21406.0,0.918244
52,22760,1800,2981.0,23623.0,2857.0,21133.0,0.640532
52,22760,1800,1959.0,23377.0,1807.0,20913.0,0.612476
52,22760,1800,2161.0,23278.0,2005.0,20820.0,0.874198
52,22760,1800,2509.0,23797.0,2379.0,21333.0,0.420735
52,22760,1800,1935.0,23152.0,1770.0,20699.0,0.762019
52,22760,1800,2936.0,23675.0,2812.0,21184.0,0.599836
52,22760,1800,2910.0,23707.0,2784.0,21216.0,0.944388
52,22760,1800,2430.0,23889.0,2290.0,21412.0,0.932293
52,22760,1800,2157.0,23306.0,1998.0,20849.0,0.390894
52,22760,1800,2972.0,23561.0,2845.0,21074.0,0.403481
52,22760,1800,2952.0,23674.0,2830.0,21183.0,0.870162
52,22760,1800,2890.0,23846.0,2769.0,21352.0,0.927812
52,22760,1800,2802.0,23881.0,2679.0,21388.0,0.864248
52,22760,1800,2578.0,23655.0,2435.0,21178.0,0.402754
52,22760,1800,2597.0,23886.0,2457.0,21404.0,0.506793
52,22760,1800,2909.0,23862.0,2788.0,21367.0,0.916487
52,22760,1800,2176.0,23216.0,2017.0,20760.0,0.387657
52,22760,1800,2775.0,23786.0,2647.0,21297.0,0.751133
52,22760,1800,2995.0,23958.0,2878.0,21459.0,0.696234
52,22760,1800,2998.0,23594.0,2873.0,21102.0,0.812614
52,22760,1800,2551.0,23730.0,2414.0,21250.0,0.618798
52,22760,1800,2497.0,23724.0,2352.0,21252.0,0.55902
52,22760,1800,2931.0,23869.0,2809.0,21373.0,0.94886
52,22760,1800,2320.0,23731.0,2170.0,21265.0,0.863323
52,22760,1800,2513.0,23701.0,2371.0,21224.0,0.381278
52,22760,1800,2094.0,23576.0,1937.0,21111.0,0.521756
52,22760,1800,2633.0,23912.0,2501.0,21427.0,0.837956
52,22760,1800,2280.0,23324.0,2125.0,20864.0,0.880993
52,22760,1800,2870.0,23851.0,2749.0,21357.0,0.387176
52,22760,1800,2696.0,23797.0,2565.0,21311.0,0.882991
52,22760,1800,2917.0,23789.0,2794.0,21296.0,0.830805
52,22760,1800,2492.0,23782.0,2369.0,21319.0,0.548324
52,22760,1800,2957.0,23612.0,2831.0,21123.0,0.308389
52,22760,1800,2544.0,23895.0,2409.0,21413.0,0.842053
52,22760,1800,1939.0,23352.0,1777.0,20896.0,0.476489
52,22760,1800,2768.0,23507.0,2630.0,21032.0,0.683323
52,22760,1800,2729.0,23673.0,2608.0,21197.0,0.813074
52,22760,1800,2620.0,23467.0,2473.0,20998.0,0.611893
52,22760,1800,2770.0,23749.0,2653.0,21272.0,0.843507
52,22760,1800,2188.0,23323.0,2030.0,20864.0,0.925273
52,22760,1800,1914.0,23299.0,1752.0,20845.0,0.354989
52,22760,1800,2477.0,23902.0,2339.0,21422.0,0.937593
52,22760,1800,1931.0,23140.0,1776.0,20689.0,0.410448
52,22760,1800,2468.0,23588.0,2319.0,21117.0,0.760262
52,22760,1800,2259.0,23955.0,2113.0,21483.0,0.81971
52,22760,1800,2890.0,23880.0,2769.0,21384.0,0.440318
52,22760,1800,2422.0,23878.0,2282.0,21400.0,0.8841
52,22760,1800,2759.0,23885.0,2634.0,21396.0,0.938584
52,22760,1800,1921.0,23933.0,1775.0,21476.0,0.338326
52,22760,1800,2776.0,23823.0,2648.0,21333.0,0.776495
52,22760,1800,2674.0,23937.0,2545.0,21447.0,0.914657
52,22760,1800,2051.0,23525.0,1905.0,21068.0,0.713107
52,22760,1800,2828.0,23941.0,2705.0,21448.0,0.949425
52,22760,1800,2713.0,23860.0,2583.0,21369.0,0.94209
52,22760,1800,2543.0,23679.0,2420.0,21208.0,0.454663
52,22760,1800,2131.0,23446.0,1973.0,20985.0,0.750949
52,22760,1800,2553.0,23812.0,2413.0,21336.0,0.574699
52,22760,1800,2590.0,23901.0,2457.0,21416.0,0.618845
52,22760,1800,2949.0,23869.0,2828.0,21373.0,0.815838
52,22760,1800,2313.0,23670.0,2165.0,21209.0,0.515937
52,22760,1800,2371.0,23554.0,2237.0,21082.0,0.474328
52,22760,1800,2625.0,23817.0,2490.0,21334.0,0.347496
52,22760,1800,2844.0,23599.0,2725.0,21120.0,0.494975
52,22760,1800,2319.0,23384.0,2166.0,20922.0,0.523005
52,22760,1800,2459.0,23597.0,2314.0,21125.0,0.318384
52,22760,1800,2002.0,23349.0,1841.0,20894.0,0.786093
52,22760,1800,2871.0,23840.0,2733.0,21350.0,0.524309
52,22760,1800,2526.0,23886.0,2391.0,21407.0,0.748105
52,22760,1800,2458.0,23753.0,2333.0,21277.0,0.41756
52,22760,1800,2563.0,23907.0,2431.0,21425.0,0.344383
52,22760,1800,2402.0,23625.0,2252.0,21157.0,0.949959
52,22760,1800,2623.0,23896.0,2490.0,21408.0,0.757098
52,22760,1800,2149.0,23136.0,1988.0,20679.0,0.458546
52,22760,1800,2732.0,23692.0,2591.0,21207.0,0.306324
53,22760,3000,3414.0,23566.0,3298.0,21071.0,0.952883
53,22760,3000,3913.0,23452.0,3808.0,20952.0,0.950269
53,22760,3000,4013.0,23093.0,3907.0,20597.0,0.950539
53,22760,3000,4024.0,23090.0,3918.0,20594.0,0.872244
53,22760,3000,3784.0,23621.0,3677.0,21120.0,0.925731
53,22760,3000,3883.0,23425.0,3777.0,20926.0,0.952794
53,22760,3000,3537.0,23692.0,3425.0,21195.0,0.944917
53,22760,3000,3265.0,23436.0,3150.0,20944.0,0.843818
53,22760,3000,3259.0,23812.0,3142.0,21316.0,0.766095
53,22760,3000,3508.0,23706.0,3401.0,21207.0,0.941781
53,22760,3000,3632.0,23420.0,3520.0,20924.0,0.94265
53,22760,3000,3393.0,23838.0,3275.0,21342.0,0.595626
53,22760,3000,3645.0,22779.0,3526.0,20290.0,0.423277
53,22760,3000,3970.0,23638.0,3870.0,21133.0,0.947948
53,22760,3000,4130.0,23494.0,4035.0,20987.0,0.787184
53,22760,3000,3559.0,23104.0,3442.0,20613.0,0.91681
53,22760,3000,3997.0,22852.0,3886.0,20361.0,0.862689
53,22760,3000,3673.0,23060.0,3557.0,20571.0,0.946978
53,22760,3000,4006.0,23231.0,3902.0,20732.0,0.952092
53,22760,3000,3569.0,23071.0,3451.0,20582.0,0.917034
53,22760,3000,4000.0,22936.0,3891.0,20443.0,0.773897
53,22760,3000,3523.0,23393.0,3408.0,20899.0,0.542897
53,22760,3000,4011.0,23179.0,3899.0,20683.0,0.903301
53,22760,3000,3690.0,22848.0,3572.0,20360.0,0.5716
53,22760,3000,4189.0,22986.0,4087.0,20487.0,0.938604
53,22760,3000,3427.0,23261.0,3308.0,20770.0,0.722646
53,22760,3000,3076.0,23427.0,2951.0,20941.0,0.361691
53,22760,3000,4022.0,23483.0,3922.0,20980.0,0.66272
53,22760,3000,3377.0,23842.0,3265.0,21345.0,0.940675
53,22760,3000,3624.0,23468.0,3512.0,20972.0,0.608931
53,22760,3000,3809.0,22800.0,3695.0,20310.0,0.779806
53,22760,3000,3609.0,22771.0,3490.0,20282.0,0.700444
53,22760,3000,3236.0,23735.0,3117.0,21238.0,0.641123
53,22760,3000,3931.0,23458.0,3829.0,20959.0,0.89923
53,22760,3000,4089.0,23125.0,3986.0,20625.0,0.925627
53,22760,3000,3139.0,23071.0,3010.0,20590.0,0.464306
53,22760,3000,3973.0,23652.0,3870.0,21148.0,0.656945
53,22760,3000,3431.0,22900.0,3308.0,20415.0,0.844475
53,22760,3000,3468.0,23264.0,3350.0,20773.0,0.910906
53,22760,3000,3917.0,22904.0,3806.0,20412.0,0.945783
53,22760,3000,3120.0,23058.0,2991.0,20573.0,0.415753
53,22760,3000,3701.0,22846.0,3583.0,20356.0,0.720438
53,22760,3000,3787.0,22844.0,3672.0,20353.0,0.946265
53,22760,3000,3483.0,23266.0,3366.0,20774.0,0.942528
53,22760,3000,3304.0,23949.0,3191.0,21451.0,0.92165
53,22760,3000,3497.0,23211.0,3378.0,20719.0,0.705702
53,22760,3000,3494.0,23679.0,3382.0,21183.0,0.942052
53,22760,3000,3102.0,23788.0,2983.0,21291.0,0.807146
53,22760,3000,3534.0,23821.0,3423.0,21323.0,0.949084
53,22760,3000,3887.0,23092.0,3777.0,20597.0,0.944663
53,22760,3000,4079.0,23625.0,3984.0,21119.0,0.951946
53,22760,3000,3673.0,23428.0,3562.0,20934.0,0.564921
53,22760,3000,3512.0,23212.0,3394.0,20720.0,0.939779
53,22760,3000,3843.0,22768.0,3729.0,20277.0,0.842172
53,22760,3000,3876.0,23038.0,3765.0,20546.0,0.933743
53,22760,3000,4001.0,22772.0,3889.0,20281.0,0.759515
53,22760,3000,3634.0,23892.0,3526.0,21391.0,0.947245
53,22760,3000,3475.0,23641.0,3358.0,21145.0,0.935993
53,22760,3000,4163.0,23012.0,4061.0,20514.0,0.751267
53,22760,3000,3707.0,23949.0,3603.0,21446.0,0.952267
53,22760,3000,3355.0,23586.0,3238.0,21091.0,0.925018
53,22760,3000,4026.0,23236.0,3922.0,20738.0,0.940697
53,22760,3000,4057.0,22857.0,3947.0,20365.0,0.907171
53,22760,3000,3507.0,23674.0,3394.0,21176.0,0.949253
53,22760,3000,3343.0,23618.0,3228.0,21124.0,0.944767
53,22760,3000,3517.0,23663.0,3404.0,21163.0,0.897369
53,22760,3000,3311.0,23932.0,3197.0,21434.0,0.892666
53,22760,3000,3521.0,23113.0,3402.0,20623.0,0.909738
53,22760,3000,3195.0,23196.0,3070.0,20711.0,0.843654
53,22760,3000,3025.0,23802.0,2904.0,21306.0,0.791459
53,22760,3000,3656.0,23366.0,3543.0,20872.0,0.950769
53,22760,3000,4129.0,22797.0,4022.0,20304.0,0.868748
53,22760,3000,3687.0,23026.0,3569.0,20536.0,0.848943
53,22760,3000,3816.0,22783.0,3707.0,20293.0,0.81087
53,22760,3000,3652.0,22790.0,3532.0,20302.0,0.782229
53,22760,3000,3842.0,23366.0,3734.0,20868.0,0.951377
53,22760,3000,3778.0,23148.0,3666.0,20656.0,0.950271
53,22760,3000,3522.0,23698.0,3412.0,21194.0,0.903319
53,22760,3000,3642.0,23436.0,3532.0,20942.0,0.69517
53,22760,3000,3381.0,23534.0,3263.0,21040.0,0.940123
53,22760,3000,4012.0,22891.0,3903.0,20399.0,0.637821
53,22760,3000,3551.0,23471.0,3438.0,20976.0,0.932044
53,22760,3000,3487.0,23145.0,3368.0,20655.0,0.465143
53,22760,3000,3391.0,23603.0,3277.0,21107.0,0.939466
53,22760,3000,3693.0,22960.0,3576.0,20471.0,0.950959
53,22760,3000,4001.0,23244.0,3898.0,20747.0,0.950095
53,22760,3000,3125.0,23536.0,3003.0,21044.0,0.815681
53,22760,3000,3606.0,23617.0,3497.0,21119.0,0.667639
53,22760,3000,4127.0,22944.0,4023.0,20447.0,0.900708
53,22760,3000,3420.0,23553.0,3303.0,21057.0,0.951892
53,22760,3000,4054.0,23445.0,3954.0,20941.0,0.703388
53,22760,3000,3638.0,23209.0,3522.0,20719.0,0.379356
53,22760,3000,3668.0,22793.0,3551.0,20306.0,0.850042
53,22760,3000,4056.0,23723.0,3962.0,21214.0,0.950327
53,22760,3000,4059.0,23182.0,3955.0,20682.0,0.890431
53,22760,3000,3592.0,22904.0,3471.0,20416.0,0.833166
53,22760,3000,3338.0,23885.0,3225.0,21385.0,0.931125
53,22760,3000,3921.0,23509.0,3820.0,21008.0,0.945117
53,22760,3000,3027.0,23892.0,2909.0,21395.0,0.898866
53,22760,3000,3980.0,23431.0,3878.0,20928.0,0.947552
53,22760,3000,3812.0,23480.0,3705.0,20981.0,0.954047
53,22760,3000,3196.0,23621.0,3076.0,21127.0,0.890376
53,22760,3000,3134.0,23061.0,3005.0,20578.0,0.584157
53,22760,3000,3858.0,23117.0,3748.0,20624.0,0.898668
53,22760,3000,3184.0,23848.0,3069.0,21352.0,0.518119
53,22760,3000,3988.0,23236.0,3885.0,20738.0,0.949166
53,22760,3000,3589.0,23621.0,3480.0,21124.0,0.802747
53,22760,3000,4129.0,22768.0,4021.0,20277.0,0.91255
53,22760,3000,4027.0,23404.0,3927.0,20902.0,0.894036
53,22760,3000,3557.0,23273.0,3442.0,20781.0,0.875136
53,22760,3000,3913.0,23627.0,3812.0,21122.0,0.948465
53,22760,3000,3703.0,23417.0,3593.0,20922.0,0.94539
53,22760,3000,3376.0,23579.0,3259.0,21084.0,0.950662
53,22760,3000,3374.0,23251.0,3254.0,20761.0,0.945462
53,22760,3000,3451.0,23299.0,3333.0,20808.0,0.720713
53,22760,3000,3347.0,23128.0,3226.0,20640.0,0.938285
53,22760,3000,3763.0,23260.0,3652.0,20766.0,0.333957
53,22760,3000,3331.0,23095.0,3208.0,20608.0,0.909729
53,22760,3000,3924.0,22968.0,3813.0,20475.0,0.831386
53,22760,3000,3272.0,23923.0,3157.0,21424.0,0.930905
53,22760,3000,3983.0,23615.0,3883.0,21110.0,0.948826
53,22760,3000,3572.0,23600.0,3462.0,21104.0,0.681988
53,22760,3000,3361.0,23057.0,3240.0,20569.0,0.685021
53,22760,3000,3831.0,23125.0,3720.0,20633.0,0.947726
53,22760,3000,4107.0,23118.0,4006.0,20617.0,0.912813
53,22760,3000,3557.0,22951.0,3436.0,20464.0,0.922717
53,22760,3000,3254.0,23074.0,3128.0,20591.0,0.694968
53,22760,3000,3063.0,23938.0,2946.0,21440.0,0.852106
53,22760,3000,3804.0,23095.0,3691.0,20606.0,0.910184
53,22760,3000,3500.0,23697.0,3389.0,21200.0,0.931076
53,22760,3000,3999.0,23000.0,3890.0,20506.0,0.951304
53,22760,3000,3975.0,23737.0,3878.0,21230.0,0.898304
53,22760,3000,4100.0,23677.0,4006.0,21166.0,0.923066
53,22760,3000,4141.0,23394.0,4042.0,20888.0,0.933033
53,22760,3000,3872.0,23420.0,3767.0,20920.0,0.948766
53,22760,3000,4100.0,23128.0,3998.0,20629.0,0.934461
53,22760,3000,4089.0,23360.0,3989.0,20858.0,0.950613
53,22760,3000,3735.0,23640.0,3628.0,21140.0,0.569613
53,22760,3000,3141.0,23199.0,3013.0,20714.0,0.317923
53,22760,3000,3723.0,23317.0,3613.0,20821.0,0.949849
53,22760,3000,3763.0,23436.0,3654.0,20939.0,0.625673
53,22760,3000,3712.0,22842.0,3583.0,20367.0,0.332201
53,22760,3000,3404.0,23835.0,3290.0,21337.0,0.941558
53,22760,3000,3244.0,23425.0,3126.0,20933.0,0.67522
53,22760,3000,3435.0,23808.0,3320.0,21309.0,0.895235
53,22760,3000,3659.0,23023.0,3542.0,20533.0,0.787651
53,22760,3000,3504.0,23651.0,3391.0,21154.0,0.952871
53,22760,3000,3492.0,23228.0,3373.0,20738.0,0.951357
53,22760,3000,3518.0,23075.0,3400.0,20586.0,0.862203
53,22760,3000,3741.0,22856.0,3625.0,20365.0,0.574318
53,22760,3000,4122.0,22966.0,4021.0,20470.0,0.686102
53,22760,3000,3300.0,23688.0,3186.0,21193.0,0.650594
53,22760,3000,3818.0,23457.0,3716.0,20955.0,0.676438
53,22760,3000,3458.0,22950.0,3337.0,20462.0,0.60902
53,22760,3000,3447.0,23250.0,3329.0,20759.0,0.933204
53,22760,3000,3926.0,23329.0,3820.0,20831.0,0.753539
53,22760,3000,3513.0,23517.0,3398.0,21022.0,0.948293
53,22760,3000,3440.0,23729.0,3326.0,21233.0,0.85166
53,22760,3000,3636.0,22967.0,3517.0,20479.0,0.940021
53,22760,3000,3685.0,23686.0,3575.0,21187.0,0.91695
53,22760,3000,3524.0,23568.0,3410.0,21072.0,0.940904
53,22760,3000,3933.0,23387.0,3831.0,20887.0,0.845306
53,22760,3000,3909.0,23535.0,3806.0,21032.0,0.952594
53,22760,3000,3359.0,23037.0,3236.0,20550.0,0.83263
53,22760,3000,4132.0,23275.0,4032.0,20775.0,0.936452
53,22760,3000,3875.0,23332.0,3768.0,20835.0,0.945572
53,22760,3000,3373.0,23126.0,3251.0,20637.0,0.947039
53,22760,3000,4014.0,23008.0,3907.0,20514.0,0.952975
53,22760,3000,3147.0,23471.0,3025.0,20980.0,0.915924
53,22760,3000,3258.0,22921.0,3127.0,20438.0,0.48215
53,22760,3000,3438.0,23745.0,3325.0,21248.0,0.944312
53,22760,3000,3630.0,22775.0,3511.0,20287.0,0.42319
53,22760,3000,3906.0,23273.0,3799.0,20776.0,0.944284
53,22760,3000,3444.0,23275.0,3326.0,20785.0,0.743747
53,22760,3000,3164.0,23071.0,3038.0,20587.0,0.392438
53,22760,3000,3929.0,23398.0,3825.0,20899.0,0.950436
53,22760,3000,3519.0,23429.0,3404.0,20934.0,0.450882
53,22760,3000,3544.0,23660.0,3432.0,21162.0,0.631322
53,22760,3000,3691.0,23499.0,3583.0,21003.0,0.926986
53,22760,3000,3495.0,23248.0,3377.0,20756.0,0.753837
53,22760,3000,4182.0,22917.0,4062.0,20424.0,0.426423
53,22760,3000,4010.0,22791.0,3903.0,20301.0,0.408185
53,22760,3000,3433.0,23597.0,3318.0,21101.0,0.952069
53,22760,3000,4159.0,23404.0,4057.0,20896.0,0.947124
53,22760,3000,3660.0,23035.0,3543.0,20546.0,0.943912
53,22760,3000,3817.0,22998.0,3704.0,20507.0,0.933329
53,22760,3000,3171.0,23182.0,3045.0,20698.0,0.779198
53,22760,3000,3263.0,23865.0,3149.0,21367.0,0.945914
53,22760,3000,3720.0,23086.0,3605.0,20595.0,0.892116
53,22760,3000,3259.0,23566.0,3141.0,21072.0,0.841986
53,22760,3000,3311.0,23293.0,3190.0,20803.0,0.596212
53,22760,3000,3474.0,23255.0,3357.0,20763.0,0.949532
53,22760,3000,3468.0,23172.0,3348.0,20682.0,0.55186
53,22760,3000,4019.0,23143.0,3914.0,20647.0,0.572535
53,22760,3000,3388.0,23889.0,3275.0,21390.0,0.743991
53,22760,3000,3555.0,23078.0,3438.0,20590.0,0.944366
53,22760,3000,3940.0,23513.0,3839.0,21009.0,0.586488
53,22760,3000,4042.0,23186.0,3937.0,20688.0,0.652856
53,22760,3000,3930.0,23501.0,3828.0,20998.0,0.746414
53,22760,3000,3734.0,23034.0,3619.0,20543.0,0.938952
53,22760,3000,4087.0,23235.0,3986.0,20736.0,0.94939
53,22760,3000,3432.0,23212.0,3312.0,20722.0,0.945993
53,22760,3000,4034.0,23548.0,3935.0,21043.0,0.941985
53,22760,3000,3184.0,23372.0,3061.0,20883.0,0.946035
53,22760,3000,3426.0,23092.0,3303.0,20603.0,0.356253
53,22760,3000,3553.0,23581.0,3443.0,21089.0,0.750971
53,22760,3000,3540.0,23706.0,3428.0,21207.0,0.951559
53,22760,3000,3407.0,23141.0,3286.0,20651.0,0.867631
53,22760,3000,3974.0,23274.0,3868.0,20776.0,0.945303
53,22760,3000,3885.0,23819.0,3785.0,21312.0,0.939081
53,22760,3000,3728.0,23326.0,3617.0,20831.0,0.95307
53,22760,3000,3604.0,22888.0,3484.0,20401.0,0.742659
53,22760,3000,3945.0,23621.0,3840.0,21121.0,0.931489
53,22760,3000,3925.0,23481.0,3822.0,20979.0,0.950432
53,22760,3000,4125.0,23000.0,4022.0,20503.0,0.899239
53,22760,3000,3546.0,23697.0,3443.0,21201.0,0.565314
53,22760,3000,3839.0,23287.0,3730.0,20791.0,0.932616
53,22760,3000,3294.0,23667.0,3177.0,21168.0,0.932875
53,22760,3000,4027.0,23587.0,3930.0,21087.0,0.659441
53,22760,3000,3229.0,23580.0,3110.0,21088.0,0.849727
53,22760,3000,3729.0,22899.0,3613.0,20409.0,0.942342
53,22760,3000,3832.0,22793.0,3723.0,20305.0,0.404205
53,22760,3000,3910.0,23938.0,3814.0,21429.0,0.952527
53,22760,3000,3771.0,23861.0,3668.0,21357.0,0.912461
53,22760,3000,3925.0,23427.0,3820.0,20927.0,0.947809
53,22760,3000,3194.0,23183.0,3070.0,20697.0,0.916461
53,22760,3000,3993.0,23223.0,3891.0,20726.0,0.952867
53,22760,3000,3902.0,23298.0,3794.0,20801.0,0.951304
53,22760,3000,3223.0,23415.0,3102.0,20925.0,0.331332
53,22760,3000,3451.0,23397.0,3334.0,20904.0,0.949222
53,22760,3000,4027.0,23255.0,3922.0,20758.0,0.944239
53,22760,3000,3672.0,22815.0,3554.0,20326.0,0.731392
53,22760,3000,3235.0,23654.0,3117.0,21158.0,0.779193
53,22760,3000,3489.0,23832.0,3377.0,21335.0,0.84018
53,22760,3000,4073.0,22854.0,3964.0,20362.0,0.487619
53,22760,3000,3602.0,23627.0,3492.0,21130.0,0.890163
53,22760,3000,3183.0,23268.0,3059.0,20780.0,0.912477
53,22760,3000,3020.0,23910.0,2903.0,21411.0,0.799905
53,22760,3000,3120.0,23091.0,2997.0,20605.0,0.537332
53,22760,3000,3647.0,23571.0,3537.0,21073.0,0.333833
53,22760,3000,3205.0,23775.0,3089.0,21277.0,0.372256
53,22760,3000,3521.0,22981.0,3404.0,20492.0,0.924665
53,22760,3000,3828.0,23090.0,3718.0,20601.0,0.744292
53,22760,3000,4177.0,23083.0,4077.0,20582.0,0.934673
53,22760,3000,3792.0,23606.0,3686.0,21105.0,0.935731
53,22760,3000,3447.0,23760.0,3332.0,21264.0,0.952056
53,22760,3000,3636.0,22939.0,3517.0,20450.0,0.817855
53,22760,3000,3814.0,23456.0,3711.0,20960.0,0.636873
53,22760,3000,3837.0,23036.0,3725.0,20544.0,0.414717
53,22760,3000,3780.0,23467.0,3674.0,20969.0,0.816343
53,22760,3000,3197.0,23498.0,3077.0,21008.0,0.687315
53,22760,3000,4189.0,23071.0,4089.0,20572.0,0.871494
53,22760,3000,3149.0,23175.0,3023.0,20691.0,0.744015
53,22760,3000,3951.0,23864.0,3855.0,21361.0,0.927336
53,22760,3000,3149.0,23744.0,3031.0,21248.0,0.8804
53,22760,3000,4192.0,23011.0,4092.0,20513.0,0.925655
53,22760,3000,4006.0,23167.0,3897.0,20672.0,0.947449
53,22760,3000,3404.0,23495.0,3283.0,21003.0,0.503443
53,22760,3000,3732.0,23315.0,3622.0,20820.0,0.946321
53,22760,3000,3370.0,23895.0,3255.0,21395.0,0.89804
53,22760,3000,3557.0,23017.0,3438.0,20529.0,0.716966
53,22760,3000,3518.0,23199.0,3399.0,20708.0,0.842946
53,22760,3000,4103.0,23453.0,4006.0,20947.0,0.920599
53,22760,3000,3173.0,23281.0,3050.0,20795.0,0.624235
53,22760,3000,3500.0,23175.0,3381.0,20685.0,0.913072
53,22760,3000,3538.0,23545.0,3425.0,21050.0,0.622912
53,22760,3000,3731.0,23383.0,3619.0,20887.0,0.659267
53,22760,3000,3872.0,23280.0,3762.0,20782.0,0.952063
53,22760,3000,3180.0,23193.0,3055.0,20703.0,0.320083
53,22760,3000,3214.0,23664.0,3095.0,21168.0,0.577658
53,22760,3000,4093.0,23636.0,3999.0,21127.0,0.936567
53,22760,3000,3682.0,23045.0,3565.0,20551.0,0.569717
53,22760,3000,3403.0,23191.0,3282.0,20701.0,0.668405
53,22760,3000,3413.0,23260.0,3293.0,20769.0,0.830964
53,22760,3000,4156.0,23248.0,4057.0,20746.0,0.897902
53,22760,3000,4152.0,23101.0,4051.0,20599.0,0.942795
53,22760,3000,3975.0,23232.0,3868.0,20735.0,0.946476
53,22760,3000,4012.0,23270.0,3906.0,20773.0,0.951662
53,22760,3000,3331.0,23894.0,3220.0,21390.0,0.841289
53,22760,3000,3624.0,23844.0,3514.0,21344.0,0.950786
53,22760,3000,3746.0,23080.0,3632.0,20589.0,0.703559
53,22760,3000,3438.0,23420.0,3323.0,20926.0,0.869817
53,22760,3000,3734.0,23419.0,3625.0,20922.0,0.940772
53,22760,3000,3360.0,23952.0,3248.0,21453.0,0.942854
53,22760,3000,3526.0,22998.0,3406.0,20511.0,0.945519
53,22760,3000,3579.0,23899.0,3470.0,21398.0,0.847052
53,22760,3000,3855.0,22936.0,3742.0,20444.0,0.937703
53,22760,3000,4017.0,23228.0,3912.0,20730.0,0.942815
53,22760,3000,3442.0,23162.0,3323.0,20672.0,0.328269
53,22760,3000,3772.0,23336.0,3663.0,20839.0,0.954142
53,22760,3000,3933.0,22885.0,3821.0,20392.0,0.300162
53,22760,3000,3588.0,23274.0,3479.0,20776.0,0.71881
53,22760,3000,3857.0,23039.0,3747.0,20548.0,0.94906
53,22760,3000,3054.0,23911.0,2937.0,21412.0,0.930374
53,22760,3000,3782.0,22929.0,3669.0,20439.0,0.42401
53,22760,3000,3813.0,23061.0,3700.0,20568.0,0.88664
53,22760,3000,3167.0,23278.0,3043.0,20789.0,0.404914
53,22760,3000,4042.0,23223.0,3937.0,20725.0,0.906444
53,22760,3000,4118.0,23121.0,4016.0,20623.0,0.936601
53,22760,3000,4162.0,23214.0,4063.0,20712.0,0.950666
53,22760,3000,3195.0,23418.0,3071.0,20928.0,0.924091
53,22760,3000,3549.0,23691.0,3437.0,21192.0,0.865398
53,22760,3000,3270.0,23359.0,3151.0,20866.0,0.727018
53,22760,3000,3828.0,23201.0,3717.0,20706.0,0.933937
53,22760,3000,4122.0,23111.0,4021.0,20612.0,0.942935
53,22760,3000,3394.0,22877.0,3269.0,20392.0,0.79831
53,22760,3000,3195.0,23617.0,3076.0,21122.0,0.745624
53,22760,3000,4011.0,23478.0,3911.0,20975.0,0.871698
53,22760,3000,4034.0,23143.0,3930.0,20647.0,0.948904
53,22760,3000,3302.0,23300.0,3187.0,20810.0,0.77912
53,22760,3000,3924.0,23812.0,3826.0,21305.0,0.412265
53,22760,3000,3798.0,23180.0,3685.0,20687.0,0.94011
53,22760,3000,3942.0,23389.0,3838.0,20893.0,0.753464
