tile_id,tile_row,tile_col,ohrc_x,ohrc_y,nac_x,nac_y,confidence,is_core
1,2360,1800,3280.000,2552.000,1605.000,185.000,0.206554,0
1,2360,1800,2576.000,3103.000,1962.000,1001.000,0.217248,1
1,2360,1800,3316.000,2515.000,1327.000,246.000,0.269349,0
1,2360,1800,3342.000,2634.000,1604.000,163.000,0.213656,0
1,2360,1800,3355.000,2505.000,1550.000,178.000,0.212838,0
1,2360,1800,3390.000,2595.000,1441.000,274.000,0.435917,0
1,2360,1800,3329.000,2504.000,1452.000,163.000,0.288553,0
1,2360,1800,3382.000,2469.000,1420.000,206.000,0.236191,0
1,2360,1800,3385.000,2581.000,1331.000,360.000,0.200671,0
2,2360,3000,3723.000,2715.000,3370.000,1759.000,0.220664,1
2,2360,3000,4543.000,3918.000,2548.000,1775.000,0.239303,0
4,3560,1800,3365.000,4304.000,1962.000,1001.000,0.454166,0
4,3560,1800,3351.000,4293.000,1951.000,989.000,0.496685,0
4,3560,1800,3361.000,4255.000,2057.000,962.000,0.213464,0
4,3560,1800,3341.000,4450.000,1865.000,1329.000,0.243445,0
4,3560,1800,3324.000,4306.000,1853.000,1058.000,0.373799,0
4,3560,1800,3370.000,4460.000,1993.000,1350.000,0.361915,0
4,3560,1800,3327.000,4996.000,1400.000,2660.000,0.455945,0
4,3560,1800,3297.000,4344.000,1822.000,1093.000,0.211075,0
4,3560,1800,3335.000,4822.000,1387.000,2359.000,0.330775,0
4,3560,1800,3303.000,4482.000,1801.000,1320.000,0.424349,0
4,3560,1800,3389.000,4774.000,1415.000,2377.000,0.395874,0
4,3560,1800,3333.000,4974.000,1317.000,2682.000,0.294898,0
4,3560,1800,3335.000,4835.000,1403.000,2431.000,0.201862,0
4,3560,1800,3366.000,4558.000,1315.000,1452.000,0.255858,0
4,3560,1800,3356.000,4301.000,2001.000,1003.000,0.370757,0
7,4760,1800,2463.000,5711.000,2989.000,3166.000,0.204907,1
7,4760,1800,2557.000,5808.000,3239.000,3324.000,0.305173,1
7,4760,1800,2448.000,5871.000,2717.000,3471.000,0.272884,1
13,7160,1800,2980.000,8694.000,3004.000,6141.000,0.265392,0
13,7160,1800,2437.000,7581.000,2427.000,4946.000,0.934444,1
13,7160,1800,2543.000,7916.000,2536.000,5279.000,0.946182,1
13,7160,1800,2684.000,7517.000,2681.000,4876.000,0.588444,1
13,7160,1800,2843.000,7904.000,2841.000,5265.000,0.932746,1
13,7160,1800,2264.000,8743.000,2188.000,6175.000,0.524547,0
13,7160,1800,1959.000,7324.000,1933.000,4700.000,0.356224,1
13,7160,1800,3148.000,7568.000,3160.000,4918.000,0.841748,0
13,7160,1800,2854.000,8398.000,2847.000,5769.000,0.598775,0
13,7160,1800,2724.000,8726.000,2706.000,6103.000,0.933668,0
13,7160,1800,2997.000,8201.000,2991.000,5569.000,0.937258,1
13,7160,1800,2263.000,7318.000,2247.000,4685.000,0.474787,1
13,7160,1800,3028.000,8337.000,3034.000,5706.000,0.609948,0
13,7160,1800,2400.000,8416.000,2423.000,5789.000,0.632861,0
13,7160,1800,3048.000,8407.000,3048.000,5699.000,0.340302,0
13,7160,1800,2888.000,8017.000,2915.000,5360.000,0.217650,1
13,7160,1800,3016.000,8147.000,3012.000,5507.000,0.842783,0
13,7160,1800,2142.000,7758.000,2125.000,5128.000,0.944943,1
13,7160,1800,2238.000,8202.000,2292.000,5566.000,0.468460,1
13,7160,1800,3290.000,8172.000,3296.000,5529.000,0.525007,0
13,7160,1800,2962.000,8540.000,2907.000,5981.000,0.452758,0
13,7160,1800,1994.000,7620.000,1969.000,4995.000,0.892033,1
13,7160,1800,2863.000,8160.000,2855.000,5526.000,0.933066,1
13,7160,1800,2203.000,8257.000,2181.000,5632.000,0.944755,1
13,7160,1800,3119.000,8738.000,3105.000,6117.000,0.713634,0
13,7160,1800,2386.000,8397.000,2401.000,5766.000,0.726624,0
13,7160,1800,2254.000,8687.000,2246.000,6062.000,0.810799,0
13,7160,1800,1951.000,7951.000,1860.000,5179.000,0.265423,1
13,7160,1800,2239.000,7809.000,2224.000,5177.000,0.949271,1
13,7160,1800,2472.000,7770.000,2464.000,5133.000,0.937151,1
13,7160,1800,2427.000,7960.000,2419.000,5325.000,0.910860,1
13,7160,1800,2687.000,7370.000,2687.000,4725.000,0.848059,1
13,7160,1800,2076.000,8335.000,2093.000,5716.000,0.777071,1
13,7160,1800,2239.000,8602.000,2211.000,5983.000,0.898160,0
13,7160,1800,3010.000,8694.000,2966.000,6142.000,0.281752,0
13,7160,1800,2930.000,7322.000,2938.000,4674.000,0.412798,1
13,7160,1800,3007.000,7863.000,3073.000,5256.000,0.209286,0
13,7160,1800,2039.000,7868.000,2018.000,5241.000,0.434440,1
13,7160,1800,2327.000,7356.000,2305.000,4792.000,0.386943,1
13,7160,1800,2060.000,8497.000,2030.000,5878.000,0.372595,0
13,7160,1800,2215.000,7842.000,2199.000,5212.000,0.732477,1
13,7160,1800,2992.000,8228.000,2986.000,5596.000,0.947757,1
13,7160,1800,2270.000,7961.000,2253.000,5332.000,0.857516,1
13,7160,1800,2836.000,7425.000,2854.000,4770.000,0.613334,1
13,7160,1800,2489.000,8255.000,2475.000,5625.000,0.934672,1
13,7160,1800,2019.000,8130.000,1961.000,5342.000,0.331369,1
13,7160,1800,3268.000,8246.000,3251.000,5619.000,0.385399,0
13,7160,1800,2760.000,8059.000,2751.000,5421.000,0.921939,1
13,7160,1800,3247.000,8458.000,3242.000,5828.000,0.598416,0
13,7160,1800,2190.000,8228.000,2169.000,5603.000,0.933634,1
13,7160,1800,2226.000,8739.000,2195.000,6125.000,0.936259,0
13,7160,1800,2927.000,7681.000,2930.000,5038.000,0.942446,1
13,7160,1800,2954.000,7481.000,2959.000,4836.000,0.938707,1
13,7160,1800,2158.000,8614.000,2126.000,5999.000,0.888381,0
13,7160,1800,2634.000,7699.000,2679.000,4887.000,0.385509,1
13,7160,1800,2796.000,8112.000,2615.000,5502.000,0.258536,1
13,7160,1800,2557.000,7922.000,2550.000,5285.000,0.658813,1
13,7160,1800,2181.000,8500.000,2154.000,5883.000,0.953187,0
13,7160,1800,2200.000,8279.000,2177.000,5655.000,0.954955,1
13,7160,1800,3366.000,7815.000,3324.000,5184.000,0.214111,0
13,7160,1800,2976.000,8148.000,2983.000,5505.000,0.526791,1
13,7160,1800,2993.000,8123.000,2997.000,5494.000,0.634129,1
13,7160,1800,2221.000,7302.000,2304.000,4675.000,0.207974,1
13,7160,1800,3057.000,7687.000,3063.000,5042.000,0.681100,0
13,7160,1800,2946.000,8202.000,2939.000,5569.000,0.947276,1
13,7160,1800,1964.000,7335.000,1939.000,4710.000,0.322294,1
13,7160,1800,2982.000,7738.000,2988.000,5095.000,0.878266,1
13,7160,1800,2627.000,7847.000,2696.000,5227.000,0.245833,1
13,7160,1800,2110.000,8092.000,2117.000,5478.000,0.863461,1
13,7160,1800,3264.000,8468.000,3258.000,5840.000,0.279628,0
13,7160,1800,2856.000,8170.000,2870.000,5521.000,0.790472,1
13,7160,1800,2186.000,8172.000,2181.000,5549.000,0.712915,1
13,7160,1800,2380.000,7521.000,2368.000,4886.000,0.940281,1
13,7160,1800,2404.000,8191.000,2389.000,5562.000,0.956484,1
13,7160,1800,2267.000,8655.000,2238.000,6038.000,0.846572,0
13,7160,1800,3086.000,8388.000,3091.000,5693.000,0.248728,0
13,7160,1800,3219.000,8686.000,3226.000,6296.000,0.294610,0
13,7160,1800,2583.000,8585.000,2605.000,5978.000,0.354965,0
13,7160,1800,3195.000,7573.000,3199.000,4935.000,0.433039,0
13,7160,1800,2538.000,8393.000,2533.000,5777.000,0.552108,0
13,7160,1800,2390.000,8100.000,2374.000,5467.000,0.939793,1
13,7160,1800,2505.000,7771.000,2498.000,5133.000,0.820389,1
13,7160,1800,3118.000,8480.000,3109.000,5851.000,0.904897,0
13,7160,1800,3283.000,8397.000,3311.000,5858.000,0.318920,0
13,7160,1800,3035.000,7873.000,3035.000,5233.000,0.632965,0
13,7160,1800,2410.000,8018.000,2399.000,5385.000,0.877432,1
13,7160,1800,2108.000,8077.000,2116.000,5442.000,0.876940,1
13,7160,1800,2609.000,7440.000,2603.000,4801.000,0.885038,1
13,7160,1800,2393.000,8660.000,2368.000,6041.000,0.926858,0
13,7160,1800,3016.000,8676.000,3002.000,6053.000,0.915304,0
13,7160,1800,2586.000,8301.000,2574.000,5670.000,0.446298,1
13,7160,1800,2721.000,7936.000,2741.000,5289.000,0.571890,1
13,7160,1800,3105.000,8509.000,3064.000,5885.000,0.386476,0
13,7160,1800,1964.000,8305.000,1934.000,5686.000,0.860610,1
13,7160,1800,3270.000,7693.000,3285.000,5042.000,0.352585,0
13,7160,1800,2213.000,7290.000,2218.000,4729.000,0.446849,1
13,7160,1800,3275.000,8719.000,3327.000,6280.000,0.257441,0
13,7160,1800,2936.000,7788.000,2939.000,5145.000,0.791394,1
13,7160,1800,2531.000,8365.000,2517.000,5737.000,0.766708,0
13,7160,1800,2862.000,8201.000,2856.000,5568.000,0.556851,1
13,7160,1800,2522.000,7448.000,2515.000,4809.000,0.859069,1
13,7160,1800,2038.000,7507.000,2014.000,4880.000,0.939555,1
13,7160,1800,2339.000,8522.000,2315.000,5900.000,0.944235,0
13,7160,1800,2945.000,7709.000,2947.000,5067.000,0.907237,1
13,7160,1800,2601.000,8139.000,2603.000,5511.000,0.817512,1
13,7160,1800,2605.000,7686.000,2625.000,5031.000,0.449895,1
13,7160,1800,2109.000,7598.000,2088.000,4969.000,0.921499,1
13,7160,1800,2479.000,8339.000,2465.000,5708.000,0.767444,1
13,7160,1800,2438.000,7974.000,2428.000,5338.000,0.934074,1
13,7160,1800,2489.000,7781.000,2486.000,5143.000,0.910926,1
13,7160,1800,2942.000,7820.000,2943.000,5178.000,0.919085,1
13,7160,1800,2170.000,8582.000,2143.000,5963.000,0.901268,0
13,7160,1800,2180.000,7519.000,2170.000,5004.000,0.267059,1
13,7160,1800,3003.000,8308.000,2996.000,5677.000,0.939546,0
13,7160,1800,2223.000,8026.000,2204.000,5397.000,0.940188,1
13,7160,1800,2252.000,8736.000,2222.000,6120.000,0.820290,0
13,7160,1800,2678.000,8490.000,2665.000,5862.000,0.941278,0
13,7160,1800,3316.000,8549.000,3315.000,5920.000,0.534031,0
13,7160,1800,2289.000,7914.000,2340.000,5241.000,0.259646,1
13,7160,1800,2598.000,7606.000,2610.000,4964.000,0.861590,1
13,7160,1800,2599.000,8594.000,2561.000,5933.000,0.709858,0
13,7160,1800,2923.000,7698.000,2929.000,5052.000,0.533386,1
13,7160,1800,2397.000,8091.000,2393.000,5460.000,0.875098,1
13,7160,1800,3230.000,8193.000,3232.000,5555.000,0.931726,0
13,7160,1800,2572.000,7652.000,2567.000,5013.000,0.795626,1
13,7160,1800,2845.000,8105.000,2903.000,5478.000,0.287023,1
13,7160,1800,2992.000,8516.000,2982.000,5887.000,0.549531,0
13,7160,1800,2067.000,8150.000,2043.000,5529.000,0.507855,1
13,7160,1800,2208.000,7827.000,2190.000,5194.000,0.955650,1
13,7160,1800,2446.000,7422.000,2437.000,4785.000,0.532643,1
13,7160,1800,2011.000,8532.000,1979.000,5917.000,0.939343,0
13,7160,1800,2922.000,8675.000,2917.000,6048.000,0.768128,0
13,7160,1800,2434.000,7701.000,2424.000,5065.000,0.950106,1
13,7160,1800,2360.000,7924.000,2335.000,5314.000,0.241533,1
13,7160,1800,2078.000,8539.000,2047.000,5920.000,0.954380,0
13,7160,1800,3085.000,8163.000,3150.000,5544.000,0.325903,0
13,7160,1800,2085.000,8461.000,2057.000,5841.000,0.938625,0
13,7160,1800,2335.000,8112.000,2269.000,5441.000,0.667137,1
13,7160,1800,2176.000,7543.000,2158.000,4913.000,0.901473,1
13,7160,1800,2186.000,8583.000,2159.000,5967.000,0.909688,0
13,7160,1800,2300.000,7868.000,2285.000,5236.000,0.941514,1
13,7160,1800,2173.000,7950.000,2155.000,5323.000,0.651893,1
13,7160,1800,2607.000,8186.000,2590.000,5553.000,0.884566,1
13,7160,1800,3199.000,7399.000,3241.000,4887.000,0.241333,0
13,7160,1800,2982.000,7618.000,2990.000,4974.000,0.282891,1
13,7160,1800,2502.000,8589.000,2481.000,5966.000,0.913210,0
13,7160,1800,3314.000,7943.000,3328.000,5294.000,0.738552,0
13,7160,1800,2835.000,7629.000,2836.000,4987.000,0.909174,1
13,7160,1800,2884.000,8055.000,2879.000,5419.000,0.841423,1
13,7160,1800,2876.000,8297.000,2696.000,5815.000,0.301832,1
13,7160,1800,2998.000,7621.000,3004.000,4977.000,0.921567,1
13,7160,1800,2213.000,7892.000,2247.000,5322.000,0.526733,1
13,7160,1800,2320.000,7346.000,2307.000,4712.000,0.941830,1
13,7160,1800,3067.000,7957.000,3088.000,5323.000,0.589356,0
13,7160,1800,2448.000,7588.000,2439.000,4952.000,0.945298,1
13,7160,1800,3247.000,7600.000,3263.000,4952.000,0.375073,0
13,7160,1800,2481.000,7768.000,2479.000,5126.000,0.857018,1
13,7160,1800,3206.000,7542.000,3210.000,4922.000,0.351713,0
13,7160,1800,3012.000,7721.000,3016.000,5078.000,0.939607,0
13,7160,1800,3044.000,7651.000,3051.000,5005.000,0.753868,0
13,7160,1800,2468.000,7951.000,2459.000,5315.000,0.951677,1
13,7160,1800,2594.000,8178.000,2556.000,5508.000,0.316248,1
13,7160,1800,2283.000,8503.000,2277.000,5928.000,0.492763,0
13,7160,1800,2539.000,7717.000,2532.000,5079.000,0.736831,1
13,7160,1800,3139.000,8750.000,3125.000,6130.000,0.681778,0
13,7160,1800,2895.000,8580.000,2884.000,5953.000,0.943612,0
13,7160,1800,2235.000,8421.000,2210.000,5799.000,0.953004,0
13,7160,1800,2981.000,7761.000,2986.000,5118.000,0.807865,1
13,7160,1800,2284.000,7864.000,2270.000,5233.000,0.949803,1
13,7160,1800,2358.000,8355.000,2339.000,5729.000,0.947245,1
13,7160,1800,3253.000,8485.000,3250.000,5855.000,0.780876,0
13,7160,1800,2810.000,7885.000,2854.000,5251.000,0.648325,1
13,7160,1800,2230.000,8675.000,2230.000,6133.000,0.398331,0
13,7160,1800,2420.000,7851.000,2379.000,5264.000,0.343213,1
13,7160,1800,2716.000,8503.000,2700.000,5877.000,0.949814,0
13,7160,1800,2945.000,7833.000,2945.000,5193.000,0.884013,1
13,7160,1800,2520.000,8106.000,2506.000,5474.000,0.765487,1
13,7160,1800,2565.000,7364.000,2502.000,4698.000,0.296455,1
13,7160,1800,3031.000,7746.000,3036.000,5103.000,0.906236,0
13,7160,1800,2418.000,8542.000,2396.000,5919.000,0.952577,0
13,7160,1800,2369.000,7296.000,2358.000,4559.000,0.209835,1
13,7160,1800,2171.000,7306.000,2154.000,4676.000,0.202390,1
13,7160,1800,2094.000,8305.000,2110.000,5682.000,0.200549,1
13,7160,1800,3071.000,7437.000,3082.000,4787.000,0.259347,0
13,7160,1800,2411.000,8425.000,2433.000,5801.000,0.514595,0
13,7160,1800,2545.000,8035.000,2535.000,5401.000,0.411227,1
13,7160,1800,2142.000,8633.000,2112.000,6017.000,0.947849,0
13,7160,1800,2558.000,8615.000,2559.000,6062.000,0.429318,0
13,7160,1800,2364.000,8619.000,2337.000,6000.000,0.939910,0
13,7160,1800,3213.000,8029.000,3219.000,5386.000,0.759540,0
13,7160,1800,2160.000,7868.000,2143.000,5238.000,0.662741,1
13,7160,1800,2374.000,7505.000,2362.000,4870.000,0.951210,1
13,7160,1800,2133.000,7391.000,2044.000,4701.000,0.527637,1
13,7160,1800,2869.000,7579.000,2879.000,4933.000,0.894356,1
13,7160,1800,2310.000,7528.000,2300.000,4896.000,0.885110,1
13,7160,1800,2313.000,8169.000,2316.000,5539.000,0.784680,1
13,7160,1800,3108.000,8595.000,3097.000,5970.000,0.938743,0
13,7160,1800,2183.000,8256.000,2163.000,5632.000,0.947577,1
13,7160,1800,2658.000,7504.000,2666.000,4865.000,0.902763,1
13,7160,1800,2402.000,7765.000,2393.000,5127.000,0.953679,1
13,7160,1800,2824.000,7432.000,2696.000,4728.000,0.307142,1
13,7160,1800,2338.000,7309.000,2325.000,4673.000,0.929752,1
13,7160,1800,2823.000,7647.000,2817.000,5004.000,0.824168,1
13,7160,1800,2151.000,8698.000,2148.000,6099.000,0.467989,0
13,7160,1800,2893.000,8187.000,2882.000,5512.000,0.687527,1
13,7160,1800,2917.000,7905.000,2924.000,5267.000,0.905511,1
13,7160,1800,2320.000,8737.000,2291.000,6120.000,0.458901,0
13,7160,1800,2387.000,7794.000,2379.000,5158.000,0.948609,1
13,7160,1800,2010.000,7844.000,1988.000,5217.000,0.643407,1
13,7160,1800,1966.000,7695.000,1942.000,5070.000,0.788180,1
13,7160,1800,2917.000,7536.000,2897.000,4992.000,0.241693,1
13,7160,1800,3268.000,8317.000,3269.000,5682.000,0.698990,0
13,7160,1800,2507.000,8239.000,2493.000,5607.000,0.914111,1
13,7160,1800,2021.000,7209.000,1999.000,4580.000,0.364061,1
13,7160,1800,1960.000,7774.000,1939.000,5148.000,0.563059,1
13,7160,1800,2034.000,8407.000,2006.000,5787.000,0.787987,0
13,7160,1800,2925.000,8412.000,2918.000,5782.000,0.713464,0
13,7160,1800,2000.000,8095.000,1974.000,5471.000,0.887798,1
13,7160,1800,3302.000,7916.000,3317.000,5267.000,0.779693,0
13,7160,1800,2949.000,7676.000,3006.000,5015.000,0.243499,1
13,7160,1800,2349.000,8419.000,2328.000,5793.000,0.956171,0
13,7160,1800,2198.000,7920.000,2180.000,5292.000,0.950610,1
13,7160,1800,2684.000,7633.000,2680.000,4994.000,0.940837,1
13,7160,1800,2851.000,8385.000,2845.000,5754.000,0.490373,0
13,7160,1800,2427.000,8019.000,2416.000,5386.000,0.903229,1
13,7160,1800,3094.000,7800.000,3187.000,5151.000,0.251168,0
13,7160,1800,3345.000,8356.000,3346.000,5721.000,0.556375,0
13,7160,1800,2209.000,7951.000,2189.000,5324.000,0.902118,1
13,7160,1800,3377.000,8498.000,3373.000,5869.000,0.392110,0
13,7160,1800,2735.000,7553.000,2735.000,4910.000,0.857795,1
13,7160,1800,2733.000,8699.000,2698.000,6057.000,0.303104,0
13,7160,1800,2894.000,7652.000,2907.000,5021.000,0.793246,1
13,7160,1800,3300.000,7689.000,3316.000,5037.000,0.229741,0
13,7160,1800,2909.000,7899.000,2910.000,5260.000,0.876000,1
13,7160,1800,2373.000,7483.000,2361.000,4848.000,0.847182,1
13,7160,1800,2052.000,7937.000,1989.000,5343.000,0.431445,1
13,7160,1800,2416.000,7866.000,2410.000,5215.000,0.363646,1
13,7160,1800,3229.000,8521.000,3222.000,5893.000,0.663255,0
13,7160,1800,2311.000,8051.000,2326.000,5468.000,0.450889,1
13,7160,1800,3177.000,8426.000,3183.000,5958.000,0.254069,0
13,7160,1800,2137.000,7768.000,2120.000,5139.000,0.949802,1
13,7160,1800,2522.000,8396.000,2517.000,5767.000,0.942090,0
13,7160,1800,2253.000,7415.000,2237.000,4783.000,0.928554,1
13,7160,1800,2296.000,8485.000,2281.000,5861.000,0.930420,0
13,7160,1800,2232.000,7908.000,2202.000,5279.000,0.529319,1
13,7160,1800,2788.000,7578.000,2788.000,4937.000,0.879248,1
13,7160,1800,2485.000,8273.000,2471.000,5643.000,0.954027,1
13,7160,1800,2184.000,7357.000,2127.000,4698.000,0.455416,1
13,7160,1800,2847.000,8730.000,2830.000,6107.000,0.769588,0
13,7160,1800,3390.000,8407.000,3390.000,5773.000,0.317851,0
13,7160,1800,2976.000,7664.000,2979.000,5021.000,0.538750,1
13,7160,1800,3030.000,7548.000,3039.000,4901.000,0.904087,0
13,7160,1800,2430.000,7811.000,2422.000,5176.000,0.930210,1
13,7160,1800,2216.000,8332.000,2189.000,5708.000,0.440517,1
13,7160,1800,2477.000,7721.000,2469.000,5085.000,0.923756,1
13,7160,1800,2722.000,7899.000,2716.000,5263.000,0.827815,1
13,7160,1800,2515.000,7763.000,2517.000,5121.000,0.496059,1
13,7160,1800,3121.000,8524.000,3111.000,5898.000,0.256747,0
13,7160,1800,2206.000,7901.000,2188.000,5272.000,0.948529,1
13,7160,1800,3144.000,8045.000,3145.000,5405.000,0.220436,0
13,7160,1800,2322.000,8204.000,2305.000,5579.000,0.646303,1
13,7160,1800,3046.000,8340.000,3049.000,5710.000,0.653710,0
13,7160,1800,2088.000,8471.000,2061.000,5852.000,0.914591,0
13,7160,1800,2608.000,7481.000,2603.000,4841.000,0.704727,1
13,7160,1800,3210.000,8519.000,3296.000,5908.000,0.540770,0
13,7160,1800,2507.000,8599.000,2490.000,5978.000,0.940851,0
13,7160,1800,3021.000,8327.000,3013.000,5695.000,0.942169,0
13,7160,1800,2027.000,8168.000,2036.000,5535.000,0.765042,1
13,7160,1800,2979.000,8105.000,2993.000,5469.000,0.621856,1
13,7160,1800,2499.000,8259.000,2497.000,5629.000,0.898403,1
13,7160,1800,2126.000,7754.000,2108.000,5124.000,0.934071,1
13,7160,1800,3048.000,7371.000,2938.000,4759.000,0.284250,0
13,7160,1800,2225.000,8546.000,2199.000,5926.000,0.944323,0
13,7160,1800,2548.000,8683.000,2534.000,6063.000,0.928334,0
13,7160,1800,2293.000,8166.000,2272.000,5539.000,0.919368,1
13,7160,1800,2887.000,8570.000,2873.000,5941.000,0.944845,0
13,7160,1800,2910.000,7672.000,2931.000,5005.000,0.210174,1
13,7160,1800,2709.000,7965.000,2698.000,5094.000,0.370692,1
13,7160,1800,1975.000,7226.000,1323.000,4609.000,0.209295,1
13,7160,1800,2355.000,8544.000,2332.000,5923.000,0.946942,0
13,7160,1800,2188.000,7833.000,2172.000,5201.000,0.585333,1
13,7160,1800,2355.000,8337.000,2337.000,5711.000,0.943637,1
13,7160,1800,3231.000,7482.000,3221.000,4897.000,0.230791,0
13,7160,1800,2440.000,7988.000,2367.000,5317.000,0.257289,1
13,7160,1800,2135.000,7476.000,2115.000,4848.000,0.457003,1
13,7160,1800,2997.000,7743.000,3004.000,5101.000,0.739495,1
13,7160,1800,2466.000,7911.000,2458.000,5275.000,0.945552,1
13,7160,1800,2004.000,8131.000,1978.000,5509.000,0.941716,1
13,7160,1800,2503.000,8067.000,2491.000,5435.000,0.929048,1
13,7160,1800,3146.000,7547.000,3158.000,4897.000,0.229980,0
13,7160,1800,2584.000,7493.000,2578.000,4854.000,0.480517,1
13,7160,1800,2115.000,8126.000,2092.000,5500.000,0.899132,1
13,7160,1800,2722.000,8250.000,2710.000,5616.000,0.850269,1
13,7160,1800,2018.000,7988.000,1994.000,5366.000,0.953088,1
13,7160,1800,2209.000,8626.000,2188.000,6004.000,0.890888,0
13,7160,1800,2661.000,8468.000,2648.000,5840.000,0.952779,0
13,7160,1800,3048.000,8743.000,3034.000,6216.000,0.526942,0
13,7160,1800,2249.000,8747.000,2222.000,6166.000,0.467339,0
13,7160,1800,2681.000,7763.000,2673.000,5124.000,0.921124,1
13,7160,1800,2196.000,7421.000,2178.000,4790.000,0.842260,1
13,7160,1800,2766.000,8576.000,2752.000,5951.000,0.945667,0
13,7160,1800,2093.000,7240.000,2073.000,4610.000,0.241821,1
13,7160,1800,3113.000,8181.000,3158.000,5587.000,0.335976,0
13,7160,1800,2223.000,8645.000,2194.000,6027.000,0.951246,0
13,7160,1800,2605.000,7505.000,2616.000,4868.000,0.564256,1
13,7160,1800,3247.000,8380.000,3270.000,5774.000,0.296839,0
13,7160,1800,2938.000,7806.000,2940.000,5167.000,0.799964,1
13,7160,1800,3095.000,8101.000,3094.000,5465.000,0.459887,0
13,7160,1800,2045.000,7636.000,2023.000,5010.000,0.947579,1
13,7160,1800,3019.000,8719.000,2986.000,6160.000,0.389004,0
13,7160,1800,2404.000,8467.000,2385.000,5842.000,0.944344,0
13,7160,1800,2551.000,7422.000,2546.000,4785.000,0.580453,1
13,7160,1800,3090.000,7921.000,3102.000,5280.000,0.805007,0
13,7160,1800,3207.000,8485.000,3265.000,5889.000,0.221021,0
13,7160,1800,2058.000,8141.000,2034.000,5516.000,0.800498,1
13,7160,1800,2390.000,8238.000,2373.000,5608.000,0.949599,1
13,7160,1800,2355.000,8162.000,2337.000,5536.000,0.939403,1
13,7160,1800,2300.000,8395.000,2302.000,5775.000,0.496319,0
13,7160,1800,2154.000,8043.000,2134.000,5416.000,0.522743,1
13,7160,1800,2337.000,7590.000,2300.000,4848.000,0.297353,1
13,7160,1800,2544.000,8315.000,2530.000,5685.000,0.634561,1
13,7160,1800,3012.000,8047.000,3036.000,5406.000,0.574066,0
13,7160,1800,1993.000,8673.000,1958.000,6061.000,0.467932,0
13,7160,1800,3042.000,8208.000,3037.000,5574.000,0.699425,0
13,7160,1800,2898.000,7382.000,2918.000,4566.000,0.334817,1
13,7160,1800,2696.000,7597.000,2693.000,4956.000,0.937329,1
13,7160,1800,2671.000,8411.000,2662.000,5781.000,0.761630,0
13,7160,1800,2110.000,8170.000,2086.000,5547.000,0.867656,1
13,7160,1800,2255.000,7961.000,2236.000,5331.000,0.940329,1
13,7160,1800,2202.000,7938.000,2191.000,5360.000,0.275435,1
13,7160,1800,2566.000,8214.000,2555.000,5582.000,0.949261,1
13,7160,1800,3056.000,7849.000,3058.000,5207.000,0.601253,0
13,7160,1800,2495.000,7918.000,2486.000,5283.000,0.944613,1
13,7160,1800,3155.000,8552.000,3187.000,6121.000,0.433986,0
13,7160,1800,3143.000,7828.000,3171.000,5258.000,0.426691,0
13,7160,1800,1991.000,8709.000,1956.000,6097.000,0.890415,0
13,7160,1800,2279.000,8599.000,2255.000,5980.000,0.950367,0
13,7160,1800,3176.000,7576.000,3189.000,4926.000,0.625792,0
13,7160,1800,2163.000,8272.000,2140.000,5649.000,0.944959,1
13,7160,1800,2149.000,7432.000,2132.000,4800.000,0.570216,1
13,7160,1800,2302.000,8506.000,2287.000,5887.000,0.941943,0
13,7160,1800,2327.000,8615.000,2302.000,5995.000,0.955387,0
13,7160,1800,2904.000,7833.000,2905.000,5193.000,0.790359,1
13,7160,1800,2569.000,7411.000,2564.000,4771.000,0.244640,1
13,7160,1800,2740.000,8746.000,2721.000,6123.000,0.708903,0
13,7160,1800,2229.000,8399.000,2206.000,5776.000,0.874851,0
13,7160,1800,2910.000,7701.000,2933.000,5067.000,0.716531,1
13,7160,1800,3143.000,7970.000,3147.000,5329.000,0.644906,0
13,7160,1800,2579.000,7593.000,2591.000,4952.000,0.916735,1
13,7160,1800,2071.000,7835.000,2052.000,5206.000,0.789322,1
13,7160,1800,2444.000,8257.000,2430.000,5627.000,0.953023,1
13,7160,1800,2829.000,7614.000,2870.000,4917.000,0.230723,1
13,7160,1800,2327.000,8130.000,2311.000,5502.000,0.783896,1
13,7160,1800,3261.000,7704.000,3275.000,5053.000,0.713217,0
13,7160,1800,2449.000,8489.000,2411.000,5816.000,0.675660,0
13,7160,1800,3030.000,8134.000,3029.000,5498.000,0.735885,0
13,7160,1800,3015.000,8068.000,3035.000,5423.000,0.756399,0
13,7160,1800,3155.000,8373.000,3217.000,5767.000,0.351223,0
13,7160,1800,2818.000,8456.000,2807.000,5826.000,0.945083,0
13,7160,1800,2328.000,8456.000,2305.000,5834.000,0.952312,0
13,7160,1800,2283.000,7948.000,2245.000,5244.000,0.464235,1
13,7160,1800,2126.000,7772.000,2108.000,5141.000,0.952711,1
13,7160,1800,2662.000,7540.000,2659.000,4899.000,0.921329,1
13,7160,1800,1949.000,8409.000,1919.000,5792.000,0.833032,0
13,7160,1800,2981.000,8547.000,2970.000,5919.000,0.322159,0
13,7160,1800,2489.000,7844.000,2496.000,5206.000,0.849963,1
13,7160,1800,1974.000,8709.000,1938.000,6098.000,0.807371,0
13,7160,1800,2598.000,8635.000,2614.000,6032.000,0.515998,0
13,7160,1800,2655.000,7975.000,2650.000,5338.000,0.944336,1
13,7160,1800,2347.000,7731.000,2337.000,5099.000,0.949941,1
13,7160,1800,2575.000,8355.000,2562.000,5726.000,0.933898,1
13,7160,1800,3178.000,7567.000,3191.000,4918.000,0.284357,0
13,7160,1800,3128.000,8555.000,3149.000,5885.000,0.389728,0
13,7160,1800,2828.000,7801.000,2797.000,5192.000,0.242874,1
13,7160,1800,2920.000,7485.000,2841.000,4737.000,0.212675,1
13,7160,1800,2545.000,7751.000,2538.000,5113.000,0.952634,1
13,7160,1800,2400.000,8353.000,2416.000,5749.000,0.862898,1
13,7160,1800,2384.000,7726.000,2376.000,5089.000,0.947251,1
13,7160,1800,2599.000,8525.000,2626.000,5944.000,0.243457,0
13,7160,1800,2966.000,7801.000,2967.000,5160.000,0.921654,1
13,7160,1800,3101.000,8420.000,3093.000,5790.000,0.882913,0
13,7160,1800,2585.000,8624.000,2539.000,6031.000,0.512051,0
13,7160,1800,2740.000,8265.000,2732.000,5631.000,0.942939,1
13,7160,1800,3387.000,8371.000,3310.000,5714.000,0.208731,0
13,7160,1800,2624.000,8218.000,2614.000,5584.000,0.675576,1
13,7160,1800,1994.000,7651.000,1970.000,5024.000,0.441218,1
13,7160,1800,2629.000,7670.000,2627.000,5062.000,0.675428,1
13,7160,1800,3153.000,7653.000,3162.000,5005.000,0.250692,0
13,7160,1800,2393.000,8504.000,2372.000,5881.000,0.953852,0
13,7160,1800,2508.000,7339.000,2482.000,4704.000,0.742259,1
13,7160,1800,2684.000,7705.000,2680.000,5065.000,0.950047,1
13,7160,1800,1974.000,8391.000,1943.000,5774.000,0.954727,0
13,7160,1800,2287.000,8330.000,2268.000,5705.000,0.950726,1
13,7160,1800,2941.000,8702.000,2876.000,6196.000,0.446608,0
13,7160,1800,2068.000,7523.000,2031.000,4904.000,0.271119,1
13,7160,1800,2186.000,8208.000,2164.000,5585.000,0.944570,1
13,7160,1800,2979.000,7704.000,2982.000,5064.000,0.834883,1
13,7160,1800,2313.000,7867.000,2311.000,5270.000,0.404513,1
13,7160,1800,2955.000,7368.000,2962.000,4718.000,0.467578,1
13,7160,1800,2885.000,8692.000,2874.000,6179.000,0.548613,0
13,7160,1800,2546.000,8700.000,2533.000,6081.000,0.949997,0
13,7160,1800,2548.000,8523.000,2528.000,5899.000,0.951533,0
13,7160,1800,2693.000,7437.000,2695.000,4793.000,0.350640,1
13,7160,1800,3366.000,8466.000,3362.000,5835.000,0.260531,0
13,7160,1800,2102.000,7681.000,2079.000,5051.000,0.511536,1
13,7160,1800,2699.000,8164.000,2692.000,5530.000,0.693159,1
13,7160,1800,2420.000,7945.000,2410.000,5310.000,0.945072,1
13,7160,1800,2615.000,8337.000,2602.000,5707.000,0.941582,1
13,7160,1800,2633.000,8716.000,2669.000,6137.000,0.640138,0
13,7160,1800,2451.000,8589.000,2429.000,5967.000,0.945499,0
13,7160,1800,2339.000,8202.000,2322.000,5575.000,0.731290,1
13,7160,1800,1964.000,8364.000,1937.000,5747.000,0.795292,0
13,7160,1800,2870.000,7417.000,2874.000,4772.000,0.331924,1
13,7160,1800,3280.000,8166.000,3285.000,5525.000,0.735613,0
13,7160,1800,2404.000,8651.000,2376.000,6030.000,0.818780,0
13,7160,1800,2242.000,7923.000,2224.000,5293.000,0.952450,1
13,7160,1800,3045.000,7342.000,3059.000,4693.000,0.220021,0
13,7160,1800,2052.000,7838.000,2032.000,5209.000,0.914923,1
13,7160,1800,2394.000,8073.000,2380.000,5442.000,0.950985,1
13,7160,1800,1960.000,8365.000,1926.000,5748.000,0.741731,0
13,7160,1800,2055.000,7560.000,2033.000,4933.000,0.943507,1
13,7160,1800,2712.000,8575.000,2697.000,5948.000,0.943374,0
13,7160,1800,2567.000,8629.000,2581.000,5974.000,0.274583,0
13,7160,1800,1981.000,7535.000,1957.000,4911.000,0.472341,1
13,7160,1800,2154.000,7620.000,2110.000,5034.000,0.296466,1
13,7160,1800,3068.000,7926.000,3153.000,5132.000,0.240650,0
13,7160,1800,2736.000,7831.000,2710.000,5151.000,0.680710,1
13,7160,1800,2449.000,7969.000,2443.000,5325.000,0.880473,1
13,7160,1800,2476.000,7497.000,2467.000,4861.000,0.693528,1
13,7160,1800,3165.000,7900.000,3180.000,5262.000,0.661342,0
13,7160,1800,2060.000,8599.000,1886.000,5999.000,0.268377,0
13,7160,1800,2361.000,7592.000,2349.000,4959.000,0.588222,1
13,7160,1800,2023.000,8369.000,1991.000,5696.000,0.310863,0
13,7160,1800,2615.000,8037.000,2607.000,5401.000,0.952776,1
13,7160,1800,2623.000,8441.000,2641.000,5813.000,0.312208,0
13,7160,1800,2216.000,8530.000,2189.000,5911.000,0.853420,0
13,7160,1800,2167.000,8376.000,2143.000,5754.000,0.956417,0
13,7160,1800,2486.000,7499.000,2473.000,4761.000,0.210930,1
13,7160,1800,3047.000,7831.000,3048.000,5190.000,0.715922,0
13,7160,1800,3284.000,7725.000,3302.000,5154.000,0.381133,0
13,7160,1800,2626.000,8175.000,2617.000,5541.000,0.947860,1
13,7160,1800,2261.000,8439.000,2227.000,5905.000,0.345561,0
13,7160,1800,3047.000,7537.000,3139.000,4861.000,0.208709,0
13,7160,1800,2584.000,8678.000,2581.000,6034.000,0.306803,0
13,7160,1800,2187.000,8471.000,2162.000,5850.000,0.949024,0
13,7160,1800,2647.000,7478.000,2642.000,4837.000,0.914929,1
13,7160,1800,2617.000,7697.000,2564.000,4985.000,0.309891,1
13,7160,1800,2058.000,8108.000,2026.000,5591.000,0.202916,1
13,7160,1800,2563.000,8748.000,2544.000,6239.000,0.400990,0
13,7160,1800,2516.000,8175.000,2505.000,5541.000,0.506566,1
13,7160,1800,2451.000,8159.000,2437.000,5527.000,0.949576,1
13,7160,1800,2991.000,7628.000,2997.000,4982.000,0.884519,1
13,7160,1800,2470.000,7822.000,2462.000,5184.000,0.927883,1
13,7160,1800,2006.000,7342.000,1981.000,4717.000,0.247516,1
13,7160,1800,2813.000,7349.000,2846.000,4702.000,0.503604,1
13,7160,1800,1962.000,7824.000,1974.000,5318.000,0.262870,1
13,7160,1800,2589.000,7216.000,2590.000,4569.000,0.312813,1
13,7160,1800,2253.000,7865.000,2238.000,5235.000,0.938022,1
13,7160,1800,3064.000,8112.000,3136.000,5394.000,0.282641,0
13,7160,1800,2196.000,8126.000,2175.000,5500.000,0.321842,1
13,7160,1800,3179.000,7775.000,3219.000,5125.000,0.382261,0
13,7160,1800,2487.000,8593.000,2537.000,5994.000,0.300520,0
13,7160,1800,2501.000,8693.000,2476.000,6078.000,0.614462,0
13,7160,1800,2092.000,7890.000,2070.000,5261.000,0.895989,1
13,7160,1800,2602.000,8654.000,2550.000,6044.000,0.450526,0
13,7160,1800,2049.000,8150.000,2028.000,5524.000,0.893433,1
13,7160,1800,2753.000,8296.000,2744.000,5664.000,0.552476,1
13,7160,1800,2304.000,7541.000,2291.000,4908.000,0.487563,1
13,7160,1800,2883.000,7559.000,2890.000,4913.000,0.546155,1
13,7160,1800,3196.000,8723.000,3268.000,6210.000,0.223798,0
13,7160,1800,2500.000,8702.000,2475.000,6145.000,0.707501,0
13,7160,1800,2451.000,8464.000,2434.000,5839.000,0.953692,0
13,7160,1800,2446.000,7674.000,2438.000,5133.000,0.358858,1
13,7160,1800,2415.000,8557.000,2393.000,5935.000,0.954767,0
13,7160,1800,2200.000,7371.000,2181.000,4743.000,0.455135,1
13,7160,1800,2358.000,8750.000,2323.000,6066.000,0.353544,0
13,7160,1800,2344.000,8139.000,2326.000,5512.000,0.213476,1
13,7160,1800,2920.000,8457.000,2910.000,5827.000,0.559599,0
13,7160,1800,2044.000,7854.000,2023.000,5226.000,0.872891,1
13,7160,1800,2055.000,8751.000,2021.000,6141.000,0.447662,0
13,7160,1800,2399.000,8171.000,2394.000,5578.000,0.569384,1
13,7160,1800,2217.000,8481.000,2191.000,5859.000,0.942385,0
13,7160,1800,2618.000,7493.000,2673.000,4853.000,0.498168,1
13,7160,1800,2768.000,8019.000,2774.000,5381.000,0.840989,1
13,7160,1800,2501.000,8619.000,2478.000,5999.000,0.952814,0
13,7160,1800,2225.000,8622.000,2201.000,6005.000,0.939104,0
13,7160,1800,2309.000,7611.000,2296.000,4978.000,0.949365,1
13,7160,1800,2671.000,7976.000,2666.000,5337.000,0.875806,1
13,7160,1800,2952.000,8310.000,2944.000,5678.000,0.930477,1
13,7160,1800,2507.000,7900.000,2507.000,5249.000,0.740718,1
13,7160,1800,1946.000,8508.000,1913.000,5893.000,0.276639,0
13,7160,1800,2817.000,7321.000,2847.000,4693.000,0.354396,1
13,7160,1800,2652.000,8254.000,2618.000,5663.000,0.579538,1
13,7160,1800,2309.000,8525.000,2285.000,5902.000,0.930369,0
13,7160,1800,1983.000,7596.000,1994.000,5044.000,0.222533,1
13,7160,1800,2916.000,7896.000,2930.000,5145.000,0.321371,1
13,7160,1800,2152.000,7776.000,2132.000,5145.000,0.918348,1
13,7160,1800,2919.000,7723.000,3024.000,5083.000,0.215555,1
13,7160,1800,2305.000,8350.000,2285.000,5726.000,0.935806,1
13,7160,1800,1980.000,7773.000,1959.000,5145.000,0.798563,1
13,7160,1800,2602.000,8123.000,2654.000,5574.000,0.365688,1
13,7160,1800,1956.000,8573.000,1934.000,5865.000,0.704423,0
13,7160,1800,2255.000,7532.000,2233.000,4999.000,0.266872,1
13,7160,1800,2988.000,7376.000,2952.000,4800.000,0.438344,1
13,7160,1800,2915.000,7505.000,2920.000,4859.000,0.586989,1
13,7160,1800,1975.000,8570.000,1904.000,6006.000,0.353707,0
13,7160,1800,2336.000,7835.000,2325.000,5202.000,0.768921,1
13,7160,1800,2182.000,8320.000,2121.000,5643.000,0.796690,1
13,7160,1800,2320.000,7490.000,2308.000,4855.000,0.492437,1
13,7160,1800,2340.000,7695.000,2329.000,5059.000,0.938188,1
13,7160,1800,1946.000,8649.000,1909.000,6039.000,0.432852,0
13,7160,1800,2321.000,8510.000,2299.000,5888.000,0.688612,0
13,7160,1800,3251.000,8190.000,3250.000,5555.000,0.607353,0
13,7160,1800,2527.000,7402.000,2506.000,4788.000,0.694575,1
13,7160,1800,2390.000,8529.000,2368.000,5907.000,0.945577,0
13,7160,1800,3221.000,8600.000,3211.000,5975.000,0.240078,0
13,7160,1800,2318.000,7537.000,2302.000,4864.000,0.457008,1
13,7160,1800,2034.000,8124.000,2009.000,5501.000,0.940896,1
13,7160,1800,2239.000,7196.000,3116.000,4566.000,0.326561,1
13,7160,1800,2769.000,7274.000,2798.000,4631.000,0.383675,1
13,7160,1800,2956.000,8295.000,2948.000,5664.000,0.923258,1
13,7160,1800,2477.000,8240.000,2456.000,5581.000,0.877478,1
13,7160,1800,3197.000,7726.000,3235.000,5071.000,0.597187,0
13,7160,1800,3044.000,8173.000,3042.000,5543.000,0.400772,0
13,7160,1800,2185.000,7398.000,2167.000,4768.000,0.280728,1
13,7160,1800,3336.000,8715.000,3322.000,6095.000,0.333951,0
13,7160,1800,2716.000,8695.000,2698.000,6071.000,0.780335,0
13,7160,1800,2621.000,7486.000,2616.000,4846.000,0.498521,1
13,7160,1800,2058.000,8269.000,2058.000,5665.000,0.336470,1
13,7160,1800,2802.000,8183.000,2773.000,5616.000,0.293697,1
13,7160,1800,2583.000,7797.000,2576.000,5158.000,0.767160,1
13,7160,1800,2183.000,8045.000,2164.000,5417.000,0.937966,1
13,7160,1800,3131.000,7951.000,3292.000,5289.000,0.262669,0
13,7160,1800,2302.000,8440.000,2329.000,5839.000,0.465382,0
13,7160,1800,2447.000,8518.000,2427.000,5912.000,0.788755,0
13,7160,1800,2686.000,8638.000,2630.000,5969.000,0.334700,0
13,7160,1800,2837.000,7376.000,2694.000,4644.000,0.214575,1
13,7160,1800,2864.000,8739.000,2914.000,6308.000,0.260102,0
13,7160,1800,2220.000,8309.000,2198.000,5685.000,0.873077,1
13,7160,1800,2987.000,8088.000,2984.000,5451.000,0.916543,1
13,7160,1800,2899.000,7797.000,2900.000,5157.000,0.940700,1
13,7160,1800,3167.000,7749.000,3160.000,5166.000,0.406329,0
13,7160,1800,2808.000,8531.000,2797.000,5902.000,0.949729,0
13,7160,1800,2036.000,8361.000,2008.000,5741.000,0.951352,0
13,7160,1800,2398.000,7699.000,2389.000,5063.000,0.879657,1
13,7160,1800,2879.000,8159.000,2893.000,5502.000,0.256689,1
13,7160,1800,2220.000,8273.000,2201.000,5649.000,0.948645,1
13,7160,1800,2231.000,7663.000,2215.000,5031.000,0.947938,1
13,7160,1800,3127.000,7933.000,3148.000,5318.000,0.591256,0
13,7160,1800,2750.000,7891.000,2746.000,5153.000,0.333761,1
13,7160,1800,2730.000,7448.000,2665.000,4697.000,0.391207,1
13,7160,1800,2831.000,8377.000,2825.000,5747.000,0.589890,0
13,7160,1800,2543.000,7812.000,2553.000,5139.000,0.863257,1
13,7160,1800,2570.000,8687.000,2539.000,6072.000,0.375759,0
13,7160,1800,1972.000,7587.000,1907.000,5021.000,0.346532,1
13,7160,1800,2029.000,8525.000,1986.000,5799.000,0.341978,0
13,7160,1800,2624.000,8713.000,2588.000,6221.000,0.259738,0
13,7160,1800,1946.000,7982.000,1868.000,5438.000,0.527709,1
13,7160,1800,2244.000,8121.000,2224.000,5494.000,0.880620,1
13,7160,1800,2388.000,8137.000,2372.000,5506.000,0.954298,1
13,7160,1800,2874.000,7755.000,2873.000,5114.000,0.946913,1
13,7160,1800,2662.000,7589.000,2658.000,4949.000,0.923810,1
13,7160,1800,2392.000,8681.000,2314.000,6146.000,0.514460,0
13,7160,1800,2190.000,7930.000,2168.000,5298.000,0.947617,1
13,7160,1800,1963.000,7828.000,1942.000,5207.000,0.256402,1
13,7160,1800,2816.000,8400.000,2806.000,5767.000,0.530542,0
13,7160,1800,2954.000,8586.000,2920.000,5967.000,0.453659,0
13,7160,1800,2670.000,7522.000,2666.000,4882.000,0.863038,1
13,7160,1800,2176.000,7598.000,2158.000,4968.000,0.939479,1
13,7160,1800,2846.000,8263.000,2838.000,5633.000,0.308529,1
13,7160,1800,2610.000,8644.000,2628.000,6033.000,0.447965,0
13,7160,1800,2154.000,8223.000,2090.000,5483.000,0.554118,1
13,7160,1800,2113.000,8629.000,2083.000,6012.000,0.952886,0
13,7160,1800,1979.000,7647.000,1956.000,5018.000,0.533667,1
13,7160,1800,2541.000,8693.000,2519.000,6075.000,0.949840,0
13,7160,1800,2906.000,7860.000,3004.000,5235.000,0.203224,1
13,7160,1800,2701.000,7363.000,2705.000,4719.000,0.749621,1
13,7160,1800,2660.000,7702.000,2656.000,5064.000,0.641699,1
13,7160,1800,2328.000,8744.000,2298.000,6128.000,0.773532,0
13,7160,1800,3076.000,7665.000,3081.000,5036.000,0.760576,0
13,7160,1800,2691.000,7943.000,2717.000,5301.000,0.614635,1
13,7160,1800,3002.000,8236.000,2961.000,5576.000,0.456618,0
13,7160,1800,2236.000,8542.000,2210.000,5922.000,0.953652,0
13,7160,1800,3051.000,8733.000,3032.000,6195.000,0.232590,0
13,7160,1800,3035.000,8358.000,3028.000,5727.000,0.839361,0
13,7160,1800,2683.000,8413.000,2678.000,5778.000,0.713925,0
13,7160,1800,2834.000,8546.000,2844.000,5902.000,0.365451,0
13,7160,1800,2509.000,8379.000,2494.000,5751.000,0.939763,0
13,7160,1800,3185.000,7586.000,3192.000,4947.000,0.519544,0
13,7160,1800,2009.000,7574.000,1986.000,4949.000,0.687574,1
13,7160,1800,2443.000,8697.000,2418.000,6078.000,0.388619,0
13,7160,1800,2064.000,8053.000,2040.000,5429.000,0.873952,1
13,7160,1800,2115.000,7534.000,2135.000,4990.000,0.471684,1
13,7160,1800,3288.000,7511.000,3343.000,4920.000,0.262492,0
13,7160,1800,2756.000,8354.000,2750.000,5720.000,0.941712,1
13,7160,1800,2806.000,8351.000,2797.000,5719.000,0.482966,1
13,7160,1800,3178.000,8321.000,3174.000,5690.000,0.739500,0
13,7160,1800,2874.000,7455.000,2925.000,4840.000,0.862542,1
13,7160,1800,2568.000,8043.000,2558.000,5409.000,0.947601,1
13,7160,1800,3130.000,7684.000,3140.000,5036.000,0.332515,0
13,7160,1800,3027.000,8657.000,3014.000,6030.000,0.921746,0
13,7160,1800,2124.000,7861.000,2073.000,5165.000,0.827838,1
13,7160,1800,3363.000,8606.000,3354.000,5982.000,0.316654,0
13,7160,1800,2167.000,8638.000,2056.000,6114.000,0.233659,0
13,7160,1800,2512.000,7301.000,2506.000,4660.000,0.846134,1
13,7160,1800,2580.000,8005.000,2585.000,5400.000,0.409487,1
13,7160,1800,2938.000,8183.000,2934.000,5472.000,0.201691,1
13,7160,1800,2019.000,7825.000,1998.000,5197.000,0.880594,1
13,7160,1800,2290.000,8429.000,2286.000,5802.000,0.721881,0
13,7160,1800,2090.000,8296.000,1991.000,5678.000,0.223016,1
13,7160,1800,2633.000,8668.000,2574.000,6073.000,0.586069,0
13,7160,1800,2440.000,8066.000,2417.000,5423.000,0.780617,1
13,7160,1800,1961.000,8582.000,1926.000,5967.000,0.527694,0
13,7160,1800,2741.000,7585.000,2739.000,4944.000,0.898755,1
13,7160,1800,2065.000,7427.000,2042.000,4796.000,0.762765,1
13,7160,1800,2058.000,8342.000,2057.000,5701.000,0.478901,1
13,7160,1800,1967.000,7443.000,1916.000,4940.000,0.557249,1
13,7160,1800,1966.000,8267.000,1935.000,5648.000,0.876739,1
13,7160,1800,2233.000,8700.000,2228.000,6144.000,0.380811,0
13,7160,1800,2424.000,8662.000,2400.000,6045.000,0.604164,0
13,7160,1800,3149.000,8374.000,3185.000,5776.000,0.507014,0
13,7160,1800,3046.000,8116.000,3062.000,5475.000,0.496387,0
13,7160,1800,3163.000,7602.000,3166.000,4942.000,0.347748,0
13,7160,1800,2003.000,8023.000,1983.000,5401.000,0.775902,1
13,7160,1800,2705.000,8057.000,2700.000,5420.000,0.819907,1
13,7160,1800,2005.000,7680.000,1989.000,4869.000,0.230584,1
13,7160,1800,3002.000,7993.000,3001.000,5354.000,0.669738,0
13,7160,1800,3023.000,7691.000,3113.000,5194.000,0.218673,0
13,7160,1800,2367.000,7581.000,2355.000,4947.000,0.906059,1
13,7160,1800,2215.000,8064.000,2223.000,5343.000,0.241387,1
13,7160,1800,3364.000,8427.000,3365.000,5796.000,0.352430,0
13,7160,1800,3198.000,8014.000,3203.000,5371.000,0.847246,0
13,7160,1800,2088.000,8107.000,2079.000,5473.000,0.916460,1
13,7160,1800,3063.000,7834.000,3065.000,5192.000,0.571508,0
13,7160,1800,2429.000,7592.000,2376.000,4864.000,0.363073,1
13,7160,1800,2586.000,7640.000,2628.000,4880.000,0.456962,1
13,7160,1800,2405.000,7530.000,2395.000,4895.000,0.359513,1
13,7160,1800,2737.000,7284.000,2739.000,4637.000,0.378470,1
13,7160,1800,2334.000,8051.000,2319.000,5422.000,0.948977,1
13,7160,1800,2471.000,7464.000,2461.000,4827.000,0.258881,1
13,7160,1800,3032.000,7395.000,3020.000,4693.000,0.420413,0
13,7160,1800,2113.000,8058.000,2059.000,5445.000,0.535981,1
13,7160,1800,2041.000,8194.000,2001.000,5524.000,0.485255,1
13,7160,1800,2688.000,8395.000,2665.000,5757.000,0.892145,0
13,7160,1800,3063.000,7674.000,3081.000,5070.000,0.946447,0
13,7160,1800,3132.000,7958.000,3135.000,5316.000,0.463037,0
13,7160,1800,3034.000,7932.000,3034.000,5296.000,0.529879,0
13,7160,1800,2785.000,8319.000,2776.000,5686.000,0.897270,1
13,7160,1800,1968.000,7771.000,1950.000,5157.000,0.709822,1
13,7160,1800,2124.000,7951.000,2103.000,5323.000,0.799433,1
13,7160,1800,2697.000,8511.000,2672.000,5846.000,0.466057,0
13,7160,1800,2716.000,7466.000,2650.000,4790.000,0.410482,1
13,7160,1800,2056.000,8488.000,2079.000,5852.000,0.692140,0
13,7160,1800,2886.000,8744.000,2899.000,6156.000,0.436881,0
13,7160,1800,2080.000,8075.000,2079.000,5451.000,0.529620,1
13,7160,1800,2199.000,8691.000,2183.000,6078.000,0.667030,0
13,7160,1800,2093.000,8717.000,2059.000,6103.000,0.908771,0
13,7160,1800,2616.000,8320.000,2603.000,5689.000,0.941805,1
13,7160,1800,2629.000,7564.000,2644.000,4921.000,0.770833,1
13,7160,1800,2790.000,7509.000,2722.000,4871.000,0.322454,1
13,7160,1800,3005.000,7842.000,3024.000,5203.000,0.932195,0
13,7160,1800,2525.000,8695.000,2557.000,6143.000,0.292207,0
13,7160,1800,2622.000,7631.000,2619.000,4980.000,0.787491,1
13,7160,1800,2814.000,7550.000,2815.000,4908.000,0.798013,1
13,7160,1800,2568.000,8553.000,2564.000,5963.000,0.563213,0
13,7160,1800,2340.000,7377.000,2326.000,4741.000,0.929053,1
13,7160,1800,2144.000,8663.000,2065.000,6048.000,0.785197,0
13,7160,1800,3086.000,8337.000,3118.000,5567.000,0.249480,0
13,7160,1800,2645.000,8328.000,2640.000,5653.000,0.297426,1
13,7160,1800,2289.000,7622.000,2308.000,5016.000,0.408018,1
13,7160,1800,2607.000,8688.000,2549.000,6065.000,0.512258,0
13,7160,1800,3276.000,7907.000,3287.000,5257.000,0.224872,0
13,7160,1800,2607.000,7540.000,2600.000,4901.000,0.929124,1
13,7160,1800,2322.000,7391.000,2309.000,4759.000,0.740284,1
13,7160,1800,3328.000,8652.000,3328.000,6109.000,0.300622,0
13,7160,1800,3002.000,8265.000,2994.000,5634.000,0.934969,0
13,7160,1800,1943.000,8025.000,1920.000,5403.000,0.229713,1
13,7160,1800,2095.000,7364.000,2126.000,4733.000,0.236745,1
13,7160,1800,2052.000,8558.000,2032.000,6000.000,0.471299,0
13,7160,1800,2598.000,8694.000,2587.000,6144.000,0.750726,0
13,7160,1800,2909.000,7687.000,2910.000,5051.000,0.511223,1
13,7160,1800,2943.000,8376.000,2938.000,5746.000,0.879182,0
13,7160,1800,3028.000,8157.000,3024.000,5523.000,0.750526,0
13,7160,1800,2064.000,8594.000,2033.000,5978.000,0.839666,0
13,7160,1800,2013.000,8159.000,2000.000,5545.000,0.787736,1
13,7160,1800,3010.000,8012.000,3021.000,5288.000,0.395828,0
13,7160,1800,2276.000,8484.000,2261.000,5892.000,0.307229,0
13,7160,1800,2031.000,7839.000,2010.000,5212.000,0.846804,1
13,7160,1800,3048.000,8351.000,3042.000,5720.000,0.379097,0
13,7160,1800,2735.000,7722.000,2734.000,5081.000,0.681439,1
13,7160,1800,2999.000,7989.000,2972.000,5363.000,0.378806,1
13,7160,1800,2265.000,7869.000,2254.000,5233.000,0.571390,1
13,7160,1800,2945.000,7406.000,2952.000,4757.000,0.318868,1
13,7160,1800,2046.000,8137.000,2074.000,5495.000,0.259910,1
13,7160,1800,3326.000,7741.000,3342.000,5090.000,0.324858,0
13,7160,1800,2616.000,7827.000,2665.000,5149.000,0.225964,1
13,7160,1800,1977.000,7215.000,1955.000,4589.000,0.527046,1
13,7160,1800,2783.000,7842.000,2779.000,5205.000,0.936861,1
13,7160,1800,2484.000,8747.000,2432.000,6242.000,0.526331,0
13,7160,1800,3314.000,8235.000,3319.000,5595.000,0.602296,0
13,7160,1800,2729.000,7674.000,2726.000,5032.000,0.879805,1
13,7160,1800,1988.000,8253.000,1938.000,5639.000,0.555127,1
13,7160,1800,2922.000,8165.000,2961.000,5503.000,0.350084,1
13,7160,1800,2932.000,7721.000,2933.000,5078.000,0.747172,1
13,7160,1800,3254.000,8104.000,3260.000,5462.000,0.463023,0
13,7160,1800,2643.000,8553.000,2626.000,5927.000,0.921716,0
13,7160,1800,3276.000,8174.000,3283.000,5533.000,0.611531,0
13,7160,1800,2834.000,7476.000,2896.000,4809.000,0.243920,1
13,7160,1800,2759.000,8548.000,2789.000,5981.000,0.445346,0
13,7160,1800,2806.000,8516.000,2772.000,6059.000,0.231026,0
13,7160,1800,1988.000,8717.000,1948.000,6103.000,0.589067,0
13,7160,1800,2899.000,8043.000,2894.000,5407.000,0.273784,1
13,7160,1800,2558.000,7692.000,2591.000,5029.000,0.880805,1
13,7160,1800,3023.000,7658.000,3088.000,5051.000,0.241179,0
13,7160,1800,2218.000,8123.000,2198.000,5547.000,0.579707,1
13,7160,1800,2943.000,7947.000,2942.000,5309.000,0.941491,1
13,7160,1800,2900.000,7906.000,2899.000,5268.000,0.850493,1
13,7160,1800,2324.000,7523.000,2173.000,4923.000,0.209004,1
13,7160,1800,2917.000,7892.000,2918.000,5251.000,0.518689,1
13,7160,1800,2350.000,7795.000,2338.000,5161.000,0.954616,1
13,7160,1800,2185.000,8411.000,2148.000,5814.000,0.646160,0
13,7160,1800,3126.000,7566.000,3137.000,4915.000,0.521210,0
13,7160,1800,2017.000,7668.000,1998.000,4958.000,0.330585,1
13,7160,1800,2899.000,7343.000,2828.000,4613.000,0.366203,1
13,7160,1800,2239.000,7882.000,2223.000,5250.000,0.945709,1
13,7160,1800,3325.000,7859.000,3341.000,5209.000,0.209135,0
13,7160,1800,2307.000,8427.000,2308.000,5806.000,0.861219,0
13,7160,1800,2334.000,8073.000,2319.000,5482.000,0.681275,1
13,7160,1800,2811.000,8719.000,2797.000,6096.000,0.796944,0
13,7160,1800,2055.000,7431.000,2034.000,4804.000,0.329565,1
13,7160,1800,2346.000,7624.000,2319.000,5003.000,0.619989,1
13,7160,1800,2428.000,8168.000,2412.000,5537.000,0.955107,1
13,7160,1800,2678.000,8751.000,2637.000,6195.000,0.393769,0
13,7160,1800,2036.000,8721.000,2022.000,6133.000,0.332559,0
13,7160,1800,2642.000,8049.000,2635.000,5412.000,0.908892,1
13,7160,1800,2910.000,7714.000,2868.000,4935.000,0.329684,1
13,7160,1800,2547.000,7813.000,2542.000,5176.000,0.904514,1
13,7160,1800,3289.000,8183.000,3293.000,5543.000,0.663090,0
13,7160,1800,3065.000,8698.000,3108.000,6138.000,0.250206,0
13,7160,1800,2608.000,7426.000,2604.000,4784.000,0.659120,1
13,7160,1800,2135.000,7553.000,2094.000,4907.000,0.467033,1
13,7160,1800,2805.000,8212.000,2797.000,5578.000,0.568122,1
13,7160,1800,2111.000,8208.000,2087.000,5585.000,0.924445,1
13,7160,1800,2699.000,8703.000,2717.000,6075.000,0.627310,0
13,7160,1800,2801.000,8072.000,2782.000,5411.000,0.622682,1
14,7160,3000,3283.000,8490.000,3277.000,5862.000,0.461709,0
14,7160,3000,3451.000,8517.000,3449.000,5888.000,0.815259,0
14,7160,3000,3573.000,8439.000,3579.000,5805.000,0.701961,0
14,7160,3000,3148.000,8123.000,3263.000,5339.000,0.200794,1
14,7160,3000,3048.000,8407.000,3048.000,5699.000,0.401895,0
14,7160,3000,3605.000,8304.000,3556.000,5705.000,0.239652,1
14,7160,3000,3568.000,8456.000,3532.000,5884.000,0.288198,0
14,7160,3000,3290.000,8172.000,3296.000,5529.000,0.597038,1
14,7160,3000,3238.000,8359.000,3315.000,5698.000,0.207362,1
14,7160,3000,3297.000,8496.000,3302.000,5849.000,0.674535,0
14,7160,3000,3460.000,7889.000,3378.000,5284.000,0.375760,1
14,7160,3000,3587.000,8581.000,3586.000,5952.000,0.697967,0
14,7160,3000,3536.000,7831.000,3574.000,5173.000,0.212051,1
14,7160,3000,3268.000,8246.000,3337.000,5538.000,0.395338,1
14,7160,3000,3247.000,8458.000,3242.000,5828.000,0.217733,0
14,7160,3000,3553.000,8642.000,3551.000,6015.000,0.423095,0
14,7160,3000,3579.000,8452.000,3585.000,5818.000,0.695730,0
14,7160,3000,3366.000,7815.000,3324.000,5184.000,0.482248,1
14,7160,3000,3698.000,8569.000,3701.000,5938.000,0.653709,0
14,7160,3000,3288.000,8445.000,3312.000,5738.000,0.339835,0
14,7160,3000,3264.000,8468.000,3258.000,5840.000,0.308850,0
14,7160,3000,3219.000,8686.000,3278.000,6163.000,0.219280,0
14,7160,3000,3082.000,8535.000,3072.000,5907.000,0.390573,0
14,7160,3000,3118.000,8480.000,3149.000,5885.000,0.236035,0
14,7160,3000,3412.000,8599.000,3406.000,5971.000,0.469490,0
14,7160,3000,3270.000,7693.000,3285.000,5042.000,0.310502,1
14,7160,3000,3307.000,8477.000,3287.000,5872.000,0.246923,0
14,7160,3000,3588.000,7879.000,3606.000,5223.000,0.206274,1
14,7160,3000,3316.000,8549.000,3315.000,5920.000,0.297668,0
14,7160,3000,3230.000,8193.000,3232.000,5555.000,0.862518,1
14,7160,3000,3183.000,8629.000,3323.000,5917.000,0.220920,0
14,7160,3000,3749.000,8320.000,3655.000,5651.000,0.219893,1
14,7160,3000,3706.000,8589.000,3708.000,5958.000,0.713300,0
14,7160,3000,3314.000,7943.000,3328.000,5294.000,0.731289,1
14,7160,3000,3148.000,8450.000,3185.000,5776.000,0.286310,0
14,7160,3000,3411.000,8316.000,3416.000,5678.000,0.715934,1
14,7160,3000,3206.000,7542.000,3241.000,4887.000,0.245613,1
14,7160,3000,3440.000,8701.000,3449.000,6074.000,0.227422,0
14,7160,3000,3487.000,8694.000,3475.000,6070.000,0.515117,0
14,7160,3000,3234.000,8397.000,3229.000,5766.000,0.443271,0
14,7160,3000,3253.000,8485.000,3250.000,5855.000,0.540846,0
14,7160,3000,3285.000,8723.000,3339.000,6291.000,0.208069,0
14,7160,3000,3572.000,8472.000,3566.000,5755.000,0.328840,0
14,7160,3000,3428.000,8417.000,3429.000,5783.000,0.317498,0
14,7160,3000,3213.000,8029.000,3219.000,5386.000,0.739177,1
14,7160,3000,3564.000,8444.000,3570.000,5810.000,0.240358,0
14,7160,3000,3709.000,8307.000,3722.000,5666.000,0.216784,1
14,7160,3000,3409.000,7705.000,3429.000,5053.000,0.333337,1
14,7160,3000,3108.000,8595.000,3097.000,5970.000,0.294913,0
14,7160,3000,3194.000,8349.000,3183.000,5589.000,0.228836,1
14,7160,3000,3031.000,7746.000,3036.000,5103.000,0.224211,1
14,7160,3000,3268.000,8317.000,3269.000,5682.000,0.809835,1
14,7160,3000,3302.000,7916.000,3317.000,5267.000,0.890743,1
14,7160,3000,3696.000,8314.000,3710.000,5672.000,0.297800,1
14,7160,3000,3272.000,8516.000,3265.000,5889.000,0.266264,0
14,7160,3000,3345.000,8356.000,3346.000,5721.000,0.475371,1
14,7160,3000,3390.000,8407.000,3391.000,5773.000,0.863059,0
14,7160,3000,3518.000,8429.000,3466.000,5774.000,0.420425,0
14,7160,3000,3273.000,8672.000,3345.000,6036.000,0.302079,0
14,7160,3000,3300.000,7689.000,3316.000,5037.000,0.461261,1
14,7160,3000,3229.000,8521.000,3222.000,5893.000,0.627898,0
14,7160,3000,3177.000,8426.000,3174.000,5690.000,0.248891,0
14,7160,3000,3381.000,7497.000,3398.000,4844.000,0.217451,1
14,7160,3000,3527.000,8195.000,3542.000,5543.000,0.441189,1
14,7160,3000,3463.000,8410.000,3503.000,5804.000,0.390121,0
14,7160,3000,3362.000,7997.000,3375.000,5410.000,0.355882,1
14,7160,3000,3144.000,8045.000,3145.000,5405.000,0.667892,1
14,7160,3000,3021.000,8327.000,3013.000,5695.000,0.262472,1
14,7160,3000,3255.000,7954.000,3228.000,5295.000,0.271392,1
14,7160,3000,3326.000,8394.000,3346.000,5668.000,0.326365,0
14,7160,3000,3210.000,8519.000,3296.000,5908.000,0.356235,0
14,7160,3000,3543.000,8624.000,3539.000,5939.000,0.200992,0
14,7160,3000,3377.000,8498.000,3373.000,5869.000,0.760735,0
14,7160,3000,3483.000,8523.000,3482.000,5897.000,0.424219,0
14,7160,3000,3600.000,8465.000,3574.000,5839.000,0.298544,0
14,7160,3000,3247.000,8515.000,3239.000,5885.000,0.424331,0
14,7160,3000,3622.000,8544.000,3623.000,5913.000,0.464918,0
14,7160,3000,3276.000,8133.000,3316.000,5510.000,0.336000,1
14,7160,3000,3360.000,8452.000,3334.000,5831.000,0.378868,0
14,7160,3000,3540.000,8568.000,3539.000,5997.000,0.206420,0
14,7160,3000,3514.000,8607.000,3510.000,5979.000,0.479435,0
14,7160,3000,3113.000,8181.000,3158.000,5587.000,0.246704,1
14,7160,3000,3095.000,8101.000,3094.000,5465.000,0.416541,1
14,7160,3000,3481.000,7918.000,3501.000,5264.000,0.429808,1
16,8360,1800,3240.000,9900.000,3116.000,7666.000,0.242655,0
16,8360,1800,3071.000,9480.000,3037.000,6878.000,0.296464,0
16,8360,1800,3224.000,9740.000,3157.000,7101.000,0.220829,0
16,8360,1800,3016.000,8676.000,3002.000,6053.000,0.202299,0
16,8360,1800,2264.000,9013.000,2166.000,6386.000,0.211760,1
16,8360,1800,3195.000,9833.000,3151.000,7247.000,0.206792,0
16,8360,1800,2848.000,9394.000,2810.000,6797.000,0.217241,1
16,8360,1800,3390.000,8407.000,3390.000,5773.000,0.267622,0
16,8360,1800,3253.000,9898.000,3206.000,7312.000,0.201409,0
16,8360,1800,2863.000,9324.000,2826.000,6723.000,0.238055,1
16,8360,1800,2729.000,9246.000,2692.000,6644.000,0.231656,1
16,8360,1800,2731.000,9089.000,2700.000,6480.000,0.203725,1
16,8360,1800,3022.000,8793.000,3149.000,6129.000,0.403335,0
16,8360,1800,3118.000,8842.000,3204.000,6300.000,0.211593,0
16,8360,1800,3118.000,9508.000,3078.000,6909.000,0.386436,0
16,8360,1800,3149.000,9935.000,3096.000,7354.000,0.202095,0
16,8360,1800,2835.000,9768.000,2777.000,7188.000,0.382564,0
16,8360,1800,3191.000,9778.000,3147.000,7188.000,0.276284,0
16,8360,1800,3097.000,9351.000,3067.000,6746.000,0.212018,0
19,9560,1800,2219.000,10370.000,2120.000,7830.000,0.802562,1
19,9560,1800,2046.000,10172.000,1950.000,7629.000,0.467868,1
19,9560,1800,2952.000,10193.000,2884.000,7622.000,0.468962,1
19,9560,1800,2148.000,11128.000,2042.000,8509.000,0.266908,0
19,9560,1800,3350.000,11079.000,3275.000,8527.000,0.928631,0
19,9560,1800,2071.000,10724.000,1962.000,8193.000,0.295415,1
19,9560,1800,3388.000,10341.000,3328.000,7842.000,0.545803,0
19,9560,1800,3230.000,9919.000,3181.000,7335.000,0.541929,0
19,9560,1800,2627.000,11100.000,2518.000,8667.000,0.403624,0
19,9560,1800,2316.000,11028.000,2205.000,8503.000,0.512119,0
19,9560,1800,2475.000,10463.000,2380.000,7920.000,0.848777,1
19,9560,1800,3324.000,9957.000,3276.000,7373.000,0.762263,0
19,9560,1800,3285.000,9861.000,3240.000,7273.000,0.641374,0
19,9560,1800,3339.000,10548.000,3273.000,7984.000,0.872892,0
19,9560,1800,2469.000,10304.000,2377.000,7757.000,0.222872,1
19,9560,1800,1958.000,10792.000,1848.000,8263.000,0.891956,0
19,9560,1800,2137.000,11106.000,2021.000,8584.000,0.866590,0
19,9560,1800,2696.000,10637.000,2604.000,8094.000,0.949898,1
19,9560,1800,2279.000,10271.000,2182.000,7725.000,0.510297,1
19,9560,1800,2659.000,10215.000,2576.000,7662.000,0.375296,1
19,9560,1800,2869.000,10741.000,2781.000,8195.000,0.289331,1
19,9560,1800,2466.000,10975.000,2391.000,8469.000,0.422527,0
19,9560,1800,2708.000,10218.000,2628.000,7662.000,0.769676,1
19,9560,1800,3273.000,10095.000,3219.000,7518.000,0.321017,0
19,9560,1800,3050.000,9960.000,2994.000,7382.000,0.744985,0
19,9560,1800,2950.000,10154.000,2872.000,7587.000,0.219013,1
19,9560,1800,2403.000,9865.000,2441.000,7129.000,0.209845,1
19,9560,1800,2288.000,10671.000,2257.000,8137.000,0.291201,1
19,9560,1800,2026.000,10311.000,1935.000,7921.000,0.210740,1
19,9560,1800,2209.000,10765.000,2103.000,8233.000,0.353272,0
19,9560,1800,2382.000,10550.000,2285.000,8011.000,0.644719,1
19,9560,1800,2502.000,11087.000,2415.000,8604.000,0.661832,0
19,9560,1800,2883.000,10440.000,2803.000,7885.000,0.926758,1
19,9560,1800,2412.000,10226.000,2325.000,7676.000,0.800075,1
19,9560,1800,2548.000,11067.000,2442.000,8536.000,0.785321,0
19,9560,1800,2409.000,10250.000,2319.000,7702.000,0.688776,1
19,9560,1800,2028.000,10165.000,1934.000,7619.000,0.261067,1
19,9560,1800,3227.000,11070.000,3150.000,8520.000,0.931779,0
19,9560,1800,2837.000,11018.000,2745.000,8478.000,0.905136,0
19,9560,1800,3208.000,10668.000,3135.000,8112.000,0.667445,0
19,9560,1800,3224.000,9740.000,3157.000,7101.000,0.604378,0
19,9560,1800,2043.000,10940.000,1938.000,8413.000,0.352836,0
19,9560,1800,2892.000,10873.000,2815.000,8326.000,0.906147,0
19,9560,1800,2373.000,10559.000,2275.000,8020.000,0.606077,1
19,9560,1800,2215.000,10073.000,2156.000,7599.000,0.233927,1
19,9560,1800,3037.000,10777.000,2955.000,8227.000,0.949678,0
19,9560,1800,2227.000,10973.000,2117.000,8448.000,0.887730,0
19,9560,1800,2232.000,10848.000,2124.000,8318.000,0.841343,0
19,9560,1800,2151.000,10786.000,2043.000,8255.000,0.618252,0
19,9560,1800,3009.000,11073.000,2923.000,8529.000,0.773860,0
19,9560,1800,2427.000,10243.000,2338.000,7695.000,0.751957,1
19,9560,1800,3384.000,10328.000,3348.000,7646.000,0.245977,0
19,9560,1800,2953.000,9977.000,2824.000,7135.000,0.203012,1
19,9560,1800,3038.000,10662.000,2958.000,8110.000,0.819994,0
19,9560,1800,3292.000,11081.000,3210.000,8537.000,0.875279,0
19,9560,1800,2299.000,10672.000,2261.000,8150.000,0.221222,1
19,9560,1800,1984.000,10819.000,1873.000,8290.000,0.646335,0
19,9560,1800,3005.000,10708.000,2941.000,8157.000,0.551691,0
19,9560,1800,2573.000,10453.000,2482.000,7907.000,0.915445,1
19,9560,1800,3284.000,10113.000,3230.000,7537.000,0.808821,0
19,9560,1800,3216.000,9809.000,3183.000,7218.000,0.277145,0
19,9560,1800,2471.000,10011.000,2431.000,7539.000,0.521773,1
19,9560,1800,2414.000,9855.000,2382.000,7275.000,0.351477,1
19,9560,1800,2618.000,11085.000,2541.000,8561.000,0.683241,0
19,9560,1800,2963.000,10857.000,2879.000,8310.000,0.946351,0
19,9560,1800,3144.000,10828.000,3082.000,8263.000,0.220002,0
19,9560,1800,2226.000,11003.000,2114.000,8478.000,0.249317,0
19,9560,1800,2038.000,10792.000,1976.000,8277.000,0.384690,0
19,9560,1800,3246.000,10692.000,3146.000,8156.000,0.595047,0
19,9560,1800,3289.000,10858.000,3214.000,8304.000,0.937747,0
19,9560,1800,2437.000,10326.000,2378.000,7793.000,0.503002,1
19,9560,1800,2270.000,10461.000,2126.000,7954.000,0.302145,1
19,9560,1800,3364.000,10097.000,3314.000,7518.000,0.703476,0
19,9560,1800,2806.000,11018.000,2715.000,8475.000,0.605846,0
19,9560,1800,2488.000,10384.000,2396.000,7838.000,0.822862,1
19,9560,1800,2052.000,10636.000,1944.000,8104.000,0.230561,1
19,9560,1800,3350.000,10097.000,3298.000,7519.000,0.724965,0
19,9560,1800,2516.000,10862.000,2415.000,8328.000,0.931296,0
19,9560,1800,3058.000,9976.000,3001.000,7398.000,0.546314,0
19,9560,1800,3162.000,9853.000,3114.000,7268.000,0.655388,0
19,9560,1800,3065.000,10353.000,2959.000,7847.000,0.459659,0
19,9560,1800,2955.000,11082.000,2865.000,8540.000,0.492627,0
19,9560,1800,2313.000,11114.000,2199.000,8591.000,0.880108,0
19,9560,1800,3223.000,10280.000,3164.000,7709.000,0.618636,0
19,9560,1800,2702.000,10231.000,2623.000,7675.000,0.712580,1
19,9560,1800,2482.000,10890.000,2378.000,8358.000,0.939411,0
19,9560,1800,3294.000,10037.000,3241.000,7458.000,0.665226,0
19,9560,1800,2049.000,11080.000,1932.000,8558.000,0.300936,0
19,9560,1800,3359.000,10684.000,3290.000,8122.000,0.536308,0
19,9560,1800,2887.000,10890.000,2783.000,8343.000,0.422916,0
19,9560,1800,3262.000,10286.000,3211.000,7720.000,0.234153,0
19,9560,1800,2842.000,11035.000,2756.000,8501.000,0.519136,0
19,9560,1800,2119.000,10533.000,2014.000,7997.000,0.277784,1
19,9560,1800,2159.000,10156.000,2067.000,7608.000,0.273417,1
19,9560,1800,3296.000,9971.000,3252.000,7042.000,0.227129,0
19,9560,1800,3269.000,10068.000,3226.000,7487.000,0.264096,0
19,9560,1800,2169.000,10743.000,2073.000,8216.000,0.472105,1
19,9560,1800,2290.000,10552.000,2190.000,8015.000,0.703408,1
19,9560,1800,3078.000,10296.000,3009.000,7730.000,0.307829,0
19,9560,1800,2729.000,10649.000,2637.000,8105.000,0.918793,1
19,9560,1800,2209.000,10113.000,2118.000,7562.000,0.511059,1
19,9560,1800,2334.000,10911.000,2225.000,8382.000,0.839019,0
19,9560,1800,3010.000,10497.000,2931.000,7941.000,0.852162,0
19,9560,1800,3346.000,11047.000,3272.000,8493.000,0.820911,0
19,9560,1800,2824.000,10684.000,2735.000,8138.000,0.945303,1
19,9560,1800,3327.000,10762.000,3257.000,8203.000,0.942856,0
19,9560,1800,2846.000,10633.000,2760.000,8086.000,0.546264,1
19,9560,1800,2770.000,10412.000,2687.000,7864.000,0.941330,1
19,9560,1800,2576.000,10282.000,2491.000,7739.000,0.578206,1
19,9560,1800,3229.000,10300.000,3170.000,7728.000,0.443869,0
19,9560,1800,2756.000,10368.000,2672.000,7817.000,0.338663,1
19,9560,1800,2101.000,10619.000,1995.000,8084.000,0.559443,1
19,9560,1800,2611.000,10094.000,2555.000,7603.000,0.254381,1
19,9560,1800,2770.000,10999.000,2676.000,8459.000,0.945102,0
19,9560,1800,2850.000,10268.000,2738.000,7690.000,0.654797,1
19,9560,1800,2341.000,10960.000,2230.000,8432.000,0.784129,0
19,9560,1800,2635.000,11115.000,2533.000,8585.000,0.738402,0
19,9560,1800,2745.000,10552.000,2689.000,7987.000,0.286049,1
19,9560,1800,2556.000,10840.000,2455.000,8305.000,0.614165,0
19,9560,1800,3222.000,10431.000,3157.000,7864.000,0.480602,0
19,9560,1800,3070.000,10308.000,3001.000,7744.000,0.469092,0
19,9560,1800,2852.000,10250.000,2773.000,7694.000,0.565005,1
19,9560,1800,2912.000,10990.000,2822.000,8447.000,0.466932,0
19,9560,1800,3336.000,9940.000,3289.000,7355.000,0.434887,0
19,9560,1800,2639.000,10678.000,2540.000,8141.000,0.309952,1
19,9560,1800,3298.000,10075.000,3245.000,7496.000,0.489780,0
19,9560,1800,2995.000,10841.000,2911.000,8293.000,0.936649,0
19,9560,1800,2647.000,10693.000,2590.000,8146.000,0.368037,1
19,9560,1800,2400.000,10239.000,2311.000,7691.000,0.709482,1
19,9560,1800,2683.000,9580.000,2655.000,6988.000,0.225859,1
19,9560,1800,2365.000,10321.000,2270.000,7775.000,0.756364,1
19,9560,1800,2815.000,9904.000,2750.000,7330.000,0.505205,1
19,9560,1800,2572.000,10645.000,2471.000,8104.000,0.948022,1
19,9560,1800,3364.000,9909.000,3317.000,7325.000,0.209395,0
19,9560,1800,2147.000,11149.000,2031.000,8628.000,0.626539,0
19,9560,1800,2738.000,10566.000,2668.000,8015.000,0.673846,1
19,9560,1800,2589.000,10605.000,2494.000,8064.000,0.917680,1
19,9560,1800,2841.000,10232.000,2763.000,7674.000,0.759977,1
19,9560,1800,2682.000,10968.000,2584.000,8433.000,0.860352,0
19,9560,1800,3087.000,9812.000,2979.000,7232.000,0.306462,0
19,9560,1800,3310.000,10073.000,3256.000,7497.000,0.541891,0
19,9560,1800,3012.000,10109.000,2945.000,7540.000,0.868229,0
19,9560,1800,2716.000,10657.000,2625.000,8115.000,0.901334,1
19,9560,1800,2661.000,11048.000,2560.000,8515.000,0.858434,0
19,9560,1800,2558.000,10940.000,2456.000,8407.000,0.939286,0
19,9560,1800,3178.000,10237.000,3116.000,7666.000,0.736955,0
19,9560,1800,2163.000,11102.000,2048.000,8578.000,0.392794,0
19,9560,1800,2672.000,10524.000,2583.000,7980.000,0.939902,1
19,9560,1800,2396.000,10651.000,2295.000,8114.000,0.943910,1
19,9560,1800,2223.000,10528.000,2122.000,7992.000,0.867406,1
19,9560,1800,2698.000,10835.000,2620.000,8292.000,0.867514,0
19,9560,1800,3369.000,10813.000,3299.000,8256.000,0.793467,0
19,9560,1800,2130.000,10768.000,2022.000,8236.000,0.637782,0
19,9560,1800,2626.000,10529.000,2536.000,7984.000,0.907630,1
19,9560,1800,2630.000,10718.000,2558.000,8169.000,0.771138,1
19,9560,1800,2989.000,10603.000,2904.000,8054.000,0.385003,1
19,9560,1800,3318.000,10162.000,3264.000,7585.000,0.638394,0
19,9560,1800,1966.000,10722.000,1857.000,8190.000,0.329865,1
19,9560,1800,2551.000,10861.000,2448.000,8326.000,0.900608,0
19,9560,1800,3276.000,10886.000,3216.000,8269.000,0.321860,0
19,9560,1800,3319.000,10177.000,3271.000,7609.000,0.384020,0
19,9560,1800,2933.000,10204.000,2861.000,7644.000,0.855101,1
19,9560,1800,3334.000,10195.000,3280.000,7622.000,0.450578,0
19,9560,1800,3145.000,10271.000,3073.000,7699.000,0.295520,0
19,9560,1800,2866.000,10788.000,2774.000,8204.000,0.209747,0
19,9560,1800,3354.000,9932.000,3315.000,7349.000,0.730262,0
19,9560,1800,2695.000,10898.000,2604.000,8295.000,0.266718,0
19,9560,1800,2888.000,10923.000,2800.000,8380.000,0.920692,0
19,9560,1800,3094.000,10419.000,3023.000,7861.000,0.879868,0
19,9560,1800,3359.000,10431.000,3297.000,7864.000,0.644327,0
19,9560,1800,3328.000,10015.000,3272.000,7431.000,0.222843,0
19,9560,1800,2951.000,10570.000,2871.000,8016.000,0.944583,1
19,9560,1800,2652.000,10525.000,2555.000,7991.000,0.842099,1
19,9560,1800,3299.000,10843.000,3227.000,8288.000,0.885086,0
19,9560,1800,3295.000,10239.000,3238.000,7666.000,0.420051,0
19,9560,1800,2833.000,9621.000,2782.000,7034.000,0.306285,1
19,9560,1800,3099.000,10795.000,3019.000,8245.000,0.906834,0
19,9560,1800,2264.000,10534.000,2164.000,7996.000,0.616569,1
19,9560,1800,2122.000,11088.000,2006.000,8565.000,0.794160,0
19,9560,1800,2753.000,10756.000,2662.000,8214.000,0.944881,1
19,9560,1800,3377.000,10407.000,3299.000,7875.000,0.495973,0
19,9560,1800,3222.000,10253.000,3188.000,7674.000,0.224871,0
19,9560,1800,2711.000,9624.000,2678.000,7038.000,0.320139,1
19,9560,1800,2047.000,10690.000,1939.000,8156.000,0.730362,1
19,9560,1800,2317.000,10755.000,2246.000,8219.000,0.450661,1
19,9560,1800,3338.000,11055.000,3262.000,8503.000,0.871763,0
19,9560,1800,2677.000,10056.000,2613.000,7507.000,0.537719,1
19,9560,1800,3256.000,10533.000,3189.000,7971.000,0.925142,0
19,9560,1800,2264.000,10698.000,2210.000,8177.000,0.355238,1
19,9560,1800,2745.000,10419.000,2671.000,7842.000,0.328905,1
19,9560,1800,3384.000,10393.000,3307.000,7858.000,0.515842,0
19,9560,1800,1950.000,10660.000,1812.000,8010.000,0.282001,1
19,9560,1800,2588.000,10313.000,2499.000,7763.000,0.843995,1
19,9560,1800,3346.000,10492.000,3281.000,7927.000,0.869206,0
19,9560,1800,2522.000,9893.000,2446.000,7331.000,0.329400,1
19,9560,1800,2418.000,10600.000,2319.000,8062.000,0.946244,1
19,9560,1800,3253.000,9898.000,3206.000,7312.000,0.465822,0
19,9560,1800,3321.000,10731.000,3251.000,8172.000,0.882360,0
19,9560,1800,2633.000,10170.000,2561.000,7608.000,0.654958,1
19,9560,1800,2713.000,10683.000,2620.000,8140.000,0.941778,1
19,9560,1800,3188.000,10719.000,3114.000,8163.000,0.877841,0
19,9560,1800,3320.000,10776.000,3252.000,8219.000,0.867092,0
19,9560,1800,3369.000,10399.000,3309.000,7831.000,0.489087,0
19,9560,1800,3165.000,10400.000,3097.000,7836.000,0.726216,0
19,9560,1800,2792.000,11127.000,2697.000,8591.000,0.916624,0
19,9560,1800,2556.000,10581.000,2461.000,8040.000,0.947962,1
19,9560,1800,3364.000,10179.000,3311.000,7601.000,0.730433,0
19,9560,1800,2090.000,10655.000,1984.000,8122.000,0.425103,1
19,9560,1800,3301.000,10422.000,3237.000,7856.000,0.785247,0
19,9560,1800,3069.000,10469.000,2992.000,7910.000,0.938607,0
19,9560,1800,2520.000,10586.000,2425.000,8045.000,0.900398,1
19,9560,1800,2929.000,10974.000,2858.000,8451.000,0.276400,0
19,9560,1800,2365.000,11089.000,2253.000,8565.000,0.439593,0
19,9560,1800,2841.000,10984.000,2750.000,8443.000,0.942665,0
19,9560,1800,2535.000,10208.000,2448.000,7656.000,0.775416,1
19,9560,1800,2762.000,10123.000,2687.000,7562.000,0.318399,1
19,9560,1800,2191.000,10347.000,2092.000,7804.000,0.769446,1
19,9560,1800,2695.000,9984.000,2652.000,7296.000,0.206971,1
19,9560,1800,2644.000,10186.000,2588.000,7626.000,0.265104,1
19,9560,1800,3269.000,9987.000,3232.000,7411.000,0.737551,0
19,9560,1800,3157.000,9969.000,3114.000,7324.000,0.229038,0
19,9560,1800,2964.000,10788.000,2879.000,8241.000,0.901182,0
19,9560,1800,2593.000,10891.000,2503.000,8354.000,0.906764,0
19,9560,1800,3319.000,10332.000,3259.000,7759.000,0.468976,0
19,9560,1800,2915.000,10540.000,2833.000,7989.000,0.946287,1
19,9560,1800,2402.000,10340.000,2335.000,7793.000,0.797072,1
19,9560,1800,2695.000,10522.000,2602.000,7987.000,0.656076,1
19,9560,1800,2487.000,9621.000,2520.000,7221.000,0.219714,1
19,9560,1800,2239.000,11115.000,2205.000,8546.000,0.516176,0
19,9560,1800,3066.000,10341.000,3007.000,7780.000,0.470589,0
19,9560,1800,3081.000,10367.000,3012.000,7803.000,0.677068,0
19,9560,1800,2521.000,10759.000,2423.000,8223.000,0.882627,1
19,9560,1800,2175.000,10963.000,2151.000,8460.000,0.350167,0
19,9560,1800,2243.000,10077.000,2157.000,7525.000,0.386623,1
19,9560,1800,2838.000,10448.000,2755.000,7896.000,0.627178,1
19,9560,1800,2658.000,10408.000,2569.000,7861.000,0.946030,1
19,9560,1800,2330.000,10335.000,2234.000,7790.000,0.605820,1
19,9560,1800,2415.000,10994.000,2266.000,8479.000,0.224398,0
19,9560,1800,3234.000,11035.000,3189.000,8467.000,0.633127,0
19,9560,1800,3389.000,10923.000,3318.000,8367.000,0.869464,0
19,9560,1800,3026.000,11083.000,2940.000,8538.000,0.858736,0
19,9560,1800,2392.000,10560.000,2286.000,8019.000,0.606541,1
19,9560,1800,2900.000,10595.000,2814.000,8046.000,0.895528,1
19,9560,1800,3272.000,11084.000,3194.000,8534.000,0.835641,0
19,9560,1800,3199.000,10965.000,3119.000,8417.000,0.740070,0
19,9560,1800,2860.000,10216.000,2783.000,7657.000,0.444943,1
19,9560,1800,3343.000,10449.000,3279.000,7882.000,0.610640,0
19,9560,1800,2166.000,10422.000,2065.000,7883.000,0.686101,1
19,9560,1800,2715.000,10858.000,2619.000,8319.000,0.949724,0
19,9560,1800,2431.000,10365.000,2338.000,7820.000,0.516644,1
19,9560,1800,2323.000,10894.000,2215.000,8365.000,0.610146,0
19,9560,1800,3100.000,10345.000,3032.000,7781.000,0.283007,0
19,9560,1800,2506.000,10098.000,2420.000,7546.000,0.465037,1
19,9560,1800,3303.000,9946.000,3254.000,7363.000,0.662787,0
19,9560,1800,3337.000,11115.000,3261.000,8564.000,0.768628,0
19,9560,1800,2443.000,10462.000,2346.000,7921.000,0.898689,1
19,9560,1800,2940.000,11132.000,2838.000,8605.000,0.780640,0
19,9560,1800,2280.000,10124.000,2188.000,7573.000,0.561657,1
19,9560,1800,2140.000,10029.000,2051.000,7475.000,0.587949,1
19,9560,1800,2457.000,10004.000,2374.000,7444.000,0.340233,1
19,9560,1800,2988.000,10357.000,2907.000,7838.000,0.221835,1
19,9560,1800,2978.000,10576.000,2897.000,8024.000,0.912191,1
19,9560,1800,3237.000,10683.000,3132.000,8148.000,0.708615,0
19,9560,1800,2895.000,10584.000,2822.000,8023.000,0.774584,1
19,9560,1800,3276.000,10218.000,3237.000,7648.000,0.440368,0
19,9560,1800,3337.000,10775.000,3267.000,8208.000,0.837142,0
19,9560,1800,3267.000,9908.000,3250.000,7267.000,0.258378,0
19,9560,1800,2943.000,10816.000,2889.000,8301.000,0.343623,0
19,9560,1800,2185.000,9911.000,2094.000,7347.000,0.312129,1
19,9560,1800,2824.000,10880.000,2734.000,8337.000,0.947115,0
19,9560,1800,3381.000,10712.000,3334.000,8054.000,0.272979,0
19,9560,1800,2168.000,10471.000,2014.000,7941.000,0.407187,1
19,9560,1800,3272.000,9896.000,3226.000,7312.000,0.219515,0
19,9560,1800,2748.000,10507.000,2659.000,7959.000,0.622472,1
19,9560,1800,2548.000,11085.000,2443.000,8555.000,0.860247,0
19,9560,1800,2087.000,10423.000,1995.000,7983.000,0.262185,1
19,9560,1800,2083.000,10074.000,1991.000,7523.000,0.259178,1
19,9560,1800,3327.000,10170.000,3289.000,7597.000,0.483962,0
19,9560,1800,3289.000,10286.000,3229.000,7715.000,0.538374,0
19,9560,1800,2320.000,10376.000,2207.000,7829.000,0.347276,1
19,9560,1800,2659.000,10944.000,2555.000,8416.000,0.740166,0
19,9560,1800,2827.000,10554.000,2740.000,8005.000,0.648193,1
19,9560,1800,2419.000,10896.000,2313.000,8365.000,0.577845,0
19,9560,1800,2959.000,11111.000,2869.000,8569.000,0.761063,0
19,9560,1800,3074.000,11058.000,2991.000,8513.000,0.858709,0
19,9560,1800,2865.000,10047.000,2797.000,7480.000,0.773694,1
19,9560,1800,2329.000,10883.000,2220.000,8353.000,0.777993,0
19,9560,1800,3008.000,10856.000,2939.000,8312.000,0.461839,0
19,9560,1800,2733.000,10602.000,2644.000,8058.000,0.947119,1
19,9560,1800,2191.000,9900.000,2116.000,7338.000,0.262358,1
19,9560,1800,3327.000,9896.000,3308.000,7363.000,0.424333,0
19,9560,1800,2624.000,10840.000,2526.000,8304.000,0.934793,0
19,9560,1800,2158.000,10910.000,2048.000,8382.000,0.851327,0
19,9560,1800,2210.000,11042.000,2098.000,8517.000,0.901225,0
19,9560,1800,2121.000,10308.000,2023.000,7766.000,0.434890,1
19,9560,1800,2817.000,10247.000,2735.000,7686.000,0.465158,1
19,9560,1800,2430.000,10957.000,2350.000,8415.000,0.575569,0
19,9560,1800,2949.000,9932.000,2891.000,7354.000,0.704441,1
19,9560,1800,3333.000,10983.000,3212.000,8419.000,0.274718,0
19,9560,1800,2463.000,9959.000,2391.000,7227.000,0.224733,1
19,9560,1800,2838.000,10661.000,2750.000,8115.000,0.947735,1
19,9560,1800,3039.000,10538.000,2960.000,7984.000,0.777744,0
19,9560,1800,2940.000,10569.000,2858.000,8018.000,0.925689,1
19,9560,1800,2607.000,11098.000,2515.000,8555.000,0.312174,0
19,9560,1800,2882.000,10607.000,2812.000,8035.000,0.673652,1
19,9560,1800,2760.000,10395.000,2697.000,7843.000,0.209022,1
19,9560,1800,2962.000,10012.000,2815.000,7298.000,0.218020,1
19,9560,1800,2339.000,10595.000,2239.000,8057.000,0.932474,1
19,9560,1800,2508.000,10683.000,2409.000,8145.000,0.945085,1
19,9560,1800,2394.000,9803.000,2373.000,7245.000,0.348880,1
19,9560,1800,2591.000,10289.000,2508.000,7751.000,0.346592,1
19,9560,1800,2445.000,10013.000,2364.000,7457.000,0.232731,1
19,9560,1800,2692.000,9606.000,2653.000,7010.000,0.210125,1
19,9560,1800,2715.000,10371.000,2629.000,7821.000,0.426799,1
19,9560,1800,2793.000,11055.000,2698.000,8518.000,0.949581,0
19,9560,1800,2483.000,10700.000,2383.000,8162.000,0.909391,1
19,9560,1800,2178.000,11111.000,2063.000,8589.000,0.515889,0
19,9560,1800,1957.000,10956.000,1791.000,8269.000,0.388415,0
19,9560,1800,2277.000,10888.000,2167.000,8359.000,0.437162,0
19,9560,1800,2640.000,10737.000,2565.000,8187.000,0.367022,1
19,9560,1800,2811.000,10088.000,2752.000,7524.000,0.456845,1
19,9560,1800,2610.000,10902.000,2516.000,8369.000,0.579725,0
19,9560,1800,2509.000,9869.000,2435.000,7305.000,0.235757,1
19,9560,1800,2488.000,10985.000,2398.000,8447.000,0.657427,0
19,9560,1800,2935.000,11107.000,2847.000,8566.000,0.887868,0
19,9560,1800,2078.000,10948.000,1976.000,8420.000,0.384130,0
19,9560,1800,3299.000,9876.000,3274.000,7324.000,0.212228,0
19,9560,1800,2141.000,11136.000,2032.000,8608.000,0.730816,0
19,9560,1800,2305.000,10538.000,2223.000,7992.000,0.903992,1
19,9560,1800,2674.000,10226.000,2592.000,7673.000,0.563262,1
19,9560,1800,2355.000,10574.000,2255.000,8034.000,0.844702,1
19,9560,1800,2603.000,10669.000,2507.000,8129.000,0.780973,1
19,9560,1800,2746.000,10833.000,2653.000,8292.000,0.860699,0
19,9560,1800,2281.000,10808.000,2173.000,8278.000,0.315391,0
19,9560,1800,3253.000,11011.000,3174.000,8459.000,0.753358,0
19,9560,1800,2798.000,10747.000,2728.000,8203.000,0.232062,1
19,9560,1800,2755.000,10998.000,2660.000,8454.000,0.734294,0
19,9560,1800,2847.000,10528.000,2762.000,7978.000,0.880898,1
19,9560,1800,3059.000,11058.000,2974.000,8512.000,0.875793,0
19,9560,1800,2734.000,10436.000,2667.000,7892.000,0.387854,1
19,9560,1800,2853.000,10680.000,2766.000,8134.000,0.753031,1
19,9560,1800,3016.000,10623.000,2938.000,8071.000,0.935456,0
19,9560,1800,3275.000,10720.000,3206.000,8163.000,0.724831,0
19,9560,1800,2665.000,10421.000,2569.000,7872.000,0.657301,1
19,9560,1800,2735.000,10053.000,2660.000,7491.000,0.315213,1
19,9560,1800,2607.000,10542.000,2512.000,7999.000,0.944840,1
19,9560,1800,3094.000,10982.000,3009.000,8435.000,0.946332,0
19,9560,1800,3041.000,10815.000,2958.000,8267.000,0.936935,0
19,9560,1800,2134.000,10004.000,2046.000,7450.000,0.241168,1
19,9560,1800,2988.000,11139.000,2899.000,8597.000,0.877909,0
19,9560,1800,2444.000,10487.000,2349.000,7945.000,0.859299,1
19,9560,1800,2398.000,10628.000,2288.000,8096.000,0.380455,1
19,9560,1800,2637.000,10948.000,2540.000,8421.000,0.584056,0
19,9560,1800,2586.000,11138.000,2499.000,8654.000,0.352100,0
19,9560,1800,2711.000,10652.000,2619.000,8107.000,0.943691,1
19,9560,1800,2206.000,9976.000,2097.000,7423.000,0.416001,1
19,9560,1800,3213.000,10899.000,3135.000,8349.000,0.940954,0
19,9560,1800,2508.000,11126.000,2401.000,8599.000,0.796487,0
19,9560,1800,3138.000,10786.000,3058.000,8234.000,0.939456,0
19,9560,1800,3007.000,10674.000,2944.000,8119.000,0.600758,0
19,9560,1800,3167.000,10996.000,3085.000,8448.000,0.941661,0
19,9560,1800,2497.000,10583.000,2399.000,8042.000,0.910538,1
19,9560,1800,3279.000,10842.000,3205.000,8288.000,0.838896,0
19,9560,1800,2941.000,9915.000,2877.000,7263.000,0.257059,1
19,9560,1800,3204.000,10264.000,3134.000,7649.000,0.252100,0
19,9560,1800,2718.000,10096.000,2639.000,7536.000,0.338256,1
19,9560,1800,3298.000,10090.000,3244.000,7514.000,0.224254,0
19,9560,1800,3286.000,10052.000,3228.000,7472.000,0.684934,0
19,9560,1800,3238.000,10454.000,3141.000,7973.000,0.297523,0
19,9560,1800,3042.000,10428.000,2969.000,7864.000,0.295366,0
19,9560,1800,3259.000,10296.000,3198.000,7728.000,0.591418,0
19,9560,1800,3328.000,10749.000,3256.000,8188.000,0.333301,0
19,9560,1800,2582.000,10536.000,2490.000,7926.000,0.254862,1
19,9560,1800,2337.000,10011.000,2239.000,7456.000,0.251946,1
19,9560,1800,2392.000,10991.000,2282.000,8463.000,0.877753,0
19,9560,1800,2660.000,10544.000,2598.000,8011.000,0.245131,1
19,9560,1800,3231.000,9907.000,3183.000,7320.000,0.231128,0
19,9560,1800,2589.000,10072.000,2526.000,7515.000,0.574624,1
19,9560,1800,2712.000,10194.000,2632.000,7636.000,0.843998,1
19,9560,1800,3239.000,10978.000,3159.000,8428.000,0.916889,0
19,9560,1800,3149.000,9936.000,3096.000,7354.000,0.724406,0
19,9560,1800,2796.000,9930.000,2813.000,7349.000,0.246806,1
19,9560,1800,2188.000,10691.000,2119.000,8154.000,0.641372,1
19,9560,1800,2681.000,10212.000,2599.000,7657.000,0.787357,1
19,9560,1800,2420.000,10251.000,2329.000,7703.000,0.538416,1
19,9560,1800,2768.000,10981.000,2673.000,8443.000,0.896591,0
19,9560,1800,2440.000,11066.000,2332.000,8538.000,0.899527,0
19,9560,1800,2970.000,10886.000,2884.000,8341.000,0.938711,0
19,9560,1800,2277.000,10009.000,2191.000,7454.000,0.228880,1
19,9560,1800,2922.000,9836.000,2868.000,7254.000,0.308490,1
19,9560,1800,2808.000,11007.000,2731.000,8462.000,0.528370,0
19,9560,1800,3021.000,10724.000,2947.000,8179.000,0.371592,0
19,9560,1800,3371.000,10902.000,3299.000,8346.000,0.928583,0
19,9560,1800,2318.000,10492.000,2219.000,7953.000,0.458522,1
19,9560,1800,3339.000,10943.000,3271.000,8342.000,0.626356,0
19,9560,1800,3152.000,10507.000,3083.000,7933.000,0.549049,0
19,9560,1800,2644.000,10645.000,2549.000,8100.000,0.643695,1
19,9560,1800,2558.000,10064.000,2478.000,7507.000,0.455087,1
19,9560,1800,2831.000,11035.000,2740.000,8501.000,0.913249,0
19,9560,1800,2314.000,10270.000,2220.000,7725.000,0.573396,1
19,9560,1800,2887.000,10653.000,2801.000,8105.000,0.429679,1
19,9560,1800,3318.000,10212.000,3262.000,7638.000,0.345699,0
19,9560,1800,2442.000,10974.000,2360.000,8445.000,0.357302,0
19,9560,1800,3138.000,10723.000,3060.000,8168.000,0.948279,0
19,9560,1800,1969.000,11051.000,1829.000,8538.000,0.395701,0
19,9560,1800,3387.000,10752.000,3309.000,8200.000,0.323328,0
19,9560,1800,3175.000,11151.000,3063.000,8604.000,0.635130,0
19,9560,1800,2330.000,11112.000,2218.000,8590.000,0.788971,0
19,9560,1800,2100.000,10443.000,1965.000,7955.000,0.635167,1
19,9560,1800,2700.000,10661.000,2608.000,8116.000,0.943255,1
19,9560,1800,2699.000,10158.000,2618.000,7600.000,0.836613,1
19,9560,1800,2643.000,10520.000,2563.000,7977.000,0.860987,1
19,9560,1800,2284.000,11094.000,2188.000,8572.000,0.749078,0
19,9560,1800,2445.000,11044.000,2335.000,8596.000,0.432916,0
19,9560,1800,2723.000,10231.000,2616.000,7629.000,0.357602,1
19,9560,1800,3244.000,10655.000,3173.000,8093.000,0.810711,0
19,9560,1800,2990.000,10412.000,2914.000,7855.000,0.897268,1
19,9560,1800,2951.000,10848.000,2861.000,8306.000,0.938809,0
19,9560,1800,2755.000,10723.000,2662.000,8181.000,0.942031,1
19,9560,1800,2182.000,10630.000,2122.000,8091.000,0.745088,1
19,9560,1800,3103.000,10059.000,3043.000,7485.000,0.269020,0
19,9560,1800,2075.000,10687.000,1967.000,8155.000,0.209003,1
19,9560,1800,2628.000,10160.000,2560.000,7596.000,0.714693,1
19,9560,1800,2927.000,10875.000,2832.000,8337.000,0.253615,0
19,9560,1800,3148.000,11150.000,3043.000,8592.000,0.339555,0
19,9560,1800,2999.000,10375.000,2925.000,7815.000,0.552243,1
19,9560,1800,2983.000,10620.000,2902.000,8070.000,0.514594,1
19,9560,1800,2701.000,10411.000,2614.000,7861.000,0.848223,1
19,9560,1800,2712.000,10240.000,2632.000,7686.000,0.608529,1
19,9560,1800,2587.000,10817.000,2489.000,8281.000,0.692920,0
19,9560,1800,2591.000,10439.000,2501.000,7894.000,0.371253,1
19,9560,1800,2222.000,10354.000,2130.000,7808.000,0.469300,1
19,9560,1800,2429.000,9830.000,2363.000,7264.000,0.259322,1
19,9560,1800,2163.000,10366.000,2048.000,7836.000,0.498522,1
19,9560,1800,3312.000,11149.000,3256.000,8674.000,0.208275,0
19,9560,1800,2846.000,10261.000,2758.000,7707.000,0.727844,1
19,9560,1800,2026.000,10755.000,1920.000,8224.000,0.803125,1
19,9560,1800,2746.000,10599.000,2657.000,8059.000,0.932298,1
19,9560,1800,2991.000,9943.000,2927.000,7367.000,0.615011,1
19,9560,1800,2592.000,10275.000,2507.000,7726.000,0.572704,1
19,9560,1800,2814.000,10344.000,2725.000,7788.000,0.492189,1
19,9560,1800,2896.000,10269.000,2818.000,7710.000,0.943023,1
19,9560,1800,2575.000,10902.000,2489.000,8357.000,0.217756,0
19,9560,1800,2079.000,11147.000,1997.000,8576.000,0.284356,0
19,9560,1800,2763.000,10583.000,2693.000,8041.000,0.296056,1
19,9560,1800,2164.000,10671.000,2093.000,8127.000,0.569607,1
19,9560,1800,3257.000,10693.000,3187.000,8137.000,0.861378,0
19,9560,1800,2703.000,10699.000,2571.000,8150.000,0.308926,1
19,9560,1800,2298.000,10760.000,2222.000,8204.000,0.255414,0
19,9560,1800,3274.000,10032.000,3215.000,7492.000,0.234129,0
19,9560,1800,2151.000,10894.000,2054.000,8271.000,0.361860,0
19,9560,1800,3065.000,10599.000,2987.000,8044.000,0.925478,0
19,9560,1800,3245.000,10704.000,3176.000,8151.000,0.702073,0
19,9560,1800,3191.000,9778.000,3147.000,7188.000,0.320669,0
19,9560,1800,2932.000,10438.000,2862.000,7884.000,0.832361,1
19,9560,1800,2689.000,10652.000,2596.000,8110.000,0.927503,1
19,9560,1800,2266.000,10382.000,2162.000,7839.000,0.335553,1
19,9560,1800,3114.000,10355.000,3045.000,7791.000,0.755903,0
19,9560,1800,2314.000,11092.000,2200.000,8568.000,0.929828,0
19,9560,1800,3362.000,10551.000,3297.000,7987.000,0.826478,0
19,9560,1800,2990.000,10687.000,2924.000,8137.000,0.829559,1
19,9560,1800,2229.000,10959.000,2125.000,8436.000,0.529548,0
19,9560,1800,2886.000,11001.000,2793.000,8461.000,0.927071,0
19,9560,1800,3225.000,10663.000,3153.000,8105.000,0.943034,0
19,9560,1800,3270.000,10051.000,3216.000,7473.000,0.264420,0
19,9560,1800,2936.000,9912.000,2893.000,7400.000,0.328593,1
19,9560,1800,2745.000,10943.000,2650.000,8405.000,0.216331,0
19,9560,1800,2971.000,11136.000,2883.000,8593.000,0.928214,0
19,9560,1800,2473.000,10158.000,2385.000,7605.000,0.363329,1
19,9560,1800,2846.000,10304.000,2744.000,7731.000,0.220065,1
19,9560,1800,3240.000,10988.000,3162.000,8436.000,0.942788,0
19,9560,1800,3157.000,10525.000,3083.000,7967.000,0.349316,0
19,9560,1800,3309.000,10912.000,3223.000,8359.000,0.725865,0
19,9560,1800,2777.000,10766.000,2716.000,8229.000,0.342670,0
19,9560,1800,2605.000,10386.000,2517.000,7839.000,0.688695,1
19,9560,1800,2268.000,10563.000,2168.000,8023.000,0.367548,1
19,9560,1800,3195.000,10338.000,3131.000,7772.000,0.534890,0
19,9560,1800,3149.000,10670.000,3070.000,8119.000,0.234890,0
19,9560,1800,2381.000,11016.000,2315.000,8448.000,0.288917,0
19,9560,1800,2524.000,10569.000,2478.000,7992.000,0.202206,1
19,9560,1800,2630.000,10084.000,2551.000,7524.000,0.437155,1
19,9560,1800,3045.000,10240.000,2966.000,7674.000,0.365420,0
19,9560,1800,2559.000,10904.000,2455.000,8371.000,0.796324,0
19,9560,1800,3254.000,10672.000,3183.000,8114.000,0.927968,0
19,9560,1800,3346.000,11095.000,3271.000,8542.000,0.878735,0
19,9560,1800,3352.000,10119.000,3299.000,7540.000,0.204627,0
19,9560,1800,2339.000,10222.000,2247.000,7677.000,0.416057,1
19,9560,1800,2104.000,10594.000,1998.000,8059.000,0.684793,1
19,9560,1800,2640.000,10653.000,2545.000,8114.000,0.904155,1
19,9560,1800,3376.000,10490.000,3309.000,7924.000,0.248914,0
19,9560,1800,2405.000,10921.000,2299.000,8391.000,0.947687,0
19,9560,1800,2199.000,10132.000,2160.000,7646.000,0.440478,1
19,9560,1800,2336.000,10162.000,2261.000,7607.000,0.662574,1
19,9560,1800,2652.000,10799.000,2542.000,8240.000,0.286432,0
19,9560,1800,3268.000,10737.000,3190.000,8178.000,0.783681,0
19,9560,1800,2999.000,10890.000,2902.000,8350.000,0.823437,0
19,9560,1800,3002.000,11147.000,2913.000,8602.000,0.883110,0
19,9560,1800,2789.000,10094.000,2714.000,7531.000,0.388931,1
19,9560,1800,2307.000,10879.000,2199.000,8349.000,0.492574,0
19,9560,1800,2027.000,10719.000,1916.000,8188.000,0.510286,1
19,9560,1800,2206.000,10970.000,2099.000,8441.000,0.594985,0
19,9560,1800,3164.000,9905.000,3104.000,7389.000,0.249964,0
19,9560,1800,2505.000,11116.000,2350.000,8657.000,0.249413,0
19,9560,1800,2256.000,10028.000,2169.000,7474.000,0.575283,1
19,9560,1800,2526.000,10078.000,2443.000,7520.000,0.544763,1
19,9560,1800,2902.000,10754.000,2856.000,8218.000,0.341482,1
19,9560,1800,3009.000,11083.000,2922.000,8544.000,0.620415,0
19,9560,1800,3093.000,10367.000,3025.000,7806.000,0.270429,0
19,9560,1800,2127.000,10776.000,2019.000,8245.000,0.481992,0
19,9560,1800,2759.000,10250.000,2693.000,7687.000,0.248225,1
19,9560,1800,3116.000,10529.000,3042.000,7972.000,0.512227,0
19,9560,1800,2610.000,10883.000,2524.000,8355.000,0.721637,0
19,9560,1800,3367.000,11055.000,3288.000,8504.000,0.615588,0
19,9560,1800,3288.000,10645.000,3220.000,8081.000,0.841160,0
19,9560,1800,2608.000,10199.000,2524.000,7645.000,0.849605,1
19,9560,1800,2656.000,10721.000,2587.000,8194.000,0.343491,1
19,9560,1800,3375.000,10870.000,3303.000,8313.000,0.529532,0
19,9560,1800,2649.000,10058.000,2570.000,7496.000,0.529329,1
19,9560,1800,3391.000,10778.000,3320.000,8217.000,0.560888,0
19,9560,1800,2274.000,10782.000,2186.000,8222.000,0.724924,0
19,9560,1800,2095.000,11112.000,1982.000,8591.000,0.361569,0
19,9560,1800,2166.000,10934.000,2041.000,8315.000,0.209073,0
19,9560,1800,2300.000,10645.000,2211.000,8039.000,0.267898,1
19,9560,1800,3202.000,10735.000,3132.000,8182.000,0.783460,0
19,9560,1800,2958.000,10692.000,2874.000,8141.000,0.916807,1
19,9560,1800,2782.000,11071.000,2691.000,8538.000,0.877835,0
19,9560,1800,2198.000,11130.000,2047.000,8614.000,0.328086,0
19,9560,1800,2940.000,11001.000,2850.000,8459.000,0.654253,0
19,9560,1800,2848.000,10103.000,2743.000,7525.000,0.464428,1
19,9560,1800,2925.000,10448.000,2851.000,7946.000,0.548246,1
19,9560,1800,2668.000,10939.000,2571.000,8402.000,0.943663,0
19,9560,1800,2509.000,10862.000,2406.000,8328.000,0.803211,0
19,9560,1800,2685.000,10674.000,2590.000,8120.000,0.683934,1
19,9560,1800,3232.000,10278.000,3185.000,7707.000,0.415919,0
19,9560,1800,2995.000,11110.000,2893.000,8619.000,0.478554,0
19,9560,1800,2689.000,11048.000,2604.000,8532.000,0.227946,0
19,9560,1800,2798.000,10815.000,2675.000,8274.000,0.336808,0
19,9560,1800,3290.000,10806.000,3218.000,8249.000,0.928523,0
19,9560,1800,2625.000,10525.000,2534.000,8031.000,0.378682,1
19,9560,1800,3246.000,11073.000,3169.000,8522.000,0.848256,0
19,9560,1800,3248.000,10451.000,3101.000,7971.000,0.350129,0
19,9560,1800,2796.000,10624.000,2647.000,8068.000,0.263853,1
19,9560,1800,2655.000,11151.000,2557.000,8663.000,0.798163,0
19,9560,1800,2594.000,9980.000,2516.000,7418.000,0.412944,1
19,9560,1800,2351.000,10899.000,2244.000,8370.000,0.628314,0
19,9560,1800,2794.000,10067.000,2720.000,7502.000,0.309849,1
19,9560,1800,3370.000,10416.000,3306.000,7843.000,0.352188,0
19,9560,1800,3335.000,10324.000,3273.000,7761.000,0.744378,0
19,9560,1800,3209.000,10939.000,3130.000,8389.000,0.938894,0
19,9560,1800,1993.000,11056.000,1711.000,8708.000,0.208950,0
19,9560,1800,2407.000,10309.000,2362.000,7764.000,0.379300,1
19,9560,1800,3295.000,10876.000,3222.000,8320.000,0.771257,0
19,9560,1800,3122.000,10447.000,3043.000,7887.000,0.803434,0
19,9560,1800,2321.000,10994.000,2196.000,8418.000,0.387221,0
19,9560,1800,2872.000,10129.000,2802.000,7566.000,0.817159,1
19,9560,1800,3072.000,11054.000,2983.000,8519.000,0.247578,0
19,9560,1800,2723.000,10227.000,2644.000,7671.000,0.305351,1
19,9560,1800,2258.000,10651.000,2164.000,8126.000,0.303737,1
19,9560,1800,2597.000,10764.000,2522.000,8229.000,0.712405,0
19,9560,1800,3359.000,10013.000,3327.000,7449.000,0.522749,0
19,9560,1800,2440.000,10847.000,2363.000,8343.000,0.497605,0
19,9560,1800,2821.000,11033.000,2727.000,8493.000,0.932656,0
19,9560,1800,2404.000,10399.000,2309.000,7855.000,0.666440,1
19,9560,1800,1994.000,10887.000,1885.000,8358.000,0.219199,0
19,9560,1800,2945.000,10705.000,2858.000,8158.000,0.949734,1
20,9560,3000,3850.000,10996.000,3875.000,8442.000,0.328679,0
20,9560,3000,3028.000,9818.000,2959.000,7219.000,0.338155,1
20,9560,3000,3436.000,9804.000,3425.000,7227.000,0.224095,1
20,9560,3000,3432.000,9657.000,3392.000,7041.000,0.235655,1
20,9560,3000,3784.000,11022.000,3801.000,8462.000,0.323362,0
20,9560,3000,3488.000,10428.000,3442.000,7863.000,0.775107,1
20,9560,3000,3766.000,10353.000,3715.000,7780.000,0.936697,1
20,9560,3000,3563.000,9889.000,3542.000,7306.000,0.537218,1
20,9560,3000,3294.000,9854.000,3183.000,7236.000,0.364583,1
20,9560,3000,3615.000,10317.000,3575.000,7746.000,0.930568,1
20,9560,3000,3698.000,10476.000,3684.000,7911.000,0.467254,1
20,9560,3000,3830.000,10850.000,3812.000,8270.000,0.425892,0
20,9560,3000,3598.000,10929.000,3533.000,8369.000,0.940325,0
20,9560,3000,3739.000,10868.000,3693.000,8319.000,0.618749,0
20,9560,3000,3322.000,9907.000,3274.000,7324.000,0.907244,1
20,9560,3000,3637.000,10505.000,3581.000,7936.000,0.940647,1
20,9560,3000,3350.000,11079.000,3275.000,8527.000,0.940017,0
20,9560,3000,3608.000,9753.000,3569.000,7163.000,0.840753,1
20,9560,3000,3822.000,10396.000,3792.000,7825.000,0.730125,1
20,9560,3000,3658.000,10185.000,3587.000,7615.000,0.556349,1
20,9560,3000,3280.000,9811.000,3241.000,7220.000,0.381146,1
20,9560,3000,3245.000,10277.000,3185.000,7707.000,0.809304,1
20,9560,3000,3506.000,9981.000,3517.000,7398.000,0.516418,1
20,9560,3000,3416.000,10543.000,3353.000,7977.000,0.937635,1
20,9560,3000,3889.000,10490.000,3836.000,7919.000,0.943692,1
20,9560,3000,3230.000,9919.000,3181.000,7335.000,0.937542,1
20,9560,3000,3876.000,10084.000,3831.000,7504.000,0.371151,1
20,9560,3000,3841.000,10604.000,3807.000,8031.000,0.846624,1
20,9560,3000,3324.000,9957.000,3276.000,7373.000,0.936351,1
20,9560,3000,3677.000,10396.000,3635.000,7821.000,0.942698,1
20,9560,3000,3277.000,9830.000,3234.000,7241.000,0.879139,1
20,9560,3000,3719.000,10630.000,3658.000,8065.000,0.845591,1
20,9560,3000,3924.000,10723.000,3868.000,8158.000,0.949409,1
20,9560,3000,3285.000,9861.000,3240.000,7273.000,0.935080,1
20,9560,3000,3679.000,10484.000,3667.000,7924.000,0.407536,1
20,9560,3000,3787.000,10913.000,3710.000,8354.000,0.277085,0
20,9560,3000,3485.000,9786.000,3443.000,7195.000,0.495644,1
20,9560,3000,3339.000,10548.000,3273.000,7984.000,0.940388,1
20,9560,3000,3844.000,10397.000,3807.000,7778.000,0.643747,1
20,9560,3000,3692.000,10211.000,3660.000,7619.000,0.318852,1
20,9560,3000,3631.000,10652.000,3569.000,8089.000,0.943017,1
20,9560,3000,3687.000,10122.000,3660.000,7546.000,0.688146,1
20,9560,3000,3486.000,10137.000,3476.000,7559.000,0.684069,1
20,9560,3000,3240.000,9900.000,3183.000,7320.000,0.529988,1
20,9560,3000,3441.000,10018.000,3395.000,7428.000,0.700772,1
20,9560,3000,3206.000,10721.000,3146.000,8156.000,0.653391,1
20,9560,3000,3924.000,10632.000,3869.000,8065.000,0.901212,1
20,9560,3000,3537.000,10581.000,3478.000,8015.000,0.932769,1
20,9560,3000,3252.000,9926.000,3196.000,7350.000,0.592696,1
20,9560,3000,3611.000,9724.000,3574.000,7134.000,0.627302,1
20,9560,3000,3286.000,10088.000,3244.000,7514.000,0.918191,1
20,9560,3000,3310.000,9866.000,3270.000,7247.000,0.343669,1
20,9560,3000,3800.000,10124.000,3750.000,7550.000,0.720639,1
20,9560,3000,3364.000,9629.000,3374.000,7091.000,0.353046,1
20,9560,3000,3775.000,10913.000,3746.000,8363.000,0.304436,0
20,9560,3000,3567.000,9742.000,3470.000,7084.000,0.284273,1
20,9560,3000,3009.000,9721.000,2948.000,7126.000,0.276732,1
20,9560,3000,3455.000,10337.000,3398.000,7766.000,0.941436,1
20,9560,3000,3280.000,10066.000,3226.000,7487.000,0.763221,1
20,9560,3000,3617.000,10649.000,3559.000,8079.000,0.941934,1
20,9560,3000,3872.000,10742.000,3817.000,8177.000,0.937850,1
20,9560,3000,3273.000,10095.000,3219.000,7518.000,0.898028,1
20,9560,3000,3050.000,9960.000,2994.000,7382.000,0.921292,1
20,9560,3000,3680.000,10509.000,3664.000,7942.000,0.507004,1
20,9560,3000,3515.000,9975.000,3537.000,7392.000,0.585878,1
20,9560,3000,3363.000,10411.000,3306.000,7843.000,0.938809,1
20,9560,3000,3666.000,10302.000,3623.000,7725.000,0.940216,1
20,9560,3000,3570.000,11069.000,3500.000,8515.000,0.937532,0
20,9560,3000,3378.000,10029.000,3327.000,7449.000,0.933045,1
20,9560,3000,3771.000,10278.000,3721.000,7702.000,0.930816,1
20,9560,3000,3599.000,9771.000,3526.000,7318.000,0.258984,1
20,9560,3000,3730.000,9786.000,3693.000,7196.000,0.718447,1
20,9560,3000,3759.000,10392.000,3723.000,7786.000,0.482228,1
20,9560,3000,3644.000,9960.000,3563.000,7429.000,0.351199,1
20,9560,3000,3292.000,9804.000,3304.000,7338.000,0.295089,1
20,9560,3000,3606.000,10695.000,3542.000,8128.000,0.518649,1
20,9560,3000,3449.000,10182.000,3397.000,7604.000,0.940111,1
20,9560,3000,3769.000,9927.000,3710.000,7310.000,0.256964,1
20,9560,3000,3447.000,10070.000,3397.000,7489.000,0.939319,1
20,9560,3000,3652.000,10738.000,3592.000,8174.000,0.938577,1
20,9560,3000,3648.000,10161.000,3578.000,7565.000,0.241858,1
20,9560,3000,3526.000,10102.000,3519.000,7519.000,0.396289,1
20,9560,3000,3409.000,10531.000,3346.000,7966.000,0.926603,1
20,9560,3000,3377.000,10207.000,3322.000,7631.000,0.898731,1
20,9560,3000,3227.000,11070.000,3150.000,8520.000,0.937189,0
20,9560,3000,3897.000,10345.000,3849.000,7773.000,0.926640,1
20,9560,3000,3670.000,10893.000,3607.000,8332.000,0.939800,0
20,9560,3000,3208.000,10668.000,3135.000,8112.000,0.938557,1
20,9560,3000,3183.000,9685.000,3157.000,7101.000,0.508867,1
20,9560,3000,3642.000,9726.000,3653.000,7013.000,0.206844,1
20,9560,3000,3273.000,10008.000,3222.000,7427.000,0.938052,1
20,9560,3000,3591.000,11124.000,3520.000,8569.000,0.732039,0
20,9560,3000,3496.000,10210.000,3445.000,7632.000,0.941661,1
20,9560,3000,3525.000,10211.000,3444.000,7589.000,0.256312,1
20,9560,3000,3332.000,9697.000,3280.000,7160.000,0.513398,1
20,9560,3000,3387.000,10410.000,3328.000,7842.000,0.944280,1
20,9560,3000,3435.000,10321.000,3379.000,7751.000,0.942765,1
20,9560,3000,3535.000,10937.000,3468.000,8378.000,0.940619,0
20,9560,3000,3275.000,10869.000,3201.000,8315.000,0.937663,0
20,9560,3000,3859.000,10244.000,3811.000,7668.000,0.943380,1
20,9560,3000,3009.000,11073.000,2923.000,8529.000,0.502088,0
20,9560,3000,3421.000,9826.000,3381.000,7237.000,0.375243,1
20,9560,3000,3559.000,11066.000,3488.000,8509.000,0.932224,0
20,9560,3000,3292.000,11081.000,3209.000,8528.000,0.924302,0
20,9560,3000,3906.000,10602.000,3854.000,8036.000,0.928732,1
20,9560,3000,3923.000,10469.000,3863.000,7933.000,0.336025,1
20,9560,3000,3924.000,10681.000,3867.000,8117.000,0.913157,1
20,9560,3000,3561.000,10919.000,3495.000,8359.000,0.940354,0
20,9560,3000,3037.000,10777.000,2955.000,8227.000,0.938005,0
20,9560,3000,3809.000,10500.000,3759.000,7929.000,0.942392,1
20,9560,3000,3284.000,10113.000,3230.000,7537.000,0.939584,1
20,9560,3000,3025.000,9803.000,2992.000,7221.000,0.825065,1
20,9560,3000,3812.000,10662.000,3753.000,8101.000,0.940337,1
20,9560,3000,3608.000,10899.000,3542.000,8336.000,0.585152,0
20,9560,3000,3038.000,10662.000,2958.000,8110.000,0.407888,1
20,9560,3000,3504.000,10427.000,3462.000,7861.000,0.628003,1
20,9560,3000,3216.000,9809.000,3171.000,7221.000,0.777734,1
20,9560,3000,3798.000,11142.000,3839.000,8549.000,0.270792,0
20,9560,3000,3336.000,10180.000,3290.000,7606.000,0.923222,1
20,9560,3000,3707.000,10379.000,3652.000,7809.000,0.937845,1
20,9560,3000,3656.000,10809.000,3594.000,8246.000,0.940511,0
20,9560,3000,3060.000,10306.000,3001.000,7744.000,0.477834,1
20,9560,3000,3195.000,9833.000,3151.000,7247.000,0.789607,1
20,9560,3000,3144.000,10828.000,3082.000,8263.000,0.727716,0
20,9560,3000,3625.000,10515.000,3568.000,7946.000,0.942420,1
20,9560,3000,3246.000,10692.000,3169.000,8129.000,0.929140,1
20,9560,3000,3847.000,10067.000,3802.000,7485.000,0.635750,1
20,9560,3000,3724.000,9793.000,3686.000,7203.000,0.617002,1
20,9560,3000,3730.000,9850.000,3696.000,7258.000,0.672511,1
20,9560,3000,3403.000,9930.000,3358.000,7347.000,0.921556,1
20,9560,3000,3717.000,10863.000,3656.000,8301.000,0.940535,0
20,9560,3000,3664.000,10061.000,3622.000,7476.000,0.444252,1
20,9560,3000,3289.000,10858.000,3214.000,8304.000,0.938580,0
20,9560,3000,3717.000,10802.000,3657.000,8239.000,0.941698,0
20,9560,3000,3532.000,9694.000,3494.000,7104.000,0.618909,1
20,9560,3000,3612.000,9798.000,3573.000,7210.000,0.330738,1
20,9560,3000,3804.000,10513.000,3751.000,7944.000,0.940848,1
20,9560,3000,3790.000,10331.000,3737.000,7756.000,0.940665,1
20,9560,3000,3807.000,9931.000,3764.000,7347.000,0.518403,1
20,9560,3000,3824.000,10036.000,3778.000,7454.000,0.803557,1
20,9560,3000,3496.000,9772.000,3455.000,7182.000,0.394937,1
20,9560,3000,3687.000,10366.000,3635.000,7792.000,0.938532,1
20,9560,3000,3800.000,10574.000,3743.000,8009.000,0.945239,1
20,9560,3000,3794.000,9916.000,3740.000,7372.000,0.475062,1
20,9560,3000,3259.000,9765.000,3218.000,7174.000,0.866855,1
20,9560,3000,3803.000,10431.000,3743.000,7848.000,0.414134,1
20,9560,3000,3350.000,10097.000,3298.000,7519.000,0.942577,1
20,9560,3000,3730.000,10597.000,3668.000,8035.000,0.896033,1
20,9560,3000,3407.000,10260.000,3352.000,7686.000,0.940000,1
20,9560,3000,3058.000,9976.000,3001.000,7398.000,0.932285,1
20,9560,3000,3797.000,9693.000,3760.000,7120.000,0.288427,1
20,9560,3000,3741.000,9819.000,3617.000,7302.000,0.341729,1
20,9560,3000,3414.000,9859.000,3370.000,7271.000,0.864725,1
20,9560,3000,3475.000,10741.000,3410.000,8179.000,0.940546,1
20,9560,3000,3162.000,9853.000,3114.000,7268.000,0.937860,1
20,9560,3000,3364.000,10098.000,3314.000,7518.000,0.931543,1
20,9560,3000,3065.000,10353.000,3005.000,7791.000,0.932964,1
20,9560,3000,3603.000,10327.000,3562.000,7704.000,0.586682,1
20,9560,3000,3660.000,10319.000,3610.000,7795.000,0.393975,1
20,9560,3000,3694.000,10767.000,3632.000,8203.000,0.940517,0
20,9560,3000,3071.000,11005.000,2922.000,8544.000,0.652254,0
20,9560,3000,3223.000,10280.000,3164.000,7709.000,0.618520,1
20,9560,3000,3844.000,10295.000,3807.000,7723.000,0.810029,1
20,9560,3000,3119.000,10016.000,3059.000,7408.000,0.552215,1
20,9560,3000,3294.000,10037.000,3241.000,7458.000,0.936585,1
20,9560,3000,3037.000,9588.000,2997.000,6992.000,0.572216,1
20,9560,3000,3705.000,9779.000,3675.000,7232.000,0.379564,1
20,9560,3000,3301.000,9819.000,3269.000,7236.000,0.886166,1
20,9560,3000,3513.000,11100.000,3441.000,8546.000,0.940688,0
20,9560,3000,3359.000,10684.000,3290.000,8122.000,0.939945,1
20,9560,3000,3783.000,9911.000,3724.000,7343.000,0.307635,1
20,9560,3000,3672.000,10329.000,3620.000,7756.000,0.940718,1
20,9560,3000,3434.000,9953.000,3387.000,7366.000,0.918999,1
20,9560,3000,3262.000,10286.000,3211.000,7712.000,0.460162,1
20,9560,3000,3742.000,9879.000,3702.000,7245.000,0.366027,1
20,9560,3000,3703.000,10146.000,3666.000,7568.000,0.628918,1
20,9560,3000,3917.000,10565.000,3876.000,7995.000,0.298278,1
20,9560,3000,3296.000,9971.000,3246.000,7389.000,0.940008,1
20,9560,3000,3702.000,10337.000,3649.000,7763.000,0.941494,1
20,9560,3000,3269.000,10068.000,3215.000,7492.000,0.660230,1
20,9560,3000,3246.000,9932.000,3168.000,7258.000,0.466807,1
20,9560,3000,3729.000,9688.000,3696.000,7096.000,0.375069,1
20,9560,3000,3078.000,10296.000,3009.000,7730.000,0.806701,1
20,9560,3000,3530.000,10994.000,3462.000,8437.000,0.938977,0
20,9560,3000,3456.000,10003.000,3421.000,7423.000,0.895042,1
20,9560,3000,3346.000,11047.000,3272.000,8493.000,0.944945,0
20,9560,3000,3775.000,10423.000,3724.000,7851.000,0.931976,1
20,9560,3000,3010.000,9812.000,3004.000,7290.000,0.269439,1
20,9560,3000,3618.000,10370.000,3564.000,7797.000,0.942956,1
20,9560,3000,3327.000,10762.000,3257.000,8203.000,0.939936,0
20,9560,3000,3775.000,10030.000,3733.000,7447.000,0.790895,1
20,9560,3000,3483.000,10205.000,3431.000,7629.000,0.940631,1
20,9560,3000,3624.000,10334.000,3578.000,7766.000,0.939815,1
20,9560,3000,3927.000,10609.000,3873.000,8039.000,0.882697,1
20,9560,3000,3080.000,10666.000,3001.000,8111.000,0.774430,1
20,9560,3000,3229.000,10300.000,3170.000,7728.000,0.937376,1
20,9560,3000,3425.000,10020.000,3381.000,7440.000,0.935539,1
20,9560,3000,3604.000,10551.000,3546.000,7983.000,0.942256,1
20,9560,3000,3619.000,10633.000,3567.000,8070.000,0.629547,1
20,9560,3000,3453.000,10024.000,3403.000,7444.000,0.926707,1
20,9560,3000,3894.000,10633.000,3841.000,8068.000,0.859750,1
20,9560,3000,3222.000,10431.000,3157.000,7864.000,0.673877,1
20,9560,3000,3058.000,9699.000,3015.000,7105.000,0.412669,1
20,9560,3000,3270.000,9866.000,3230.000,7283.000,0.931308,1
20,9560,3000,3465.000,9631.000,3427.000,7039.000,0.398786,1
20,9560,3000,3722.000,10431.000,3668.000,7860.000,0.940046,1
20,9560,3000,3336.000,9940.000,3289.000,7355.000,0.935720,1
20,9560,3000,3592.000,9855.000,3550.000,7270.000,0.301618,1
20,9560,3000,3298.000,10075.000,3245.000,7496.000,0.939749,1
20,9560,3000,3549.000,9677.000,3503.000,7053.000,0.471034,1
20,9560,3000,3329.000,11034.000,3254.000,8482.000,0.936396,0
20,9560,3000,3850.000,10628.000,3800.000,8077.000,0.502652,1
20,9560,3000,3352.000,9946.000,3308.000,7363.000,0.857477,1
20,9560,3000,3644.000,10541.000,3586.000,7973.000,0.939363,1
20,9560,3000,3615.000,9738.000,3614.000,7150.000,0.251883,1
20,9560,3000,3788.000,10128.000,3732.000,7531.000,0.481111,1
20,9560,3000,3614.000,10338.000,3564.000,7759.000,0.921307,1
20,9560,3000,3902.000,10359.000,3860.000,7783.000,0.660311,1
20,9560,3000,3590.000,9632.000,3548.000,7094.000,0.205494,1
20,9560,3000,3536.000,10129.000,3525.000,7573.000,0.257809,1
20,9560,3000,3514.000,10684.000,3452.000,8120.000,0.948646,1
20,9560,3000,3446.000,9675.000,3412.000,7084.000,0.275623,1
20,9560,3000,3753.000,10369.000,3700.000,7797.000,0.939543,1
20,9560,3000,3606.000,10639.000,3543.000,8075.000,0.941083,1
20,9560,3000,3607.000,10595.000,3544.000,8024.000,0.875578,1
20,9560,3000,3801.000,10999.000,3811.000,8449.000,0.220109,0
20,9560,3000,3245.000,10087.000,3189.000,7511.000,0.690216,1
20,9560,3000,3425.000,10920.000,3356.000,8363.000,0.940159,0
20,9560,3000,3809.000,10918.000,3748.000,8359.000,0.631673,0
20,9560,3000,3640.000,10757.000,3579.000,8192.000,0.706497,1
20,9560,3000,3012.000,10109.000,2945.000,7540.000,0.937703,1
20,9560,3000,3335.000,9927.000,3289.000,7343.000,0.880816,1
20,9560,3000,3776.000,10366.000,3724.000,7790.000,0.417718,1
20,9560,3000,3383.000,9914.000,3337.000,7329.000,0.785811,1
20,9560,3000,3128.000,10701.000,3070.000,8119.000,0.307829,1
20,9560,3000,3808.000,10598.000,3768.000,8037.000,0.766341,1
20,9560,3000,3885.000,10340.000,3836.000,7767.000,0.887775,1
20,9560,3000,3844.000,10226.000,3799.000,7657.000,0.883069,1
20,9560,3000,3428.000,10091.000,3379.000,7511.000,0.879966,1
20,9560,3000,3679.000,10034.000,3635.000,7452.000,0.812136,1
20,9560,3000,3038.000,10323.000,2897.000,7762.000,0.479822,1
20,9560,3000,3540.000,10726.000,3477.000,8163.000,0.939423,1
20,9560,3000,3509.000,9943.000,3462.000,7357.000,0.937078,1
20,9560,3000,3615.000,9585.000,3581.000,6994.000,0.229461,1
20,9560,3000,3087.000,9812.000,3040.000,7225.000,0.865269,1
20,9560,3000,3419.000,9998.000,3392.000,7451.000,0.367778,1
20,9560,3000,3622.000,10713.000,3560.000,8150.000,0.941267,1
20,9560,3000,3310.000,10073.000,3256.000,7497.000,0.888389,1
20,9560,3000,3364.000,9909.000,3317.000,7325.000,0.935134,1
20,9560,3000,3178.000,10237.000,3116.000,7666.000,0.935570,1
20,9560,3000,3395.000,10736.000,3328.000,8176.000,0.940215,1
20,9560,3000,3646.000,10517.000,3589.000,7945.000,0.944051,1
20,9560,3000,3794.000,10812.000,3734.000,8247.000,0.877003,0
20,9560,3000,3345.000,10061.000,3320.000,7554.000,0.319108,1
20,9560,3000,3531.000,10380.000,3479.000,7809.000,0.495548,1
20,9560,3000,3522.000,10565.000,3463.000,7999.000,0.789339,1
20,9560,3000,3739.000,10338.000,3691.000,7764.000,0.900588,1
20,9560,3000,3412.000,10512.000,3350.000,7947.000,0.919872,1
20,9560,3000,3620.000,9864.000,3579.000,7277.000,0.827658,1
20,9560,3000,3318.000,10162.000,3264.000,7585.000,0.941146,1
20,9560,3000,3276.000,10886.000,3215.000,8335.000,0.420589,0
20,9560,3000,3319.000,10177.000,3271.000,7609.000,0.933706,1
20,9560,3000,3419.000,10842.000,3349.000,8284.000,0.938033,0
20,9560,3000,3334.000,10195.000,3280.000,7622.000,0.940067,1
20,9560,3000,3145.000,10271.000,3073.000,7699.000,0.788996,1
20,9560,3000,3527.000,10917.000,3461.000,8357.000,0.940347,0
20,9560,3000,3761.000,10430.000,3709.000,7858.000,0.937038,1
20,9560,3000,3320.000,10640.000,3259.000,8071.000,0.744128,1
20,9560,3000,3301.000,9792.000,3227.000,7200.000,0.212348,1
20,9560,3000,3354.000,9932.000,3315.000,7349.000,0.938599,1
20,9560,3000,3094.000,10419.000,3023.000,7861.000,0.931467,1
20,9560,3000,3359.000,10431.000,3297.000,7864.000,0.933516,1
20,9560,3000,3328.000,10015.000,3272.000,7431.000,0.913814,1
20,9560,3000,3555.000,9805.000,3514.000,7216.000,0.321493,1
20,9560,3000,3369.000,10813.000,3299.000,8256.000,0.938281,0
20,9560,3000,3264.000,9809.000,3220.000,7221.000,0.678591,1
20,9560,3000,3299.000,10843.000,3227.000,8288.000,0.939904,0
20,9560,3000,3602.000,10745.000,3563.000,8178.000,0.363306,1
20,9560,3000,3288.000,10876.000,3222.000,8320.000,0.920017,0
20,9560,3000,3818.000,9919.000,3801.000,7447.000,0.213792,1
20,9560,3000,3549.000,9915.000,3505.000,7329.000,0.939617,1
20,9560,3000,3295.000,10239.000,3238.000,7666.000,0.876096,1
20,9560,3000,3554.000,11054.000,3484.000,8496.000,0.431636,0
20,9560,3000,3079.000,10740.000,3000.000,8190.000,0.898181,1
20,9560,3000,3099.000,10795.000,3019.000,8245.000,0.938199,0
20,9560,3000,3490.000,10411.000,3446.000,7843.000,0.866406,1
20,9560,3000,3235.000,9662.000,3207.000,7067.000,0.375199,1
20,9560,3000,3736.000,10184.000,3662.000,7602.000,0.643824,1
20,9560,3000,3598.000,9761.000,3560.000,7173.000,0.627522,1
20,9560,3000,3604.000,9861.000,3564.000,7273.000,0.933086,1
20,9560,3000,3222.000,10253.000,3188.000,7674.000,0.221223,1
20,9560,3000,3389.000,10923.000,3318.000,8367.000,0.940819,0
20,9560,3000,3338.000,11055.000,3262.000,8503.000,0.934466,0
20,9560,3000,3655.000,10640.000,3595.000,8075.000,0.942133,1
20,9560,3000,3237.000,9889.000,3190.000,7304.000,0.931106,1
20,9560,3000,3639.000,10083.000,3593.000,7498.000,0.714902,1
20,9560,3000,3368.000,10399.000,3309.000,7831.000,0.936458,1
20,9560,3000,3027.000,9750.000,2945.000,7202.000,0.206014,1
20,9560,3000,3256.000,10533.000,3189.000,7971.000,0.937714,1
20,9560,3000,3908.000,10464.000,3877.000,7860.000,0.220328,1
20,9560,3000,3035.000,10145.000,2968.000,7577.000,0.297402,1
20,9560,3000,3588.000,10609.000,3527.000,8045.000,0.918031,1
20,9560,3000,3424.000,10893.000,3358.000,8343.000,0.935458,0
20,9560,3000,3276.000,9710.000,3231.000,7125.000,0.538046,1
20,9560,3000,3364.000,10179.000,3311.000,7601.000,0.940942,1
20,9560,3000,3233.000,9815.000,3190.000,7226.000,0.922611,1
20,9560,3000,3346.000,10492.000,3281.000,7927.000,0.934396,1
20,9560,3000,3398.000,10524.000,3342.000,7954.000,0.830507,1
20,9560,3000,3207.000,9761.000,3164.000,7169.000,0.583829,1
20,9560,3000,3745.000,10069.000,3701.000,7487.000,0.782604,1
20,9560,3000,3253.000,9898.000,3206.000,7312.000,0.851062,1
20,9560,3000,3551.000,10559.000,3492.000,7993.000,0.535144,1
20,9560,3000,3192.000,9793.000,3147.000,7188.000,0.532809,1
20,9560,3000,3615.000,10874.000,3550.000,8312.000,0.940418,0
20,9560,3000,3572.000,11040.000,3507.000,8483.000,0.934851,0
20,9560,3000,3578.000,10418.000,3522.000,7848.000,0.940981,1
20,9560,3000,3321.000,10731.000,3251.000,8172.000,0.936190,1
20,9560,3000,3832.000,10628.000,3794.000,8064.000,0.811076,1
20,9560,3000,3794.000,10682.000,3733.000,8119.000,0.946350,1
20,9560,3000,3683.000,9871.000,3644.000,7279.000,0.709205,1
20,9560,3000,3188.000,10719.000,3114.000,8163.000,0.929714,1
20,9560,3000,3655.000,9623.000,3645.000,7025.000,0.381475,1
20,9560,3000,3657.000,9648.000,3623.000,7165.000,0.607743,1
20,9560,3000,3619.000,10073.000,3572.000,7490.000,0.769854,1
20,9560,3000,3268.000,9659.000,3261.000,7030.000,0.240484,1
20,9560,3000,3428.000,10952.000,3356.000,8395.000,0.939932,0
20,9560,3000,3554.000,10761.000,3492.000,8198.000,0.940985,0
20,9560,3000,3791.000,10478.000,3739.000,7908.000,0.396071,1
20,9560,3000,3496.000,10569.000,3433.000,8007.000,0.840084,1
20,9560,3000,3320.000,10776.000,3252.000,8219.000,0.940028,0
20,9560,3000,3908.000,10327.000,3868.000,7752.000,0.920707,1
20,9560,3000,3816.000,11002.000,3842.000,8438.000,0.258977,0
20,9560,3000,3165.000,10400.000,3097.000,7836.000,0.934398,1
20,9560,3000,3126.000,10036.000,3069.000,7458.000,0.925172,1
20,9560,3000,3019.000,9700.000,2974.000,7111.000,0.606411,1
20,9560,3000,3784.000,10785.000,3724.000,8225.000,0.584955,0
20,9560,3000,3301.000,10422.000,3237.000,7856.000,0.939443,1
20,9560,3000,3069.000,10469.000,2992.000,7910.000,0.935895,1
20,9560,3000,3751.000,9668.000,3718.000,7075.000,0.250370,1
20,9560,3000,3857.000,9884.000,3806.000,7322.000,0.424919,1
20,9560,3000,3314.000,9808.000,3271.000,7219.000,0.937043,1
20,9560,3000,3269.000,9987.000,3232.000,7411.000,0.891086,1
20,9560,3000,3157.000,9969.000,3104.000,7389.000,0.930672,1
20,9560,3000,3887.000,10447.000,3832.000,7871.000,0.501485,1
20,9560,3000,3414.000,10225.000,3361.000,7651.000,0.930972,1
20,9560,3000,3319.000,10332.000,3259.000,7759.000,0.931866,1
20,9560,3000,3457.000,10080.000,3414.000,7498.000,0.919697,1
20,9560,3000,3752.000,10880.000,3684.000,8320.000,0.916765,0
20,9560,3000,3357.000,10773.000,3288.000,8214.000,0.939697,0
20,9560,3000,3489.000,9996.000,3481.000,7425.000,0.441881,1
20,9560,3000,3324.000,10130.000,3277.000,7532.000,0.660602,1
20,9560,3000,3026.000,11083.000,2940.000,8538.000,0.530139,0
20,9560,3000,3126.000,11137.000,3063.000,8604.000,0.498025,0
20,9560,3000,3511.000,10477.000,3452.000,7908.000,0.941244,1
20,9560,3000,3291.000,11009.000,3212.000,8419.000,0.420996,0
20,9560,3000,3066.000,10341.000,3007.000,7780.000,0.600727,1
20,9560,3000,3685.000,10793.000,3624.000,8229.000,0.942819,0
20,9560,3000,3081.000,10367.000,3012.000,7803.000,0.912508,1
20,9560,3000,3397.000,9909.000,3300.000,7351.000,0.302686,1
20,9560,3000,3539.000,10683.000,3477.000,8120.000,0.944260,1
20,9560,3000,4025.000,11141.000,3894.000,8625.000,0.221939,0
20,9560,3000,3787.000,10108.000,3742.000,7536.000,0.376841,1
20,9560,3000,3531.000,10711.000,3469.000,8147.000,0.941439,1
20,9560,3000,3234.000,11035.000,3155.000,8485.000,0.937481,0
20,9560,3000,3862.000,10756.000,3795.000,8168.000,0.236700,1
20,9560,3000,3272.000,11084.000,3194.000,8534.000,0.938652,0
20,9560,3000,3487.000,10587.000,3426.000,8022.000,0.775055,1
20,9560,3000,3199.000,10965.000,3119.000,8417.000,0.867754,0
20,9560,3000,3660.000,10836.000,3598.000,8275.000,0.940610,0
20,9560,3000,3559.000,10060.000,3547.000,7472.000,0.323429,1
20,9560,3000,3343.000,10449.000,3279.000,7882.000,0.931185,1
20,9560,3000,3100.000,10345.000,3032.000,7781.000,0.352679,1
20,9560,3000,3745.000,9895.000,3722.000,7307.000,0.212365,1
20,9560,3000,3303.000,9946.000,3254.000,7363.000,0.940575,1
20,9560,3000,3894.000,10318.000,3850.000,7748.000,0.919360,1
20,9560,3000,3622.000,10571.000,3569.000,8007.000,0.331643,1
20,9560,3000,3298.000,10912.000,3223.000,8359.000,0.808267,0
20,9560,3000,3337.000,11115.000,3261.000,8564.000,0.939443,0
20,9560,3000,3789.000,10461.000,3752.000,7883.000,0.788376,1
20,9560,3000,3009.000,11090.000,2850.000,8459.000,0.206842,0
20,9560,3000,3428.000,9857.000,3399.000,7361.000,0.337746,1
20,9560,3000,3885.000,10854.000,3844.000,8294.000,0.709185,0
20,9560,3000,3662.000,10201.000,3611.000,7626.000,0.940363,1
20,9560,3000,3911.000,10337.000,3860.000,7769.000,0.907649,1
20,9560,3000,3465.000,10029.000,3447.000,7454.000,0.484469,1
20,9560,3000,3020.000,10709.000,2923.000,8158.000,0.708440,1
20,9560,3000,3237.000,10683.000,3155.000,8121.000,0.757567,1
20,9560,3000,3794.000,9710.000,3716.000,7168.000,0.608047,1
20,9560,3000,3143.000,10129.000,3081.000,7557.000,0.840328,1
20,9560,3000,3547.000,10271.000,3494.000,7697.000,0.214357,1
20,9560,3000,3012.000,10721.000,2930.000,8171.000,0.920332,1
20,9560,3000,3417.000,9677.000,3370.000,7082.000,0.231609,1
20,9560,3000,3276.000,10218.000,3237.000,7648.000,0.928415,1
20,9560,3000,3043.000,10685.000,2944.000,8119.000,0.435543,1
20,9560,3000,3337.000,10775.000,3267.000,8208.000,0.936734,0
20,9560,3000,3949.000,10480.000,3883.000,7944.000,0.342386,1
20,9560,3000,3439.000,11125.000,3353.000,8573.000,0.535998,0
20,9560,3000,3432.000,9926.000,3395.000,7349.000,0.774766,1
20,9560,3000,3737.000,9943.000,3697.000,7357.000,0.389370,1
20,9560,3000,3403.000,10359.000,3345.000,7785.000,0.934620,1
20,9560,3000,3474.000,10124.000,3467.000,7544.000,0.383899,1
20,9560,3000,3272.000,9896.000,3226.000,7312.000,0.929138,1
20,9560,3000,3814.000,9960.000,3841.000,7313.000,0.288221,1
20,9560,3000,3911.000,10574.000,3859.000,8003.000,0.931234,1
20,9560,3000,3493.000,10082.000,3471.000,7535.000,0.330112,1
20,9560,3000,3319.000,10216.000,3262.000,7638.000,0.919025,1
20,9560,3000,3396.000,10873.000,3326.000,8315.000,0.939778,0
20,9560,3000,3327.000,10170.000,3289.000,7597.000,0.630298,1
20,9560,3000,3289.000,10286.000,3229.000,7715.000,0.939108,1
20,9560,3000,3471.000,10047.000,3422.000,7466.000,0.935364,1
20,9560,3000,3245.000,9918.000,3159.000,7248.000,0.267813,1
20,9560,3000,3787.000,10259.000,3752.000,7665.000,0.476687,1
20,9560,3000,3401.000,9663.000,3361.000,7076.000,0.387946,1
20,9560,3000,3074.000,11058.000,2991.000,8513.000,0.829834,0
20,9560,3000,3318.000,9668.000,3275.000,7113.000,0.522278,1
20,9560,3000,3233.000,9854.000,3151.000,7269.000,0.284953,1
20,9560,3000,3369.000,10216.000,3317.000,7637.000,0.486330,1
20,9560,3000,3746.000,10221.000,3696.000,7646.000,0.595362,1
20,9560,3000,3696.000,9833.000,3662.000,7250.000,0.286744,1
20,9560,3000,3588.000,9597.000,3551.000,7006.000,0.399615,1
20,9560,3000,3638.000,10696.000,3578.000,8133.000,0.868268,1
20,9560,3000,3717.000,10329.000,3666.000,7753.000,0.526535,1
20,9560,3000,3327.000,10649.000,3268.000,8080.000,0.667949,1
20,9560,3000,3866.000,11135.000,3893.000,8559.000,0.390261,0
20,9560,3000,3772.000,9785.000,3718.000,7128.000,0.211960,1
20,9560,3000,3440.000,10965.000,3371.000,8408.000,0.939737,0
20,9560,3000,3444.000,9934.000,3402.000,7350.000,0.927553,1
20,9560,3000,3886.000,9930.000,3777.000,7334.000,0.252499,1
20,9560,3000,3678.000,10785.000,3618.000,8221.000,0.938139,0
20,9560,3000,3267.000,10286.000,3211.000,7720.000,0.508056,1
20,9560,3000,3344.000,9752.000,3336.000,7102.000,0.233886,1
20,9560,3000,3512.000,10176.000,3463.000,7598.000,0.919007,1
20,9560,3000,3793.000,10710.000,3734.000,8147.000,0.948723,1
20,9560,3000,3016.000,10623.000,2938.000,8071.000,0.924505,1
20,9560,3000,3649.000,10469.000,3591.000,7894.000,0.860941,1
20,9560,3000,3620.000,11091.000,3550.000,8536.000,0.522455,0
20,9560,3000,3448.000,10589.000,3386.000,8022.000,0.938801,1
20,9560,3000,3132.000,10412.000,3055.000,7857.000,0.462912,1
20,9560,3000,3066.000,11057.000,2980.000,8511.000,0.860178,0
20,9560,3000,3482.000,10153.000,3419.000,7447.000,0.211999,1
20,9560,3000,3401.000,10221.000,3348.000,7646.000,0.929261,1
20,9560,3000,3422.000,9748.000,3335.000,7182.000,0.458910,1
20,9560,3000,3732.000,10377.000,3679.000,7803.000,0.922088,1
20,9560,3000,3039.000,10538.000,2960.000,7984.000,0.508372,1
20,9560,3000,3504.000,9908.000,3367.000,7286.000,0.200832,1
20,9560,3000,3481.000,10937.000,3413.000,8378.000,0.939777,0
20,9560,3000,3391.000,10237.000,3337.000,7660.000,0.851864,1
20,9560,3000,3299.000,9876.000,3227.000,7261.000,0.742825,1
20,9560,3000,3175.000,9807.000,3129.000,7218.000,0.428255,1
20,9560,3000,3183.000,10402.000,3115.000,7839.000,0.936939,1
20,9560,3000,3339.000,11084.000,3264.000,8531.000,0.939886,0
20,9560,3000,3251.000,10009.000,3199.000,7434.000,0.810206,1
20,9560,3000,3286.000,9835.000,3254.000,7245.000,0.638153,1
20,9560,3000,3253.000,11011.000,3174.000,8459.000,0.932521,0
20,9560,3000,3569.000,9577.000,3533.000,6985.000,0.275252,1
20,9560,3000,3059.000,11058.000,2974.000,8512.000,0.483337,0
20,9560,3000,3718.000,10778.000,3660.000,8215.000,0.937562,0
20,9560,3000,3879.000,10139.000,3830.000,7560.000,0.450457,1
20,9560,3000,3949.000,10080.000,3835.000,7480.000,0.378208,1
20,9560,3000,3238.000,10888.000,3162.000,8336.000,0.914354,0
20,9560,3000,3855.000,10510.000,3803.000,7939.000,0.940323,1
20,9560,3000,3116.000,10968.000,3030.000,8420.000,0.504056,0
20,9560,3000,3558.000,9935.000,3479.000,7324.000,0.285108,1
20,9560,3000,3331.000,10652.000,3265.000,8096.000,0.850246,1
20,9560,3000,3544.000,11068.000,3473.000,8513.000,0.942607,0
20,9560,3000,3275.000,10720.000,3206.000,8163.000,0.931082,1
20,9560,3000,3375.000,10250.000,3300.000,7599.000,0.211970,1
20,9560,3000,3615.000,9762.000,3583.000,7169.000,0.644243,1
22,10760,1800,3074.000,11377.000,2806.000,8649.000,0.203529,0
22,10760,1800,2151.000,11333.000,2033.000,8816.000,0.942139,1
22,10760,1800,3299.000,11333.000,3217.000,8788.000,0.901158,0
22,10760,1800,3275.000,11955.000,3191.000,9424.000,0.830585,0
22,10760,1800,1976.000,10826.000,1867.000,8296.000,0.761808,1
22,10760,1800,3176.000,11935.000,3081.000,9403.000,0.813444,0
22,10760,1800,3064.000,11389.000,2979.000,8839.000,0.752328,0
22,10760,1800,2355.000,11863.000,2235.000,9347.000,0.549407,1
22,10760,1800,2059.000,10782.000,1795.000,8197.000,0.200695,1
22,10760,1800,3350.000,11079.000,3275.000,8527.000,0.946445,0
22,10760,1800,2148.000,11128.000,2032.000,8608.000,0.855989,1
22,10760,1800,2627.000,11100.000,2541.000,8566.000,0.552442,1
22,10760,1800,2316.000,11028.000,2205.000,8503.000,0.525264,1
22,10760,1800,3335.000,11044.000,3255.000,8493.000,0.372486,0
22,10760,1800,2247.000,11479.000,2126.000,8963.000,0.943430,1
22,10760,1800,2296.000,11284.000,2180.000,8767.000,0.931756,1
22,10760,1800,3016.000,11490.000,2923.000,8954.000,0.948344,0
22,10760,1800,2016.000,11696.000,1893.000,9184.000,0.847408,1
22,10760,1800,3012.000,12006.000,2911.000,9478.000,0.909146,0
22,10760,1800,2979.000,12006.000,2877.000,9480.000,0.727681,0
22,10760,1800,2423.000,11435.000,2308.000,8915.000,0.863368,1
22,10760,1800,2804.000,11493.000,2703.000,8962.000,0.954479,1
22,10760,1800,2137.000,11106.000,2021.000,8584.000,0.919312,1
22,10760,1800,3020.000,11507.000,2926.000,8970.000,0.955185,0
22,10760,1800,3001.000,11290.000,2909.000,8751.000,0.952421,0
22,10760,1800,2161.000,12244.000,2035.000,9735.000,0.840904,0
22,10760,1800,2687.000,11636.000,2579.000,9110.000,0.818160,1
22,10760,1800,2919.000,11450.000,2823.000,8915.000,0.784872,1
22,10760,1800,1958.000,10792.000,1848.000,8263.000,0.745373,1
22,10760,1800,2466.000,10975.000,2382.000,8454.000,0.648154,1
22,10760,1800,2021.000,11367.000,1903.000,8853.000,0.846023,1
22,10760,1800,2682.000,11549.000,2575.000,9023.000,0.950536,1
22,10760,1800,3217.000,11629.000,3127.000,9090.000,0.954338,0
22,10760,1800,3206.000,11497.000,3119.000,8956.000,0.701918,0
22,10760,1800,3178.000,12285.000,3079.000,9757.000,0.653233,0
22,10760,1800,2723.000,12292.000,2611.000,9773.000,0.936661,0
22,10760,1800,2460.000,11799.000,2345.000,9281.000,0.938385,1
22,10760,1800,3165.000,11750.000,3070.000,9217.000,0.953255,0
22,10760,1800,3245.000,11659.000,3155.000,9121.000,0.953099,0
22,10760,1800,2267.000,12336.000,2143.000,9826.000,0.558086,0
22,10760,1800,1992.000,11998.000,1876.000,9492.000,0.500742,0
22,10760,1800,3265.000,11522.000,3176.000,8983.000,0.503832,0
22,10760,1800,3346.000,11865.000,3255.000,9331.000,0.757866,0
22,10760,1800,2862.000,11788.000,2759.000,9261.000,0.936374,1
22,10760,1800,2506.000,12235.000,2392.000,9719.000,0.503136,0
22,10760,1800,2454.000,10939.000,2270.000,8398.000,0.465466,1
22,10760,1800,2987.000,11482.000,2894.000,8944.000,0.951905,1
22,10760,1800,3187.000,11360.000,3098.000,8820.000,0.771151,0
22,10760,1800,2502.000,11087.000,2415.000,8604.000,0.361195,1
22,10760,1800,3356.000,11199.000,3280.000,8650.000,0.886072,0
22,10760,1800,2876.000,12144.000,2770.000,9621.000,0.907037,0
22,10760,1800,3294.000,11640.000,3206.000,9101.000,0.941968,0
22,10760,1800,2548.000,11067.000,2442.000,8536.000,0.901357,1
22,10760,1800,2110.000,12012.000,1982.000,9504.000,0.941219,0
22,10760,1800,1944.000,11639.000,1818.000,9125.000,0.319606,1
22,10760,1800,2246.000,11363.000,2127.000,8847.000,0.943930,1
22,10760,1800,2515.000,12220.000,2397.000,9704.000,0.522906,0
22,10760,1800,2654.000,11378.000,2547.000,8851.000,0.953816,1
22,10760,1800,3019.000,11240.000,2930.000,8701.000,0.703752,0
22,10760,1800,2545.000,12126.000,2430.000,9610.000,0.949723,0
22,10760,1800,3037.000,10777.000,2955.000,8227.000,0.806115,0
22,10760,1800,2696.000,11974.000,2586.000,9453.000,0.949559,0
22,10760,1800,3002.000,11304.000,2911.000,8763.000,0.911049,0
22,10760,1800,3030.000,12135.000,2927.000,9608.000,0.929308,0
22,10760,1800,3227.000,11070.000,3150.000,8520.000,0.757152,0
22,10760,1800,2819.000,10784.000,2778.000,8245.000,0.411638,1
22,10760,1800,2122.000,12259.000,1995.000,9751.000,0.913298,0
22,10760,1800,2837.000,11018.000,2745.000,8478.000,0.829741,1
22,10760,1800,2094.000,11407.000,1972.000,8892.000,0.833426,1
22,10760,1800,2383.000,11808.000,2267.000,9292.000,0.950111,1
22,10760,1800,2938.000,11781.000,2837.000,9253.000,0.434747,1
22,10760,1800,2143.000,11479.000,1985.000,8965.000,0.739581,1
22,10760,1800,2043.000,10940.000,1938.000,8413.000,0.916319,1
22,10760,1800,2892.000,10873.000,2815.000,8326.000,0.907431,1
22,10760,1800,2667.000,11639.000,2562.000,9104.000,0.567381,1
22,10760,1800,2253.000,11380.000,2133.000,8822.000,0.474191,1
22,10760,1800,2227.000,10973.000,2117.000,8448.000,0.773539,1
22,10760,1800,3081.000,11465.000,2989.000,8932.000,0.933528,0
22,10760,1800,3251.000,11649.000,3152.000,9158.000,0.525932,0
22,10760,1800,3009.000,11073.000,2923.000,8529.000,0.918928,0
22,10760,1800,2093.000,10803.000,2002.000,8268.000,0.617785,1
22,10760,1800,2151.000,10787.000,2043.000,8255.000,0.515332,1
22,10760,1800,2315.000,11852.000,2193.000,9338.000,0.841616,1
22,10760,1800,3057.000,11877.000,2959.000,9346.000,0.950708,0
22,10760,1800,3033.000,12320.000,2928.000,9795.000,0.921755,0
22,10760,1800,3275.000,10869.000,3257.000,8203.000,0.217987,0
22,10760,1800,2068.000,12161.000,1960.000,9650.000,0.842509,0
22,10760,1800,2547.000,11384.000,2437.000,8860.000,0.948769,1
22,10760,1800,3288.000,12215.000,3192.000,9685.000,0.834378,0
22,10760,1800,3292.000,11081.000,3210.000,8537.000,0.333207,0
22,10760,1800,1984.000,10819.000,1873.000,8290.000,0.695683,1
22,10760,1800,2831.000,12215.000,2690.000,9695.000,0.633808,0
22,10760,1800,3222.000,11363.000,3149.000,8831.000,0.307609,0
22,10760,1800,3310.000,12132.000,3215.000,9601.000,0.833680,0
22,10760,1800,2331.000,11324.000,2233.000,8786.000,0.480125,1
22,10760,1800,2451.000,10921.000,2279.000,8422.000,0.307331,1
22,10760,1800,2444.000,11538.000,2328.000,9018.000,0.954884,1
22,10760,1800,2612.000,11400.000,2504.000,8873.000,0.936838,1
22,10760,1800,3388.000,11775.000,3299.000,9239.000,0.309353,0
22,10760,1800,3203.000,12246.000,3106.000,9717.000,0.880419,0
22,10760,1800,2003.000,11691.000,1879.000,9179.000,0.920778,1
22,10760,1800,2983.000,11748.000,2900.000,9221.000,0.648037,1
22,10760,1800,2610.000,11769.000,2498.000,9247.000,0.954645,1
22,10760,1800,2618.000,11085.000,2517.000,8551.000,0.769827,1
22,10760,1800,2991.000,12002.000,2888.000,9473.000,0.952630,0
22,10760,1800,1943.000,11064.000,1829.000,8538.000,0.303300,1
22,10760,1800,2614.000,12262.000,2500.000,9745.000,0.235623,0
22,10760,1800,2708.000,12261.000,2597.000,9743.000,0.942775,0
22,10760,1800,2941.000,12212.000,2836.000,9689.000,0.945296,0
22,10760,1800,2963.000,10857.000,2879.000,8310.000,0.858269,1
22,10760,1800,3144.000,10828.000,3082.000,8263.000,0.619457,0
22,10760,1800,2226.000,11003.000,2114.000,8478.000,0.817083,1
22,10760,1800,2206.000,11715.000,2082.000,9202.000,0.943684,1
22,10760,1800,2038.000,10792.000,1976.000,8277.000,0.597437,1
22,10760,1800,2503.000,10978.000,2360.000,8445.000,0.589767,1
22,10760,1800,3038.000,12173.000,2959.000,9644.000,0.573010,0
22,10760,1800,2088.000,11057.000,1932.000,8558.000,0.261734,1
22,10760,1800,3103.000,12141.000,3003.000,9613.000,0.952093,0
22,10760,1800,3078.000,12312.000,2976.000,9787.000,0.927208,0
22,10760,1800,2203.000,11357.000,2082.000,8839.000,0.951009,1
22,10760,1800,3019.000,11265.000,2928.000,8723.000,0.936936,0
22,10760,1800,2862.000,10956.000,2794.000,8421.000,0.234567,1
22,10760,1800,3289.000,10858.000,3214.000,8304.000,0.537502,0
22,10760,1800,2960.000,11706.000,2861.000,9173.000,0.950004,1
22,10760,1800,2151.000,12237.000,2025.000,9730.000,0.526710,0
22,10760,1800,2903.000,10880.000,2796.000,8349.000,0.398499,1
22,10760,1800,2614.000,12023.000,2500.000,9504.000,0.953009,0
22,10760,1800,3231.000,12024.000,3114.000,9437.000,0.689882,0
22,10760,1800,2806.000,11018.000,2715.000,8475.000,0.376693,1
22,10760,1800,3261.000,12244.000,3166.000,9715.000,0.711211,0
22,10760,1800,2240.000,12061.000,2116.000,9550.000,0.950195,0
22,10760,1800,2859.000,11987.000,2753.000,9462.000,0.582698,0
22,10760,1800,2516.000,10862.000,2415.000,8328.000,0.928478,1
22,10760,1800,2863.000,11624.000,2761.000,9093.000,0.950561,1
22,10760,1800,2271.000,11195.000,2156.000,8674.000,0.294757,1
22,10760,1800,2955.000,11082.000,2896.000,8537.000,0.749749,1
22,10760,1800,3371.000,11951.000,3279.000,9419.000,0.896848,0
22,10760,1800,2240.000,12112.000,2116.000,9602.000,0.951858,0
22,10760,1800,2313.000,11114.000,2199.000,8591.000,0.817901,1
22,10760,1800,3170.000,12273.000,3072.000,9745.000,0.862426,0
22,10760,1800,2752.000,11543.000,2646.000,9014.000,0.637065,1
22,10760,1800,3185.000,12320.000,3088.000,9791.000,0.437565,0
22,10760,1800,3027.000,11492.000,2934.000,8955.000,0.756129,0
22,10760,1800,2406.000,11850.000,2289.000,9334.000,0.951008,1
22,10760,1800,2671.000,11650.000,2569.000,9130.000,0.751890,1
22,10760,1800,2482.000,10890.000,2378.000,8358.000,0.946205,1
22,10760,1800,2648.000,12255.000,2534.000,9736.000,0.671831,0
22,10760,1800,2842.000,11035.000,2750.000,8493.000,0.792136,1
22,10760,1800,2406.000,12290.000,2236.000,9854.000,0.212471,0
22,10760,1800,2768.000,11725.000,2647.000,9217.000,0.319748,1
22,10760,1800,2599.000,12294.000,2483.000,9777.000,0.942687,0
22,10760,1800,3042.000,12142.000,2941.000,9615.000,0.773287,0
22,10760,1800,2180.000,11989.000,2056.000,9479.000,0.946075,0
22,10760,1800,2338.000,11279.000,2222.000,8760.000,0.828825,1
22,10760,1800,2882.000,11813.000,2779.000,9285.000,0.949928,1
22,10760,1800,3358.000,11744.000,3270.000,9207.000,0.924854,0
22,10760,1800,2334.000,10911.000,2225.000,8382.000,0.780364,1
22,10760,1800,2311.000,11670.000,2190.000,9155.000,0.950956,1
22,10760,1800,3346.000,11047.000,3272.000,8493.000,0.879702,0
22,10760,1800,2428.000,11421.000,2340.000,8940.000,0.215956,1
22,10760,1800,2021.000,11436.000,1899.000,8918.000,0.861549,1
22,10760,1800,2997.000,11171.000,2909.000,8628.000,0.914955,1
22,10760,1800,3268.000,11757.000,3178.000,9221.000,0.937466,0
22,10760,1800,3061.000,11679.000,2966.000,9144.000,0.951626,0
22,10760,1800,2256.000,11811.000,2134.000,9299.000,0.899196,1
22,10760,1800,3116.000,12311.000,3015.000,9785.000,0.345041,0
22,10760,1800,1947.000,11390.000,1826.000,8873.000,0.936699,1
22,10760,1800,2478.000,12059.000,2362.000,9544.000,0.877674,0
22,10760,1800,3165.000,11765.000,3072.000,9231.000,0.954019,0
22,10760,1800,3102.000,11322.000,3029.000,8780.000,0.443388,0
22,10760,1800,2319.000,11906.000,2200.000,9391.000,0.951377,1
22,10760,1800,2770.000,10999.000,2676.000,8459.000,0.941943,1
22,10760,1800,2341.000,10960.000,2230.000,8432.000,0.897582,1
22,10760,1800,2635.000,11115.000,2533.000,8585.000,0.786784,1
22,10760,1800,2788.000,10769.000,2728.000,8203.000,0.256103,1
22,10760,1800,3294.000,11742.000,3148.000,9169.000,0.361933,0
22,10760,1800,2259.000,11305.000,2140.000,8787.000,0.476583,1
22,10760,1800,3180.000,11274.000,3092.000,8733.000,0.427297,0
22,10760,1800,3012.000,12272.000,2921.000,9743.000,0.859580,0
22,10760,1800,2795.000,12350.000,2687.000,9832.000,0.597650,0
22,10760,1800,2769.000,10796.000,2604.000,8295.000,0.203766,1
22,10760,1800,2912.000,10990.000,2822.000,8447.000,0.257613,1
22,10760,1800,2995.000,10841.000,2911.000,8293.000,0.844567,1
22,10760,1800,1980.000,12345.000,1848.000,9841.000,0.768368,0
22,10760,1800,2500.000,10861.000,2455.000,8305.000,0.232035,1
22,10760,1800,3006.000,11727.000,2909.000,9194.000,0.525488,0
22,10760,1800,3007.000,12155.000,2906.000,9629.000,0.613760,0
22,10760,1800,2023.000,12287.000,1885.000,9778.000,0.672189,0
22,10760,1800,2318.000,12023.000,2197.000,9509.000,0.952198,0
22,10760,1800,2618.000,11239.000,2513.000,8710.000,0.930531,1
22,10760,1800,1957.000,10882.000,1845.000,8354.000,0.812977,1
22,10760,1800,3358.000,11704.000,3270.000,9166.000,0.931553,0
22,10760,1800,2588.000,11407.000,2479.000,8882.000,0.945511,1
22,10760,1800,2948.000,11462.000,2852.000,8926.000,0.469499,1
22,10760,1800,3246.000,12055.000,3149.000,9525.000,0.788725,0
22,10760,1800,3235.000,12293.000,3137.000,9764.000,0.832890,0
22,10760,1800,3092.000,10858.000,3000.000,8190.000,0.364465,0
22,10760,1800,3321.000,11781.000,3230.000,9245.000,0.939146,0
22,10760,1800,3027.000,11665.000,2931.000,9131.000,0.939157,0
22,10760,1800,2444.000,11337.000,2330.000,8812.000,0.950710,1
22,10760,1800,3134.000,12043.000,3036.000,9513.000,0.926679,0
22,10760,1800,2299.000,12322.000,2176.000,9811.000,0.907417,0
22,10760,1800,2082.000,12304.000,1983.000,9808.000,0.815880,0
22,10760,1800,2514.000,11801.000,2403.000,9283.000,0.922711,1
22,10760,1800,2061.000,11532.000,1939.000,9018.000,0.765007,1
22,10760,1800,1947.000,10829.000,1836.000,8302.000,0.430042,1
22,10760,1800,3229.000,11749.000,3137.000,9213.000,0.919046,0
22,10760,1800,3373.000,11457.000,3289.000,8913.000,0.948789,0
22,10760,1800,2309.000,11324.000,2214.000,8805.000,0.480719,1
22,10760,1800,3005.000,11847.000,2893.000,9320.000,0.599602,0
22,10760,1800,3158.000,12003.000,3060.000,9473.000,0.561104,0
22,10760,1800,2452.000,11957.000,2334.000,9440.000,0.846166,1
22,10760,1800,2599.000,11319.000,2491.000,8792.000,0.934704,1
22,10760,1800,3103.000,11289.000,2980.000,8788.000,0.324004,0
22,10760,1800,2104.000,11151.000,1988.000,8630.000,0.236581,1
22,10760,1800,3068.000,11746.000,2973.000,9215.000,0.944741,0
22,10760,1800,2226.000,11641.000,2102.000,9128.000,0.937943,1
22,10760,1800,2682.000,10968.000,2584.000,8433.000,0.940600,1
22,10760,1800,2270.000,11431.000,2150.000,8914.000,0.951721,1
22,10760,1800,3033.000,11677.000,2937.000,9143.000,0.952012,0
22,10760,1800,2462.000,11900.000,2345.000,9383.000,0.953233,1
22,10760,1800,3214.000,11750.000,3122.000,9215.000,0.945786,0
22,10760,1800,2661.000,11048.000,2560.000,8515.000,0.932512,1
22,10760,1800,2558.000,10940.000,2456.000,8407.000,0.935338,1
22,10760,1800,1961.000,12205.000,1832.000,9702.000,0.477579,0
22,10760,1800,3285.000,11579.000,3197.000,9038.000,0.927159,0
22,10760,1800,2163.000,11102.000,2048.000,8578.000,0.844257,1
22,10760,1800,3326.000,11896.000,3241.000,9355.000,0.830353,0
22,10760,1800,2698.000,10835.000,2542.000,8240.000,0.540579,1
22,10760,1800,2141.000,12211.000,2030.000,9654.000,0.396670,0
22,10760,1800,3053.000,11601.000,2959.000,9065.000,0.870975,0
22,10760,1800,2655.000,11632.000,2546.000,9107.000,0.388604,1
22,10760,1800,2551.000,10861.000,2448.000,8326.000,0.450537,1
22,10760,1800,3276.000,10886.000,3216.000,8269.000,0.678857,0
22,10760,1800,3386.000,12102.000,3304.000,9538.000,0.290146,0
22,10760,1800,2740.000,12039.000,2632.000,9518.000,0.897258,0
22,10760,1800,2133.000,11748.000,2007.000,9237.000,0.561912,1
22,10760,1800,3279.000,11763.000,3187.000,9227.000,0.733500,0
22,10760,1800,2214.000,10828.000,2103.000,8233.000,0.297431,1
22,10760,1800,2910.000,11834.000,2808.000,9307.000,0.948996,1
22,10760,1800,2807.000,12106.000,2698.000,9582.000,0.945868,0
22,10760,1800,2695.000,10898.000,2693.000,8364.000,0.299001,1
22,10760,1800,2888.000,10923.000,2800.000,8380.000,0.663922,1
22,10760,1800,2175.000,11389.000,2057.000,8851.000,0.458615,1
22,10760,1800,3299.000,10843.000,3227.000,8288.000,0.872905,0
22,10760,1800,2231.000,12145.000,2086.000,9715.000,0.660786,0
22,10760,1800,2519.000,11812.000,2406.000,9293.000,0.939490,1
22,10760,1800,2918.000,11756.000,2821.000,9226.000,0.724779,1
22,10760,1800,3101.000,12223.000,3000.000,9696.000,0.945732,0
22,10760,1800,2355.000,11997.000,2233.000,9483.000,0.940861,0
22,10760,1800,2512.000,11188.000,2403.000,8660.000,0.423714,1
22,10760,1800,2571.000,11739.000,2459.000,9218.000,0.950182,1
22,10760,1800,2165.000,11350.000,2045.000,8832.000,0.945139,1
22,10760,1800,2130.000,10768.000,2022.000,8236.000,0.278354,1
22,10760,1800,3109.000,12003.000,3009.000,9472.000,0.951753,0
22,10760,1800,2147.000,11149.000,2031.000,8628.000,0.945745,1
22,10760,1800,2122.000,11088.000,2006.000,8565.000,0.946317,1
22,10760,1800,3159.000,11369.000,3067.000,8829.000,0.921493,0
22,10760,1800,3338.000,11055.000,3262.000,8503.000,0.790859,0
22,10760,1800,3215.000,11381.000,3146.000,8847.000,0.549134,0
22,10760,1800,3138.000,11246.000,3050.000,8704.000,0.937292,0
22,10760,1800,3062.000,12172.000,2977.000,9628.000,0.722320,0
22,10760,1800,2956.000,11626.000,2862.000,9093.000,0.405920,1
22,10760,1800,3311.000,11880.000,3220.000,9345.000,0.872838,0
22,10760,1800,2404.000,11195.000,2317.000,8667.000,0.375314,1
22,10760,1800,3092.000,11763.000,2997.000,9228.000,0.933955,0
22,10760,1800,2792.000,11127.000,2697.000,8591.000,0.951103,1
22,10760,1800,3180.000,11728.000,3087.000,9193.000,0.944280,0
22,10760,1800,2985.000,11416.000,2893.000,8878.000,0.941587,1
22,10760,1800,2659.000,11475.000,2551.000,8947.000,0.432877,1
22,10760,1800,3183.000,11782.000,3054.000,9203.000,0.473101,0
22,10760,1800,2222.000,11495.000,2100.000,8981.000,0.952861,1
22,10760,1800,2720.000,10779.000,2626.000,8239.000,0.513529,1
22,10760,1800,2573.000,11809.000,2461.000,9288.000,0.955410,1
22,10760,1800,2530.000,11809.000,2420.000,9289.000,0.943523,1
22,10760,1800,3099.000,10795.000,3019.000,8245.000,0.775290,0
22,10760,1800,2211.000,10967.000,2099.000,8441.000,0.684089,1
22,10760,1800,3379.000,11669.000,3292.000,9129.000,0.888559,0
22,10760,1800,2113.000,11099.000,1997.000,8576.000,0.685698,1
22,10760,1800,2578.000,11759.000,2466.000,9237.000,0.954720,1
22,10760,1800,3391.000,11597.000,3306.000,9056.000,0.608628,0
22,10760,1800,2675.000,11617.000,2568.000,9092.000,0.890508,1
22,10760,1800,2279.000,12132.000,2156.000,9621.000,0.947644,0
22,10760,1800,1944.000,12068.000,1783.000,9461.000,0.501449,0
22,10760,1800,2147.000,11726.000,1949.000,9076.000,0.321504,1
22,10760,1800,2256.000,11611.000,2132.000,9097.000,0.949158,1
22,10760,1800,2633.000,11777.000,2535.000,9317.000,0.202316,1
22,10760,1800,2167.000,12202.000,2054.000,9650.000,0.211893,0
22,10760,1800,2495.000,10815.000,2587.000,8194.000,0.222140,1
22,10760,1800,2516.000,12259.000,2398.000,9744.000,0.922040,0
22,10760,1800,2671.000,11559.000,2564.000,9034.000,0.909835,1
22,10760,1800,3085.000,11721.000,2991.000,9187.000,0.933645,0
22,10760,1800,2935.000,11344.000,2842.000,8807.000,0.933984,1
22,10760,1800,2688.000,12271.000,2577.000,9753.000,0.942707,0
22,10760,1800,2352.000,11037.000,2205.000,8546.000,0.461088,1
22,10760,1800,2596.000,12254.000,2481.000,9738.000,0.654970,0
22,10760,1800,2010.000,11648.000,1885.000,9134.000,0.411679,1
22,10760,1800,2674.000,11758.000,2564.000,9233.000,0.954774,1
22,10760,1800,2929.000,10974.000,2826.000,8429.000,0.226579,1
22,10760,1800,2365.000,11089.000,2253.000,8565.000,0.714727,1
22,10760,1800,2841.000,10984.000,2750.000,8443.000,0.725899,1
22,10760,1800,3009.000,12287.000,2906.000,9763.000,0.936529,0
22,10760,1800,2694.000,12242.000,2582.000,9723.000,0.941829,0
22,10760,1800,2400.000,11176.000,2288.000,8652.000,0.536455,1
22,10760,1800,3282.000,12133.000,3187.000,9565.000,0.336368,0
22,10760,1800,2593.000,10891.000,2503.000,8354.000,0.935610,1
22,10760,1800,3000.000,12276.000,2897.000,9751.000,0.938379,0
22,10760,1800,2307.000,11389.000,2201.000,8863.000,0.827825,1
22,10760,1800,2451.000,10961.000,2385.000,8433.000,0.454694,1
22,10760,1800,2665.000,11951.000,2553.000,9430.000,0.952510,1
22,10760,1800,2837.000,12171.000,2730.000,9648.000,0.462980,0
22,10760,1800,2964.000,10788.000,2879.000,8241.000,0.265668,1
22,10760,1800,2189.000,11529.000,2064.000,9015.000,0.762070,1
22,10760,1800,3291.000,11009.000,3223.000,8359.000,0.255135,0
22,10760,1800,2090.000,10948.000,1976.000,8420.000,0.804790,1
22,10760,1800,2358.000,10770.000,2123.000,8236.000,0.213571,1
22,10760,1800,3250.000,11537.000,3161.000,8997.000,0.501434,0
22,10760,1800,2267.000,11938.000,2143.000,9425.000,0.936903,1
22,10760,1800,3180.000,12180.000,3082.000,9652.000,0.943541,0
22,10760,1800,2941.000,10845.000,2856.000,8299.000,0.896517,1
22,10760,1800,2575.000,11841.000,2462.000,9323.000,0.933643,1
22,10760,1800,3206.000,11399.000,3134.000,8822.000,0.519873,0
22,10760,1800,2606.000,11816.000,2489.000,9295.000,0.785567,1
22,10760,1800,2026.000,12159.000,1897.000,9653.000,0.761820,0
22,10760,1800,3389.000,10923.000,3318.000,8367.000,0.804276,0
22,10760,1800,3026.000,11083.000,2940.000,8538.000,0.935778,0
22,10760,1800,2403.000,11865.000,2284.000,9350.000,0.946707,1
22,10760,1800,1990.000,11003.000,1704.000,8505.000,0.275438,1
22,10760,1800,3272.000,11084.000,3194.000,8534.000,0.721703,0
22,10760,1800,2889.000,11959.000,2794.000,9422.000,0.800580,1
22,10760,1800,3082.000,12043.000,2986.000,9513.000,0.944996,0
22,10760,1800,2855.000,11282.000,2759.000,8744.000,0.952401,1
22,10760,1800,3199.000,10965.000,3119.000,8417.000,0.371800,0
22,10760,1800,2991.000,11932.000,2890.000,9404.000,0.902624,1
22,10760,1800,2693.000,11600.000,2586.000,9073.000,0.954917,1
22,10760,1800,1996.000,11033.000,1893.000,8502.000,0.249479,1
22,10760,1800,3023.000,11792.000,2945.000,9260.000,0.877167,0
22,10760,1800,2715.000,10858.000,2619.000,8319.000,0.944436,1
22,10760,1800,2979.000,11935.000,2876.000,9407.000,0.880049,1
22,10760,1800,2323.000,10894.000,2268.000,8438.000,0.272174,1
22,10760,1800,3102.000,11802.000,3008.000,9269.000,0.763791,0
22,10760,1800,2793.000,10782.000,2745.000,8258.000,0.563009,1
22,10760,1800,3227.000,11771.000,3135.000,9235.000,0.822320,0
22,10760,1800,3337.000,11115.000,3261.000,8564.000,0.823774,0
22,10760,1800,2738.000,12234.000,2627.000,9714.000,0.949424,0
22,10760,1800,2245.000,11860.000,2121.000,9350.000,0.608337,1
22,10760,1800,2157.000,11209.000,2053.000,8688.000,0.638430,1
22,10760,1800,2925.000,12248.000,2819.000,9724.000,0.950033,0
22,10760,1800,2630.000,11721.000,2519.000,9198.000,0.952381,1
22,10760,1800,3307.000,12221.000,3215.000,9670.000,0.328681,0
22,10760,1800,2178.000,11944.000,2026.000,9419.000,0.673027,1
22,10760,1800,3036.000,12221.000,2934.000,9694.000,0.760981,0
22,10760,1800,2229.000,11872.000,2108.000,9360.000,0.887669,1
22,10760,1800,2666.000,11995.000,2554.000,9483.000,0.738721,0
22,10760,1800,3075.000,11737.000,2984.000,9201.000,0.918897,0
22,10760,1800,3120.000,11317.000,3091.000,8772.000,0.258372,0
22,10760,1800,3169.000,11484.000,3079.000,8945.000,0.942157,0
22,10760,1800,3197.000,12327.000,3118.000,9855.000,0.242296,0
22,10760,1800,3320.000,10776.000,3252.000,8219.000,0.288646,0
22,10760,1800,2503.000,11015.000,2398.000,8484.000,0.602396,1
22,10760,1800,3211.000,11324.000,3125.000,8781.000,0.688336,0
22,10760,1800,2046.000,12157.000,1938.000,9656.000,0.558938,0
22,10760,1800,2870.000,12267.000,2796.000,9774.000,0.599699,0
22,10760,1800,2617.000,11157.000,2513.000,8626.000,0.661317,1
22,10760,1800,2271.000,11875.000,2149.000,9363.000,0.490045,1
22,10760,1800,2327.000,12149.000,2206.000,9637.000,0.682833,0
22,10760,1800,3331.000,12032.000,3237.000,9502.000,0.485764,0
22,10760,1800,2480.000,12185.000,2363.000,9671.000,0.530259,0
22,10760,1800,2824.000,10880.000,2734.000,8337.000,0.944007,1
22,10760,1800,2915.000,11859.000,2813.000,9331.000,0.902113,1
22,10760,1800,2535.000,10824.000,2400.000,8239.000,0.399278,1
22,10760,1800,2548.000,11085.000,2443.000,8555.000,0.909681,1
22,10760,1800,3352.000,11758.000,3264.000,9221.000,0.943195,0
22,10760,1800,2212.000,11563.000,2077.000,9092.000,0.228903,1
22,10760,1800,2680.000,11164.000,2578.000,8631.000,0.895716,1
22,10760,1800,2263.000,11634.000,2144.000,9121.000,0.939015,1
22,10760,1800,2560.000,12112.000,2445.000,9593.000,0.598491,0
22,10760,1800,2659.000,10944.000,2555.000,8416.000,0.900381,1
22,10760,1800,2173.000,11207.000,2048.000,8525.000,0.367293,1
22,10760,1800,2182.000,11871.000,2056.000,9361.000,0.817409,1
22,10760,1800,2019.000,12160.000,1915.000,9884.000,0.203393,0
22,10760,1800,2670.000,12245.000,2557.000,9727.000,0.949155,0
22,10760,1800,2701.000,10814.000,2547.000,8229.000,0.326555,1
22,10760,1800,1947.000,11430.000,1825.000,8913.000,0.681276,1
22,10760,1800,2879.000,11065.000,2787.000,8524.000,0.889402,1
22,10760,1800,2959.000,11111.000,2869.000,8569.000,0.892595,1
22,10760,1800,3074.000,11058.000,2991.000,8513.000,0.904105,0
22,10760,1800,1935.000,11410.000,1814.000,8895.000,0.246253,1
22,10760,1800,2918.000,12156.000,2801.000,9622.000,0.634065,0
22,10760,1800,2329.000,10883.000,2220.000,8353.000,0.644222,1
22,10760,1800,2658.000,11554.000,2549.000,9028.000,0.953207,1
22,10760,1800,2650.000,11157.000,2548.000,8625.000,0.935991,1
22,10760,1800,2624.000,10840.000,2526.000,8304.000,0.641345,1
22,10760,1800,2426.000,11160.000,2314.000,8636.000,0.945956,1
22,10760,1800,2067.000,11439.000,1942.000,8926.000,0.480078,1
22,10760,1800,2605.000,11646.000,2494.000,9124.000,0.371502,1
22,10760,1800,3136.000,12129.000,3038.000,9599.000,0.881025,0
22,10760,1800,2158.000,10910.000,2048.000,8382.000,0.936381,1
22,10760,1800,2210.000,11042.000,2098.000,8517.000,0.945814,1
22,10760,1800,2430.000,10957.000,2222.000,8204.000,0.265054,1
22,10760,1800,2655.000,11698.000,2545.000,9174.000,0.954536,1
22,10760,1800,2820.000,12337.000,2710.000,9816.000,0.638999,0
22,10760,1800,2809.000,11926.000,2720.000,9368.000,0.358972,1
22,10760,1800,2485.000,11715.000,2371.000,9196.000,0.777432,1
22,10760,1800,2176.000,12230.000,2049.000,9712.000,0.353207,0
22,10760,1800,2554.000,12306.000,2455.000,9792.000,0.518609,0
22,10760,1800,2861.000,11753.000,2758.000,9225.000,0.947558,1
22,10760,1800,2293.000,11930.000,2174.000,9420.000,0.624802,1
22,10760,1800,2885.000,11840.000,2782.000,9313.000,0.243573,1
22,10760,1800,2810.000,12351.000,2712.000,9836.000,0.747755,0
22,10760,1800,2287.000,12191.000,2166.000,9679.000,0.848491,0
22,10760,1800,2797.000,11432.000,2677.000,8910.000,0.784963,1
22,10760,1800,2607.000,11098.000,2515.000,8555.000,0.558086,1
22,10760,1800,2297.000,11932.000,2175.000,9424.000,0.594598,1
22,10760,1800,2983.000,12077.000,2898.000,9526.000,0.226224,0
22,10760,1800,2899.000,11567.000,2798.000,9034.000,0.866346,1
22,10760,1800,2054.000,11274.000,1933.000,8755.000,0.942545,1
22,10760,1800,2883.000,12328.000,2774.000,9805.000,0.935536,0
22,10760,1800,3097.000,11659.000,3004.000,9123.000,0.949666,0
22,10760,1800,2131.000,11313.000,2013.000,8796.000,0.750347,1
22,10760,1800,2701.000,12295.000,2589.000,9776.000,0.944510,0
22,10760,1800,2874.000,11101.000,2777.000,8558.000,0.950795,1
22,10760,1800,3221.000,11334.000,3134.000,8792.000,0.738033,0
22,10760,1800,2149.000,11288.000,2031.000,8769.000,0.357710,1
22,10760,1800,3330.000,11276.000,3247.000,8760.000,0.214910,0
22,10760,1800,2940.000,11132.000,2799.000,8559.000,0.462798,1
22,10760,1800,2861.000,11394.000,2762.000,8861.000,0.951519,1
22,10760,1800,3015.000,11772.000,2934.000,9241.000,0.653860,0
22,10760,1800,2090.000,12228.000,1958.000,9690.000,0.384408,0
22,10760,1800,2586.000,11138.000,2481.000,8608.000,0.804094,1
22,10760,1800,2902.000,11822.000,2800.000,9294.000,0.950425,1
22,10760,1800,3009.000,11090.000,2922.000,8544.000,0.480398,0
22,10760,1800,3128.000,11515.000,2957.000,8921.000,0.270322,0
22,10760,1800,2431.000,11851.000,2314.000,9334.000,0.947609,1
22,10760,1800,2818.000,11993.000,2712.000,9469.000,0.952675,0
22,10760,1800,3066.000,11057.000,2980.000,8511.000,0.933418,0
22,10760,1800,2793.000,11055.000,2698.000,8518.000,0.952896,1
22,10760,1800,2295.000,11394.000,2187.000,8874.000,0.876107,1
22,10760,1800,2178.000,11111.000,2063.000,8589.000,0.797682,1
22,10760,1800,3331.000,12097.000,3289.000,9573.000,0.275799,0
22,10760,1800,3002.000,10831.000,2975.000,8238.000,0.659423,0
22,10760,1800,2953.000,11642.000,2855.000,9109.000,0.950305,1
22,10760,1800,3137.000,10785.000,3058.000,8234.000,0.651644,0
22,10760,1800,2417.000,11807.000,2300.000,9291.000,0.946261,1
22,10760,1800,2508.000,11126.000,2401.000,8599.000,0.942869,1
22,10760,1800,3204.000,11751.000,3112.000,9217.000,0.952857,0
22,10760,1800,2610.000,10902.000,2516.000,8369.000,0.551487,1
22,10760,1800,2254.000,11419.000,2131.000,8904.000,0.542398,1
22,10760,1800,2988.000,11248.000,2899.000,8706.000,0.911742,1
22,10760,1800,3000.000,12203.000,2896.000,9678.000,0.951181,0
22,10760,1800,2488.000,10985.000,2398.000,8447.000,0.213298,1
22,10760,1800,2935.000,11107.000,2847.000,8566.000,0.942299,1
22,10760,1800,1956.000,12240.000,1662.000,9661.000,0.249416,0
22,10760,1800,2800.000,11247.000,2700.000,8712.000,0.414997,1
22,10760,1800,2428.000,10925.000,2350.000,8415.000,0.486468,1
22,10760,1800,1946.000,10864.000,1834.000,8334.000,0.275849,1
22,10760,1800,3138.000,12159.000,3039.000,9630.000,0.949392,0
22,10760,1800,2322.000,10877.000,2199.000,8349.000,0.444846,1
22,10760,1800,2218.000,12054.000,2094.000,9543.000,0.730231,0
22,10760,1800,2616.000,11657.000,2506.000,9135.000,0.953370,1
22,10760,1800,2838.000,11387.000,2739.000,8853.000,0.951344,1
22,10760,1800,2755.000,11418.000,2636.000,8881.000,0.504845,1
22,10760,1800,2915.000,12236.000,2809.000,9709.000,0.837227,0
22,10760,1800,2235.000,10964.000,2125.000,8436.000,0.455613,1
22,10760,1800,2925.000,11735.000,2825.000,9206.000,0.950519,1
22,10760,1800,2746.000,10833.000,2653.000,8292.000,0.663735,1
22,10760,1800,3253.000,11011.000,3174.000,8459.000,0.480608,0
22,10760,1800,3015.000,11081.000,2913.000,8602.000,0.475583,0
22,10760,1800,2755.000,10998.000,2656.000,8465.000,0.402649,1
22,10760,1800,3059.000,11058.000,2974.000,8512.000,0.917424,0
22,10760,1800,1973.000,11383.000,1834.000,8866.000,0.494795,1
22,10760,1800,3156.000,11202.000,3082.000,8717.000,0.341215,0
22,10760,1800,3346.000,11227.000,3268.000,8676.000,0.906312,0
22,10760,1800,2498.000,12086.000,2382.000,9568.000,0.569402,0
22,10760,1800,2930.000,12239.000,2825.000,9712.000,0.933375,0
22,10760,1800,2060.000,11109.000,1950.000,8587.000,0.560516,1
22,10760,1800,3116.000,10968.000,3030.000,8420.000,0.257677,0
22,10760,1800,3248.000,11193.000,3164.000,8646.000,0.897824,0
22,10760,1800,1929.000,11214.000,1798.000,8744.000,0.257564,1
22,10760,1800,2026.000,11605.000,1879.000,9078.000,0.307804,1
22,10760,1800,3245.000,11574.000,3169.000,9039.000,0.787418,0
22,10760,1800,3008.000,11279.000,2916.000,8736.000,0.860530,0
22,10760,1800,3316.000,11249.000,3236.000,8702.000,0.938715,0
22,10760,1800,2351.000,11962.000,2215.000,9418.000,0.772391,0
22,10760,1800,3047.000,11842.000,2934.000,9303.000,0.347071,0
22,10760,1800,3094.000,10982.000,3009.000,8435.000,0.860928,0
22,10760,1800,2653.000,11448.000,2545.000,8923.000,0.951328,1
22,10760,1800,3041.000,10815.000,2958.000,8267.000,0.914008,0
22,10760,1800,2289.000,11631.000,2170.000,9117.000,0.934613,1
22,10760,1800,2280.000,11441.000,2160.000,8924.000,0.952717,1
22,10760,1800,2358.000,11561.000,2250.000,9042.000,0.771278,1
22,10760,1800,2157.000,11136.000,2047.000,8614.000,0.669878,1
22,10760,1800,2637.000,10948.000,2540.000,8421.000,0.823641,1
22,10760,1800,1950.000,12241.000,1821.000,9734.000,0.558391,0
22,10760,1800,2520.000,11636.000,2407.000,9114.000,0.953905,1
22,10760,1800,3213.000,10899.000,3135.000,8349.000,0.892990,0
22,10760,1800,3058.000,11591.000,2965.000,9055.000,0.951379,0
22,10760,1800,2640.000,11401.000,2535.000,8787.000,0.231237,1
22,10760,1800,2881.000,11857.000,2778.000,9330.000,0.946664,1
22,10760,1800,2631.000,11942.000,2518.000,9426.000,0.594735,1
22,10760,1800,2071.000,11661.000,1949.000,9149.000,0.467509,1
22,10760,1800,2330.000,11405.000,2213.000,8887.000,0.829578,1
22,10760,1800,2243.000,11897.000,2120.000,9384.000,0.934137,1
22,10760,1800,3167.000,10996.000,3085.000,8448.000,0.949354,0
22,10760,1800,3359.000,11309.000,3279.000,8764.000,0.629544,0
22,10760,1800,2432.000,12325.000,2259.000,9873.000,0.539662,0
22,10760,1800,2498.000,11304.000,2386.000,8782.000,0.941006,1
22,10760,1800,2902.000,11881.000,2800.000,9354.000,0.952463,1
22,10760,1800,2480.000,12343.000,2413.000,9852.000,0.320020,0
22,10760,1800,2378.000,11274.000,2280.000,8763.000,0.758425,1
22,10760,1800,2437.000,11764.000,2320.000,9246.000,0.943083,1
22,10760,1800,3215.000,11674.000,3125.000,9137.000,0.913258,0
22,10760,1800,2198.000,12086.000,2062.000,9719.000,0.238860,0
22,10760,1800,2222.000,11666.000,2099.000,9153.000,0.518948,1
22,10760,1800,3326.000,11600.000,3239.000,9060.000,0.934372,0
22,10760,1800,2895.000,11674.000,2794.000,9144.000,0.789627,1
22,10760,1800,2832.000,11854.000,2726.000,9288.000,0.246484,1
22,10760,1800,2580.000,11660.000,2468.000,9138.000,0.952127,1
22,10760,1800,3089.000,12316.000,2983.000,9794.000,0.592740,0
22,10760,1800,2112.000,12102.000,1985.000,9594.000,0.902052,0
22,10760,1800,2752.000,12271.000,2639.000,9752.000,0.288842,0
22,10760,1800,2973.000,11483.000,2881.000,8947.000,0.897570,1
22,10760,1800,2555.000,11999.000,2441.000,9480.000,0.813015,0
22,10760,1800,3199.000,12295.000,3101.000,9767.000,0.877521,0
22,10760,1800,2077.000,12258.000,1949.000,9752.000,0.802128,0
22,10760,1800,3127.000,12189.000,3028.000,9660.000,0.922437,0
22,10760,1800,2392.000,10991.000,2282.000,8463.000,0.835131,1
22,10760,1800,3321.000,11439.000,3237.000,8895.000,0.946427,0
22,10760,1800,2075.000,11099.000,1959.000,8576.000,0.250363,1
22,10760,1800,2202.000,12017.000,2047.000,9529.000,0.535778,0
22,10760,1800,2003.000,11154.000,1874.000,8689.000,0.263498,1
22,10760,1800,3239.000,10978.000,3159.000,8428.000,0.826825,0
22,10760,1800,2120.000,11687.000,1929.000,9099.000,0.216076,1
22,10760,1800,2603.000,12200.000,2489.000,9682.000,0.882087,0
22,10760,1800,3297.000,11051.000,3189.000,8467.000,0.290474,0
22,10760,1800,3057.000,12304.000,2955.000,9779.000,0.904059,0
22,10760,1800,2694.000,11729.000,2588.000,9143.000,0.266686,1
22,10760,1800,3335.000,11386.000,3254.000,8842.000,0.900891,0
22,10760,1800,2762.000,11761.000,2655.000,9235.000,0.949300,1
22,10760,1800,3044.000,11855.000,2949.000,9310.000,0.834557,0
22,10760,1800,1963.000,12252.000,1832.000,9748.000,0.723331,0
22,10760,1800,2768.000,10981.000,2673.000,8443.000,0.883531,1
22,10760,1800,2440.000,11066.000,2332.000,8538.000,0.893897,1
22,10760,1800,2970.000,10886.000,2884.000,8341.000,0.846942,1
22,10760,1800,3265.000,12163.000,3156.000,9627.000,0.206719,0
22,10760,1800,2764.000,12047.000,2646.000,9526.000,0.909002,0
22,10760,1800,2919.000,12036.000,2814.000,9510.000,0.953064,0
22,10760,1800,2808.000,11007.000,2660.000,8454.000,0.353500,1
22,10760,1800,2348.000,11836.000,2245.000,9333.000,0.584547,1
22,10760,1800,3058.000,12243.000,2955.000,9712.000,0.839694,0
22,10760,1800,3371.000,10902.000,3299.000,8346.000,0.634016,0
22,10760,1800,3339.000,10943.000,3271.000,8342.000,0.729946,0
22,10760,1800,1929.000,12142.000,1798.000,9637.000,0.621263,0
22,10760,1800,2831.000,11035.000,2740.000,8501.000,0.568813,1
22,10760,1800,3039.000,11568.000,2944.000,9033.000,0.954857,0
22,10760,1800,2163.000,12216.000,2039.000,9705.000,0.843059,0
22,10760,1800,3292.000,12003.000,3191.000,9469.000,0.454262,0
22,10760,1800,2442.000,10974.000,2255.000,8227.000,0.546409,1
22,10760,1800,1998.000,10886.000,1909.000,8397.000,0.441958,1
22,10760,1800,2297.000,11302.000,2191.000,8788.000,0.375874,1
22,10760,1800,2602.000,11942.000,2491.000,9423.000,0.953102,1
22,10760,1800,2330.000,11112.000,2218.000,8590.000,0.750010,1
22,10760,1800,2555.000,12231.000,2439.000,9715.000,0.947816,0
22,10760,1800,3118.000,12072.000,3021.000,9542.000,0.950093,0
22,10760,1800,2558.000,12049.000,2444.000,9532.000,0.954996,0
22,10760,1800,3066.000,11858.000,2970.000,9327.000,0.948675,0
22,10760,1800,2811.000,11347.000,2711.000,8815.000,0.954078,1
22,10760,1800,1932.000,12254.000,1714.000,9685.000,0.206689,0
22,10760,1800,2284.000,11094.000,2188.000,8572.000,0.643750,1
22,10760,1800,3276.000,11974.000,3191.000,9443.000,0.848879,0
22,10760,1800,2445.000,11044.000,2345.000,8527.000,0.622981,1
22,10760,1800,2096.000,12017.000,1968.000,9508.000,0.932382,0
22,10760,1800,2951.000,10848.000,2861.000,8306.000,0.302903,1
22,10760,1800,2410.000,10893.000,2299.000,8391.000,0.385267,1
22,10760,1800,2535.000,11397.000,2397.000,8833.000,0.258502,1
22,10760,1800,2157.000,10963.000,2045.000,8436.000,0.842692,1
22,10760,1800,2927.000,10875.000,2858.000,8451.000,0.227275,1
22,10760,1800,2335.000,12213.000,2210.000,9790.000,0.264428,0
22,10760,1800,2488.000,11616.000,2375.000,9095.000,0.943090,1
22,10760,1800,2374.000,12071.000,2254.000,9557.000,0.459123,0
22,10760,1800,3223.000,11492.000,3134.000,8951.000,0.860802,0
22,10760,1800,3026.000,11287.000,2927.000,8750.000,0.465983,0
22,10760,1800,1925.000,11050.000,1763.000,8463.000,0.271844,1
22,10760,1800,3235.000,11326.000,3151.000,8784.000,0.896996,0
22,10760,1800,2587.000,10817.000,2489.000,8281.000,0.430891,1
22,10760,1800,3130.000,11179.000,3063.000,8604.000,0.401154,0
22,10760,1800,2870.000,11537.000,2842.000,8993.000,0.302390,1
22,10760,1800,2118.000,12036.000,1933.000,9520.000,0.363791,0
22,10760,1800,3036.000,12112.000,2939.000,9585.000,0.559835,0
22,10760,1800,2409.000,12258.000,2251.000,9789.000,0.345110,0
22,10760,1800,2723.000,11209.000,2623.000,8676.000,0.916614,1
22,10760,1800,2913.000,11160.000,2790.000,8638.000,0.414418,1
22,10760,1800,2327.000,11942.000,2204.000,9428.000,0.663370,1
22,10760,1800,2983.000,11759.000,2859.000,9266.000,0.317636,1
22,10760,1800,2988.000,11139.000,2899.000,8597.000,0.949130,1
22,10760,1800,2847.000,11500.000,2744.000,8969.000,0.948240,1
22,10760,1800,2653.000,12001.000,2543.000,9515.000,0.228026,0
22,10760,1800,2029.000,12170.000,1837.000,9761.000,0.451344,0
22,10760,1800,1983.000,12229.000,1849.000,9723.000,0.444255,0
22,10760,1800,2136.000,12336.000,1961.000,9826.000,0.204875,0
22,10760,1800,2575.000,10902.000,2475.000,8369.000,0.606245,1
22,10760,1800,3335.000,11223.000,3256.000,8674.000,0.554141,0
22,10760,1800,2768.000,12312.000,2656.000,9793.000,0.768185,0
22,10760,1800,2927.000,11764.000,2831.000,9238.000,0.749607,1
22,10760,1800,2844.000,11722.000,2741.000,9196.000,0.926480,1
22,10760,1800,2820.000,11282.000,2723.000,8747.000,0.433735,1
22,10760,1800,2703.000,11584.000,2648.000,8971.000,0.257234,1
22,10760,1800,2821.000,11013.000,2708.000,8527.000,0.403869,1
22,10760,1800,2856.000,11569.000,2756.000,9038.000,0.712628,1
22,10760,1800,3224.000,11310.000,3137.000,8768.000,0.907077,0
22,10760,1800,2314.000,11092.000,2200.000,8568.000,0.913159,1
22,10760,1800,3084.000,12143.000,2984.000,9614.000,0.895056,0
22,10760,1800,2886.000,11001.000,2793.000,8461.000,0.933710,1
22,10760,1800,2409.000,12246.000,2291.000,9733.000,0.931451,0
22,10760,1800,2508.000,11398.000,2399.000,8877.000,0.505188,1
22,10760,1800,2698.000,12345.000,2604.000,9806.000,0.299378,0
22,10760,1800,2031.000,11175.000,1927.000,8648.000,0.749578,1
22,10760,1800,3387.000,11404.000,3315.000,8864.000,0.203104,0
22,10760,1800,2295.000,12204.000,2173.000,9693.000,0.729731,0
22,10760,1800,2291.000,12244.000,2140.000,9738.000,0.705583,0
22,10760,1800,2837.000,11642.000,2738.000,9101.000,0.209201,1
22,10760,1800,2745.000,10943.000,2650.000,8405.000,0.257407,1
22,10760,1800,3202.000,12317.000,3075.000,9888.000,0.252535,0
22,10760,1800,2752.000,12034.000,2653.000,9511.000,0.727190,0
22,10760,1800,2730.000,10931.000,2571.000,8477.000,0.212073,1
22,10760,1800,2739.000,11745.000,2633.000,9220.000,0.950864,1
22,10760,1800,2576.000,11965.000,2463.000,9445.000,0.953726,0
22,10760,1800,2255.000,10928.000,2145.000,8401.000,0.641459,1
22,10760,1800,2330.000,10774.000,2186.000,8222.000,0.304485,1
22,10760,1800,3240.000,10988.000,3162.000,8436.000,0.906740,0
22,10760,1800,3314.000,11562.000,3227.000,9020.000,0.310545,0
22,10760,1800,2578.000,11362.000,2468.000,8837.000,0.936882,1
22,10760,1800,2539.000,11185.000,2432.000,8657.000,0.838522,1
22,10760,1800,3213.000,12152.000,3116.000,9622.000,0.687216,0
22,10760,1800,2941.000,11754.000,2841.000,9224.000,0.934342,1
22,10760,1800,2634.000,10923.000,2512.000,8367.000,0.616334,1
22,10760,1800,2329.000,12122.000,2206.000,9608.000,0.315560,0
22,10760,1800,2972.000,11135.000,2883.000,8593.000,0.942152,1
22,10760,1800,2381.000,11016.000,2266.000,8479.000,0.570535,1
22,10760,1800,3105.000,11715.000,3010.000,9181.000,0.935760,0
22,10760,1800,2364.000,11773.000,2220.000,9291.000,0.283600,1
22,10760,1800,2409.000,11782.000,2287.000,9260.000,0.701150,1
22,10760,1800,3168.000,11292.000,3092.000,8757.000,0.789892,0
22,10760,1800,2015.000,12018.000,1886.000,9510.000,0.843668,0
22,10760,1800,2030.000,11722.000,1906.000,9211.000,0.842057,1
22,10760,1800,3127.000,11835.000,3034.000,9300.000,0.603531,0
22,10760,1800,2559.000,10904.000,2455.000,8371.000,0.445058,1
22,10760,1800,3346.000,11095.000,3271.000,8542.000,0.874805,0
22,10760,1800,2198.000,11130.000,2091.000,8603.000,0.253882,1
22,10760,1800,2511.000,11386.000,2401.000,8862.000,0.953001,1
22,10760,1800,2793.000,11202.000,2654.000,8686.000,0.532415,1
22,10760,1800,2405.000,10921.000,2313.000,8365.000,0.266485,1
22,10760,1800,2605.000,11806.000,2491.000,9285.000,0.838491,1
22,10760,1800,2522.000,11709.000,2408.000,9189.000,0.950240,1
22,10760,1800,2975.000,11764.000,2878.000,9234.000,0.507769,1
22,10760,1800,2156.000,12313.000,2014.000,9798.000,0.335118,0
22,10760,1800,2118.000,12299.000,1991.000,9794.000,0.892092,0
22,10760,1800,2495.000,12078.000,2380.000,9562.000,0.423486,0
22,10760,1800,2686.000,11621.000,2579.000,9095.000,0.810719,1
22,10760,1800,3004.000,12215.000,2901.000,9690.000,0.885155,0
22,10760,1800,2310.000,11268.000,2194.000,8749.000,0.533796,1
22,10760,1800,3086.000,11682.000,2977.000,9101.000,0.407339,0
22,10760,1800,2785.000,11599.000,2682.000,9069.000,0.954057,1
22,10760,1800,2999.000,10890.000,2902.000,8350.000,0.252152,1
22,10760,1800,2293.000,12151.000,2156.000,9679.000,0.797861,0
22,10760,1800,2495.000,11666.000,2380.000,9146.000,0.906623,1
22,10760,1800,2735.000,11994.000,2625.000,9472.000,0.954505,0
22,10760,1800,2666.000,11203.000,2557.000,8663.000,0.346952,1
22,10760,1800,2964.000,12266.000,2857.000,9743.000,0.897368,0
22,10760,1800,2978.000,12313.000,2899.000,9787.000,0.292123,0
22,10760,1800,2382.000,12097.000,2279.000,9587.000,0.663295,0
22,10760,1800,2994.000,11525.000,2905.000,8989.000,0.654734,1
22,10760,1800,3367.000,11055.000,3288.000,8504.000,0.315726,0
22,10760,1800,2375.000,11592.000,2258.000,9073.000,0.817250,1
22,10760,1800,3143.000,11215.000,3058.000,8671.000,0.289281,0
22,10760,1800,3147.000,11484.000,3057.000,8945.000,0.392532,0
22,10760,1800,2095.000,11112.000,1982.000,8591.000,0.844579,1
22,10760,1800,2166.000,10934.000,2041.000,8315.000,0.426549,1
22,10760,1800,2548.000,11748.000,2437.000,9240.000,0.752695,1
22,10760,1800,2917.000,11523.000,2855.000,9026.000,0.326970,1
22,10760,1800,2349.000,11941.000,2225.000,9429.000,0.950820,1
22,10760,1800,2949.000,11395.000,2856.000,8857.000,0.948715,1
22,10760,1800,2940.000,11001.000,2850.000,8459.000,0.445801,1
22,10760,1800,2728.000,12043.000,2618.000,9521.000,0.903128,0
22,10760,1800,2793.000,11979.000,2694.000,9437.000,0.362915,0
22,10760,1800,2668.000,10939.000,2571.000,8402.000,0.924214,1
22,10760,1800,2509.000,10862.000,2406.000,8328.000,0.913834,1
22,10760,1800,2185.000,11847.000,2023.000,9213.000,0.214114,1
22,10760,1800,3036.000,12351.000,2953.000,9724.000,0.323167,0
22,10760,1800,2995.000,11110.000,2930.000,8581.000,0.431177,1
22,10760,1800,2283.000,12191.000,2160.000,9680.000,0.819046,0
22,10760,1800,3163.000,11469.000,3074.000,8930.000,0.478176,0
22,10760,1800,2689.000,11048.000,2589.000,8514.000,0.882068,1
22,10760,1800,2812.000,12021.000,2703.000,9498.000,0.908196,0
22,10760,1800,2687.000,11134.000,2604.000,8532.000,0.259305,1
22,10760,1800,2196.000,12100.000,2071.000,9592.000,0.942371,0
22,10760,1800,2415.000,11789.000,2298.000,9269.000,0.452537,1
22,10760,1800,3171.000,11824.000,3077.000,9290.000,0.951021,0
22,10760,1800,3246.000,11073.000,3169.000,8522.000,0.325908,0
22,10760,1800,2088.000,11828.000,1942.000,9261.000,0.321001,1
22,10760,1800,2856.000,12335.000,2713.000,9863.000,0.278741,0
22,10760,1800,2778.000,10780.000,2716.000,8229.000,0.748354,1
22,10760,1800,2971.000,11762.000,2925.000,9207.000,0.310123,1
22,10760,1800,2127.000,10776.000,2019.000,8245.000,0.244143,1
22,10760,1800,2204.000,11697.000,2079.000,9184.000,0.905690,1
22,10760,1800,2681.000,10807.000,2558.000,8169.000,0.503408,1
22,10760,1800,2771.000,11235.000,2673.000,8700.000,0.546926,1
22,10760,1800,2351.000,10899.000,2244.000,8370.000,0.259697,1
22,10760,1800,3383.000,10839.000,3268.000,8287.000,0.497694,0
22,10760,1800,3010.000,12263.000,2912.000,9733.000,0.335344,0
22,10760,1800,2728.000,12334.000,2615.000,9859.000,0.471768,0
22,10760,1800,2297.000,11900.000,2148.000,9412.000,0.300422,1
22,10760,1800,2642.000,11732.000,2532.000,9204.000,0.869062,1
22,10760,1800,2453.000,12318.000,2335.000,9782.000,0.676346,0
22,10760,1800,1990.000,12013.000,1853.000,9473.000,0.291707,0
22,10760,1800,3101.000,11643.000,3007.000,9107.000,0.711778,0
22,10760,1800,2680.000,12240.000,2569.000,9723.000,0.947869,0
22,10760,1800,2988.000,11777.000,2892.000,9249.000,0.953509,1
22,10760,1800,3209.000,10939.000,3130.000,8389.000,0.533202,0
22,10760,1800,1943.000,11344.000,1805.000,8777.000,0.458521,1
22,10760,1800,2633.000,11734.000,2509.000,9191.000,0.213981,1
22,10760,1800,3295.000,10876.000,3222.000,8320.000,0.423657,0
22,10760,1800,2750.000,12319.000,2636.000,9852.000,0.434041,0
22,10760,1800,2834.000,11623.000,2732.000,9091.000,0.920003,1
22,10760,1800,2511.000,12188.000,2382.000,9664.000,0.770801,0
22,10760,1800,3293.000,12188.000,3198.000,9660.000,0.861783,0
22,10760,1800,2797.000,11292.000,2703.000,8762.000,0.562948,1
22,10760,1800,3272.000,12281.000,3160.000,9840.000,0.208100,0
22,10760,1800,2439.000,12101.000,2320.000,9586.000,0.944125,0
22,10760,1800,2009.000,12003.000,1809.000,9341.000,0.245672,0
22,10760,1800,3207.000,11542.000,3117.000,9002.000,0.708951,0
22,10760,1800,2740.000,10974.000,2698.000,8408.000,0.398704,1
22,10760,1800,2622.000,11198.000,2535.000,8651.000,0.337694,1
22,10760,1800,2699.000,11188.000,2598.000,8654.000,0.891471,1
22,10760,1800,2821.000,11033.000,2727.000,8493.000,0.892406,1
22,10760,1800,2063.000,11252.000,1943.000,8734.000,0.361351,1
22,10760,1800,2282.000,12315.000,2151.000,9785.000,0.325849,0
22,10760,1800,3324.000,12218.000,3223.000,9698.000,0.256197,0
22,10760,1800,3245.000,11449.000,3139.000,8888.000,0.675080,0
22,10760,1800,2509.000,12291.000,2409.000,9744.000,0.438351,0
22,10760,1800,3266.000,11779.000,3174.000,9244.000,0.949947,0
22,10760,1800,1994.000,10887.000,1885.000,8358.000,0.469245,1
22,10760,1800,2895.000,10928.000,2759.000,8339.000,0.373814,1
22,10760,1800,3378.000,11553.000,3283.000,9042.000,0.323937,0
22,10760,1800,2614.000,11115.000,2520.000,8582.000,0.922636,1
22,10760,1800,1974.000,11425.000,1861.000,8904.000,0.201204,1
22,10760,1800,2778.000,11439.000,2696.000,8900.000,0.201322,1
22,10760,1800,3348.000,11463.000,3265.000,8917.000,0.307279,0
22,10760,1800,2787.000,11024.000,2693.000,8486.000,0.880036,1
22,10760,1800,2456.000,11701.000,2313.000,9187.000,0.278575,1
22,10760,1800,2543.000,11176.000,2436.000,8648.000,0.792253,1
22,10760,1800,3288.000,10972.000,3212.000,8419.000,0.915158,0
22,10760,1800,2218.000,11084.000,2104.000,8561.000,0.950688,1
22,10760,1800,2048.000,11820.000,1932.000,9284.000,0.203212,1
22,10760,1800,2994.000,11830.000,2883.000,9327.000,0.353132,1
22,10760,1800,2742.000,11926.000,2628.000,9407.000,0.941634,1
22,10760,1800,2743.000,10829.000,2675.000,8274.000,0.502371,1
22,10760,1800,2581.000,11306.000,2473.000,8780.000,0.624833,1
22,10760,1800,2875.000,10889.000,2783.000,8343.000,0.470603,1
22,10760,1800,2260.000,11247.000,2143.000,8727.000,0.949403,1
22,10760,1800,2981.000,11161.000,2893.000,8619.000,0.901934,1
22,10760,1800,2640.000,11362.000,2534.000,8835.000,0.910258,1
22,10760,1800,1951.000,11293.000,1829.000,8760.000,0.213930,1
22,10760,1800,3110.000,11871.000,3014.000,9340.000,0.317418,0
22,10760,1800,2082.000,11265.000,1962.000,8746.000,0.587989,1
22,10760,1800,2162.000,10802.000,2054.000,8271.000,0.768419,1
22,10760,1800,2639.000,12107.000,2539.000,9584.000,0.457920,0
22,10760,1800,3250.000,11707.000,3166.000,9164.000,0.599750,0
22,10760,1800,2714.000,11439.000,2601.000,8931.000,0.882531,1
22,10760,1800,3303.000,11381.000,3219.000,8839.000,0.865199,0
22,10760,1800,2808.000,11446.000,2705.000,8913.000,0.851505,1
22,10760,1800,2295.000,11864.000,2173.000,9352.000,0.835895,1
22,10760,1800,3087.000,12243.000,2987.000,9717.000,0.939630,0
22,10760,1800,3371.000,11207.000,3295.000,8657.000,0.446710,0
22,10760,1800,3027.000,11737.000,2946.000,9198.000,0.801412,0
22,10760,1800,2786.000,11074.000,2691.000,8538.000,0.800511,1
22,10760,1800,2270.000,11963.000,2146.000,9446.000,0.452062,0
22,10760,1800,2538.000,11581.000,2455.000,9024.000,0.290245,1
22,10760,1800,2799.000,11243.000,2700.000,8708.000,0.825052,1
22,10760,1800,2172.000,11681.000,2048.000,9166.000,0.835470,1
22,10760,1800,2531.000,11329.000,2434.000,8805.000,0.668285,1
22,10760,1800,2015.000,11735.000,1888.000,9226.000,0.491608,1
22,10760,1800,3013.000,11305.000,2925.000,8734.000,0.224984,0
22,10760,1800,2014.000,12135.000,1881.000,9632.000,0.507343,0
22,10760,1800,2880.000,11678.000,2778.000,9148.000,0.952183,1
22,10760,1800,2711.000,11298.000,2608.000,8766.000,0.930353,1
22,10760,1800,2492.000,11166.000,2388.000,8640.000,0.588160,1
22,10760,1800,1935.000,11348.000,1796.000,8777.000,0.397117,1
22,10760,1800,2108.000,11731.000,1983.000,9219.000,0.947120,1
22,10760,1800,3292.000,12179.000,3200.000,9648.000,0.709490,0
22,10760,1800,2635.000,11908.000,2472.000,9383.000,0.298520,1
22,10760,1800,3102.000,11567.000,3010.000,9031.000,0.951934,0
22,10760,1800,2406.000,10807.000,2302.000,8273.000,0.617429,1
22,10760,1800,2879.000,10871.000,2790.000,8327.000,0.279293,1
22,10760,1800,2031.000,11706.000,1906.000,9195.000,0.825055,1
22,10760,1800,2869.000,11431.000,2770.000,8850.000,0.227878,1
22,10760,1800,2612.000,12209.000,2500.000,9691.000,0.854401,0
22,10760,1800,3074.000,11990.000,2976.000,9460.000,0.953741,0
22,10760,1800,3008.000,10881.000,2939.000,8312.000,0.334941,0
22,10760,1800,2087.000,11387.000,1960.000,8897.000,0.202549,1
22,10760,1800,3207.000,11581.000,3118.000,9042.000,0.625108,0
22,10760,1800,2861.000,11034.000,2768.000,8494.000,0.491757,1
22,10760,1800,2928.000,11101.000,2837.000,8558.000,0.948786,1
22,10760,1800,2926.000,12282.000,2821.000,9762.000,0.935071,0
22,10760,1800,2939.000,10818.000,2889.000,8301.000,0.330445,1
22,10760,1800,2997.000,11160.000,2910.000,8617.000,0.846540,1
22,10760,1800,2987.000,11832.000,2888.000,9305.000,0.802522,1
23,10760,3000,3074.000,11377.000,2979.000,8839.000,0.802937,1
23,10760,3000,3052.000,11458.000,2919.000,8930.000,0.240803,1
23,10760,3000,3299.000,11333.000,3217.000,8788.000,0.942205,1
23,10760,3000,3275.000,11955.000,3191.000,9424.000,0.875055,1
23,10760,3000,3176.000,11935.000,3081.000,9403.000,0.943813,1
23,10760,3000,3598.000,10929.000,3533.000,8369.000,0.942086,1
23,10760,3000,3532.000,12231.000,3514.000,9680.000,0.202641,0
23,10760,3000,3389.000,11385.000,3315.000,8864.000,0.321330,1
23,10760,3000,3739.000,10868.000,3693.000,8319.000,0.713450,1
23,10760,3000,3350.000,11079.000,3275.000,8527.000,0.942277,1
23,10760,3000,3489.000,11884.000,3398.000,9346.000,0.937843,1
23,10760,3000,3046.000,11326.000,2953.000,8786.000,0.607474,1
23,10760,3000,3928.000,11739.000,3872.000,9180.000,0.210542,1
23,10760,3000,3288.000,12320.000,3199.000,9794.000,0.863099,0
23,10760,3000,3555.000,10770.000,3492.000,8198.000,0.213966,1
23,10760,3000,3960.000,11296.000,3884.000,8744.000,0.464793,1
23,10760,3000,3727.000,12284.000,3513.000,9782.000,0.251364,0
23,10760,3000,3335.000,11044.000,3255.000,8493.000,0.481274,1
23,10760,3000,3980.000,11929.000,3897.000,9393.000,0.926942,1
23,10760,3000,3478.000,12261.000,3384.000,9734.000,0.903713,0
23,10760,3000,3448.000,11425.000,3369.000,8880.000,0.944467,1
23,10760,3000,3452.000,12328.000,3356.000,9800.000,0.935974,0
23,10760,3000,3520.000,12090.000,3428.000,9559.000,0.942371,0
23,10760,3000,3994.000,12188.000,3899.000,9641.000,0.510850,0
23,10760,3000,3019.000,11240.000,2930.000,8701.000,0.804575,1
23,10760,3000,3567.000,11284.000,3491.000,8735.000,0.944584,1
23,10760,3000,3409.000,11515.000,3325.000,8973.000,0.941903,1
23,10760,3000,3350.000,12129.000,3246.000,9632.000,0.284916,0
23,10760,3000,3718.000,10974.000,3639.000,8389.000,0.336165,1
23,10760,3000,4061.000,12002.000,3982.000,9466.000,0.683403,0
23,10760,3000,3556.000,12181.000,3450.000,9650.000,0.486278,0
23,10760,3000,3954.000,12119.000,3854.000,9557.000,0.309108,0
23,10760,3000,3500.000,12099.000,3408.000,9567.000,0.942033,0
23,10760,3000,3073.000,11225.000,2984.000,8684.000,0.637690,1
23,10760,3000,3016.000,11489.000,2923.000,8954.000,0.915742,1
23,10760,3000,3775.000,10913.000,3746.000,8363.000,0.243558,1
23,10760,3000,3739.000,12220.000,3622.000,9685.000,0.399747,0
23,10760,3000,4093.000,12234.000,3944.000,9765.000,0.536072,0
23,10760,3000,3417.000,12303.000,3322.000,9776.000,0.933811,0
23,10760,3000,3746.000,11327.000,3673.000,8777.000,0.563521,1
23,10760,3000,3217.000,11629.000,3127.000,9090.000,0.941288,1
23,10760,3000,3206.000,11497.000,3119.000,8956.000,0.940163,1
23,10760,3000,3178.000,12285.000,3079.000,9757.000,0.937973,0
23,10760,3000,3724.000,10878.000,3670.000,8310.000,0.731803,1
23,10760,3000,3884.000,11126.000,3856.000,8554.000,0.254389,1
23,10760,3000,3464.000,11823.000,3370.000,9290.000,0.555790,1
23,10760,3000,3093.000,11466.000,3019.000,8941.000,0.778738,1
23,10760,3000,4076.000,12278.000,3987.000,9751.000,0.706852,0
23,10760,3000,3165.000,11750.000,3070.000,9217.000,0.940770,1
23,10760,3000,3577.000,11511.000,3499.000,8966.000,0.942000,1
23,10760,3000,3245.000,11659.000,3155.000,9121.000,0.941833,1
23,10760,3000,3426.000,12315.000,3331.000,9787.000,0.930645,0
23,10760,3000,3265.000,11522.000,3176.000,8983.000,0.938688,1
23,10760,3000,3664.000,11861.000,3579.000,9324.000,0.943716,1
23,10760,3000,3570.000,11069.000,3500.000,8515.000,0.945467,1
23,10760,3000,3346.000,11865.000,3255.000,9331.000,0.822401,1
23,10760,3000,3200.000,12110.000,3104.000,9579.000,0.940491,0
23,10760,3000,3187.000,11360.000,3098.000,8820.000,0.926210,1
23,10760,3000,3483.000,11558.000,3401.000,9014.000,0.941605,1
23,10760,3000,3187.000,12076.000,3090.000,9546.000,0.932354,0
23,10760,3000,4094.000,12080.000,3987.000,9513.000,0.281173,0
23,10760,3000,3356.000,11199.000,3280.000,8650.000,0.941099,1
23,10760,3000,3020.000,11507.000,2926.000,8970.000,0.938545,1
23,10760,3000,3742.000,12327.000,3734.000,9757.000,0.297523,0
23,10760,3000,3030.000,12134.000,2927.000,9608.000,0.933556,0
23,10760,3000,3294.000,11640.000,3206.000,9101.000,0.941681,1
23,10760,3000,3754.000,12335.000,3663.000,9807.000,0.650225,0
23,10760,3000,3927.000,12086.000,3841.000,9554.000,0.537414,0
23,10760,3000,3157.000,11731.000,3065.000,9196.000,0.940699,1
23,10760,3000,3195.000,11838.000,3101.000,9304.000,0.941399,1
23,10760,3000,3501.000,11543.000,3420.000,8998.000,0.942302,1
23,10760,3000,3033.000,12320.000,2928.000,9795.000,0.928513,0
23,10760,3000,3331.000,12181.000,3236.000,9651.000,0.935909,0
23,10760,3000,3938.000,12134.000,3839.000,9517.000,0.437946,0
23,10760,3000,3809.000,10991.000,3827.000,8440.000,0.215673,1
23,10760,3000,3227.000,11070.000,3150.000,8520.000,0.941494,1
23,10760,3000,3740.000,12345.000,3648.000,9815.000,0.860840,0
23,10760,3000,3670.000,10893.000,3607.000,8332.000,0.939646,1
23,10760,3000,3341.000,11917.000,3248.000,9384.000,0.942036,1
23,10760,3000,3735.000,12270.000,3627.000,9769.000,0.347263,0
23,10760,3000,3037.000,10777.000,2955.000,8227.000,0.895962,1
23,10760,3000,3081.000,11465.000,2989.000,8932.000,0.941666,1
23,10760,3000,3591.000,11124.000,3520.000,8569.000,0.887488,1
23,10760,3000,3643.000,11980.000,3554.000,9447.000,0.940300,0
23,10760,3000,3036.000,11505.000,2942.000,8968.000,0.940461,1
23,10760,3000,3255.000,11831.000,3177.000,9298.000,0.560797,1
23,10760,3000,3702.000,11860.000,3618.000,9324.000,0.949399,1
23,10760,3000,3435.000,11421.000,3357.000,8876.000,0.919854,1
23,10760,3000,3666.000,12343.000,3573.000,9815.000,0.685222,0
23,10760,3000,3057.000,11877.000,2959.000,9346.000,0.940445,1
23,10760,3000,3535.000,10937.000,3468.000,8378.000,0.941841,1
23,10760,3000,3275.000,10869.000,3201.000,8315.000,0.941812,1
23,10760,3000,3501.000,11337.000,3423.000,8790.000,0.944590,1
23,10760,3000,3009.000,11073.000,2923.000,8529.000,0.931126,1
23,10760,3000,3288.000,12215.000,3192.000,9685.000,0.945215,0
23,10760,3000,3907.000,12205.000,3817.000,9678.000,0.901739,0
23,10760,3000,3559.000,11066.000,3488.000,8509.000,0.924850,1
23,10760,3000,3292.000,11081.000,3209.000,8528.000,0.629131,1
23,10760,3000,3400.000,11544.000,3317.000,8999.000,0.831176,1
23,10760,3000,3561.000,10919.000,3495.000,8359.000,0.941249,1
23,10760,3000,3222.000,11363.000,3149.000,8831.000,0.790779,1
23,10760,3000,3310.000,12132.000,3215.000,9601.000,0.941233,0
23,10760,3000,3939.000,11246.000,3903.000,8700.000,0.667033,1
23,10760,3000,3592.000,12209.000,3497.000,9674.000,0.595525,0
23,10760,3000,3608.000,10899.000,3546.000,8338.000,0.695111,1
23,10760,3000,3203.000,12246.000,3106.000,9717.000,0.941205,0
23,10760,3000,3656.000,10809.000,3594.000,8246.000,0.944717,1
23,10760,3000,3053.000,11408.000,2986.000,8860.000,0.303846,1
23,10760,3000,3027.000,11493.000,2934.000,8955.000,0.932746,1
23,10760,3000,3860.000,11886.000,3783.000,9330.000,0.490984,1
23,10760,3000,3144.000,10828.000,3082.000,8263.000,0.329029,1
23,10760,3000,3951.000,11298.000,3866.000,8745.000,0.464853,1
23,10760,3000,3478.000,11754.000,3394.000,9216.000,0.943214,1
23,10760,3000,3019.000,11265.000,2928.000,8723.000,0.937331,1
23,10760,3000,3478.000,12233.000,3383.000,9704.000,0.933762,0
23,10760,3000,3103.000,12141.000,3003.000,9613.000,0.940317,0
23,10760,3000,3078.000,12312.000,2976.000,9787.000,0.940718,0
23,10760,3000,3955.000,12322.000,3819.000,9783.000,0.710354,0
23,10760,3000,3699.000,11522.000,3623.000,8978.000,0.944717,1
23,10760,3000,3717.000,10863.000,3656.000,8301.000,0.804775,1
23,10760,3000,3289.000,10858.000,3214.000,8304.000,0.939082,1
23,10760,3000,3051.000,12338.000,2947.000,9814.000,0.933093,0
23,10760,3000,3717.000,10802.000,3657.000,8239.000,0.944836,1
23,10760,3000,3663.000,11780.000,3579.000,9240.000,0.943912,1
23,10760,3000,3231.000,12024.000,3134.000,9493.000,0.940103,0
23,10760,3000,3261.000,12244.000,3166.000,9715.000,0.944813,0
23,10760,3000,3427.000,11125.000,3353.000,8573.000,0.865036,1
23,10760,3000,3432.000,12280.000,3336.000,9751.000,0.636211,0
23,10760,3000,3388.000,11776.000,3299.000,9239.000,0.932808,1
23,10760,3000,3757.000,11317.000,3686.000,8768.000,0.621261,1
23,10760,3000,3181.000,11312.000,3116.000,8778.000,0.372133,1
23,10760,3000,3294.000,12306.000,3205.000,9777.000,0.852539,0
23,10760,3000,3897.000,11121.000,3865.000,8561.000,0.253450,1
23,10760,3000,3012.000,12005.000,2911.000,9478.000,0.915998,0
23,10760,3000,3170.000,12273.000,3072.000,9745.000,0.937720,0
23,10760,3000,3185.000,12320.000,3088.000,9791.000,0.918725,0
23,10760,3000,3960.000,11180.000,3894.000,8625.000,0.408164,1
23,10760,3000,3640.000,12032.000,3612.000,9459.000,0.551445,0
23,10760,3000,3261.000,11578.000,3169.000,9039.000,0.685312,1
23,10760,3000,3094.000,11346.000,3002.000,8809.000,0.356887,1
23,10760,3000,3533.000,12300.000,3420.000,9729.000,0.246793,0
23,10760,3000,3590.000,11231.000,3517.000,8680.000,0.928284,1
23,10760,3000,3398.000,11498.000,3315.000,8957.000,0.941482,1
23,10760,3000,3588.000,11030.000,3484.000,8459.000,0.338379,1
23,10760,3000,3371.000,11951.000,3279.000,9419.000,0.938776,1
23,10760,3000,3513.000,11100.000,3441.000,8546.000,0.941644,1
23,10760,3000,3403.000,11330.000,3323.000,8782.000,0.942055,1
23,10760,3000,3352.000,11214.000,3287.000,8673.000,0.307272,1
23,10760,3000,3519.000,11253.000,3445.000,8703.000,0.949636,1
23,10760,3000,3476.000,12083.000,3382.000,9552.000,0.935777,0
23,10760,3000,3487.000,12251.000,3399.000,9723.000,0.943676,0
23,10760,3000,3156.000,11579.000,3033.000,9014.000,0.223721,1
23,10760,3000,3042.000,12142.000,2941.000,9615.000,0.806482,0
23,10760,3000,3467.000,12146.000,3370.000,9619.000,0.323378,0
23,10760,3000,3578.000,11604.000,3498.000,9061.000,0.942208,1
23,10760,3000,3804.000,11655.000,3725.000,9110.000,0.894572,1
23,10760,3000,3278.000,12193.000,3187.000,9648.000,0.675557,0
23,10760,3000,3530.000,10994.000,3462.000,8437.000,0.938915,1
23,10760,3000,3358.000,11744.000,3270.000,9207.000,0.940866,1
23,10760,3000,3346.000,11047.000,3272.000,8493.000,0.796415,1
23,10760,3000,3027.000,11665.000,2931.000,9131.000,0.937457,1
23,10760,3000,3268.000,11757.000,3178.000,9221.000,0.936987,1
23,10760,3000,3498.000,12266.000,3405.000,9739.000,0.925038,0
23,10760,3000,3631.000,11609.000,3574.000,9067.000,0.467576,1
23,10760,3000,3061.000,11679.000,2966.000,9144.000,0.941194,1
23,10760,3000,3116.000,12311.000,3015.000,9785.000,0.879379,0
23,10760,3000,3394.000,12315.000,3299.000,9784.000,0.615849,0
23,10760,3000,3165.000,11273.000,3077.000,8733.000,0.282862,1
23,10760,3000,3009.000,12287.000,2906.000,9763.000,0.707140,0
23,10760,3000,3165.000,11765.000,3072.000,9231.000,0.941171,1
23,10760,3000,3182.000,11284.000,3094.000,8742.000,0.903925,1
23,10760,3000,3102.000,11322.000,3020.000,8857.000,0.211561,1
23,10760,3000,3823.000,12016.000,3747.000,9471.000,0.457067,0
23,10760,3000,3294.000,11742.000,3204.000,9205.000,0.935210,1
23,10760,3000,3180.000,11274.000,3092.000,8733.000,0.878575,1
23,10760,3000,3876.000,11323.000,3832.000,8735.000,0.209102,1
23,10760,3000,3883.000,11592.000,3810.000,9054.000,0.595688,1
23,10760,3000,3641.000,11899.000,3555.000,9362.000,0.943875,1
23,10760,3000,3329.000,11034.000,3254.000,8482.000,0.940776,1
23,10760,3000,3539.000,11695.000,3456.000,9157.000,0.941422,1
23,10760,3000,3358.000,11704.000,3270.000,9166.000,0.935644,1
23,10760,3000,3994.000,11375.000,3926.000,8826.000,0.700247,1
23,10760,3000,3246.000,12055.000,3149.000,9525.000,0.944580,0
23,10760,3000,3949.000,11876.000,3866.000,9341.000,0.932381,1
23,10760,3000,3235.000,12293.000,3137.000,9764.000,0.936382,0
23,10760,3000,3321.000,11781.000,3230.000,9245.000,0.941515,1
23,10760,3000,3134.000,12043.000,3036.000,9513.000,0.939272,0
23,10760,3000,3425.000,10920.000,3356.000,8363.000,0.942054,1
23,10760,3000,3336.000,11871.000,3245.000,9337.000,0.420850,1
23,10760,3000,3476.000,11590.000,3394.000,9047.000,0.944414,1
23,10760,3000,3740.000,12251.000,3677.000,9701.000,0.234185,0
23,10760,3000,3836.000,11771.000,3754.000,9230.000,0.342379,1
23,10760,3000,3229.000,11749.000,3137.000,9213.000,0.941028,1
23,10760,3000,3756.000,11034.000,3706.000,8518.000,0.258836,1
23,10760,3000,4020.000,12304.000,3996.000,9966.000,0.309131,0
23,10760,3000,3445.000,11954.000,3353.000,9421.000,0.933375,1
23,10760,3000,3158.000,12003.000,3060.000,9473.000,0.940264,0
23,10760,3000,3921.000,11936.000,3836.000,9402.000,0.942414,1
23,10760,3000,3068.000,11746.000,2973.000,9215.000,0.939379,1
23,10760,3000,3829.000,11502.000,3758.000,8955.000,0.941548,1
23,10760,3000,3285.000,12295.000,3197.000,9769.000,0.722113,0
23,10760,3000,3627.000,11355.000,3546.000,8849.000,0.317979,1
23,10760,3000,3214.000,11750.000,3122.000,9215.000,0.941076,1
23,10760,3000,3492.000,12153.000,3398.000,9624.000,0.887422,0
23,10760,3000,3285.000,11579.000,3197.000,9038.000,0.942572,1
23,10760,3000,3778.000,12281.000,3685.000,9753.000,0.939257,0
23,10760,3000,3517.000,12207.000,3424.000,9678.000,0.929588,0
23,10760,3000,3326.000,11896.000,3241.000,9355.000,0.722166,1
23,10760,3000,3197.000,11784.000,3105.000,9249.000,0.941718,1
23,10760,3000,3379.000,11668.000,3292.000,9129.000,0.940905,1
23,10760,3000,3554.000,11245.000,3458.000,8692.000,0.212823,1
23,10760,3000,3543.000,10882.000,3477.000,8322.000,0.689428,1
23,10760,3000,3053.000,11601.000,2959.000,9065.000,0.941082,1
23,10760,3000,3485.000,12113.000,3392.000,9582.000,0.831680,0
23,10760,3000,3563.000,11793.000,3477.000,9254.000,0.941698,1
23,10760,3000,3276.000,10886.000,3203.000,8332.000,0.939541,1
23,10760,3000,3419.000,10842.000,3349.000,8284.000,0.930102,1
23,10760,3000,3279.000,11763.000,3187.000,9227.000,0.930830,1
23,10760,3000,3527.000,10917.000,3461.000,8357.000,0.941156,1
23,10760,3000,3015.000,11772.000,2934.000,9241.000,0.312251,1
23,10760,3000,3912.000,11907.000,3829.000,9374.000,0.594766,1
23,10760,3000,3654.000,12340.000,3562.000,9810.000,0.392467,0
23,10760,3000,3012.000,12272.000,2921.000,9743.000,0.648835,0
23,10760,3000,3497.000,11184.000,3423.000,8633.000,0.943247,1
23,10760,3000,3373.000,11457.000,3289.000,8913.000,0.941422,1
23,10760,3000,3282.000,12095.000,3187.000,9565.000,0.944105,0
23,10760,3000,3556.000,12170.000,3456.000,9637.000,0.818213,0
23,10760,3000,3369.000,10813.000,3299.000,8256.000,0.520641,1
23,10760,3000,3652.000,12094.000,3562.000,9562.000,0.927240,0
23,10760,3000,3299.000,10843.000,3227.000,8288.000,0.941168,1
23,10760,3000,3288.000,10876.000,3222.000,8320.000,0.850384,1
23,10760,3000,3360.000,11313.000,3279.000,8768.000,0.687371,1
23,10760,3000,3511.000,12084.000,3423.000,9555.000,0.654970,0
23,10760,3000,3101.000,12223.000,3000.000,9696.000,0.939854,0
23,10760,3000,3554.000,11054.000,3484.000,8496.000,0.594280,1
23,10760,3000,3621.000,12276.000,3528.000,9746.000,0.889569,0
23,10760,3000,3353.000,12149.000,3259.000,9618.000,0.276468,0
23,10760,3000,3775.000,12231.000,3656.000,9658.000,0.303211,0
23,10760,3000,3109.000,12003.000,3009.000,9472.000,0.946554,0
23,10760,3000,3775.000,11554.000,3699.000,9008.000,0.928780,1
23,10760,3000,3466.000,11548.000,3383.000,9006.000,0.941554,1
23,10760,3000,4016.000,12080.000,3931.000,9549.000,0.935055,0
23,10760,3000,3389.000,10923.000,3318.000,8367.000,0.936464,1
23,10760,3000,3159.000,11369.000,3067.000,8829.000,0.939845,1
23,10760,3000,3338.000,11055.000,3262.000,8503.000,0.940699,1
23,10760,3000,3215.000,11381.000,3146.000,8847.000,0.360868,1
23,10760,3000,3138.000,11246.000,3050.000,8704.000,0.941328,1
23,10760,3000,3495.000,11199.000,3420.000,8647.000,0.942592,1
23,10760,3000,3802.000,12108.000,3723.000,9576.000,0.866362,0
23,10760,3000,3033.000,11678.000,2937.000,9143.000,0.939908,1
23,10760,3000,3020.000,11298.000,2922.000,8756.000,0.664599,1
23,10760,3000,3311.000,11880.000,3220.000,9345.000,0.936507,1
23,10760,3000,3092.000,11763.000,2997.000,9228.000,0.931884,1
23,10760,3000,3971.000,11647.000,3887.000,9109.000,0.362511,1
23,10760,3000,3635.000,11426.000,3558.000,8879.000,0.937046,1
23,10760,3000,3424.000,10893.000,3357.000,8339.000,0.899397,1
23,10760,3000,3180.000,11728.000,3087.000,9193.000,0.933739,1
23,10760,3000,3637.000,10771.000,3575.000,8207.000,0.588640,1
23,10760,3000,3346.000,11540.000,3260.000,8998.000,0.784034,1
23,10760,3000,3787.000,10801.000,3754.000,8269.000,0.231270,1
23,10760,3000,3889.000,11957.000,3805.000,9423.000,0.947797,1
23,10760,3000,3008.000,11279.000,2916.000,8736.000,0.922149,1
23,10760,3000,3044.000,11751.000,2946.000,9198.000,0.720590,1
23,10760,3000,3099.000,10795.000,3019.000,8245.000,0.937588,1
23,10760,3000,3490.000,11274.000,3420.000,8726.000,0.945943,1
23,10760,3000,3615.000,10874.000,3550.000,8312.000,0.940947,1
23,10760,3000,3572.000,11040.000,3507.000,8483.000,0.931527,1
23,10760,3000,3502.000,11282.000,3429.000,8734.000,0.941758,1
23,10760,3000,3705.000,12161.000,3605.000,9638.000,0.557070,0
23,10760,3000,3492.000,11351.000,3414.000,8803.000,0.941659,1
23,10760,3000,3428.000,10952.000,3356.000,8395.000,0.941833,1
23,10760,3000,4067.000,12106.000,3929.000,9561.000,0.212994,0
23,10760,3000,3145.000,11742.000,3054.000,9203.000,0.884379,1
23,10760,3000,3085.000,11721.000,2991.000,9187.000,0.856881,1
23,10760,3000,3987.000,12330.000,3907.000,9805.000,0.561765,0
23,10760,3000,3357.000,10773.000,3288.000,8214.000,0.810477,1
23,10760,3000,3789.000,11862.000,3710.000,9324.000,0.946431,1
23,10760,3000,3649.000,11287.000,3585.000,8709.000,0.378198,1
23,10760,3000,3657.000,11878.000,3578.000,9309.000,0.870339,1
23,10760,3000,3780.000,11967.000,3692.000,9435.000,0.460085,0
23,10760,3000,3501.000,11879.000,3444.000,9343.000,0.269467,1
23,10760,3000,3866.000,12195.000,3773.000,9669.000,0.945644,0
23,10760,3000,3797.000,11796.000,3743.000,9241.000,0.337029,1
23,10760,3000,3822.000,11970.000,3736.000,9438.000,0.943613,0
23,10760,3000,3752.000,10880.000,3684.000,8320.000,0.775593,1
23,10760,3000,4047.000,12145.000,3960.000,9615.000,0.844926,0
23,10760,3000,3026.000,11083.000,2940.000,8538.000,0.934146,1
23,10760,3000,3291.000,11009.000,3215.000,8460.000,0.790619,1
23,10760,3000,3684.000,10792.000,3624.000,8229.000,0.934425,1
23,10760,3000,3461.000,11954.000,3369.000,9421.000,0.935106,1
23,10760,3000,4002.000,11623.000,3958.000,9080.000,0.601056,1
23,10760,3000,4039.000,11408.000,3914.000,8853.000,0.364106,1
23,10760,3000,3250.000,11537.000,3161.000,8997.000,0.940900,1
23,10760,3000,3126.000,11137.000,3043.000,8592.000,0.368871,1
23,10760,3000,4035.000,12161.000,3950.000,9638.000,0.748290,0
23,10760,3000,3308.000,11850.000,3193.000,9309.000,0.731049,1
23,10760,3000,3180.000,12180.000,3082.000,9652.000,0.939754,0
23,10760,3000,3863.000,11844.000,3780.000,9309.000,0.939058,1
23,10760,3000,3220.000,11502.000,3134.000,8955.000,0.919447,1
23,10760,3000,3480.000,12096.000,3385.000,9564.000,0.891565,0
23,10760,3000,3043.000,11731.000,2959.000,9185.000,0.287583,1
23,10760,3000,3481.000,12271.000,3372.000,9735.000,0.241595,0
23,10760,3000,3239.000,11648.000,3155.000,9112.000,0.897481,1
23,10760,3000,3234.000,11035.000,3155.000,8485.000,0.941596,1
23,10760,3000,3604.000,11482.000,3526.000,8936.000,0.943783,1
23,10760,3000,3553.000,12267.000,3457.000,9741.000,0.300276,0
23,10760,3000,3470.000,11531.000,3388.000,8989.000,0.611634,1
23,10760,3000,3272.000,11084.000,3194.000,8534.000,0.941180,1
23,10760,3000,3082.000,12043.000,2986.000,9513.000,0.939803,0
23,10760,3000,3199.000,10965.000,3119.000,8417.000,0.940700,1
23,10760,3000,3660.000,10836.000,3598.000,8275.000,0.623627,1
23,10760,3000,3521.000,12227.000,3457.000,9644.000,0.299567,0
23,10760,3000,3265.000,11363.000,3191.000,8825.000,0.556190,1
23,10760,3000,3102.000,11802.000,3008.000,9269.000,0.941217,1
23,10760,3000,3227.000,11771.000,3135.000,9235.000,0.942031,1
23,10760,3000,3298.000,10912.000,3223.000,8359.000,0.507341,1
23,10760,3000,3640.000,11468.000,3574.000,8915.000,0.692809,1
23,10760,3000,3581.000,12220.000,3499.000,9707.000,0.267178,0
23,10760,3000,3337.000,11115.000,3261.000,8564.000,0.940464,1
23,10760,3000,3979.000,11727.000,3903.000,9187.000,0.939616,1
23,10760,3000,3520.000,12081.000,3437.000,9543.000,0.578457,0
23,10760,3000,3441.000,11867.000,3352.000,9332.000,0.941013,1
23,10760,3000,3826.000,11288.000,3781.000,8740.000,0.414701,1
23,10760,3000,3307.000,12221.000,3211.000,9692.000,0.709767,0
23,10760,3000,3019.000,11293.000,2927.000,8750.000,0.721576,1
23,10760,3000,3885.000,10854.000,3844.000,8294.000,0.436648,1
23,10760,3000,4049.000,12002.000,3970.000,9472.000,0.898744,0
23,10760,3000,3366.000,11211.000,3286.000,8660.000,0.542524,1
23,10760,3000,3210.000,11969.000,3114.000,9437.000,0.940815,0
23,10760,3000,3234.000,11315.000,3148.000,8772.000,0.578410,1
23,10760,3000,3075.000,11737.000,2984.000,9201.000,0.938117,1
23,10760,3000,3120.000,11317.000,3036.000,8778.000,0.428466,1
23,10760,3000,3169.000,11484.000,3079.000,8945.000,0.940040,1
23,10760,3000,3197.000,12327.000,3098.000,9800.000,0.939651,0
23,10760,3000,3320.000,10776.000,3252.000,8219.000,0.884615,1
23,10760,3000,3538.000,11511.000,3458.000,8968.000,0.948883,1
23,10760,3000,3241.000,12348.000,3143.000,9821.000,0.928145,0
23,10760,3000,3211.000,11324.000,3125.000,8781.000,0.940153,1
23,10760,3000,3438.000,12014.000,3345.000,9480.000,0.936789,0
23,10760,3000,3032.000,12152.000,2931.000,9626.000,0.515407,0
23,10760,3000,3195.000,12256.000,3080.000,9732.000,0.378467,0
23,10760,3000,3404.000,11538.000,3329.000,9000.000,0.372420,1
23,10760,3000,3331.000,12032.000,3237.000,9502.000,0.938677,0
23,10760,3000,3391.000,11597.000,3306.000,9056.000,0.940887,1
23,10760,3000,3900.000,11684.000,3823.000,9145.000,0.358524,1
23,10760,3000,3626.000,10934.000,3531.000,8407.000,0.801985,1
23,10760,3000,3694.000,11384.000,3622.000,8834.000,0.923592,1
23,10760,3000,3422.000,11465.000,3340.000,8921.000,0.942425,1
23,10760,3000,3080.000,11695.000,2984.000,9160.000,0.940890,1
23,10760,3000,3268.000,11802.000,3176.000,9269.000,0.941383,1
23,10760,3000,3352.000,11758.000,3264.000,9221.000,0.940615,1
23,10760,3000,3036.000,12221.000,2934.000,9694.000,0.894000,0
23,10760,3000,3595.000,11339.000,3532.000,8762.000,0.422509,1
23,10760,3000,3659.000,11472.000,3583.000,8925.000,0.371717,1
23,10760,3000,3396.000,10873.000,3326.000,8315.000,0.942290,1
23,10760,3000,3506.000,12041.000,3418.000,9510.000,0.765518,0
23,10760,3000,3074.000,11058.000,2991.000,8513.000,0.908725,1
23,10760,3000,3059.000,12139.000,2958.000,9612.000,0.936136,0
23,10760,3000,3187.000,12245.000,3097.000,9714.000,0.937208,0
23,10760,3000,3015.000,11954.000,2914.000,9425.000,0.934594,1
23,10760,3000,3408.000,11653.000,3322.000,9112.000,0.940220,1
23,10760,3000,3027.000,12100.000,2939.000,9585.000,0.587191,0
23,10760,3000,3136.000,12129.000,3038.000,9599.000,0.941111,0
23,10760,3000,3839.000,11427.000,3805.000,8837.000,0.318572,1
23,10760,3000,3107.000,11334.000,3074.000,8787.000,0.386282,1
23,10760,3000,3110.000,11846.000,3014.000,9314.000,0.726202,1
23,10760,3000,3333.000,10983.000,3201.000,8388.000,0.534668,1
23,10760,3000,3299.000,11788.000,3207.000,9252.000,0.941293,1
23,10760,3000,3056.000,11505.000,2957.000,8921.000,0.216644,1
23,10760,3000,3518.000,11551.000,3437.000,9007.000,0.946300,1
23,10760,3000,3582.000,11657.000,3500.000,9116.000,0.941448,1
23,10760,3000,3536.000,11910.000,3447.000,9376.000,0.944195,1
23,10760,3000,3362.000,11600.000,3276.000,9060.000,0.938280,1
23,10760,3000,3440.000,10965.000,3371.000,8408.000,0.939975,1
23,10760,3000,3773.000,11756.000,3701.000,9200.000,0.283618,1
23,10760,3000,3678.000,10785.000,3618.000,8221.000,0.916258,1
23,10760,3000,3532.000,11499.000,3451.000,8954.000,0.941625,1
23,10760,3000,3754.000,11827.000,3672.000,9288.000,0.945402,1
23,10760,3000,3097.000,11659.000,3004.000,9123.000,0.939781,1
23,10760,3000,3310.000,11439.000,3225.000,8893.000,0.942894,1
23,10760,3000,3337.000,10776.000,3257.000,8203.000,0.459448,1
23,10760,3000,3221.000,11334.000,3134.000,8792.000,0.935969,1
23,10760,3000,3437.000,11378.000,3358.000,8832.000,0.942843,1
23,10760,3000,3016.000,12182.000,2918.000,9655.000,0.807623,0
23,10760,3000,3620.000,11091.000,3550.000,8536.000,0.812248,1
23,10760,3000,3445.000,11415.000,3365.000,8868.000,0.915975,1
23,10760,3000,3398.000,12341.000,3303.000,9813.000,0.937557,0
23,10760,3000,3902.000,12305.000,3815.000,9769.000,0.339790,0
23,10760,3000,3640.000,12022.000,3536.000,9485.000,0.383305,0
23,10760,3000,3523.000,12349.000,3422.000,9831.000,0.459654,0
23,10760,3000,3128.000,11515.000,3050.000,8996.000,0.413475,1
23,10760,3000,3446.000,12318.000,3350.000,9790.000,0.938358,0
23,10760,3000,3015.000,11081.000,2922.000,8544.000,0.765150,1
23,10760,3000,3066.000,11057.000,2980.000,8511.000,0.920618,1
23,10760,3000,3423.000,11239.000,3346.000,8689.000,0.942025,1
23,10760,3000,3710.000,10893.000,3639.000,8340.000,0.551078,1
23,10760,3000,3137.000,10785.000,3058.000,8234.000,0.920599,1
23,10760,3000,3204.000,11751.000,3112.000,9217.000,0.926487,1
23,10760,3000,3866.000,10829.000,3812.000,8270.000,0.329363,1
23,10760,3000,3481.000,10937.000,3413.000,8378.000,0.938392,1
23,10760,3000,3138.000,12159.000,3039.000,9630.000,0.941405,0
23,10760,3000,3339.000,11084.000,3264.000,8531.000,0.941736,1
23,10760,3000,3090.000,12138.000,2991.000,9610.000,0.923213,0
23,10760,3000,3253.000,11011.000,3174.000,8459.000,0.493297,1
23,10760,3000,3059.000,11058.000,2974.000,8512.000,0.935127,1
23,10760,3000,3476.000,11992.000,3383.000,9459.000,0.941564,0
23,10760,3000,3527.000,11487.000,3449.000,8946.000,0.942242,1
23,10760,3000,3156.000,11202.000,3071.000,8658.000,0.916910,1
23,10760,3000,3346.000,11227.000,3268.000,8676.000,0.943357,1
23,10760,3000,3057.000,11525.000,2964.000,8990.000,0.585839,1
23,10760,3000,3743.000,11576.000,3684.000,9031.000,0.578678,1
23,10760,3000,3238.000,10888.000,3162.000,8336.000,0.681213,1
23,10760,3000,3929.000,11275.000,3888.000,8725.000,0.252213,1
23,10760,3000,3248.000,11193.000,3164.000,8646.000,0.941272,1
23,10760,3000,3244.000,11834.000,3150.000,9299.000,0.341490,1
23,10760,3000,3403.000,11840.000,3313.000,9304.000,0.938747,1
23,10760,3000,3062.000,12244.000,2962.000,9717.000,0.823148,0
23,10760,3000,3316.000,11249.000,3236.000,8702.000,0.944549,1
23,10760,3000,3544.000,11068.000,3473.000,8513.000,0.940923,1
23,10760,3000,3600.000,11627.000,3520.000,9079.000,0.946513,1
23,10760,3000,3251.000,11842.000,3156.000,9308.000,0.901443,1
23,10760,3000,3717.000,10777.000,3660.000,8215.000,0.622801,1
23,10760,3000,3047.000,11842.000,2949.000,9310.000,0.521524,1
23,10760,3000,3094.000,10982.000,3009.000,8435.000,0.940858,1
23,10760,3000,3574.000,12237.000,3507.000,9700.000,0.305566,0
23,10760,3000,3041.000,10815.000,2958.000,8267.000,0.921487,1
23,10760,3000,3191.000,11790.000,3026.000,9308.000,0.351833,1
23,10760,3000,3532.000,10844.000,3470.000,8282.000,0.855099,1
23,10760,3000,3213.000,10899.000,3135.000,8349.000,0.941684,1
23,10760,3000,3585.000,11219.000,3510.000,8667.000,0.949899,1
23,10760,3000,3266.000,12109.000,3171.000,9578.000,0.755932,0
23,10760,3000,3058.000,11591.000,2965.000,9055.000,0.941856,1
23,10760,3000,3335.000,11227.000,3256.000,8674.000,0.843406,1
23,10760,3000,3442.000,11420.000,3363.000,8875.000,0.859062,1
23,10760,3000,3023.000,12181.000,2922.000,9656.000,0.793124,0
23,10760,3000,3711.000,11673.000,3636.000,9094.000,0.214102,1
23,10760,3000,3445.000,10893.000,3383.000,8340.000,0.730568,1
23,10760,3000,3167.000,10996.000,3085.000,8448.000,0.900662,1
23,10760,3000,3359.000,11309.000,3279.000,8764.000,0.766920,1
23,10760,3000,3371.000,10902.000,3299.000,8346.000,0.940901,1
23,10760,3000,3340.000,11469.000,3265.000,8917.000,0.690245,1
23,10760,3000,3983.000,11977.000,3889.000,9449.000,0.263655,0
23,10760,3000,3279.000,10842.000,3205.000,8288.000,0.935041,1
23,10760,3000,3694.000,10768.000,3632.000,8203.000,0.862306,1
23,10760,3000,3414.000,11495.000,3333.000,8945.000,0.940617,1
23,10760,3000,3417.000,11224.000,3340.000,8673.000,0.942304,1
23,10760,3000,3215.000,11674.000,3125.000,9137.000,0.938968,1
23,10760,3000,3782.000,10789.000,3724.000,8225.000,0.526215,1
23,10760,3000,3878.000,11252.000,3873.000,8697.000,0.491516,1
23,10760,3000,3986.000,12168.000,3872.000,9638.000,0.257523,0
23,10760,3000,3326.000,11600.000,3239.000,9060.000,0.941550,1
23,10760,3000,3088.000,10908.000,3005.000,8361.000,0.470385,1
23,10760,3000,3089.000,12316.000,2983.000,9794.000,0.937365,0
23,10760,3000,3061.000,11548.000,2981.000,9009.000,0.841991,1
23,10760,3000,4039.000,12190.000,3948.000,9660.000,0.708226,0
23,10760,3000,3008.000,12057.000,2911.000,9538.000,0.563863,0
23,10760,3000,3199.000,12295.000,3101.000,9767.000,0.939986,0
23,10760,3000,3127.000,12189.000,3028.000,9660.000,0.939406,0
23,10760,3000,3424.000,12125.000,3327.000,9592.000,0.328032,0
23,10760,3000,3717.000,11741.000,3650.000,9212.000,0.526586,1
23,10760,3000,3321.000,11439.000,3237.000,8895.000,0.942150,1
23,10760,3000,3952.000,11968.000,3867.000,9434.000,0.667541,0
23,10760,3000,3040.000,11409.000,2953.000,8884.000,0.504665,1
23,10760,3000,3239.000,10978.000,3159.000,8428.000,0.675287,1
23,10760,3000,4026.000,11781.000,3948.000,9240.000,0.887641,1
23,10760,3000,3297.000,11051.000,3218.000,8497.000,0.933554,1
23,10760,3000,3057.000,12304.000,2955.000,9779.000,0.931655,0
23,10760,3000,3480.000,11263.000,3404.000,8714.000,0.945217,1
23,10760,3000,3335.000,11386.000,3254.000,8842.000,0.938845,1
23,10760,3000,3087.000,11083.000,3001.000,8536.000,0.941556,1
23,10760,3000,3310.000,11304.000,3228.000,8756.000,0.860971,1
23,10760,3000,3562.000,11598.000,3480.000,9054.000,0.942217,1
23,10760,3000,3039.000,11568.000,2944.000,9033.000,0.941986,1
23,10760,3000,3008.000,12155.000,2919.000,9580.000,0.435445,0
23,10760,3000,3058.000,12243.000,2955.000,9712.000,0.778438,0
23,10760,3000,3267.000,11961.000,3182.000,9433.000,0.511020,0
23,10760,3000,3755.000,11553.000,3677.000,9008.000,0.762755,1
23,10760,3000,3951.000,12222.000,3863.000,9692.000,0.419915,0
23,10760,3000,3339.000,10943.000,3306.000,8356.000,0.335314,1
24,10760,4200,4681.000,12337.000,3721.000,8711.000,0.290400,0
24,10760,4200,4689.000,12328.000,3726.000,8701.000,0.270867,0
25,11960,1800,3096.000,12761.000,2992.000,10237.000,0.471396,0
25,11960,1800,3180.000,13121.000,3075.000,10599.000,0.446155,0
25,11960,1800,3097.000,13476.000,2989.000,10957.000,0.733209,0
25,11960,1800,2477.000,12749.000,2357.000,10236.000,0.905151,1
25,11960,1800,2673.000,12804.000,2558.000,10289.000,0.937108,1
25,11960,1800,2504.000,12225.000,2392.000,9719.000,0.529721,1
25,11960,1800,2979.000,12006.000,2838.000,9528.000,0.364067,1
25,11960,1800,3231.000,13084.000,3127.000,10561.000,0.890186,0
25,11960,1800,2782.000,13172.000,2678.000,10638.000,0.503788,0
25,11960,1800,2238.000,12401.000,2112.000,9891.000,0.808064,1
25,11960,1800,2161.000,12244.000,2035.000,9735.000,0.757902,1
25,11960,1800,2642.000,12396.000,2528.000,9878.000,0.808411,1
25,11960,1800,3070.000,12654.000,2966.000,10130.000,0.944607,0
25,11960,1800,3070.000,13492.000,2962.000,10974.000,0.477525,0
25,11960,1800,2267.000,12336.000,2143.000,9826.000,0.570049,1
25,11960,1800,3236.000,12572.000,3165.000,10087.000,0.627027,0
25,11960,1800,2770.000,13187.000,2671.000,10666.000,0.767996,0
25,11960,1800,2120.000,12449.000,1992.000,9943.000,0.898288,1
25,11960,1800,1932.000,13216.000,1790.000,10724.000,0.403337,0
25,11960,1800,2679.000,12815.000,2564.000,10298.000,0.952040,1
25,11960,1800,3178.000,12285.000,3079.000,9757.000,0.423754,0
25,11960,1800,2723.000,12292.000,2611.000,9773.000,0.688333,1
25,11960,1800,2569.000,12395.000,2453.000,9879.000,0.335402,1
25,11960,1800,2117.000,12471.000,1996.000,9954.000,0.535370,1
25,11960,1800,3314.000,13235.000,3317.000,10812.000,0.264050,0
25,11960,1800,2832.000,12686.000,2722.000,10165.000,0.928899,1
25,11960,1800,3158.000,13169.000,3036.000,10630.000,0.405576,0
25,11960,1800,2822.000,12492.000,2715.000,10005.000,0.821261,1
25,11960,1800,2485.000,12419.000,2366.000,9904.000,0.949186,1
25,11960,1800,2440.000,13194.000,2319.000,10680.000,0.949115,0
25,11960,1800,2060.000,12732.000,1934.000,10236.000,0.480571,1
25,11960,1800,2755.000,13473.000,2647.000,10978.000,0.593083,0
25,11960,1800,2757.000,12510.000,2644.000,9991.000,0.948129,1
25,11960,1800,2721.000,13139.000,2609.000,10619.000,0.669554,1
25,11960,1800,2285.000,13452.000,2157.000,10945.000,0.605942,0
25,11960,1800,2876.000,12144.000,2770.000,9621.000,0.721156,1
25,11960,1800,2110.000,12012.000,1982.000,9504.000,0.529892,1
25,11960,1800,2014.000,12182.000,1727.000,9659.000,0.225234,1
25,11960,1800,2515.000,12220.000,2397.000,9704.000,0.325128,1
25,11960,1800,2646.000,12686.000,2531.000,10169.000,0.947648,1
25,11960,1800,3102.000,12873.000,2999.000,10348.000,0.920793,0
25,11960,1800,2545.000,12126.000,2430.000,9610.000,0.943968,1
25,11960,1800,3030.000,12135.000,2927.000,9608.000,0.716724,0
25,11960,1800,2911.000,13387.000,2793.000,10855.000,0.744045,0
25,11960,1800,3064.000,12410.000,2962.000,9885.000,0.892745,0
25,11960,1800,2587.000,13317.000,2474.000,10800.000,0.914878,0
25,11960,1800,2122.000,12259.000,1995.000,9751.000,0.705351,1
25,11960,1800,3113.000,12417.000,3013.000,9892.000,0.875845,0
25,11960,1800,2574.000,13300.000,2458.000,10780.000,0.949796,0
25,11960,1800,2590.000,13133.000,2497.000,10621.000,0.808241,1
25,11960,1800,2936.000,12651.000,2830.000,10128.000,0.945381,1
25,11960,1800,2600.000,12937.000,2447.000,10420.000,0.683088,1
25,11960,1800,2421.000,12282.000,2317.000,9751.000,0.252804,1
25,11960,1800,3154.000,12396.000,3034.000,9875.000,0.841601,0
25,11960,1800,2068.000,12161.000,1960.000,9650.000,0.845871,1
25,11960,1800,2897.000,13396.000,2784.000,10881.000,0.839474,0
25,11960,1800,2130.000,12989.000,1996.000,10486.000,0.772559,1
25,11960,1800,2809.000,13170.000,2699.000,10648.000,0.950379,0
25,11960,1800,3288.000,12215.000,3192.000,9685.000,0.922850,0
25,11960,1800,1940.000,13263.000,1799.000,10769.000,0.222745,0
25,11960,1800,2747.000,13015.000,2635.000,10495.000,0.949736,1
25,11960,1800,2831.000,12215.000,2843.000,9907.000,0.358091,1
25,11960,1800,3033.000,12320.000,2928.000,9795.000,0.946377,0
25,11960,1800,2785.000,13220.000,2675.000,10699.000,0.950661,0
25,11960,1800,3120.000,12395.000,3019.000,9870.000,0.888380,0
25,11960,1800,3228.000,12713.000,3351.000,10138.000,0.281077,0
25,11960,1800,2444.000,12341.000,2326.000,9826.000,0.328089,1
25,11960,1800,2905.000,12797.000,2797.000,10274.000,0.253042,1
25,11960,1800,3244.000,12892.000,3142.000,10366.000,0.908520,0
25,11960,1800,3203.000,12246.000,3106.000,9717.000,0.888916,0
25,11960,1800,3089.000,13537.000,2981.000,11018.000,0.818916,0
25,11960,1800,2176.000,13148.000,2045.000,10645.000,0.949313,1
25,11960,1800,2371.000,12633.000,2248.000,10123.000,0.944456,1
25,11960,1800,2991.000,12002.000,2888.000,9473.000,0.908493,1
25,11960,1800,3134.000,12402.000,3022.000,9886.000,0.905720,0
25,11960,1800,3279.000,12570.000,3179.000,10041.000,0.281101,0
25,11960,1800,2708.000,12261.000,2597.000,9743.000,0.940175,1
25,11960,1800,2941.000,12212.000,2836.000,9689.000,0.900545,1
25,11960,1800,2294.000,12746.000,2179.000,10242.000,0.314896,1
25,11960,1800,2659.000,13004.000,2543.000,10486.000,0.904975,1
25,11960,1800,3290.000,12550.000,3194.000,10023.000,0.910177,0
25,11960,1800,2455.000,12814.000,2378.000,10315.000,0.429892,1
25,11960,1800,1982.000,12721.000,1844.000,10223.000,0.577107,1
25,11960,1800,3038.000,12173.000,2959.000,9644.000,0.691895,0
25,11960,1800,3103.000,12141.000,3003.000,9613.000,0.935842,0
25,11960,1800,3078.000,12312.000,2976.000,9787.000,0.949580,0
25,11960,1800,2605.000,12584.000,2490.000,10069.000,0.897908,1
25,11960,1800,2911.000,12732.000,2833.000,10211.000,0.847607,1
25,11960,1800,2380.000,12763.000,2212.000,10228.000,0.316414,1
25,11960,1800,2151.000,12237.000,2025.000,9730.000,0.396792,1
25,11960,1800,2614.000,12023.000,2500.000,9504.000,0.496400,1
25,11960,1800,3231.000,12024.000,3339.000,9521.000,0.285159,0
25,11960,1800,3323.000,12559.000,3224.000,10030.000,0.751712,0
25,11960,1800,2043.000,12390.000,1915.000,9884.000,0.861995,1
25,11960,1800,3165.000,12861.000,3062.000,10336.000,0.949443,0
25,11960,1800,2866.000,12951.000,2754.000,10430.000,0.941884,1
25,11960,1800,2555.000,13257.000,2441.000,10739.000,0.945860,0
25,11960,1800,3261.000,12244.000,3166.000,9715.000,0.855311,0
25,11960,1800,2199.000,12453.000,2074.000,9945.000,0.938648,1
25,11960,1800,3179.000,13355.000,3073.000,10836.000,0.375342,0
25,11960,1800,2240.000,12061.000,2116.000,9550.000,0.320277,1
25,11960,1800,3087.000,12432.000,2984.000,9907.000,0.821995,0
25,11960,1800,3009.000,13102.000,2903.000,10578.000,0.946472,0
25,11960,1800,3294.000,12306.000,3200.000,9648.000,0.299445,0
25,11960,1800,2467.000,12684.000,2346.000,10170.000,0.218567,1
25,11960,1800,2240.000,12112.000,2116.000,9602.000,0.795831,1
25,11960,1800,3170.000,12273.000,3072.000,9745.000,0.684836,0
25,11960,1800,3011.000,13163.000,2905.000,10638.000,0.930889,0
25,11960,1800,3016.000,12847.000,2911.000,10324.000,0.940810,0
25,11960,1800,3185.000,12320.000,3088.000,9791.000,0.699244,0
25,11960,1800,2138.000,13009.000,2007.000,10506.000,0.946642,1
25,11960,1800,3133.000,12419.000,3032.000,9895.000,0.904917,0
25,11960,1800,2247.000,12808.000,2118.000,10302.000,0.889581,1
25,11960,1800,2939.000,12954.000,2832.000,10431.000,0.944016,1
25,11960,1800,3216.000,13298.000,3110.000,10778.000,0.820462,0
25,11960,1800,3130.000,12525.000,3028.000,9999.000,0.584801,0
25,11960,1800,2598.000,12810.000,2481.000,10296.000,0.941009,1
25,11960,1800,3194.000,12899.000,3092.000,10374.000,0.924830,0
25,11960,1800,2859.000,11987.000,2625.000,9472.000,0.372454,1
25,11960,1800,2523.000,12491.000,2406.000,9976.000,0.899592,1
25,11960,1800,2663.000,12541.000,2549.000,10023.000,0.947272,1
25,11960,1800,2821.000,12357.000,2712.000,9836.000,0.944126,1
25,11960,1800,3144.000,13544.000,3037.000,11026.000,0.302730,0
25,11960,1800,2648.000,12255.000,2534.000,9736.000,0.715108,1
25,11960,1800,2426.000,13234.000,2304.000,10721.000,0.861080,0
25,11960,1800,2599.000,12294.000,2483.000,9777.000,0.897573,1
25,11960,1800,3042.000,12142.000,2941.000,9615.000,0.549476,0
25,11960,1800,2763.000,13174.000,2665.000,10652.000,0.841238,0
25,11960,1800,2494.000,12605.000,2375.000,10090.000,0.947214,1
25,11960,1800,2798.000,12218.000,2661.000,9669.000,0.420239,1
25,11960,1800,2742.000,12713.000,2629.000,10194.000,0.942635,1
25,11960,1800,3197.000,13061.000,3093.000,10537.000,0.943802,0
25,11960,1800,2557.000,12393.000,2440.000,9877.000,0.945774,1
25,11960,1800,2361.000,12347.000,2298.000,9825.000,0.338830,1
25,11960,1800,3116.000,12311.000,2965.000,9843.000,0.548247,0
25,11960,1800,2876.000,12908.000,2767.000,10386.000,0.946922,1
25,11960,1800,2478.000,12059.000,2362.000,9544.000,0.415789,1
25,11960,1800,2060.000,12713.000,1932.000,10218.000,0.626184,1
25,11960,1800,2770.000,12459.000,2659.000,9940.000,0.933890,1
25,11960,1800,2363.000,13379.000,2240.000,10868.000,0.907428,0
25,11960,1800,2705.000,12160.000,2646.000,9526.000,0.228160,1
25,11960,1800,2539.000,12687.000,2421.000,10174.000,0.943338,1
25,11960,1800,2613.000,12372.000,2500.000,9851.000,0.776894,1
25,11960,1800,3012.000,12272.000,2921.000,9743.000,0.779962,0
25,11960,1800,3013.000,13545.000,2906.000,11027.000,0.618811,0
25,11960,1800,2368.000,12496.000,2247.000,9986.000,0.940609,1
25,11960,1800,2506.000,13302.000,2389.000,10784.000,0.949910,0
25,11960,1800,2322.000,13301.000,2197.000,10791.000,0.951844,0
25,11960,1800,3246.000,12716.000,3147.000,10191.000,0.912557,0
25,11960,1800,3047.000,12426.000,2946.000,9899.000,0.307295,0
25,11960,1800,2023.000,12287.000,1885.000,9778.000,0.765720,1
25,11960,1800,2318.000,12023.000,2197.000,9509.000,0.626496,1
25,11960,1800,2309.000,12951.000,2184.000,10441.000,0.941460,1
25,11960,1800,1980.000,12345.000,1848.000,9841.000,0.816920,1
25,11960,1800,2656.000,12936.000,2542.000,10419.000,0.945814,1
25,11960,1800,3235.000,12293.000,3236.000,9651.000,0.205172,0
25,11960,1800,2198.000,12387.000,2071.000,9878.000,0.948006,1
25,11960,1800,1978.000,13449.000,1773.000,10949.000,0.284951,0
25,11960,1800,2475.000,13416.000,2355.000,10907.000,0.610651,0
25,11960,1800,2729.000,12781.000,2614.000,10263.000,0.944519,1
25,11960,1800,3134.000,12043.000,3036.000,9513.000,0.871558,0
25,11960,1800,2082.000,12304.000,1983.000,9808.000,0.755571,1
25,11960,1800,2842.000,13155.000,2731.000,10633.000,0.947645,1
25,11960,1800,2582.000,13285.000,2468.000,10766.000,0.934800,0
25,11960,1800,2391.000,13396.000,2268.000,10873.000,0.673219,0
25,11960,1800,2368.000,12607.000,2246.000,10095.000,0.946010,1
25,11960,1800,3007.000,12588.000,2870.000,10138.000,0.204317,0
25,11960,1800,2836.000,12341.000,2638.000,9799.000,0.417761,1
25,11960,1800,2299.000,12322.000,2176.000,9811.000,0.386719,1
25,11960,1800,2622.000,12517.000,2507.000,10000.000,0.912976,1
25,11960,1800,2483.000,13080.000,2364.000,10566.000,0.224038,1
25,11960,1800,2656.000,12488.000,2542.000,9971.000,0.402454,1
25,11960,1800,2281.000,12438.000,2175.000,9921.000,0.383925,1
25,11960,1800,2141.000,12211.000,2049.000,9712.000,0.417169,1
25,11960,1800,2633.000,13240.000,2520.000,10721.000,0.951515,0
25,11960,1800,2759.000,13533.000,2645.000,11015.000,0.766551,0
25,11960,1800,2926.000,12982.000,2819.000,10457.000,0.904997,1
25,11960,1800,2468.000,12723.000,2347.000,10211.000,0.887343,1
25,11960,1800,2097.000,13507.000,1958.000,11011.000,0.526243,0
25,11960,1800,2401.000,13247.000,2304.000,10726.000,0.764709,0
25,11960,1800,2740.000,12039.000,2632.000,9518.000,0.387988,1
25,11960,1800,2256.000,12767.000,2142.000,10313.000,0.342576,1
25,11960,1800,2208.000,12470.000,2082.000,9961.000,0.940895,1
25,11960,1800,2076.000,12938.000,1941.000,10438.000,0.355562,1
25,11960,1800,2807.000,12106.000,2698.000,9582.000,0.776755,1
25,11960,1800,2043.000,13495.000,1842.000,11046.000,0.403862,0
25,11960,1800,2071.000,12743.000,1996.000,10254.000,0.276852,1
25,11960,1800,3237.000,12990.000,3078.000,10459.000,0.347260,0
25,11960,1800,2460.000,12750.000,2339.000,10238.000,0.932081,1
25,11960,1800,2304.000,12660.000,2141.000,10114.000,0.486467,1
25,11960,1800,3264.000,12650.000,3163.000,10124.000,0.891285,0
25,11960,1800,3153.000,13368.000,3046.000,10847.000,0.525573,0
25,11960,1800,3101.000,12223.000,3000.000,9696.000,0.913145,0
25,11960,1800,2993.000,13244.000,2885.000,10721.000,0.946324,0
25,11960,1800,2993.000,12993.000,2887.000,10468.000,0.798930,1
25,11960,1800,2218.000,12458.000,2094.000,9947.000,0.856191,1
25,11960,1800,2074.000,13272.000,2020.000,10716.000,0.332200,0
25,11960,1800,3109.000,12003.000,3009.000,9472.000,0.594197,0
25,11960,1800,2132.000,13241.000,1979.000,10602.000,0.206289,0
25,11960,1800,2817.000,12981.000,2707.000,10459.000,0.950925,1
25,11960,1800,3138.000,13358.000,3033.000,10838.000,0.897181,0
25,11960,1800,2730.000,12484.000,2632.000,9959.000,0.438786,1
25,11960,1800,3370.000,12133.000,3327.000,9592.000,0.788371,0
25,11960,1800,2080.000,12460.000,1952.000,9955.000,0.860424,1
25,11960,1800,2477.000,12973.000,2356.000,10460.000,0.949615,1
25,11960,1800,3062.000,12172.000,2977.000,9628.000,0.508994,0
25,11960,1800,2741.000,12868.000,2628.000,10349.000,0.898238,1
25,11960,1800,3173.000,12413.000,3075.000,9888.000,0.916757,0
25,11960,1800,2474.000,12224.000,2377.000,9753.000,0.245546,1
25,11960,1800,2052.000,12434.000,1987.000,9831.000,0.221572,1
25,11960,1800,2909.000,13401.000,2795.000,10888.000,0.933948,0
25,11960,1800,3288.000,12661.000,3218.000,10112.000,0.358422,0
25,11960,1800,3223.000,12702.000,3121.000,10177.000,0.805690,0
25,11960,1800,1949.000,12685.000,1811.000,10188.000,0.371287,1
25,11960,1800,2429.000,13403.000,2308.000,10892.000,0.936267,0
25,11960,1800,3020.000,12592.000,2915.000,10069.000,0.948588,0
25,11960,1800,2710.000,13011.000,2597.000,10491.000,0.952957,1
25,11960,1800,2279.000,12132.000,2156.000,9621.000,0.665697,1
25,11960,1800,3070.000,12836.000,2969.000,10309.000,0.555820,0
25,11960,1800,2148.000,13086.000,2013.000,10583.000,0.559678,1
25,11960,1800,2678.000,12729.000,2563.000,10214.000,0.929558,1
25,11960,1800,2516.000,12259.000,2398.000,9744.000,0.815252,1
25,11960,1800,2311.000,13230.000,2186.000,10721.000,0.696475,0
25,11960,1800,3308.000,12674.000,3260.000,10168.000,0.398842,0
25,11960,1800,2165.000,12570.000,2037.000,10064.000,0.813016,1
25,11960,1800,2128.000,13179.000,1992.000,10679.000,0.737687,0
25,11960,1800,2859.000,13094.000,2751.000,10572.000,0.942845,1
25,11960,1800,2705.000,12823.000,2590.000,10308.000,0.930177,1
25,11960,1800,2688.000,12271.000,2577.000,9753.000,0.839978,1
25,11960,1800,2418.000,12425.000,2300.000,9910.000,0.943966,1
25,11960,1800,2620.000,12475.000,2504.000,9959.000,0.927941,1
25,11960,1800,1994.000,13053.000,1855.000,10553.000,0.823124,1
25,11960,1800,2339.000,12938.000,2215.000,10428.000,0.287095,1
25,11960,1800,3009.000,12287.000,2906.000,9763.000,0.904815,0
25,11960,1800,2694.000,12242.000,2582.000,9723.000,0.904126,1
25,11960,1800,3073.000,13477.000,2961.000,10957.000,0.841860,0
25,11960,1800,2420.000,13206.000,2297.000,10689.000,0.260552,0
25,11960,1800,2538.000,13254.000,2423.000,10740.000,0.597207,0
25,11960,1800,2626.000,12703.000,2510.000,10189.000,0.941181,1
25,11960,1800,3000.000,12276.000,2897.000,9751.000,0.915743,0
25,11960,1800,2119.000,13041.000,1984.000,10539.000,0.935279,1
25,11960,1800,2837.000,12171.000,2730.000,9648.000,0.509665,1
25,11960,1800,3207.000,12688.000,3105.000,10164.000,0.262046,0
25,11960,1800,2253.000,12543.000,2127.000,10034.000,0.936787,1
25,11960,1800,2430.000,13248.000,2309.000,10734.000,0.933516,0
25,11960,1800,2101.000,13260.000,2009.000,10778.000,0.488772,0
25,11960,1800,3180.000,12180.000,3082.000,9652.000,0.903879,0
25,11960,1800,2951.000,13138.000,2844.000,10614.000,0.937612,1
25,11960,1800,3303.000,12710.000,3339.000,10178.000,0.320929,0
25,11960,1800,2819.000,13211.000,2710.000,10691.000,0.935346,0
25,11960,1800,2381.000,12325.000,2210.000,9790.000,0.521606,1
25,11960,1800,3157.000,12775.000,3053.000,10250.000,0.933713,0
25,11960,1800,2026.000,12159.000,1897.000,9653.000,0.261648,1
25,11960,1800,2085.000,13257.000,1949.000,10760.000,0.279409,0
25,11960,1800,1930.000,12668.000,1792.000,10171.000,0.427725,1
25,11960,1800,3051.000,12414.000,2900.000,9876.000,0.313863,0
25,11960,1800,2049.000,12808.000,1793.000,10243.000,0.458965,1
25,11960,1800,2587.000,13340.000,2472.000,10822.000,0.943934,0
25,11960,1800,2738.000,12234.000,2627.000,9714.000,0.787878,1
25,11960,1800,2111.000,13275.000,1978.000,10774.000,0.388655,0
25,11960,1800,2154.000,12591.000,2024.000,10085.000,0.914351,1
25,11960,1800,2788.000,12930.000,2647.000,10366.000,0.237689,1
25,11960,1800,1956.000,12577.000,1633.000,9792.000,0.280282,1
25,11960,1800,2159.000,12673.000,2028.000,10170.000,0.911111,1
25,11960,1800,3197.000,12327.000,3118.000,9855.000,0.300314,0
25,11960,1800,2925.000,12248.000,2819.000,9724.000,0.946990,1
25,11960,1800,2896.000,13034.000,2788.000,10511.000,0.948945,1
25,11960,1800,2822.000,12757.000,2711.000,10236.000,0.803125,1
25,11960,1800,3058.000,12696.000,2950.000,10171.000,0.939463,0
25,11960,1800,2599.000,12798.000,2436.000,10266.000,0.366836,1
25,11960,1800,2044.000,12376.000,1914.000,9871.000,0.790142,1
25,11960,1800,3036.000,12221.000,2934.000,9694.000,0.310761,0
25,11960,1800,3151.000,13470.000,3044.000,10951.000,0.368176,0
25,11960,1800,2069.000,12738.000,1947.000,10237.000,0.621005,1
25,11960,1800,1930.000,13276.000,1786.000,10788.000,0.606615,0
25,11960,1800,2146.000,12667.000,2014.000,10163.000,0.912275,1
25,11960,1800,2099.000,13495.000,1965.000,10996.000,0.694735,0
25,11960,1800,2576.000,13325.000,2462.000,10808.000,0.939875,0
25,11960,1800,2367.000,13455.000,2243.000,10947.000,0.937476,0
25,11960,1800,2046.000,12157.000,1938.000,9656.000,0.409122,1
25,11960,1800,2870.000,12267.000,2808.000,9720.000,0.615322,1
25,11960,1800,2327.000,12149.000,2206.000,9608.000,0.552853,1
25,11960,1800,2175.000,12578.000,2047.000,10073.000,0.725373,1
25,11960,1800,1984.000,13200.000,1843.000,10704.000,0.241361,0
25,11960,1800,2414.000,12986.000,2316.000,10483.000,0.339419,1
25,11960,1800,2290.000,13087.000,2162.000,10579.000,0.684670,1
25,11960,1800,3343.000,12354.000,3248.000,9829.000,0.288733,0
25,11960,1800,2331.000,12581.000,2207.000,10071.000,0.857901,1
25,11960,1800,3048.000,12509.000,2983.000,10030.000,0.618630,0
25,11960,1800,2951.000,13395.000,2839.000,10880.000,0.907308,0
25,11960,1800,2326.000,12896.000,2201.000,10384.000,0.949076,1
25,11960,1800,2670.000,12245.000,2557.000,9727.000,0.926583,1
25,11960,1800,3047.000,12638.000,2943.000,10113.000,0.943538,0
25,11960,1800,1978.000,13051.000,1851.000,10443.000,0.411519,1
25,11960,1800,2255.000,13501.000,2125.000,10996.000,0.861941,0
25,11960,1800,2017.000,13016.000,1879.000,10518.000,0.738857,1
25,11960,1800,2936.000,12804.000,2831.000,10280.000,0.329020,1
25,11960,1800,2115.000,13145.000,1979.000,10643.000,0.652810,1
25,11960,1800,2350.000,13451.000,2226.000,10941.000,0.514831,0
25,11960,1800,3236.000,12706.000,3141.000,10181.000,0.867977,0
25,11960,1800,2436.000,12264.000,2291.000,9760.000,0.664912,1
25,11960,1800,2373.000,12302.000,2251.000,9789.000,0.433454,1
25,11960,1800,3136.000,12129.000,3038.000,9599.000,0.702548,0
25,11960,1800,2351.000,13466.000,2304.000,10918.000,0.202417,0
25,11960,1800,2447.000,13114.000,2326.000,10602.000,0.951321,1
25,11960,1800,2326.000,12752.000,2221.000,10236.000,0.780547,1
25,11960,1800,2860.000,12484.000,2751.000,9963.000,0.828974,1
25,11960,1800,2599.000,13099.000,2483.000,10581.000,0.889454,1
25,11960,1800,3168.000,12600.000,3097.000,10076.000,0.642290,0
25,11960,1800,2609.000,12703.000,2492.000,10187.000,0.939755,1
25,11960,1800,2554.000,12306.000,2455.000,9792.000,0.462938,1
25,11960,1800,2320.000,13248.000,2196.000,10738.000,0.946308,0
25,11960,1800,2471.000,11996.000,2444.000,9532.000,0.214198,1
25,11960,1800,2862.000,12680.000,2803.000,10175.000,0.277042,1
25,11960,1800,2526.000,13136.000,2407.000,10620.000,0.949460,1
25,11960,1800,2524.000,13154.000,2369.000,10603.000,0.428397,1
25,11960,1800,2915.000,13200.000,2810.000,10677.000,0.906849,0
25,11960,1800,2835.000,12666.000,2727.000,10146.000,0.694659,1
25,11960,1800,2267.000,12936.000,2142.000,10431.000,0.761545,1
25,11960,1800,2463.000,12618.000,2343.000,10106.000,0.937517,1
25,11960,1800,2131.000,13476.000,1947.000,11002.000,0.473276,0
25,11960,1800,2701.000,12295.000,2589.000,9776.000,0.752022,1
25,11960,1800,2848.000,12394.000,2739.000,9872.000,0.878128,1
25,11960,1800,2104.000,12499.000,1975.000,9993.000,0.922087,1
25,11960,1800,2709.000,12404.000,2597.000,9886.000,0.912839,1
25,11960,1800,2283.000,12642.000,2159.000,10132.000,0.401328,1
25,11960,1800,2726.000,12378.000,2615.000,9859.000,0.883510,1
25,11960,1800,3027.000,12534.000,2924.000,10017.000,0.816860,0
25,11960,1800,2516.000,12053.000,2445.000,9593.000,0.393422,1
25,11960,1800,3302.000,12573.000,3203.000,10047.000,0.912925,0
25,11960,1800,2155.000,13256.000,2021.000,10754.000,0.849495,0
25,11960,1800,3148.000,13047.000,3046.000,10517.000,0.382390,0
25,11960,1800,3331.000,12097.000,3289.000,9573.000,0.916033,0
25,11960,1800,2734.000,12946.000,2620.000,10427.000,0.946906,1
25,11960,1800,2257.000,13154.000,2166.000,10698.000,0.269746,1
25,11960,1800,2797.000,12957.000,2686.000,10438.000,0.922694,1
25,11960,1800,2275.000,13462.000,2149.000,10955.000,0.229397,0
25,11960,1800,2177.000,12726.000,2045.000,10223.000,0.750146,1
25,11960,1800,3062.000,12439.000,2963.000,9913.000,0.838859,0
25,11960,1800,3110.000,12588.000,3008.000,10063.000,0.932452,0
25,11960,1800,3000.000,12203.000,2896.000,9678.000,0.766928,0
25,11960,1800,3103.000,12381.000,3001.000,9856.000,0.920499,0
25,11960,1800,3138.000,12159.000,3039.000,9630.000,0.909025,0
25,11960,1800,2818.000,11993.000,2712.000,9469.000,0.438406,1
25,11960,1800,3348.000,12530.000,3251.000,10004.000,0.661305,0
25,11960,1800,2915.000,12236.000,2821.000,9762.000,0.668327,1
25,11960,1800,2692.000,12833.000,2636.000,10340.000,0.270244,1
25,11960,1800,3039.000,12480.000,2935.000,9955.000,0.936723,0
25,11960,1800,2004.000,12793.000,1867.000,10291.000,0.931505,1
25,11960,1800,2285.000,12869.000,2158.000,10362.000,0.241106,1
25,11960,1800,2183.000,13135.000,2052.000,10637.000,0.951034,1
25,11960,1800,2968.000,13246.000,2859.000,10724.000,0.936853,0
25,11960,1800,2577.000,12658.000,2459.000,10142.000,0.942721,1
25,11960,1800,2498.000,12086.000,2382.000,9568.000,0.310126,1
25,11960,1800,2465.000,12646.000,2345.000,10133.000,0.926122,1
25,11960,1800,2930.000,12239.000,2825.000,9712.000,0.838338,1
25,11960,1800,2278.000,12425.000,2175.000,9912.000,0.407110,1
25,11960,1800,2957.000,12757.000,2849.000,10233.000,0.839618,1
25,11960,1800,3235.000,12071.000,3304.000,9538.000,0.220729,0
25,11960,1800,2699.000,12394.000,2588.000,9875.000,0.926392,1
25,11960,1800,3141.000,12586.000,3039.000,10067.000,0.479831,0
25,11960,1800,2104.000,13072.000,1971.000,10576.000,0.258463,1
25,11960,1800,2899.000,12365.000,2793.000,9842.000,0.948898,1
25,11960,1800,2828.000,12888.000,2653.000,10304.000,0.296188,1
25,11960,1800,2227.000,13188.000,2111.000,10779.000,0.222265,0
25,11960,1800,2100.000,12985.000,2024.000,10412.000,0.220416,1
25,11960,1800,2883.000,12327.000,2774.000,9805.000,0.929896,1
25,11960,1800,2815.000,12952.000,2766.000,10434.000,0.388885,1
25,11960,1800,1948.000,12700.000,1861.000,10302.000,0.202949,1
25,11960,1800,3030.000,12452.000,2926.000,9928.000,0.944697,0
25,11960,1800,2764.000,12647.000,2674.000,10157.000,0.694163,1
25,11960,1800,2062.000,12139.000,2054.000,9650.000,0.235700,1
25,11960,1800,2422.000,13218.000,2305.000,10697.000,0.711031,0
25,11960,1800,3256.000,12671.000,3155.000,10145.000,0.400204,0
25,11960,1800,2820.000,12337.000,2710.000,9816.000,0.657967,1
25,11960,1800,2517.000,13428.000,2400.000,10913.000,0.252501,0
25,11960,1800,2494.000,12022.000,2441.000,9480.000,0.425664,1
25,11960,1800,2140.000,13491.000,2006.000,10990.000,0.870371,0
25,11960,1800,2967.000,13419.000,2866.000,10894.000,0.353043,0
25,11960,1800,2462.000,13403.000,2341.000,10889.000,0.882950,0
25,11960,1800,2171.000,13358.000,2040.000,10854.000,0.952615,0
25,11960,1800,2530.000,12367.000,2413.000,9852.000,0.927393,1
25,11960,1800,2640.000,12963.000,2490.000,10382.000,0.225737,1
25,11960,1800,2246.000,13090.000,2136.000,10584.000,0.633307,1
25,11960,1800,2182.000,12457.000,2044.000,9943.000,0.404440,1
25,11960,1800,2298.000,12879.000,2181.000,10397.000,0.256967,1
25,11960,1800,3089.000,12316.000,2983.000,9794.000,0.861875,0
25,11960,1800,2112.000,12102.000,1985.000,9594.000,0.646765,1
25,11960,1800,2045.000,13054.000,1866.000,10554.000,0.283064,1
25,11960,1800,2752.000,12271.000,2639.000,9752.000,0.274492,1
25,11960,1800,2495.000,12557.000,2377.000,10045.000,0.926587,1
25,11960,1800,3199.000,12295.000,3101.000,9767.000,0.729199,0
25,11960,1800,2077.000,12258.000,1949.000,9752.000,0.448795,1
25,11960,1800,3127.000,12189.000,3028.000,9660.000,0.741621,0
25,11960,1800,2202.000,12842.000,2071.000,10338.000,0.692585,1
25,11960,1800,3220.000,13204.000,3132.000,10687.000,0.787804,0
25,11960,1800,2514.000,13089.000,2369.000,10642.000,0.395455,1
25,11960,1800,1986.000,13418.000,1846.000,10871.000,0.249263,0
25,11960,1800,2078.000,13090.000,1968.000,10613.000,0.421932,1
25,11960,1800,2546.000,13247.000,2431.000,10730.000,0.910842,0
25,11960,1800,2454.000,12986.000,2306.000,10467.000,0.204986,1
25,11960,1800,2688.000,12487.000,2574.000,9969.000,0.876766,1
25,11960,1800,2902.000,12715.000,2819.000,10182.000,0.300315,1
25,11960,1800,2603.000,12200.000,2489.000,9682.000,0.364752,1
25,11960,1800,3122.000,12898.000,3020.000,10375.000,0.612504,0
25,11960,1800,3057.000,12304.000,2955.000,9779.000,0.936599,0
25,11960,1800,2795.000,13236.000,2685.000,10716.000,0.365646,0
25,11960,1800,2863.000,13048.000,2756.000,10526.000,0.623580,1
25,11960,1800,2752.000,12796.000,2638.000,10278.000,0.950621,1
25,11960,1800,1963.000,12252.000,1832.000,9748.000,0.475770,1
25,11960,1800,2744.000,12973.000,2632.000,10454.000,0.886628,1
25,11960,1800,2564.000,12936.000,2428.000,10416.000,0.223011,1
25,11960,1800,3201.000,12401.000,3160.000,9840.000,0.448359,0
25,11960,1800,2216.000,12323.000,2179.000,9873.000,0.415365,1
25,11960,1800,2467.000,12740.000,2331.000,10226.000,0.663258,1
25,11960,1800,2379.000,13548.000,2229.000,11039.000,0.446498,0
25,11960,1800,2369.000,13169.000,2245.000,10658.000,0.948071,0
25,11960,1800,2919.000,12036.000,2814.000,9510.000,0.678202,1
25,11960,1800,3322.000,12442.000,3189.000,9874.000,0.285249,0
25,11960,1800,2740.000,12468.000,2626.000,9950.000,0.768898,1
25,11960,1800,2810.000,12351.000,2687.000,9832.000,0.610778,1
25,11960,1800,2735.000,12521.000,2624.000,10006.000,0.945889,1
25,11960,1800,2567.000,12480.000,2452.000,9965.000,0.945813,1
25,11960,1800,2042.000,12568.000,1955.000,10069.000,0.578384,1
25,11960,1800,2346.000,13025.000,2220.000,10515.000,0.949657,1
25,11960,1800,2217.000,12520.000,2105.000,10010.000,0.874775,1
25,11960,1800,2854.000,12912.000,2745.000,10387.000,0.698812,1
25,11960,1800,2163.000,12216.000,2039.000,9705.000,0.492742,1
25,11960,1800,2293.000,12997.000,2167.000,10489.000,0.946274,1
25,11960,1800,2832.000,12025.000,2694.000,9437.000,0.510768,1
25,11960,1800,2555.000,12231.000,2439.000,9715.000,0.596886,1
25,11960,1800,3118.000,12072.000,3021.000,9542.000,0.936955,0
25,11960,1800,2931.000,12409.000,2824.000,9887.000,0.849452,1
25,11960,1800,2650.000,13478.000,2534.000,10921.000,0.363685,0
25,11960,1800,2560.000,12356.000,2461.000,9835.000,0.446051,1
25,11960,1800,1915.000,13271.000,1769.000,10782.000,0.418982,0
25,11960,1800,2056.000,12723.000,1868.000,10078.000,0.239533,1
25,11960,1800,1931.000,13165.000,1808.000,10666.000,0.559859,0
25,11960,1800,2479.000,12436.000,2361.000,9922.000,0.900969,1
25,11960,1800,2641.000,12656.000,2525.000,10140.000,0.549597,1
25,11960,1800,2327.000,13331.000,2202.000,10818.000,0.934041,0
25,11960,1800,1991.000,12787.000,1852.000,10293.000,0.469047,1
25,11960,1800,1972.000,13540.000,1900.000,11001.000,0.315211,0
25,11960,1800,3371.000,12791.000,3271.000,10267.000,0.540622,0
25,11960,1800,3195.000,12822.000,3120.000,10234.000,0.249259,0
25,11960,1800,2108.000,12767.000,1940.000,10263.000,0.351320,1
25,11960,1800,3036.000,12112.000,2939.000,9585.000,0.736564,0
25,11960,1800,2761.000,13243.000,2646.000,10721.000,0.576448,0
25,11960,1800,2391.000,12756.000,2268.000,10245.000,0.616381,1
25,11960,1800,2151.000,12400.000,2001.000,9814.000,0.311308,1
25,11960,1800,3143.000,13140.000,3039.000,10617.000,0.252894,0
25,11960,1800,2446.000,13079.000,2325.000,10567.000,0.643803,1
25,11960,1800,2768.000,12312.000,2656.000,9793.000,0.914627,1
25,11960,1800,2150.000,12617.000,2019.000,10113.000,0.699400,1
25,11960,1800,2468.000,13168.000,2350.000,10656.000,0.932519,0
25,11960,1800,2101.000,13358.000,1969.000,10907.000,0.672902,0
25,11960,1800,2320.000,12369.000,2236.000,9854.000,0.612053,1
25,11960,1800,2071.000,12540.000,1941.000,10036.000,0.606624,1
25,11960,1800,2517.000,12489.000,2397.000,9969.000,0.846624,1
25,11960,1800,2875.000,12353.000,2769.000,9831.000,0.755111,1
25,11960,1800,2275.000,12588.000,2149.000,10079.000,0.947372,1
25,11960,1800,2752.000,12466.000,2642.000,9946.000,0.925537,1
25,11960,1800,2864.000,12543.000,2823.000,10084.000,0.434140,1
25,11960,1800,2755.000,13199.000,2645.000,10679.000,0.953559,0
25,11960,1800,2348.000,12473.000,2226.000,9961.000,0.944798,1
25,11960,1800,2523.000,12171.000,2593.000,9640.000,0.337037,1
25,11960,1800,3084.000,12143.000,2984.000,9614.000,0.462306,0
25,11960,1800,2288.000,13486.000,2160.000,10980.000,0.442371,0
25,11960,1800,2409.000,12246.000,2291.000,9733.000,0.401634,1
25,11960,1800,2239.000,12490.000,2085.000,9938.000,0.444033,1
25,11960,1800,3007.000,12943.000,2903.000,10419.000,0.946674,0
25,11960,1800,2857.000,13518.000,2745.000,11002.000,0.943382,0
25,11960,1800,2688.000,13252.000,2575.000,10731.000,0.949124,0
25,11960,1800,2752.000,12034.000,2653.000,9511.000,0.493858,1
25,11960,1800,2727.000,12848.000,2614.000,10331.000,0.950079,1
25,11960,1800,2358.000,12947.000,2170.000,10408.000,0.267644,1
25,11960,1800,2129.000,12916.000,1945.000,10451.000,0.217066,1
25,11960,1800,2564.000,12279.000,2360.000,9770.000,0.307018,1
25,11960,1800,2044.000,13123.000,1919.000,10624.000,0.215755,1
25,11960,1800,2629.000,12443.000,2511.000,9928.000,0.503118,1
25,11960,1800,3248.000,12695.000,3193.000,10232.000,0.246895,0
25,11960,1800,2514.000,13415.000,2396.000,10899.000,0.667465,0
25,11960,1800,2647.000,13226.000,2534.000,10708.000,0.845167,0
25,11960,1800,3213.000,12152.000,3116.000,9622.000,0.255273,0
25,11960,1800,3330.000,12396.000,3308.000,9880.000,0.303097,0
25,11960,1800,2837.000,13519.000,2671.000,11009.000,0.257443,0
25,11960,1800,2414.000,12650.000,2291.000,10138.000,0.898685,1
25,11960,1800,1960.000,12889.000,1820.000,10392.000,0.438603,1
25,11960,1800,2099.000,12271.000,2046.000,9751.000,0.514826,1
25,11960,1800,2380.000,12539.000,2254.000,10106.000,0.362571,1
25,11960,1800,2989.000,12301.000,2918.000,9781.000,0.347311,1
25,11960,1800,2526.000,12633.000,2464.000,10174.000,0.411097,1
25,11960,1800,2371.000,13334.000,2283.000,10828.000,0.522034,0
25,11960,1800,2768.000,12891.000,2655.000,10373.000,0.943250,1
25,11960,1800,2479.000,12512.000,2422.000,9970.000,0.251533,1
25,11960,1800,2923.000,12461.000,2836.000,9933.000,0.602499,1
25,11960,1800,2335.000,12369.000,2259.000,9873.000,0.284729,1
25,11960,1800,2432.000,12892.000,2311.000,10380.000,0.827359,1
25,11960,1800,1944.000,12412.000,1832.000,9904.000,0.202071,1
25,11960,1800,2575.000,12385.000,2486.000,9864.000,0.343528,1
25,11960,1800,2862.000,12917.000,2753.000,10395.000,0.945870,1
25,11960,1800,2099.000,13011.000,1966.000,10509.000,0.876183,1
25,11960,1800,2156.000,12313.000,2030.000,9806.000,0.259057,1
25,11960,1800,3146.000,12475.000,3045.000,9946.000,0.943182,0
25,11960,1800,2581.000,13143.000,2487.000,10634.000,0.806732,1
25,11960,1800,2118.000,12299.000,1991.000,9794.000,0.768969,1
25,11960,1800,2495.000,12078.000,2380.000,9562.000,0.329198,1
25,11960,1800,2135.000,12883.000,2003.000,10382.000,0.807774,1
25,11960,1800,2242.000,13039.000,2115.000,10533.000,0.944224,1
25,11960,1800,3004.000,12215.000,2901.000,9690.000,0.735629,0
25,11960,1800,2463.000,12754.000,2346.000,10245.000,0.913361,1
25,11960,1800,3115.000,12816.000,3004.000,10291.000,0.931512,0
25,11960,1800,3141.000,12241.000,3045.000,9796.000,0.260309,0
25,11960,1800,2668.000,12412.000,2556.000,9895.000,0.942741,1
25,11960,1800,2282.000,12853.000,2129.000,10337.000,0.642107,1
25,11960,1800,3258.000,12713.000,3157.000,10187.000,0.925987,0
25,11960,1800,2293.000,12151.000,2156.000,9679.000,0.365446,1
25,11960,1800,3207.000,12877.000,3224.000,10359.000,0.392150,0
25,11960,1800,2205.000,12827.000,2118.000,10320.000,0.421841,1
25,11960,1800,2964.000,12266.000,2857.000,9743.000,0.454824,1
25,11960,1800,2978.000,12313.000,2899.000,9787.000,0.930443,1
25,11960,1800,2386.000,12766.000,2260.000,10255.000,0.917085,1
25,11960,1800,2125.000,12869.000,1992.000,10368.000,0.931462,1
25,11960,1800,2307.000,12635.000,2182.000,10125.000,0.879279,1
25,11960,1800,2228.000,12575.000,2103.000,10067.000,0.937075,1
25,11960,1800,2801.000,13147.000,2691.000,10625.000,0.949986,1
25,11960,1800,2831.000,12703.000,2725.000,10187.000,0.493816,1
25,11960,1800,1981.000,12832.000,1711.000,10261.000,0.200503,1
25,11960,1800,2908.000,12667.000,2827.000,10152.000,0.294660,1
25,11960,1800,2528.000,13372.000,2411.000,10856.000,0.455272,0
25,11960,1800,2103.000,12626.000,1969.000,10179.000,0.529975,1
25,11960,1800,2227.000,13079.000,2134.000,10616.000,0.506640,1
25,11960,1800,2776.000,13091.000,2665.000,10570.000,0.237864,1
25,11960,1800,2536.000,13460.000,2390.000,10922.000,0.310062,0
25,11960,1800,2332.000,13239.000,2210.000,10729.000,0.941749,0
25,11960,1800,2584.000,13426.000,2469.000,10908.000,0.856416,0
25,11960,1800,3208.000,12846.000,3092.000,10346.000,0.270157,0
25,11960,1800,2392.000,12767.000,2275.000,10252.000,0.422372,1
25,11960,1800,2356.000,12772.000,2219.000,10253.000,0.906981,1
25,11960,1800,2061.000,12263.000,2021.000,9843.000,0.314296,1
25,11960,1800,2543.000,12775.000,2421.000,10265.000,0.846363,1
25,11960,1800,2084.000,13287.000,1938.000,10777.000,0.249446,0
25,11960,1800,2861.000,12739.000,2753.000,10218.000,0.941887,1
25,11960,1800,2182.000,12470.000,2156.000,9928.000,0.277686,1
25,11960,1800,2627.000,12695.000,2513.000,10177.000,0.851898,1
25,11960,1800,2982.000,12056.000,2898.000,9526.000,0.215555,1
25,11960,1800,2283.000,12191.000,2160.000,9680.000,0.601936,1
25,11960,1800,2320.000,13479.000,2236.000,10961.000,0.656682,0
25,11960,1800,2499.000,12447.000,2381.000,9933.000,0.380021,1
25,11960,1800,2812.000,12021.000,2703.000,9498.000,0.810297,1
25,11960,1800,2196.000,12100.000,2071.000,9592.000,0.437144,1
25,11960,1800,2928.000,13277.000,2819.000,10763.000,0.861689,0
25,11960,1800,2545.000,13370.000,2444.000,10848.000,0.590951,0
25,11960,1800,1930.000,12575.000,1845.000,10082.000,0.319466,1
25,11960,1800,3010.000,12263.000,2912.000,9733.000,0.452804,0
25,11960,1800,1929.000,13272.000,1785.000,10776.000,0.893825,0
25,11960,1800,3203.000,12985.000,3155.000,10391.000,0.432468,0
25,11960,1800,2257.000,13060.000,2116.000,10550.000,0.584819,1
25,11960,1800,2570.000,13311.000,2449.000,10798.000,0.620160,0
25,11960,1800,2531.000,13144.000,2413.000,10629.000,0.950710,1
25,11960,1800,1999.000,13091.000,1858.000,10594.000,0.932864,1
25,11960,1800,2009.000,13121.000,1866.000,10672.000,0.485532,1
25,11960,1800,2796.000,12435.000,2685.000,9916.000,0.938970,1
25,11960,1800,2453.000,12318.000,2335.000,9782.000,0.280288,1
25,11960,1800,2814.000,12372.000,2706.000,9850.000,0.951414,1
25,11960,1800,2750.000,12319.000,2636.000,9852.000,0.252154,1
25,11960,1800,2441.000,13417.000,2320.000,10906.000,0.640272,0
25,11960,1800,2511.000,12188.000,2382.000,9664.000,0.550155,1
25,11960,1800,1938.000,13507.000,1859.000,11005.000,0.259111,0
25,11960,1800,3293.000,12188.000,3198.000,9660.000,0.418371,0
25,11960,1800,2620.000,13510.000,2507.000,10993.000,0.818972,0
25,11960,1800,2102.000,13517.000,1964.000,11107.000,0.262054,0
25,11960,1800,2439.000,12101.000,2320.000,9586.000,0.546466,1
25,11960,1800,2760.000,12555.000,2650.000,10041.000,0.618272,1
25,11960,1800,2940.000,12575.000,2801.000,10097.000,0.278736,1
25,11960,1800,2953.000,12622.000,2863.000,10132.000,0.253908,1
25,11960,1800,2717.000,12923.000,2651.000,10401.000,0.360760,1
25,11960,1800,2515.000,13111.000,2396.000,10597.000,0.942405,1
25,11960,1800,2902.000,13479.000,2790.000,10962.000,0.952066,0
25,11960,1800,2299.000,12983.000,2175.000,10472.000,0.762103,1
25,11960,1800,2166.000,11968.000,2146.000,9446.000,0.330936,1
25,11960,1800,2445.000,12676.000,2303.000,10117.000,0.350447,1
25,11960,1800,2821.000,12384.000,2713.000,9863.000,0.948087,1
25,11960,1800,2093.000,12458.000,1965.000,9951.000,0.815502,1
25,11960,1800,2752.000,12874.000,2638.000,10357.000,0.936676,1
25,11960,1800,2856.000,12485.000,2742.000,10026.000,0.343742,1
25,11960,1800,3074.000,11990.000,2976.000,9460.000,0.631306,0
25,11960,1800,2848.000,12690.000,2738.000,10169.000,0.794025,1
25,11960,1800,2825.000,12206.000,2690.000,9695.000,0.287164,1
25,11960,1800,2161.000,13130.000,2029.000,10627.000,0.815083,1
25,11960,1800,2311.000,12998.000,2185.000,10488.000,0.934707,1
25,11960,1800,2590.000,12806.000,2470.000,10298.000,0.822143,1
25,11960,1800,3190.000,12042.000,3279.000,9419.000,0.399224,0
25,11960,1800,2246.000,13126.000,2149.000,10626.000,0.795083,1
25,11960,1800,2249.000,11980.000,2120.000,9384.000,0.228964,1
25,11960,1800,2527.000,12805.000,2443.000,10300.000,0.262016,1
25,11960,1800,2130.000,13472.000,1997.000,10972.000,0.659074,0
25,11960,1800,2292.000,12771.000,2200.000,10244.000,0.586260,1
25,11960,1800,2998.000,12765.000,2855.000,10215.000,0.345989,1
25,11960,1800,3087.000,12243.000,2987.000,9717.000,0.936488,0
25,11960,1800,2102.000,13108.000,1966.000,10608.000,0.622466,1
25,11960,1800,2645.000,12409.000,2599.000,9920.000,0.604952,1
25,11960,1800,2311.000,13474.000,2217.000,10965.000,0.517250,0
25,11960,1800,3139.000,13386.000,3031.000,10866.000,0.364107,0
25,11960,1800,2435.000,12565.000,2314.000,10053.000,0.948162,1
26,11960,3000,3546.000,11972.000,2535.000,11325.000,0.265970,1
28,13160,1800,3104.000,14579.000,2995.000,12063.000,0.268410,0
28,13160,1800,2794.000,14236.000,2717.000,11735.000,0.483540,1
28,13160,1800,2954.000,14355.000,2844.000,11839.000,0.695076,1
28,13160,1800,2798.000,14353.000,2688.000,11837.000,0.798021,1
28,13160,1800,2662.000,13994.000,2545.000,11481.000,0.911275,1
28,13160,1800,2406.000,14491.000,2284.000,11982.000,0.793742,0
28,13160,1800,2963.000,13784.000,2853.000,11267.000,0.270744,1
28,13160,1800,2395.000,14504.000,2272.000,11997.000,0.915726,0
28,13160,1800,2917.000,13765.000,2945.000,11253.000,0.347507,1
28,13160,1800,2634.000,13784.000,2515.000,11273.000,0.861398,1
28,13160,1800,2558.000,14166.000,2440.000,11653.000,0.840674,1
28,13160,1800,2151.000,14517.000,2022.000,12016.000,0.772121,0
28,13160,1800,2136.000,14509.000,2008.000,12007.000,0.755777,0
28,13160,1800,2982.000,13806.000,2872.000,11289.000,0.554508,1
28,13160,1800,2807.000,14364.000,2696.000,11848.000,0.829233,0
28,13160,1800,3070.000,13492.000,3047.000,10965.000,0.399598,0
28,13160,1800,2847.000,13844.000,2790.000,11286.000,0.376440,1
28,13160,1800,2729.000,14220.000,2617.000,11705.000,0.900208,1
28,13160,1800,2554.000,14668.000,2435.000,12159.000,0.556684,0
28,13160,1800,2573.000,14272.000,2458.000,11758.000,0.448863,1
28,13160,1800,2702.000,14490.000,2587.000,11976.000,0.915003,0
28,13160,1800,3101.000,14212.000,2995.000,11697.000,0.457575,0
28,13160,1800,3114.000,13989.000,3003.000,11481.000,0.420722,0
28,13160,1800,2760.000,13888.000,2646.000,11373.000,0.899654,1
28,13160,1800,2957.000,14616.000,2849.000,12101.000,0.233057,0
28,13160,1800,3082.000,13793.000,2977.000,11282.000,0.211699,0
28,13160,1800,2813.000,13959.000,2699.000,11442.000,0.349421,1
28,13160,1800,2835.000,14373.000,2725.000,11855.000,0.518373,0
28,13160,1800,2507.000,13695.000,2388.000,11184.000,0.700089,1
28,13160,1800,2902.000,14175.000,2792.000,11660.000,0.261962,1
28,13160,1800,3154.000,13483.000,3209.000,10752.000,0.283717,0
28,13160,1800,3010.000,14021.000,2858.000,11515.000,0.451026,0
28,13160,1800,2793.000,13445.000,2646.000,10721.000,0.253672,1
28,13160,1800,2587.000,13317.000,2474.000,10800.000,0.370410,1
28,13160,1800,2333.000,14166.000,2210.000,11658.000,0.788691,1
28,13160,1800,2574.000,13300.000,2458.000,10780.000,0.733954,1
28,13160,1800,2979.000,14364.000,2870.000,11848.000,0.605815,0
28,13160,1800,2219.000,14359.000,2094.000,11851.000,0.933067,1
28,13160,1800,2336.000,14210.000,2212.000,11701.000,0.886757,1
28,13160,1800,2380.000,14321.000,2259.000,11811.000,0.249363,1
28,13160,1800,2064.000,14695.000,1853.000,12247.000,0.219156,0
28,13160,1800,2701.000,14616.000,2587.000,12103.000,0.819150,0
28,13160,1800,2186.000,14537.000,2056.000,12036.000,0.551270,0
28,13160,1800,2323.000,14279.000,2201.000,11771.000,0.752245,1
28,13160,1800,2517.000,13688.000,2399.000,11178.000,0.849856,1
28,13160,1800,2713.000,13811.000,2599.000,11297.000,0.893671,1
28,13160,1800,2021.000,14065.000,1885.000,11570.000,0.604074,1
28,13160,1800,2262.000,14194.000,2137.000,11688.000,0.868412,1
28,13160,1800,2402.000,13690.000,2277.000,11182.000,0.347955,1
28,13160,1800,2807.000,13705.000,2695.000,11189.000,0.937395,1
28,13160,1800,2487.000,14074.000,2367.000,11564.000,0.298693,1
28,13160,1800,2800.000,14037.000,2687.000,11521.000,0.586261,1
28,13160,1800,2755.000,13601.000,2642.000,11083.000,0.842168,1
28,13160,1800,2800.000,14020.000,2688.000,11507.000,0.695685,1
28,13160,1800,2838.000,13828.000,2725.000,11313.000,0.818928,1
28,13160,1800,2704.000,14266.000,2591.000,11751.000,0.696094,1
28,13160,1800,3115.000,14204.000,3005.000,11689.000,0.269989,0
28,13160,1800,2837.000,13867.000,2724.000,11350.000,0.417037,1
28,13160,1800,2676.000,14292.000,2645.000,11751.000,0.478130,1
28,13160,1800,3023.000,14101.000,3088.000,11614.000,0.325543,0
28,13160,1800,2686.000,14476.000,2662.000,11935.000,0.236160,0
28,13160,1800,2934.000,14143.000,2894.000,11568.000,0.255268,1
28,13160,1800,2338.000,13725.000,2211.000,11220.000,0.693379,1
28,13160,1800,2435.000,13826.000,2313.000,11317.000,0.626290,1
28,13160,1800,2529.000,13847.000,2408.000,11335.000,0.906250,1
28,13160,1800,2650.000,14491.000,2535.000,11979.000,0.658368,0
28,13160,1800,2312.000,14099.000,2187.000,11594.000,0.576925,1
28,13160,1800,2322.000,13943.000,2196.000,11437.000,0.756271,1
28,13160,1800,2777.000,13568.000,2665.000,11050.000,0.754840,1
28,13160,1800,1923.000,13903.000,1845.000,11325.000,0.639642,1
28,13160,1800,2233.000,13952.000,2103.000,11450.000,0.254035,1
28,13160,1800,2542.000,14209.000,2425.000,11696.000,0.904594,1
28,13160,1800,2056.000,13752.000,1916.000,11258.000,0.457300,1
28,13160,1800,3095.000,14200.000,2986.000,11686.000,0.296173,0
28,13160,1800,2478.000,14283.000,2361.000,11771.000,0.757673,1
28,13160,1800,3012.000,13545.000,2906.000,11027.000,0.533199,0
28,13160,1800,2763.000,13173.000,2665.000,10652.000,0.416334,1
28,13160,1800,2733.000,13948.000,2637.000,11383.000,0.272165,1
28,13160,1800,2423.000,14140.000,2333.000,11635.000,0.283200,1
28,13160,1800,2908.000,14237.000,2799.000,11721.000,0.789305,1
28,13160,1800,2443.000,13608.000,2322.000,11099.000,0.786674,1
28,13160,1800,2718.000,14402.000,2605.000,11889.000,0.500405,0
28,13160,1800,2506.000,13302.000,2389.000,10784.000,0.416081,1
28,13160,1800,2322.000,13301.000,2197.000,10791.000,0.579897,1
28,13160,1800,2687.000,14617.000,2572.000,12104.000,0.582329,0
28,13160,1800,2444.000,13693.000,2320.000,11182.000,0.581360,1
28,13160,1800,2480.000,14059.000,2376.000,11528.000,0.556049,1
28,13160,1800,2102.000,13946.000,2009.000,11468.000,0.711411,1
28,13160,1800,2082.000,13924.000,1945.000,11428.000,0.423363,1
28,13160,1800,2413.000,14012.000,2319.000,11529.000,0.304799,1
28,13160,1800,2103.000,14192.000,1969.000,11693.000,0.440035,1
28,13160,1800,2174.000,13994.000,2043.000,11493.000,0.308583,1
28,13160,1800,2185.000,14707.000,3254.000,12171.000,0.222657,0
28,13160,1800,2306.000,13835.000,2179.000,11331.000,0.859208,1
28,13160,1800,2934.000,13770.000,2825.000,11252.000,0.673626,1
28,13160,1800,2582.000,13285.000,2468.000,10766.000,0.258497,1
28,13160,1800,2959.000,14473.000,2849.000,11957.000,0.533463,0
28,13160,1800,2609.000,14462.000,2496.000,11949.000,0.814515,0
28,13160,1800,2797.000,13967.000,2681.000,11452.000,0.630599,1
28,13160,1800,2453.000,13873.000,2325.000,11360.000,0.475324,1
28,13160,1800,2633.000,13240.000,2520.000,10721.000,0.205582,1
28,13160,1800,2097.000,13507.000,1958.000,11011.000,0.279192,1
28,13160,1800,2514.000,13750.000,2393.000,11239.000,0.876157,1
28,13160,1800,2759.000,13533.000,2645.000,11015.000,0.462516,1
28,13160,1800,2348.000,14162.000,2226.000,11653.000,0.681813,1
28,13160,1800,2769.000,14244.000,2657.000,11728.000,0.367715,1
28,13160,1800,2043.000,13495.000,1900.000,11001.000,0.886391,1
28,13160,1800,2913.000,13788.000,2802.000,11271.000,0.829686,1
28,13160,1800,2099.000,13976.000,2010.000,11574.000,0.348556,1
28,13160,1800,2426.000,13581.000,2324.000,11035.000,0.594998,1
28,13160,1800,2562.000,13931.000,2442.000,11415.000,0.944575,1
28,13160,1800,3138.000,13358.000,3033.000,10838.000,0.569270,0
28,13160,1800,2227.000,14037.000,2098.000,11534.000,0.525721,1
28,13160,1800,2345.000,13683.000,2221.000,11178.000,0.732450,1
28,13160,1800,2015.000,14597.000,1706.000,12000.000,0.210794,0
28,13160,1800,2046.000,14088.000,1910.000,11592.000,0.650271,1
28,13160,1800,2909.000,13401.000,2795.000,10888.000,0.358665,1
28,13160,1800,2849.000,14622.000,2735.000,12108.000,0.785375,0
28,13160,1800,2429.000,13403.000,2308.000,10892.000,0.463104,1
28,13160,1800,2627.000,14126.000,2509.000,11613.000,0.847339,1
28,13160,1800,2183.000,13922.000,2051.000,11422.000,0.571839,1
28,13160,1800,2716.000,14389.000,2500.000,11974.000,0.256180,0
28,13160,1800,2545.000,14443.000,2429.000,11930.000,0.891996,0
28,13160,1800,3077.000,13753.000,3175.000,11250.000,0.390944,0
28,13160,1800,2324.000,14370.000,2203.000,11861.000,0.693691,0
28,13160,1800,2507.000,13675.000,2391.000,11164.000,0.394996,1
28,13160,1800,2744.000,13841.000,2630.000,11327.000,0.872752,1
28,13160,1800,2478.000,14045.000,2353.000,11535.000,0.412596,1
28,13160,1800,2223.000,14255.000,2096.000,11750.000,0.890653,1
28,13160,1800,2731.000,14112.000,2617.000,11597.000,0.718240,1
28,13160,1800,2637.000,14017.000,2602.000,11733.000,0.231502,1
28,13160,1800,2517.000,13731.000,2347.000,11301.000,0.321527,1
28,13160,1800,2668.000,13769.000,2550.000,11258.000,0.869312,1
28,13160,1800,2393.000,13841.000,2318.000,11373.000,0.288854,1
28,13160,1800,2626.000,13590.000,2507.000,10993.000,0.491813,1
28,13160,1800,2230.000,13987.000,2101.000,11485.000,0.855029,1
28,13160,1800,2198.000,13774.000,2065.000,11274.000,0.527115,1
28,13160,1800,2695.000,14625.000,2579.000,12112.000,0.733217,0
28,13160,1800,2728.000,14748.000,2618.000,12298.000,0.516370,0
28,13160,1800,2450.000,14215.000,2331.000,11705.000,0.505590,1
28,13160,1800,3016.000,14403.000,2908.000,11887.000,0.462859,0
28,13160,1800,2067.000,14437.000,1937.000,11934.000,0.510752,0
28,13160,1800,2347.000,14388.000,2298.000,11904.000,0.280719,0
28,13160,1800,2872.000,13795.000,2763.000,11274.000,0.385597,1
28,13160,1800,2093.000,13831.000,2018.000,11486.000,0.244726,1
28,13160,1800,2909.000,13603.000,2799.000,11085.000,0.791047,1
28,13160,1800,2918.000,13913.000,2881.000,11443.000,0.253342,1
28,13160,1800,2646.000,14007.000,2531.000,11494.000,0.934159,1
28,13160,1800,2943.000,14508.000,3020.000,12002.000,0.461699,0
28,13160,1800,2530.000,13899.000,2409.000,11388.000,0.864349,1
28,13160,1800,2651.000,14548.000,2535.000,12035.000,0.828065,0
28,13160,1800,2727.000,13808.000,2614.000,11293.000,0.874002,1
28,13160,1800,2606.000,14155.000,2487.000,11581.000,0.612053,1
28,13160,1800,3074.000,14287.000,2962.000,11772.000,0.449917,0
28,13160,1800,2141.000,14520.000,2012.000,12016.000,0.518626,0
28,13160,1800,2099.000,13495.000,1965.000,10996.000,0.486769,1
28,13160,1800,2576.000,13325.000,2462.000,10808.000,0.268759,1
28,13160,1800,2367.000,13455.000,2243.000,10947.000,0.526488,1
28,13160,1800,2392.000,14107.000,2272.000,11599.000,0.569936,1
28,13160,1800,2331.000,13831.000,2204.000,11325.000,0.898192,1
28,13160,1800,2339.000,13639.000,2186.000,10968.000,0.222257,1
28,13160,1800,2976.000,13939.000,2962.000,11424.000,0.698805,1
28,13160,1800,2698.000,14369.000,2584.000,11854.000,0.521346,0
28,13160,1800,2901.000,14149.000,2790.000,11632.000,0.752818,1
28,13160,1800,2336.000,14128.000,2213.000,11620.000,0.944362,1
28,13160,1800,1939.000,14121.000,1802.000,11628.000,0.274587,1
28,13160,1800,2940.000,14644.000,2828.000,12129.000,0.578818,0
28,13160,1800,2288.000,13958.000,2159.000,11453.000,0.325341,1
28,13160,1800,2255.000,13501.000,2125.000,10996.000,0.709279,1
28,13160,1800,2843.000,14257.000,2795.000,11759.000,0.247252,1
28,13160,1800,2580.000,14504.000,2462.000,11991.000,0.650429,0
28,13160,1800,2695.000,13904.000,2580.000,11391.000,0.812802,1
28,13160,1800,2751.000,13673.000,2606.000,11036.000,0.272952,1
28,13160,1800,2190.000,13792.000,2057.000,11292.000,0.629141,1
28,13160,1800,2482.000,13549.000,2364.000,10941.000,0.457916,1
28,13160,1800,2320.000,13248.000,2196.000,10738.000,0.409108,1
28,13160,1800,2123.000,13975.000,1991.000,11478.000,0.278134,1
28,13160,1800,2450.000,13896.000,2344.000,11383.000,0.313122,1
28,13160,1800,2687.000,13734.000,2570.000,11221.000,0.753855,1
28,13160,1800,2915.000,13200.000,2810.000,10677.000,0.299005,1
28,13160,1800,2411.000,14121.000,2309.000,11599.000,0.531963,1
28,13160,1800,2274.000,14464.000,2148.000,11958.000,0.263581,0
28,13160,1800,2628.000,14104.000,2512.000,11592.000,0.937425,1
28,13160,1800,2301.000,13848.000,2318.000,11397.000,0.227245,1
28,13160,1800,3054.000,13711.000,2945.000,11194.000,0.728839,0
28,13160,1800,2970.000,14071.000,2931.000,11583.000,0.238226,1
28,13160,1800,2496.000,13683.000,2381.000,11171.000,0.379941,1
28,13160,1800,2851.000,14338.000,2741.000,11821.000,0.615896,1
28,13160,1800,2734.000,14482.000,2649.000,11975.000,0.519654,0
28,13160,1800,2097.000,14085.000,1978.000,11585.000,0.332686,1
28,13160,1800,2740.000,13882.000,2625.000,11368.000,0.912936,1
28,13160,1800,2859.000,13539.000,2813.000,10788.000,0.337092,1
28,13160,1800,2055.000,13894.000,1917.000,11400.000,0.744948,1
28,13160,1800,2256.000,13936.000,2127.000,11434.000,0.689711,1
28,13160,1800,2120.000,13985.000,1986.000,11489.000,0.633135,1
28,13160,1800,3059.000,13770.000,2949.000,11253.000,0.650568,0
28,13160,1800,2402.000,13838.000,2274.000,11330.000,0.392687,1
28,13160,1800,2345.000,13743.000,2207.000,11177.000,0.214813,1
28,13160,1800,2000.000,14469.000,1870.000,11969.000,0.211553,0
28,13160,1800,2486.000,14126.000,2366.000,11616.000,0.538983,1
28,13160,1800,2151.000,13985.000,2158.000,11447.000,0.315298,1
28,13160,1800,2180.000,13909.000,2031.000,11428.000,0.254729,1
28,13160,1800,2612.000,14475.000,2505.000,11959.000,0.816665,0
28,13160,1800,2916.000,13664.000,2807.000,11147.000,0.713663,1
28,13160,1800,2499.000,13549.000,2382.000,11036.000,0.614145,1
28,13160,1800,2251.000,14604.000,2117.000,12105.000,0.808439,0
28,13160,1800,2281.000,13981.000,2155.000,11477.000,0.914616,1
28,13160,1800,3067.000,14689.000,2957.000,12174.000,0.318030,0
28,13160,1800,2140.000,13491.000,2006.000,10990.000,0.246516,1
28,13160,1800,2180.000,13952.000,2048.000,11451.000,0.570698,1
28,13160,1800,2486.000,13956.000,2366.000,11447.000,0.937175,1
28,13160,1800,2132.000,13781.000,1994.000,11284.000,0.463244,1
28,13160,1800,2394.000,13871.000,2330.000,11384.000,0.317067,1
28,13160,1800,2889.000,13768.000,2778.000,11252.000,0.879872,1
28,13160,1800,2724.000,13814.000,2623.000,11302.000,0.338934,1
28,13160,1800,2149.000,14296.000,2021.000,11792.000,0.645454,1
28,13160,1800,2322.000,14132.000,2198.000,11622.000,0.785171,1
28,13160,1800,2171.000,13358.000,2040.000,10854.000,0.410581,1
28,13160,1800,2248.000,13827.000,2118.000,11323.000,0.649213,1
28,13160,1800,2335.000,14189.000,2211.000,11682.000,0.461783,1
28,13160,1800,2764.000,14133.000,2651.000,11619.000,0.903020,1
28,13160,1800,2027.000,14088.000,1890.000,11592.000,0.756266,1
28,13160,1800,2176.000,13942.000,2045.000,11443.000,0.684936,1
28,13160,1800,2516.000,14153.000,2397.000,11641.000,0.837526,1
28,13160,1800,2793.000,14432.000,2681.000,11916.000,0.879303,0
28,13160,1800,2296.000,14327.000,2175.000,11819.000,0.477723,1
28,13160,1800,2532.000,14211.000,2414.000,11696.000,0.825556,1
28,13160,1800,2793.000,14300.000,2782.000,11827.000,0.449277,1
28,13160,1800,2315.000,13748.000,2186.000,11244.000,0.466433,1
28,13160,1800,2657.000,14671.000,2600.000,12068.000,0.272264,0
28,13160,1800,2696.000,14413.000,2582.000,11899.000,0.783058,0
28,13160,1800,2490.000,13915.000,2370.000,11406.000,0.779670,1
28,13160,1800,2831.000,13585.000,2725.000,11000.000,0.211009,1
28,13160,1800,3030.000,14584.000,3289.000,12173.000,0.201930,0
28,13160,1800,2551.000,13736.000,2430.000,11224.000,0.886745,1
28,13160,1800,2158.000,13953.000,2025.000,11453.000,0.205053,1
28,13160,1800,2417.000,13828.000,2293.000,11321.000,0.345694,1
28,13160,1800,2067.000,13899.000,1930.000,11397.000,0.350468,1
28,13160,1800,2543.000,13942.000,2425.000,11430.000,0.787931,1
28,13160,1800,2781.000,14037.000,2667.000,11522.000,0.920300,1
28,13160,1800,2775.000,14137.000,2662.000,11622.000,0.216279,1
28,13160,1800,2971.000,13683.000,2861.000,11166.000,0.825228,1
28,13160,1800,2595.000,13446.000,2482.000,10928.000,0.260602,1
28,13160,1800,2574.000,13313.000,2423.000,10740.000,0.435640,1
28,13160,1800,2626.000,14522.000,2509.000,12008.000,0.648905,0
28,13160,1800,2647.000,14421.000,2500.000,11829.000,0.268539,0
28,13160,1800,2423.000,14016.000,2280.000,11429.000,0.234684,1
28,13160,1800,2745.000,13570.000,2745.000,11002.000,0.229333,1
28,13160,1800,2195.000,14357.000,2070.000,11850.000,0.531033,1
28,13160,1800,2269.000,13676.000,2138.000,11175.000,0.860069,1
28,13160,1800,2973.000,14544.000,2862.000,12027.000,0.618544,0
28,13160,1800,2531.000,13801.000,2355.000,11216.000,0.259697,1
28,13160,1800,2323.000,13734.000,2205.000,11202.000,0.387161,1
28,13160,1800,2288.000,13486.000,2160.000,10980.000,0.529205,1
28,13160,1800,2784.000,14659.000,2669.000,12145.000,0.208217,0
28,13160,1800,2838.000,14497.000,2726.000,11982.000,0.422577,0
28,13160,1800,2266.000,13743.000,2138.000,11242.000,0.778731,1
28,13160,1800,2688.000,13252.000,2575.000,10731.000,0.268818,1
28,13160,1800,2915.000,13825.000,2805.000,11309.000,0.262354,1
28,13160,1800,2285.000,13717.000,2154.000,11217.000,0.338085,1
28,13160,1800,2709.000,13871.000,2593.000,11356.000,0.778452,1
28,13160,1800,2698.000,13946.000,2584.000,11433.000,0.568358,1
28,13160,1800,2602.000,14323.000,2486.000,11810.000,0.396796,1
28,13160,1800,2792.000,13715.000,2741.000,11267.000,0.266341,1
28,13160,1800,2107.000,13987.000,1975.000,11490.000,0.673889,1
28,13160,1800,2106.000,13978.000,1967.000,11480.000,0.566262,1
28,13160,1800,2917.000,14218.000,2812.000,11697.000,0.441009,1
28,13160,1800,1951.000,13692.000,1846.000,11165.000,0.257979,1
28,13160,1800,2381.000,14070.000,2258.000,11562.000,0.942768,1
28,13160,1800,2034.000,14535.000,1903.000,12033.000,0.288039,0
28,13160,1800,2784.000,14050.000,2671.000,11535.000,0.843822,1
28,13160,1800,2288.000,14258.000,2164.000,11751.000,0.555728,1
28,13160,1800,2188.000,13946.000,2053.000,11437.000,0.714940,1
28,13160,1800,2254.000,13913.000,2125.000,11411.000,0.285470,1
28,13160,1800,2628.000,14045.000,2514.000,11533.000,0.497184,1
28,13160,1800,2314.000,14195.000,2189.000,11687.000,0.920610,1
28,13160,1800,2994.000,14458.000,2927.000,11916.000,0.584906,0
28,13160,1800,2993.000,14379.000,3053.000,11866.000,0.292852,0
28,13160,1800,2191.000,14110.000,2045.000,11593.000,0.512112,1
28,13160,1800,2230.000,14463.000,2122.000,11857.000,0.531535,0
28,13160,1800,2528.000,13372.000,2411.000,10856.000,0.256407,1
28,13160,1800,2090.000,13757.000,1974.000,11259.000,0.201158,1
28,13160,1800,2389.000,14021.000,2265.000,11514.000,0.894821,1
29,13160,3000,3861.000,13738.000,3289.000,12173.000,0.209997,1
29,13160,3000,3031.000,13204.000,4141.000,12559.000,0.364002,1
29,13160,3000,3968.000,13457.000,3748.000,11495.000,0.360993,1
30,13160,4200,4381.000,13595.000,4017.000,12538.000,0.335916,1
30,13160,4200,4209.000,13467.000,4141.000,12559.000,0.469882,1
30,13160,4200,4410.000,13291.000,4130.000,12328.000,0.213085,1
31,14360,1800,2943.000,14508.000,3020.000,12002.000,0.252439,1
32,14360,3000,4184.000,15867.000,2753.000,11761.000,0.231946,0
32,14360,3000,4582.000,15933.000,3039.000,11771.000,0.281740,0
33,14360,4200,4215.000,15572.000,4080.000,13099.000,0.269221,0
33,14360,4200,4276.000,15750.000,4138.000,13278.000,0.237248,0
33,14360,4200,4266.000,15834.000,4131.000,13362.000,0.373547,0
33,14360,4200,4209.000,15790.000,4068.000,13814.000,0.332340,0
33,14360,4200,4265.000,15685.000,4131.000,13212.000,0.392580,0
33,14360,4200,4252.000,15820.000,4116.000,13348.000,0.460383,0
33,14360,4200,4255.000,15507.000,4122.000,13034.000,0.278448,1
33,14360,4200,4231.000,15926.000,4096.000,13452.000,0.326114,0
33,14360,4200,4581.000,15933.000,4235.000,13518.000,0.231980,0
33,14360,4200,4289.000,15775.000,4155.000,13303.000,0.214160,0
33,14360,4200,4244.000,15723.000,4109.000,13249.000,0.519226,0
33,14360,4200,4258.000,15786.000,4138.000,13309.000,0.374897,0
33,14360,4200,4278.000,15767.000,4145.000,13294.000,0.207935,0
33,14360,4200,4243.000,15784.000,4124.000,13312.000,0.331811,0
33,14360,4200,4315.000,15763.000,4185.000,13291.000,0.248117,0
33,14360,4200,4251.000,15702.000,4116.000,13229.000,0.650901,0
33,14360,4200,4272.000,15545.000,4107.000,13084.000,0.252227,1
33,14360,4200,4309.000,15393.000,4107.000,12773.000,0.235443,1
33,14360,4200,4233.000,15912.000,4093.000,13437.000,0.255643,0
33,14360,4200,4267.000,15749.000,4134.000,13277.000,0.305227,0
33,14360,4200,4302.000,15576.000,4169.000,13102.000,0.249143,0
33,14360,4200,4215.000,15768.000,4105.000,13295.000,0.485797,0
33,14360,4200,4250.000,15856.000,4158.000,13393.000,0.221566,0
33,14360,4200,4242.000,15706.000,4110.000,13234.000,0.655567,0
34,15560,1800,2495.000,15634.000,2717.000,14968.000,0.324612,1
34,15560,1800,2807.000,15677.000,3117.000,14378.000,0.246915,1
34,15560,1800,2713.000,15622.000,2978.000,14386.000,0.224620,1
34,15560,1800,2621.000,15607.000,2976.000,14371.000,0.234409,1
34,15560,1800,2677.000,15787.000,3010.000,13668.000,0.521561,1
34,15560,1800,2517.000,15821.000,2660.000,13221.000,0.222797,1
34,15560,1800,2721.000,15609.000,2786.000,14915.000,0.202418,1
34,15560,1800,2666.000,16189.000,2596.000,14551.000,0.281364,1
34,15560,1800,2662.000,15837.000,2942.000,13961.000,0.220658,1
36,15560,4200,4309.000,15569.000,4172.000,13096.000,0.291534,1
36,15560,4200,4215.000,15572.000,4080.000,13099.000,0.524380,1
36,15560,4200,4302.000,15576.000,4169.000,13102.000,0.513844,1
36,15560,4200,4230.000,15578.000,4095.000,13104.000,0.266053,1
36,15560,4200,4216.000,15595.000,4084.000,13122.000,0.313803,1
36,15560,4200,4342.000,15648.000,4207.000,13173.000,0.303540,1
36,15560,4200,4265.000,15685.000,4131.000,13212.000,0.623830,1
36,15560,4200,4279.000,15688.000,4141.000,13212.000,0.489683,1
36,15560,4200,4251.000,15702.000,4116.000,13229.000,0.857628,1
36,15560,4200,4304.000,15702.000,4195.000,13269.000,0.275162,1
36,15560,4200,4242.000,15706.000,4110.000,13234.000,0.854620,1
36,15560,4200,4325.000,15714.000,4192.000,13240.000,0.237908,1
36,15560,4200,4244.000,15723.000,4109.000,13249.000,0.726810,1
36,15560,4200,4279.000,15729.000,4127.000,13264.000,0.416738,1
36,15560,4200,4267.000,15749.000,4134.000,13277.000,0.735139,1
36,15560,4200,4276.000,15750.000,4142.000,13277.000,0.676166,1
36,15560,4200,4335.000,15752.000,4201.000,13279.000,0.245743,1
36,15560,4200,4244.000,15754.000,4075.000,13285.000,0.242722,1
36,15560,4200,4239.000,15756.000,4106.000,13282.000,0.400673,1
36,15560,4200,4315.000,15763.000,4185.000,13291.000,0.720509,1
36,15560,4200,4274.000,15766.000,4145.000,13294.000,0.408801,1
36,15560,4200,4215.000,15768.000,4105.000,13295.000,0.392200,1
36,15560,4200,4289.000,15775.000,4155.000,13303.000,0.244186,1
36,15560,4200,4280.000,15783.000,4156.000,13310.000,0.257214,1
36,15560,4200,4243.000,15784.000,4124.000,13312.000,0.411282,1
36,15560,4200,4258.000,15786.000,4138.000,13309.000,0.525870,1
36,15560,4200,4209.000,15790.000,4102.000,13309.000,0.202630,1
36,15560,4200,4288.000,15790.000,4153.000,13317.000,0.442408,1
36,15560,4200,4235.000,15796.000,4074.000,13317.000,0.286084,1
36,15560,4200,4209.000,15808.000,4074.000,13331.000,0.369122,1
36,15560,4200,4252.000,15820.000,4116.000,13348.000,0.874600,1
36,15560,4200,4342.000,15820.000,4210.000,13349.000,0.764312,1
36,15560,4200,4266.000,15834.000,4131.000,13362.000,0.845896,1
36,15560,4200,4250.000,15856.000,4158.000,13393.000,0.348104,1
36,15560,4200,4332.000,15897.000,4163.000,13348.000,0.312332,1
36,15560,4200,4233.000,15912.000,4093.000,13437.000,0.827069,1
36,15560,4200,4243.000,15918.000,4108.000,13442.000,0.888445,1
36,15560,4200,4291.000,15924.000,4169.000,13416.000,0.235060,1
36,15560,4200,4231.000,15926.000,4096.000,13452.000,0.856513,1
36,15560,4200,4263.000,15932.000,4129.000,13459.000,0.939739,1
36,15560,4200,4391.000,15932.000,4226.000,13423.000,0.318773,1
36,15560,4200,4393.000,15940.000,4226.000,13437.000,0.418198,1
36,15560,4200,4322.000,15941.000,4188.000,13469.000,0.677591,1
36,15560,4200,4357.000,15959.000,4236.000,13487.000,0.289178,1
36,15560,4200,4349.000,15965.000,4217.000,13493.000,0.429614,1
36,15560,4200,4321.000,15966.000,4188.000,13494.000,0.739767,1
36,15560,4200,4376.000,15971.000,4245.000,13493.000,0.235516,1
36,15560,4200,4208.000,15978.000,4073.000,13505.000,0.471131,1
36,15560,4200,4345.000,15978.000,4214.000,13505.000,0.356136,1
36,15560,4200,4271.000,15986.000,4137.000,13513.000,0.843523,1
36,15560,4200,4365.000,15991.000,4235.000,13518.000,0.481743,1
36,15560,4200,4343.000,15992.000,4210.000,13519.000,0.617643,1
36,15560,4200,4323.000,15994.000,4193.000,13523.000,0.421422,1
36,15560,4200,4335.000,15996.000,4199.000,13524.000,0.587852,1
36,15560,4200,4228.000,15997.000,4093.000,13525.000,0.396438,1
36,15560,4200,4338.000,16001.000,4207.000,13529.000,0.375760,1
36,15560,4200,4215.000,16013.000,4083.000,13542.000,0.223525,1
36,15560,4200,4286.000,16014.000,4148.000,13541.000,0.491869,1
36,15560,4200,4398.000,16014.000,4235.000,13507.000,0.717000,1
36,15560,4200,4226.000,16016.000,4087.000,13543.000,0.260073,1
36,15560,4200,4340.000,16018.000,4208.000,13544.000,0.893924,1
36,15560,4200,4353.000,16019.000,4221.000,13546.000,0.355966,1
36,15560,4200,4281.000,16027.000,4150.000,13555.000,0.504643,1
36,15560,4200,4255.000,16063.000,4122.000,13592.000,0.497393,1
36,15560,4200,4372.000,16066.000,4237.000,13592.000,0.631306,1
36,15560,4200,4319.000,16082.000,4185.000,13608.000,0.941999,1
36,15560,4200,4353.000,16102.000,4220.000,13630.000,0.730928,1
36,15560,4200,4334.000,16103.000,4189.000,13561.000,0.224794,1
36,15560,4200,4231.000,16130.000,4096.000,13659.000,0.717583,1
36,15560,4200,4246.000,16133.000,4112.000,13660.000,0.817925,1
36,15560,4200,4237.000,16139.000,4103.000,13666.000,0.789798,1
36,15560,4200,4309.000,16181.000,4174.000,13714.000,0.438026,1
36,15560,4200,4313.000,16183.000,4176.000,13710.000,0.632270,1
36,15560,4200,4309.000,16195.000,4174.000,13722.000,0.913711,1
36,15560,4200,4419.000,16200.000,4261.000,13729.000,0.538168,1
36,15560,4200,4300.000,16214.000,4170.000,13765.000,0.252256,1
36,15560,4200,4388.000,16215.000,4221.000,13758.000,0.387627,1
36,15560,4200,4267.000,16221.000,4149.000,13742.000,0.521824,1
36,15560,4200,4372.000,16227.000,4224.000,13778.000,0.407219,1
36,15560,4200,4221.000,16232.000,4084.000,13761.000,0.658452,1
36,15560,4200,4279.000,16246.000,4142.000,13774.000,0.793568,1
36,15560,4200,4359.000,16250.000,4208.000,13781.000,0.559601,1
36,15560,4200,4382.000,16251.000,4248.000,13778.000,0.736882,1
36,15560,4200,4401.000,16286.000,4247.000,13847.000,0.420712,1
36,15560,4200,4342.000,16312.000,4207.000,13841.000,0.650668,1
36,15560,4200,4268.000,16325.000,4131.000,13855.000,0.912083,1
36,15560,4200,4415.000,16335.000,4259.000,13861.000,0.305913,1
36,15560,4200,4371.000,16336.000,4222.000,13869.000,0.748527,1
36,15560,4200,4357.000,16340.000,4235.000,13865.000,0.834214,1
36,15560,4200,4248.000,16351.000,4109.000,13882.000,0.405421,1
36,15560,4200,4294.000,16352.000,4158.000,13882.000,0.746459,1
36,15560,4200,4374.000,16352.000,4240.000,13881.000,0.224152,1
36,15560,4200,4238.000,16353.000,4102.000,13886.000,0.824628,1
36,15560,4200,4428.000,16379.000,4277.000,13973.000,0.231287,1
36,15560,4200,4216.000,16445.000,4075.000,13976.000,0.627599,1
36,15560,4200,4365.000,16464.000,4213.000,13944.000,0.452113,1
36,15560,4200,4351.000,16466.000,4213.000,13996.000,0.880985,1
36,15560,4200,4372.000,16467.000,4233.000,13997.000,0.514687,1
36,15560,4200,4337.000,16474.000,4200.000,14003.000,0.884728,1
36,15560,4200,4286.000,16477.000,4158.000,14109.000,0.344468,1
36,15560,4200,4297.000,16479.000,4158.000,14010.000,0.445437,1
36,15560,4200,4342.000,16503.000,4250.000,13984.000,0.347106,1
36,15560,4200,4404.000,16504.000,4221.000,14025.000,0.295571,1
36,15560,4200,4407.000,16516.000,4267.000,14048.000,0.549617,1
36,15560,4200,4407.000,16530.000,4270.000,14061.000,0.520970,1
36,15560,4200,4321.000,16535.000,4185.000,14069.000,0.536462,1
36,15560,4200,4329.000,16540.000,4189.000,14073.000,0.903775,1
36,15560,4200,4244.000,16553.000,4100.000,14083.000,0.218138,1
36,15560,4200,4308.000,16558.000,4172.000,14079.000,0.708306,1
36,15560,4200,4266.000,16569.000,4126.000,14101.000,0.620939,1
36,15560,4200,4272.000,16576.000,4130.000,14102.000,0.248011,1
36,15560,4200,4337.000,16583.000,4196.000,14115.000,0.798896,1
36,15560,4200,4361.000,16583.000,4223.000,14116.000,0.767945,1
36,15560,4200,4236.000,16591.000,4094.000,14127.000,0.931615,1
36,15560,4200,4261.000,16598.000,4119.000,14132.000,0.828825,1
36,15560,4200,4302.000,16599.000,4162.000,14133.000,0.805387,1
36,15560,4200,4302.000,16603.000,4162.000,14138.000,0.358891,1
36,15560,4200,4299.000,16608.000,4159.000,14142.000,0.612131,1
36,15560,4200,4337.000,16618.000,4197.000,14152.000,0.605153,1
36,15560,4200,4314.000,16623.000,4175.000,14158.000,0.535388,1
36,15560,4200,4394.000,16625.000,4256.000,14158.000,0.509482,1
36,15560,4200,4318.000,16626.000,4174.000,14162.000,0.508706,1
36,15560,4200,4306.000,16628.000,4168.000,14163.000,0.572573,1
36,15560,4200,4318.000,16630.000,4166.000,14138.000,0.236251,1
36,15560,4200,4378.000,16632.000,4240.000,14166.000,0.368863,1
36,15560,4200,4382.000,16634.000,4244.000,14168.000,0.442427,1
36,15560,4200,4322.000,16636.000,4182.000,14169.000,0.525973,1
36,15560,4200,4411.000,16642.000,4272.000,14174.000,0.210441,1
36,15560,4200,4385.000,16666.000,4250.000,14201.000,0.461241,1
36,15560,4200,4393.000,16673.000,4253.000,14205.000,0.548112,1
36,15560,4200,4223.000,16683.000,4040.000,14206.000,0.278296,1
36,15560,4200,4341.000,16716.000,4203.000,14251.000,0.665919,1
36,15560,4200,4331.000,16723.000,4193.000,14259.000,0.440041,1
36,15560,4200,4335.000,16733.000,4202.000,14267.000,0.592006,1
36,15560,4200,4301.000,16734.000,4171.000,14265.000,0.611489,1
36,15560,4200,4322.000,16737.000,4182.000,14270.000,0.539437,1
36,15560,4200,4381.000,16742.000,4242.000,14274.000,0.332411,1
36,15560,4200,4369.000,16746.000,4230.000,14278.000,0.217754,1
36,15560,4200,4337.000,16757.000,4197.000,14290.000,0.277623,1
36,15560,4200,4270.000,16796.000,4127.000,14333.000,0.668945,0
36,15560,4200,4253.000,16802.000,4088.000,14358.000,0.340885,0
36,15560,4200,4356.000,16810.000,4216.000,14342.000,0.639456,0
36,15560,4200,4378.000,16825.000,4240.000,14358.000,0.493548,0
36,15560,4200,4334.000,16852.000,4194.000,14386.000,0.661867,0
36,15560,4200,4246.000,16869.000,4104.000,14402.000,0.405001,0
36,15560,4200,4361.000,16878.000,4221.000,14411.000,0.504206,0
36,15560,4200,4302.000,16915.000,4161.000,14450.000,0.891779,0
36,15560,4200,4297.000,16934.000,4157.000,14468.000,0.705982,0
36,15560,4200,4281.000,16978.000,4141.000,14511.000,0.535467,0
36,15560,4200,4346.000,16985.000,4186.000,14501.000,0.212233,0
36,15560,4200,4317.000,16986.000,4176.000,14520.000,0.348723,0
36,15560,4200,4305.000,16989.000,4165.000,14524.000,0.228045,0
36,15560,4200,4340.000,17000.000,4201.000,14534.000,0.582128,0
36,15560,4200,4298.000,17005.000,4158.000,14539.000,0.685389,0
36,15560,4200,4275.000,17006.000,4134.000,14541.000,0.207396,0
36,15560,4200,4314.000,17008.000,4174.000,14541.000,0.530642,0
36,15560,4200,4307.000,17014.000,4166.000,14548.000,0.640269,0
36,15560,4200,4365.000,17023.000,4224.000,14558.000,0.401863,0
36,15560,4200,4410.000,17025.000,4226.000,14485.000,0.207333,0
36,15560,4200,4309.000,17029.000,4167.000,14564.000,0.790617,0
36,15560,4200,4387.000,17103.000,4249.000,14639.000,0.706214,0
36,15560,4200,4264.000,17105.000,4121.000,14640.000,0.321222,0
36,15560,4200,4299.000,17108.000,4156.000,14642.000,0.204783,0
36,15560,4200,4359.000,17120.000,4219.000,14655.000,0.584894,0
37,16760,1800,2063.000,18096.000,1927.000,15630.000,0.202694,0
37,16760,1800,2359.000,17810.000,2210.000,15331.000,0.631871,1
37,16760,1800,2491.000,17710.000,2342.000,15232.000,0.204372,1
37,16760,1800,2201.000,17980.000,2051.000,15502.000,0.447435,0
37,16760,1800,2172.000,17738.000,2020.000,15264.000,0.416697,1
37,16760,1800,2222.000,17719.000,2069.000,15243.000,0.508040,1
37,16760,1800,2367.000,17791.000,2218.000,15313.000,0.465742,1
37,16760,1800,2351.000,16875.000,2223.000,14395.000,0.203739,1
37,16760,1800,2060.000,17726.000,1906.000,15251.000,0.511840,1
37,16760,1800,2216.000,17694.000,2064.000,15219.000,0.539251,1
37,16760,1800,2166.000,17115.000,2015.000,14636.000,0.211848,1
37,16760,1800,2316.000,17547.000,2166.000,15069.000,0.635262,1
37,16760,1800,2442.000,17955.000,2293.000,15479.000,0.247228,1
37,16760,1800,2565.000,17990.000,2415.000,15514.000,0.231430,0
37,16760,1800,2164.000,17365.000,2009.000,14889.000,0.452262,1
37,16760,1800,2015.000,17575.000,1867.000,15095.000,0.359238,1
37,16760,1800,2163.000,17422.000,2008.000,14946.000,0.674164,1
37,16760,1800,1986.000,17642.000,1829.000,15170.000,0.380262,1
37,16760,1800,2485.000,17400.000,2336.000,14921.000,0.333335,1
37,16760,1800,2447.000,17121.000,2289.000,14558.000,0.220697,1
37,16760,1800,2461.000,17417.000,2314.000,14937.000,0.306769,1
37,16760,1800,2330.000,16879.000,2186.000,14395.000,0.218537,1
37,16760,1800,2300.000,17404.000,2151.000,14925.000,0.359391,1
37,16760,1800,2119.000,17260.000,1964.000,14784.000,0.254784,1
37,16760,1800,2239.000,17664.000,2087.000,15187.000,0.545990,1
37,16760,1800,2414.000,17549.000,2271.000,15064.000,0.273223,1
37,16760,1800,2278.000,17339.000,2129.000,14861.000,0.407363,1
37,16760,1800,2248.000,18236.000,1674.000,16213.000,0.225414,0
37,16760,1800,2095.000,17360.000,1900.000,14871.000,0.332629,1
37,16760,1800,2097.000,17974.000,1979.000,15497.000,0.241109,0
37,16760,1800,2254.000,17200.000,2100.000,14721.000,0.245677,1
37,16760,1800,2483.000,18089.000,2335.000,15614.000,0.322848,0
37,16760,1800,2290.000,17413.000,2135.000,14931.000,0.429643,1
37,16760,1800,2368.000,17642.000,2214.000,15185.000,0.288771,1
37,16760,1800,2112.000,17338.000,1959.000,14860.000,0.385505,1
37,16760,1800,2304.000,17460.000,2153.000,14985.000,0.449641,1
37,16760,1800,2209.000,17486.000,2057.000,15010.000,0.669160,1
37,16760,1800,2374.000,17041.000,2218.000,14421.000,0.209306,1
37,16760,1800,2394.000,17516.000,2235.000,15044.000,0.249149,1
37,16760,1800,2210.000,17400.000,2057.000,14923.000,0.419828,1
37,16760,1800,2424.000,17049.000,2277.000,14568.000,0.242648,1
37,16760,1800,2049.000,18080.000,1910.000,15605.000,0.500075,0
37,16760,1800,2228.000,17649.000,2076.000,15174.000,0.568111,1
37,16760,1800,2346.000,16930.000,2201.000,14449.000,0.384810,1
37,16760,1800,2428.000,17547.000,2282.000,15071.000,0.444181,1
37,16760,1800,2288.000,17608.000,2139.000,15129.000,0.273127,1
37,16760,1800,2136.000,17973.000,2017.000,15516.000,0.373213,0
37,16760,1800,2228.000,17791.000,2077.000,15314.000,0.631752,1
37,16760,1800,2411.000,17832.000,2263.000,15355.000,0.311449,1
37,16760,1800,2306.000,18030.000,2158.000,15552.000,0.594058,0
37,16760,1800,2286.000,17395.000,2138.000,14917.000,0.615265,1
37,16760,1800,2347.000,17906.000,2197.000,15427.000,0.534295,1
37,16760,1800,2168.000,18115.000,2018.000,15638.000,0.404889,0
37,16760,1800,2282.000,17376.000,2131.000,14896.000,0.687068,1
37,16760,1800,2224.000,18107.000,1916.000,15639.000,0.215886,0
37,16760,1800,2417.000,17876.000,2208.000,15410.000,0.221273,1
37,16760,1800,2165.000,17132.000,2014.000,14650.000,0.278008,1
37,16760,1800,2360.000,17731.000,2212.000,15253.000,0.387803,1
37,16760,1800,1963.000,17629.000,1811.000,15155.000,0.264356,1
37,16760,1800,2216.000,17473.000,2063.000,14995.000,0.357056,1
37,16760,1800,2244.000,17130.000,2093.000,14650.000,0.201657,1
37,16760,1800,2179.000,17724.000,2026.000,15249.000,0.430580,1
37,16760,1800,2249.000,17138.000,2097.000,14663.000,0.318709,1
37,16760,1800,1968.000,17657.000,1811.000,15185.000,0.258411,1
37,16760,1800,2210.000,17289.000,2057.000,14813.000,0.560660,1
37,16760,1800,2555.000,17138.000,2410.000,14658.000,0.393171,1
37,16760,1800,2248.000,17431.000,2076.000,14957.000,0.289517,1
37,16760,1800,2335.000,16937.000,2188.000,14457.000,0.244400,1
37,16760,1800,2050.000,17734.000,1892.000,15259.000,0.391444,1
37,16760,1800,2346.000,17584.000,2260.000,15018.000,0.287022,1
37,16760,1800,2264.000,17601.000,2113.000,15123.000,0.701588,1
37,16760,1800,2432.000,18226.000,2182.000,15969.000,0.231277,0
37,16760,1800,1920.000,17646.000,1800.000,15164.000,0.220828,1
37,16760,1800,2002.000,17591.000,1849.000,15119.000,0.267037,1
37,16760,1800,2110.000,17516.000,1954.000,15042.000,0.602466,1
37,16760,1800,2410.000,17439.000,2257.000,14962.000,0.205562,1
37,16760,1800,2075.000,17199.000,1920.000,14722.000,0.413736,1
37,16760,1800,2311.000,17562.000,2178.000,15150.000,0.323765,1
38,16760,3000,3919.000,18255.000,3894.000,15776.000,0.292122,0
38,16760,3000,3845.000,17738.000,3785.000,15118.000,0.240845,1
38,16760,3000,3951.000,18147.000,3807.000,15683.000,0.281816,0
38,16760,3000,4261.000,17957.000,4153.000,15628.000,0.309188,0
38,16760,3000,4056.000,17763.000,4014.000,15409.000,0.257810,1
38,16760,3000,4220.000,17999.000,4083.000,15531.000,0.304974,0
38,16760,3000,3833.000,17737.000,3650.000,14883.000,0.216737,1
38,16760,3000,3866.000,18282.000,3848.000,14693.000,0.216211,0
38,16760,3000,3730.000,18185.000,3582.000,15724.000,0.226503,0
38,16760,3000,3752.000,17992.000,3615.000,15531.000,0.333129,0
38,16760,3000,4086.000,17661.000,4002.000,15173.000,0.243704,1
38,16760,3000,3989.000,17951.000,3948.000,15552.000,0.389916,1
38,16760,3000,4029.000,18019.000,3885.000,15556.000,0.358259,0
38,16760,3000,4147.000,17591.000,4001.000,15132.000,0.218965,1
38,16760,3000,4589.000,18113.000,2654.000,14195.000,0.247702,0
38,16760,3000,4080.000,17546.000,3980.000,15211.000,0.336289,1
38,16760,3000,4029.000,17803.000,3943.000,15361.000,0.323745,1
38,16760,3000,4121.000,17856.000,3978.000,15394.000,0.336469,1
38,16760,3000,4163.000,18028.000,4135.000,15634.000,0.479411,0
38,16760,3000,4041.000,17808.000,3893.000,15350.000,0.431164,1
38,16760,3000,4313.000,17996.000,3976.000,14237.000,0.376731,0
38,16760,3000,4124.000,17490.000,4110.000,15032.000,0.316426,1
38,16760,3000,3965.000,17965.000,3954.000,15534.000,0.714330,0
38,16760,3000,4322.000,17270.000,4186.000,14501.000,0.351619,0
38,16760,3000,3539.000,18037.000,2810.000,14744.000,0.282381,0
38,16760,3000,3938.000,17642.000,3924.000,15231.000,0.232911,1
38,16760,3000,3537.000,18284.000,3694.000,15717.000,0.214067,0
39,16760,4200,4298.000,17005.000,4158.000,14539.000,0.295164,1
39,16760,4200,4307.000,17014.000,4166.000,14548.000,0.260330,1
39,16760,4200,4359.000,17120.000,4219.000,14655.000,0.224066,1
39,16760,4200,4293.000,17169.000,4152.000,14704.000,0.330736,1
39,16760,4200,4298.000,17186.000,4156.000,14720.000,0.215696,1
39,16760,4200,4300.000,17244.000,4158.000,14779.000,0.304922,1
39,16760,4200,4237.000,18237.000,4342.000,15863.000,0.208050,0
40,17960,1800,2464.000,18642.000,2337.000,16067.000,0.453437,1
40,17960,1800,2097.000,18771.000,1945.000,16298.000,0.243892,1
40,17960,1800,2212.000,18594.000,2075.000,16196.000,0.332042,1
40,17960,1800,2499.000,18763.000,2349.000,16294.000,0.447589,1
40,17960,1800,2261.000,18769.000,2110.000,16298.000,0.420662,1
40,17960,1800,2372.000,18523.000,2221.000,16049.000,0.384272,1
40,17960,1800,2156.000,18844.000,2003.000,16373.000,0.598141,1
40,17960,1800,2536.000,19137.000,2380.000,16668.000,0.221515,1
40,17960,1800,2578.000,18990.000,2425.000,16522.000,0.531615,1
40,17960,1800,2569.000,18610.000,2513.000,15955.000,0.207602,1
40,17960,1800,1959.000,19141.000,1796.000,16680.000,0.614161,1
40,17960,1800,2145.000,19382.000,1966.000,16920.000,0.364986,0
40,17960,1800,2421.000,18659.000,2269.000,16188.000,0.468446,1
40,17960,1800,2209.000,18644.000,2083.000,16345.000,0.201942,1
40,17960,1800,2435.000,18757.000,2313.000,16171.000,0.202565,1
40,17960,1800,2358.000,19228.000,2200.000,16763.000,0.241782,0
40,17960,1800,2481.000,18970.000,2329.000,16500.000,0.324113,1
40,17960,1800,2183.000,18692.000,2033.000,16219.000,0.475647,1
40,17960,1800,1898.000,19132.000,1866.000,16583.000,0.216264,1
40,17960,1800,2417.000,18366.000,2373.000,15917.000,0.240265,1
40,17960,1800,2368.000,18596.000,2218.000,16123.000,0.353409,1
40,17960,1800,2242.000,18866.000,2092.000,16354.000,0.275479,1
40,17960,1800,2461.000,18809.000,2310.000,16338.000,0.203622,1
40,17960,1800,2164.000,18589.000,2013.000,16115.000,0.671521,1
40,17960,1800,1962.000,18768.000,1830.000,16294.000,0.519948,1
40,17960,1800,2504.000,18525.000,2629.000,15749.000,0.227187,1
40,17960,1800,1990.000,18322.000,1833.000,15852.000,0.442107,1
40,17960,1800,2484.000,18766.000,2333.000,16296.000,0.496276,1
40,17960,1800,2295.000,19140.000,2139.000,16670.000,0.211711,1
40,17960,1800,2128.000,18326.000,1950.000,15911.000,0.313171,1
40,17960,1800,2616.000,19290.000,2461.000,16825.000,0.217314,0
40,17960,1800,2377.000,18447.000,2229.000,15973.000,0.342376,1
40,17960,1800,2298.000,18860.000,2146.000,16388.000,0.200748,1
40,17960,1800,2417.000,18740.000,2266.000,16269.000,0.559719,1
40,17960,1800,2427.000,18741.000,2355.000,16193.000,0.470521,1
40,17960,1800,2050.000,19081.000,1891.000,16615.000,0.471044,1
40,17960,1800,2311.000,19144.000,2155.000,16677.000,0.407589,1
40,17960,1800,2248.000,18236.000,2202.000,16185.000,0.366456,1
40,17960,1800,1944.000,19073.000,1782.000,16610.000,0.309973,1
40,17960,1800,2052.000,18904.000,1897.000,16435.000,0.368354,1
40,17960,1800,2381.000,19399.000,2223.000,16933.000,0.241265,0
40,17960,1800,2113.000,19035.000,1961.000,16573.000,0.410325,1
40,17960,1800,1992.000,18876.000,1893.000,16374.000,0.488385,1
40,17960,1800,2518.000,18887.000,2377.000,16419.000,0.321304,1
40,17960,1800,2102.000,19345.000,1939.000,16884.000,0.587196,0
40,17960,1800,1986.000,19474.000,1822.000,17015.000,0.645880,0
40,17960,1800,2222.000,19467.000,2097.000,17117.000,0.407711,0
40,17960,1800,2295.000,18991.000,2141.000,16521.000,0.747145,1
40,17960,1800,2494.000,18772.000,2341.000,16301.000,0.522982,1
40,17960,1800,2193.000,19284.000,2075.000,16839.000,0.264433,0
40,17960,1800,2008.000,19361.000,1843.000,16899.000,0.260708,0
40,17960,1800,2387.000,18843.000,2230.000,16371.000,0.797543,1
40,17960,1800,2049.000,19494.000,1886.000,17035.000,0.800724,0
40,17960,1800,2165.000,19485.000,2002.000,17024.000,0.591138,0
40,17960,1800,2002.000,19485.000,1851.000,17021.000,0.552891,0
40,17960,1800,2267.000,19412.000,2107.000,16948.000,0.422392,0
40,17960,1800,1895.000,19401.000,1730.000,16943.000,0.509843,0
40,17960,1800,2290.000,18737.000,2139.000,16265.000,0.684103,1
40,17960,1800,2157.000,18681.000,2007.000,16209.000,0.350428,1
40,17960,1800,2243.000,19195.000,2086.000,16729.000,0.587934,0
40,17960,1800,2084.000,19288.000,1923.000,16828.000,0.738449,0
40,17960,1800,2328.000,18947.000,2174.000,16477.000,0.587759,1
40,17960,1800,2028.000,19051.000,1899.000,16363.000,0.238793,1
40,17960,1800,2416.000,19253.000,2260.000,16787.000,0.354503,0
40,17960,1800,2285.000,19366.000,2126.000,16902.000,0.352476,0
40,17960,1800,2101.000,19193.000,2046.000,16734.000,0.218244,0
40,17960,1800,2424.000,18757.000,2341.000,16201.000,0.294571,1
40,17960,1800,2032.000,19485.000,1868.000,17024.000,0.337157,0
40,17960,1800,2371.000,18937.000,2218.000,16466.000,0.296335,1
40,17960,1800,1910.000,19220.000,1810.000,16609.000,0.213524,0
40,17960,1800,2507.000,18906.000,2358.000,16433.000,0.296307,1
40,17960,1800,2515.000,18501.000,2440.000,16164.000,0.204826,1
40,17960,1800,2267.000,19031.000,2114.000,16561.000,0.431850,1
40,17960,1800,2137.000,18854.000,1984.000,16384.000,0.497287,1
40,17960,1800,2549.000,18621.000,2536.000,16033.000,0.200808,1
40,17960,1800,1987.000,19542.000,1823.000,17085.000,0.243284,0
40,17960,1800,2136.000,18869.000,1981.000,16398.000,0.590568,1
40,17960,1800,2389.000,19071.000,2246.000,16604.000,0.323580,1
40,17960,1800,1915.000,19178.000,1752.000,16719.000,0.667619,0
40,17960,1800,2168.000,18115.000,2018.000,15638.000,0.251390,1
40,17960,1800,2189.000,18877.000,2039.000,16408.000,0.803884,1
40,17960,1800,2486.000,19133.000,2331.000,16663.000,0.226899,1
40,17960,1800,2114.000,19160.000,2080.000,16561.000,0.227366,0
40,17960,1800,2356.000,19242.000,2199.000,16776.000,0.483704,0
40,17960,1800,2181.000,19531.000,2020.000,17072.000,0.353844,0
40,17960,1800,2626.000,18453.000,2606.000,15766.000,0.283772,1
40,17960,1800,2318.000,19134.000,2163.000,16667.000,0.342298,1
40,17960,1800,2147.000,19485.000,1877.000,17091.000,0.237603,0
40,17960,1800,2241.000,19346.000,2081.000,16882.000,0.659734,0
40,17960,1800,2204.000,18674.000,2149.000,16211.000,0.272603,1
40,17960,1800,2108.000,19272.000,1948.000,16809.000,0.682425,0
40,17960,1800,2304.000,18405.000,2224.000,15898.000,0.215428,1
40,17960,1800,2295.000,19118.000,2106.000,16677.000,0.259038,1
40,17960,1800,2386.000,18585.000,2236.000,16114.000,0.263492,1
40,17960,1800,1995.000,18856.000,1839.000,16388.000,0.508015,1
40,17960,1800,2188.000,19379.000,2037.000,16916.000,0.209789,0
40,17960,1800,2047.000,18776.000,1899.000,16300.000,0.549885,1
40,17960,1800,2053.000,18787.000,1906.000,16318.000,0.501206,1
40,17960,1800,2367.000,19053.000,2205.000,16509.000,0.224328,1
40,17960,1800,2142.000,19035.000,2054.000,16512.000,0.361276,1
40,17960,1800,2074.000,19016.000,1917.000,16551.000,0.235056,1
40,17960,1800,1984.000,18762.000,1856.000,16550.000,0.504635,1
40,17960,1800,2023.000,19342.000,1861.000,16880.000,0.444758,0
40,17960,1800,2023.000,18965.000,1910.000,16498.000,0.702766,1
40,17960,1800,1944.000,19472.000,1791.000,17016.000,0.381043,0
40,17960,1800,2184.000,19173.000,1998.000,16690.000,0.291834,0
40,17960,1800,2417.000,18840.000,2234.000,16396.000,0.284023,1
40,17960,1800,2321.000,18405.000,2264.000,15725.000,0.293311,1
40,17960,1800,2050.000,19469.000,1886.000,17009.000,0.265038,0
41,17960,3000,3919.000,18255.000,3937.000,15814.000,0.392051,1
41,17960,3000,3852.000,18318.000,3894.000,15755.000,0.245244,1
41,17960,3000,3855.000,18338.000,3840.000,15794.000,0.394143,1
41,17960,3000,4484.000,19063.000,4379.000,16569.000,0.231613,0
41,17960,3000,3825.000,18651.000,3684.000,16185.000,0.570170,1
41,17960,3000,3722.000,18710.000,3576.000,16246.000,0.219019,1
41,17960,3000,4062.000,18727.000,3930.000,16254.000,0.273476,1
41,17960,3000,4118.000,18693.000,3958.000,16299.000,0.471199,1
41,17960,3000,3897.000,18370.000,3866.000,15908.000,0.231076,1
41,17960,3000,3919.000,18365.000,3900.000,15913.000,0.346257,1
41,17960,3000,3934.000,18259.000,3956.000,15832.000,0.237037,1
41,17960,3000,3866.000,18282.000,3894.000,15776.000,0.675776,1
41,17960,3000,3861.000,18354.000,3850.000,15786.000,0.299979,1
41,17960,3000,4151.000,18604.000,4019.000,16133.000,0.247726,1
41,17960,3000,3797.000,18920.000,3655.000,16454.000,0.304234,1
41,17960,3000,3627.000,18866.000,3481.000,16402.000,0.368042,1
41,17960,3000,4277.000,18240.000,4168.000,15918.000,0.305046,0
41,17960,3000,4512.000,18551.000,4198.000,16267.000,0.442841,0
41,17960,3000,3924.000,18779.000,3787.000,16310.000,0.908396,1
41,17960,3000,4341.000,19048.000,4024.000,16536.000,0.216908,0
41,17960,3000,4314.000,19290.000,4007.000,16748.000,0.251339,0
41,17960,3000,3891.000,18865.000,3753.000,16397.000,0.657471,1
41,17960,3000,3625.000,18944.000,3477.000,16483.000,0.282569,1
41,17960,3000,4170.000,18333.000,4061.000,15914.000,0.378838,1
41,17960,3000,3970.000,19107.000,3835.000,16635.000,0.339410,1
41,17960,3000,3406.000,19045.000,3254.000,16584.000,0.290785,1
41,17960,3000,3622.000,18924.000,3487.000,16462.000,0.277573,1
41,17960,3000,3668.000,19154.000,3520.000,16693.000,0.220179,1
41,17960,3000,3668.000,18077.000,4177.000,17418.000,0.293912,1
41,17960,3000,3925.000,18757.000,3787.000,16291.000,0.430894,1
41,17960,3000,3749.000,18833.000,3606.000,16367.000,0.380936,1
41,17960,3000,4090.000,18500.000,3919.000,15948.000,0.316512,1
41,17960,3000,3773.000,18783.000,3662.000,16291.000,0.332599,1
41,17960,3000,4069.000,18754.000,3937.000,16282.000,0.290531,1
41,17960,3000,4107.000,18732.000,3938.000,16309.000,0.208611,1
41,17960,3000,4120.000,18588.000,3883.000,16063.000,0.229950,1
41,17960,3000,3806.000,18853.000,3664.000,16386.000,0.308120,1
41,17960,3000,4276.000,18255.000,4202.000,15869.000,0.236017,0
41,17960,3000,3655.000,18410.000,3677.000,15888.000,0.275971,1
41,17960,3000,4110.000,18812.000,3980.000,16336.000,0.311946,1
41,17960,3000,3794.000,18721.000,3652.000,16255.000,0.493428,1
41,17960,3000,3702.000,18157.000,3844.000,15619.000,0.201003,1
41,17960,3000,4182.000,18488.000,4048.000,16018.000,0.358425,1
41,17960,3000,3737.000,18248.000,3812.000,15663.000,0.285428,1
41,17960,3000,4078.000,18852.000,3947.000,16378.000,0.638648,1
41,17960,3000,3852.000,18219.000,3934.000,15627.000,0.382510,1
41,17960,3000,3900.000,18886.000,3761.000,16417.000,0.750784,1
41,17960,3000,3698.000,18044.000,3884.000,15433.000,0.236337,1
41,17960,3000,3832.000,18758.000,3717.000,16291.000,0.523644,1
41,17960,3000,3874.000,18237.000,3930.000,15783.000,0.284486,1
41,17960,3000,3725.000,19213.000,3581.000,16751.000,0.235762,0
41,17960,3000,3817.000,18193.000,3808.000,15673.000,0.309093,1
41,17960,3000,3674.000,19210.000,3497.000,16516.000,0.328441,0
41,17960,3000,3990.000,19259.000,3794.000,16785.000,0.279459,0
41,17960,3000,3721.000,18166.000,3823.000,15673.000,0.260727,1
41,17960,3000,3877.000,19027.000,3736.000,16560.000,0.512357,1
41,17960,3000,3917.000,18741.000,3780.000,16271.000,0.817906,1
41,17960,3000,3742.000,18429.000,3713.000,15694.000,0.202128,1
41,17960,3000,3670.000,19329.000,3520.000,16871.000,0.217545,0
41,17960,3000,3692.000,18166.000,3834.000,15622.000,0.477460,1
41,17960,3000,3875.000,18932.000,3734.000,16463.000,0.521091,1
41,17960,3000,3981.000,18659.000,3894.000,16146.000,0.290848,1
41,17960,3000,4196.000,18966.000,3988.000,16534.000,0.219407,1
41,17960,3000,4362.000,18937.000,4072.000,16489.000,0.222407,0
41,17960,3000,4290.000,19095.000,3965.000,16588.000,0.251591,0
41,17960,3000,4159.000,19119.000,3876.000,16695.000,0.230081,1
41,17960,3000,4157.000,18327.000,4024.000,15857.000,0.394256,1
41,17960,3000,3872.000,18655.000,3733.000,16188.000,0.643104,1
41,17960,3000,3904.000,18754.000,3767.000,16281.000,0.465593,1
41,17960,3000,3896.000,19056.000,3757.000,16589.000,0.237724,1
41,17960,3000,3732.000,18353.000,3682.000,15693.000,0.218387,1
41,17960,3000,3847.000,18299.000,3875.000,15770.000,0.308775,1
41,17960,3000,3830.000,18194.000,3896.000,15605.000,0.530483,1
41,17960,3000,4090.000,19128.000,3859.000,16562.000,0.201353,1
41,17960,3000,3848.000,18327.000,3802.000,15829.000,0.202893,1
41,17960,3000,4179.000,18744.000,3949.000,16343.000,0.205260,1
41,17960,3000,4115.000,18393.000,4085.000,15884.000,0.214789,1
41,17960,3000,3831.000,18938.000,3690.000,16472.000,0.235058,1
41,17960,3000,3431.000,18220.000,3576.000,15595.000,0.213521,1
41,17960,3000,3636.000,18631.000,3571.000,16098.000,0.311980,1
41,17960,3000,4079.000,18479.000,3965.000,15996.000,0.495595,1
41,17960,3000,3891.000,19151.000,3753.000,16681.000,0.559392,1
41,17960,3000,3984.000,18277.000,3954.000,15800.000,0.212541,1
41,17960,3000,4372.000,18214.000,4334.000,15906.000,0.265305,0
41,17960,3000,3833.000,19032.000,3693.000,16565.000,0.258972,1
41,17960,3000,4343.000,19075.000,4072.000,16585.000,0.202156,0
41,17960,3000,3869.000,19048.000,3729.000,16581.000,0.447242,1
41,17960,3000,3387.000,18361.000,3493.000,15614.000,0.215402,1
41,17960,3000,3652.000,19137.000,3506.000,16516.000,0.217744,1
41,17960,3000,3635.000,18962.000,3488.000,16499.000,0.365738,1
41,17960,3000,3859.000,18547.000,3717.000,16081.000,0.213336,1
41,17960,3000,3709.000,18225.000,3830.000,15640.000,0.245350,1
41,17960,3000,3770.000,18851.000,3627.000,16385.000,0.248414,1
41,17960,3000,4036.000,18220.000,4058.000,15793.000,0.214178,1
41,17960,3000,3940.000,18091.000,4081.000,15587.000,0.269689,1
41,17960,3000,3851.000,18556.000,3718.000,15979.000,0.353556,1
41,17960,3000,3958.000,18137.000,4065.000,15425.000,0.236131,1
41,17960,3000,4042.000,18215.000,3982.000,15736.000,0.229566,1
41,17960,3000,3728.000,18403.000,3687.000,15907.000,0.236488,1
41,17960,3000,4025.000,18743.000,3890.000,16279.000,0.205073,1
41,17960,3000,3666.000,18768.000,3519.000,16307.000,0.265451,1
41,17960,3000,4050.000,18690.000,3896.000,16307.000,0.431464,1
41,17960,3000,4391.000,19091.000,4009.000,16626.000,0.262731,0
41,17960,3000,3789.000,18884.000,3649.000,16419.000,0.216022,1
41,17960,3000,3822.000,18890.000,3681.000,16422.000,0.507182,1
41,17960,3000,3859.000,18155.000,3974.000,15661.000,0.418181,1
41,17960,3000,3662.000,18515.000,3557.000,16055.000,0.217571,1
41,17960,3000,4032.000,19317.000,3810.000,16741.000,0.216023,0
41,17960,3000,4357.000,18564.000,4152.000,16175.000,0.448676,0
41,17960,3000,3706.000,18939.000,3560.000,16477.000,0.264739,1
41,17960,3000,3778.000,19009.000,3636.000,16543.000,0.287923,1
41,17960,3000,3733.000,18193.000,3887.000,15589.000,0.277048,1
41,17960,3000,4039.000,18536.000,3928.000,16038.000,0.239955,1
41,17960,3000,4170.000,18322.000,4037.000,15853.000,0.432200,1
41,17960,3000,4028.000,18615.000,3904.000,16141.000,0.479606,1
41,17960,3000,3910.000,18779.000,3772.000,16310.000,0.652924,1
41,17960,3000,4208.000,19067.000,3877.000,16502.000,0.262998,0
41,17960,3000,4007.000,18439.000,3933.000,15938.000,0.611171,1
41,17960,3000,4118.000,18484.000,3980.000,15924.000,0.219275,1
42,17960,4200,4277.000,18240.000,4380.000,17412.000,0.211794,1
43,19160,1800,2068.000,20477.000,1895.000,18025.000,0.236811,0
43,19160,1800,2805.000,20344.000,2641.000,17890.000,0.249752,1
43,19160,1800,2653.000,20111.000,2491.000,17655.000,0.350011,1
43,19160,1800,2588.000,20043.000,2424.000,17591.000,0.241298,1
43,19160,1800,2287.000,20568.000,2117.000,18116.000,0.226198,0
43,19160,1800,2782.000,20154.000,2766.000,17670.000,0.201594,1
43,19160,1800,2280.000,20710.000,2043.000,18251.000,0.265154,0
43,19160,1800,2723.000,20467.000,2640.000,17963.000,0.358572,0
43,19160,1800,2458.000,20106.000,2257.000,17579.000,0.229034,1
43,19160,1800,2345.000,20558.000,2176.000,18108.000,0.392952,0
43,19160,1800,2413.000,20392.000,2245.000,17939.000,0.354267,0
43,19160,1800,2642.000,20461.000,2478.000,18008.000,0.572769,0
43,19160,1800,2697.000,20589.000,2555.000,18179.000,0.217624,0
43,19160,1800,2670.000,20480.000,2506.000,18025.000,0.296437,0
43,19160,1800,2570.000,20380.000,2407.000,17927.000,0.536760,0
43,19160,1800,2473.000,20696.000,2305.000,18246.000,0.297263,0
43,19160,1800,2699.000,20630.000,2539.000,18175.000,0.258393,0
43,19160,1800,2495.000,20147.000,2330.000,17693.000,0.416765,1
43,19160,1800,2367.000,20530.000,2199.000,18081.000,0.298097,0
43,19160,1800,2536.000,20408.000,2388.000,17957.000,0.540830,0
43,19160,1800,2663.000,20275.000,2498.000,17821.000,0.535835,1
43,19160,1800,2715.000,20474.000,2552.000,18018.000,0.208666,0
43,19160,1800,2614.000,20489.000,2450.000,18035.000,0.870119,0
43,19160,1800,2605.000,20035.000,2418.000,17521.000,0.306421,1
43,19160,1800,2294.000,20608.000,2124.000,18157.000,0.259727,0
43,19160,1800,2740.000,20559.000,2585.000,18169.000,0.346453,0
43,19160,1800,2510.000,20725.000,2274.000,18407.000,0.247025,0
43,19160,1800,2309.000,20333.000,2150.000,17880.000,0.292389,1
43,19160,1800,2480.000,20629.000,2312.000,18178.000,0.289035,0
43,19160,1800,2202.000,20311.000,2030.000,17862.000,0.265334,1
43,19160,1800,2694.000,20609.000,2521.000,18125.000,0.200718,0
43,19160,1800,2183.000,20388.000,2013.000,17938.000,0.203907,0
43,19160,1800,2461.000,20528.000,2293.000,18076.000,0.587671,0
43,19160,1800,2160.000,20663.000,1990.000,18214.000,0.244121,0
43,19160,1800,2716.000,20455.000,2553.000,18001.000,0.306804,0
43,19160,1800,2321.000,20444.000,2151.000,17993.000,0.268044,0
43,19160,1800,2368.000,20666.000,2197.000,18215.000,0.282093,0
43,19160,1800,2655.000,20378.000,2491.000,17926.000,0.275144,0
43,19160,1800,2498.000,20592.000,2377.000,18064.000,0.203183,0
43,19160,1800,2403.000,20621.000,2235.000,18171.000,0.739072,0
43,19160,1800,2069.000,20455.000,1900.000,18005.000,0.298736,0
43,19160,1800,2351.000,20540.000,2169.000,18093.000,0.262702,0
43,19160,1800,2554.000,20384.000,2389.000,17930.000,0.663652,0
43,19160,1800,2262.000,20681.000,1898.000,18614.000,0.204671,0
43,19160,1800,2567.000,20066.000,2404.000,17609.000,0.288084,1
43,19160,1800,2130.000,20477.000,1948.000,17841.000,0.206963,0
43,19160,1800,2551.000,20336.000,2385.000,17884.000,0.396745,1
43,19160,1800,2919.000,20567.000,2751.000,18331.000,0.227959,0
43,19160,1800,2630.000,20288.000,2464.000,17834.000,0.447211,1
43,19160,1800,2669.000,20622.000,2505.000,18167.000,0.210211,0
43,19160,1800,2067.000,20463.000,1898.000,18013.000,0.295585,0
43,19160,1800,2369.000,20734.000,2204.000,18134.000,0.250818,0
43,19160,1800,2221.000,20352.000,2066.000,17903.000,0.262464,1
43,19160,1800,2623.000,20272.000,2458.000,17819.000,0.595061,1
43,19160,1800,2590.000,20133.000,2425.000,17677.000,0.364128,1
43,19160,1800,2287.000,20466.000,2115.000,18017.000,0.206460,0
43,19160,1800,2405.000,19721.000,2241.000,17267.000,0.229797,1
44,19160,3000,4188.000,20306.000,4083.000,17817.000,0.505485,1
44,19160,3000,4299.000,20142.000,4177.000,17661.000,0.670497,0
44,19160,3000,3400.000,19718.000,3292.000,17247.000,0.422824,1
44,19160,3000,4353.000,19902.000,4248.000,17424.000,0.411759,0
44,19160,3000,3410.000,20433.000,3251.000,17983.000,0.343688,0
44,19160,3000,3487.000,20030.000,3328.000,17578.000,0.840929,1
44,19160,3000,4268.000,20296.000,4146.000,17816.000,0.783611,0
44,19160,3000,3211.000,20441.000,2837.000,17934.000,0.263878,0
44,19160,3000,4056.000,20621.000,3923.000,18149.000,0.850249,0
44,19160,3000,4332.000,20436.000,4143.000,17963.000,0.537561,0
44,19160,3000,4020.000,20194.000,3876.000,17671.000,0.345073,1
44,19160,3000,4117.000,20603.000,3987.000,18129.000,0.644359,0
44,19160,3000,4110.000,20633.000,3979.000,18160.000,0.297414,0
44,19160,3000,4437.000,20362.000,4322.000,17878.000,0.839466,0
44,19160,3000,3955.000,19655.000,3820.000,17184.000,0.754111,1
44,19160,3000,4067.000,20123.000,3936.000,17650.000,0.713718,1
44,19160,3000,3565.000,20194.000,3411.000,17739.000,0.417491,1
44,19160,3000,3661.000,19305.000,3510.000,16845.000,0.411999,1
44,19160,3000,3669.000,19293.000,3592.000,16756.000,0.225222,1
44,19160,3000,4099.000,20595.000,3968.000,18122.000,0.396842,0
44,19160,3000,4154.000,20124.000,3934.000,17622.000,0.202571,1
44,19160,3000,4281.000,19790.000,4162.000,17309.000,0.301937,0
44,19160,3000,4214.000,19556.000,4150.000,17142.000,0.273302,0
44,19160,3000,4301.000,19281.000,4243.000,17120.000,0.252140,0
44,19160,3000,4363.000,19629.000,4267.000,17193.000,0.526260,0
44,19160,3000,3342.000,20048.000,3178.000,17600.000,0.542619,1
44,19160,3000,3624.000,20064.000,3470.000,17609.000,0.719466,1
44,19160,3000,4255.000,20144.000,4131.000,17664.000,0.521743,0
44,19160,3000,3794.000,19997.000,3648.000,17536.000,0.718870,1
44,19160,3000,4445.000,19701.000,4333.000,17212.000,0.319641,0
44,19160,3000,3498.000,19477.000,3342.000,17022.000,0.460883,1
44,19160,3000,4235.000,20196.000,4040.000,17702.000,0.319951,0
44,19160,3000,4397.000,20549.000,4281.000,18068.000,0.349781,0
44,19160,3000,4287.000,20161.000,4164.000,17682.000,0.741639,0
44,19160,3000,3532.000,20344.000,3379.000,17888.000,0.386600,1
44,19160,3000,3813.000,20707.000,3669.000,18245.000,0.845282,0
44,19160,3000,3191.000,20167.000,3172.000,17594.000,0.407079,1
44,19160,3000,4174.000,19777.000,4050.000,17299.000,0.678215,1
44,19160,3000,3485.000,19576.000,3344.000,17123.000,0.406311,1
44,19160,3000,4551.000,20146.000,4441.000,17657.000,0.618347,0
44,19160,3000,3535.000,19343.000,3383.000,16886.000,0.421566,1
44,19160,3000,4218.000,20437.000,4095.000,17957.000,0.671814,0
44,19160,3000,3325.000,20614.000,3165.000,18162.000,0.250367,0
44,19160,3000,3698.000,19719.000,3547.000,17262.000,0.690487,1
44,19160,3000,3499.000,20329.000,3372.000,17874.000,0.388886,1
44,19160,3000,3293.000,20497.000,3099.000,18027.000,0.256734,0
44,19160,3000,4070.000,20386.000,3940.000,17911.000,0.547881,0
44,19160,3000,4475.000,19701.000,4365.000,17213.000,0.583098,0
44,19160,3000,3578.000,20193.000,3426.000,17737.000,0.451128,1
44,19160,3000,3099.000,20270.000,2900.000,17690.000,0.233603,1
44,19160,3000,4184.000,20378.000,4059.000,17900.000,0.529579,0
44,19160,3000,3970.000,20292.000,3836.000,17820.000,0.583073,1
44,19160,3000,4269.000,19921.000,4148.000,17440.000,0.563360,0
44,19160,3000,4406.000,20535.000,4291.000,18054.000,0.530715,0
44,19160,3000,3568.000,19453.000,3414.000,16999.000,0.600300,1
44,19160,3000,3847.000,20632.000,3705.000,18167.000,0.447746,0
44,19160,3000,4324.000,19771.000,4205.000,17287.000,0.714017,0
44,19160,3000,4304.000,20421.000,4164.000,17944.000,0.357042,0
44,19160,3000,3551.000,19439.000,3396.000,16989.000,0.522980,1
44,19160,3000,4327.000,19981.000,4207.000,17499.000,0.436374,0
44,19160,3000,3793.000,20653.000,3648.000,18189.000,0.663100,0
44,19160,3000,4501.000,19222.000,4398.000,16726.000,0.380918,0
44,19160,3000,3959.000,19835.000,3822.000,17366.000,0.650675,1
44,19160,3000,4382.000,20266.000,4239.000,17677.000,0.267369,0
44,19160,3000,4352.000,20595.000,4233.000,18115.000,0.486711,0
44,19160,3000,4140.000,19975.000,4011.000,17491.000,0.475565,1
44,19160,3000,3185.000,20077.000,3022.000,17632.000,0.206139,1
44,19160,3000,3652.000,20748.000,3503.000,18289.000,0.875576,0
44,19160,3000,3457.000,19674.000,3296.000,17224.000,0.469982,1
44,19160,3000,3402.000,19415.000,3137.000,16915.000,0.203421,1
44,19160,3000,4117.000,20299.000,3986.000,17824.000,0.794922,1
44,19160,3000,4213.000,20525.000,4092.000,18046.000,0.469643,0
44,19160,3000,4142.000,20608.000,4014.000,18131.000,0.622785,0
44,19160,3000,3298.000,19849.000,3134.000,17400.000,0.259669,1
44,19160,3000,4009.000,20648.000,3903.000,18164.000,0.789236,0
44,19160,3000,4107.000,20077.000,3997.000,17489.000,0.529095,1
44,19160,3000,4587.000,19729.000,4483.000,17236.000,0.433624,0
44,19160,3000,3755.000,19335.000,3609.000,16874.000,0.340507,1
44,19160,3000,4343.000,20364.000,4225.000,17881.000,0.315837,0
44,19160,3000,3435.000,20201.000,3275.000,17751.000,0.593400,1
44,19160,3000,3895.000,20283.000,3761.000,17693.000,0.283096,1
44,19160,3000,4076.000,19605.000,4015.000,17234.000,0.283919,1
44,19160,3000,4077.000,20053.000,3946.000,17580.000,0.709734,1
44,19160,3000,4289.000,20216.000,4112.000,17717.000,0.251931,0
44,19160,3000,4538.000,20469.000,4426.000,17982.000,0.697653,0
44,19160,3000,3512.000,19469.000,3355.000,17071.000,0.227310,1
44,19160,3000,3680.000,19217.000,3533.000,16758.000,0.312451,1
44,19160,3000,4087.000,19743.000,3957.000,17268.000,0.501550,1
44,19160,3000,3627.000,19377.000,3475.000,16919.000,0.445107,1
44,19160,3000,3335.000,20040.000,3185.000,17590.000,0.371559,1
44,19160,3000,3422.000,20242.000,3263.000,17791.000,0.664656,1
44,19160,3000,3809.000,20520.000,3667.000,18056.000,0.800442,0
44,19160,3000,3356.000,19688.000,3121.000,17133.000,0.281977,1
44,19160,3000,4213.000,20118.000,4088.000,17640.000,0.514407,0
44,19160,3000,3545.000,19334.000,3401.000,16777.000,0.564292,1
44,19160,3000,4216.000,19727.000,4095.000,17246.000,0.829001,0
44,19160,3000,4433.000,19643.000,4320.000,17256.000,0.669107,0
44,19160,3000,3837.000,19871.000,3692.000,17409.000,0.292923,1
44,19160,3000,4322.000,20603.000,4204.000,18123.000,0.407667,0
44,19160,3000,3602.000,20264.000,3450.000,17810.000,0.366643,1
44,19160,3000,4166.000,20179.000,3997.000,17809.000,0.469029,1
44,19160,3000,4390.000,19937.000,4273.000,17458.000,0.418562,0
44,19160,3000,3585.000,19773.000,3427.000,17321.000,0.803300,1
44,19160,3000,3804.000,20691.000,3661.000,18228.000,0.550412,0
44,19160,3000,4313.000,19249.000,4323.000,16875.000,0.225112,0
44,19160,3000,4568.000,19922.000,4434.000,17638.000,0.392652,0
44,19160,3000,4423.000,20060.000,4307.000,17574.000,0.826550,0
44,19160,3000,4355.000,20190.000,4235.000,17709.000,0.568632,0
44,19160,3000,4118.000,19458.000,4062.000,16803.000,0.587381,1
44,19160,3000,4218.000,20555.000,4094.000,18079.000,0.610579,0
44,19160,3000,4194.000,20487.000,4070.000,18009.000,0.368960,0
44,19160,3000,3420.000,19453.000,3269.000,17000.000,0.259747,1
44,19160,3000,3830.000,19984.000,3686.000,17521.000,0.759633,1
44,19160,3000,4171.000,20088.000,4044.000,17611.000,0.603116,1
44,19160,3000,4216.000,20180.000,4113.000,17573.000,0.656042,0
44,19160,3000,3298.000,19571.000,3137.000,17119.000,0.277875,1
44,19160,3000,4556.000,20573.000,4447.000,18088.000,0.492806,0
44,19160,3000,4310.000,19889.000,4157.000,17416.000,0.387129,0
44,19160,3000,3504.000,20653.000,3453.000,18188.000,0.348817,0
44,19160,3000,4376.000,19970.000,4259.000,17487.000,0.519954,0
44,19160,3000,3805.000,19920.000,3737.000,17347.000,0.225391,1
44,19160,3000,3831.000,20037.000,3646.000,17555.000,0.275320,1
44,19160,3000,3594.000,20147.000,3449.000,17681.000,0.326097,1
44,19160,3000,4356.000,19799.000,4239.000,17316.000,0.751252,0
44,19160,3000,3623.000,20270.000,3470.000,17812.000,0.686485,1
44,19160,3000,3693.000,20437.000,3546.000,17975.000,0.568845,0
44,19160,3000,4099.000,20069.000,3971.000,17596.000,0.804665,1
44,19160,3000,3397.000,20433.000,3238.000,17981.000,0.401416,0
44,19160,3000,4278.000,20370.000,4155.000,17891.000,0.409698,0
44,19160,3000,4264.000,19535.000,4145.000,17050.000,0.242303,0
44,19160,3000,4238.000,19401.000,4116.000,16917.000,0.322197,0
44,19160,3000,4207.000,20441.000,4082.000,17961.000,0.364139,0
44,19160,3000,4099.000,20083.000,3974.000,17608.000,0.547358,1
44,19160,3000,4297.000,19795.000,4183.000,17254.000,0.405556,0
44,19160,3000,4204.000,20205.000,4077.000,17727.000,0.900492,0
44,19160,3000,3962.000,19505.000,3827.000,17035.000,0.223105,1
44,19160,3000,4000.000,20039.000,3865.000,17568.000,0.819643,1
44,19160,3000,4098.000,20222.000,3968.000,17747.000,0.907973,1
44,19160,3000,4392.000,19779.000,4275.000,17295.000,0.779442,0
44,19160,3000,4144.000,20208.000,4016.000,17732.000,0.843888,1
44,19160,3000,4270.000,19623.000,4142.000,17111.000,0.243140,0
44,19160,3000,4557.000,20731.000,4515.000,17995.000,0.254358,0
44,19160,3000,4073.000,20160.000,3945.000,17685.000,0.597117,1
44,19160,3000,3543.000,19352.000,3388.000,16787.000,0.237441,1
44,19160,3000,4585.000,19961.000,4477.000,17469.000,0.631347,0
44,19160,3000,4095.000,20057.000,3966.000,17581.000,0.474189,1
44,19160,3000,3823.000,20634.000,3681.000,18170.000,0.313737,0
44,19160,3000,4325.000,19811.000,4206.000,17329.000,0.827113,0
44,19160,3000,3901.000,20312.000,3755.000,17957.000,0.291126,1
44,19160,3000,3496.000,20019.000,3339.000,17564.000,0.876550,1
44,19160,3000,4121.000,19953.000,3993.000,17477.000,0.631231,1
44,19160,3000,3619.000,20090.000,3466.000,17634.000,0.597954,1
44,19160,3000,4457.000,20033.000,4339.000,17550.000,0.659071,0
44,19160,3000,3937.000,19952.000,3799.000,17485.000,0.629875,1
44,19160,3000,3975.000,19987.000,3836.000,17518.000,0.237223,1
44,19160,3000,4425.000,19602.000,4355.000,17241.000,0.247394,0
44,19160,3000,4287.000,20499.000,4163.000,18019.000,0.508232,0
44,19160,3000,3443.000,20724.000,3287.000,18271.000,0.470751,0
44,19160,3000,3605.000,19918.000,3449.000,17466.000,0.261751,1
44,19160,3000,3641.000,20750.000,3491.000,18293.000,0.274909,0
44,19160,3000,3130.000,19787.000,2973.000,17282.000,0.204763,1
44,19160,3000,4406.000,19884.000,4314.000,17398.000,0.243558,0
44,19160,3000,4111.000,19769.000,3929.000,17234.000,0.299460,1
44,19160,3000,4095.000,20236.000,3966.000,17760.000,0.409201,1
44,19160,3000,3668.000,19208.000,3521.000,16749.000,0.305420,1
44,19160,3000,4487.000,19992.000,4369.000,17389.000,0.264597,0
44,19160,3000,4284.000,19667.000,4218.000,17196.000,0.245114,0
44,19160,3000,4360.000,20280.000,4242.000,17799.000,0.274434,0
44,19160,3000,3675.000,20425.000,3461.000,17922.000,0.345980,0
44,19160,3000,4443.000,20027.000,4396.000,17365.000,0.215947,0
44,19160,3000,3968.000,20423.000,3831.000,17947.000,0.351441,0
44,19160,3000,4124.000,19978.000,3996.000,17504.000,0.311348,1
44,19160,3000,4286.000,19934.000,4167.000,17452.000,0.580708,0
44,19160,3000,4402.000,20447.000,4284.000,17964.000,0.390823,0
44,19160,3000,4167.000,20584.000,4042.000,18109.000,0.510169,0
44,19160,3000,3306.000,19834.000,3144.000,17385.000,0.239200,1
44,19160,3000,3234.000,20260.000,3071.000,17810.000,0.329541,1
44,19160,3000,3504.000,20490.000,3405.000,18038.000,0.200892,0
44,19160,3000,3318.000,20637.000,3158.000,18186.000,0.741434,0
44,19160,3000,3383.000,20135.000,3348.000,17751.000,0.240189,1
44,19160,3000,4304.000,20411.000,4183.000,17930.000,0.305989,0
44,19160,3000,4521.000,19862.000,4438.000,17394.000,0.337115,0
44,19160,3000,3512.000,20036.000,3356.000,17584.000,0.432685,1
44,19160,3000,4373.000,19883.000,4271.000,17407.000,0.746041,0
44,19160,3000,3334.000,20120.000,3193.000,17598.000,0.418560,1
44,19160,3000,3539.000,19513.000,3301.000,16927.000,0.376062,1
44,19160,3000,3518.000,19486.000,3361.000,17033.000,0.347649,1
44,19160,3000,4434.000,19780.000,4331.000,17289.000,0.792349,0
44,19160,3000,4249.000,19557.000,4127.000,17164.000,0.306895,0
44,19160,3000,3597.000,20211.000,3444.000,17754.000,0.712017,1
44,19160,3000,3873.000,19917.000,3731.000,17452.000,0.517037,1
44,19160,3000,3339.000,19680.000,3142.000,17212.000,0.312246,1
44,19160,3000,3554.000,19535.000,3397.000,17080.000,0.440857,1
44,19160,3000,4013.000,20490.000,3880.000,18014.000,0.339569,0
44,19160,3000,4391.000,20308.000,4274.000,17824.000,0.409995,0
44,19160,3000,4448.000,19463.000,4385.000,16834.000,0.422703,0
44,19160,3000,3835.000,19385.000,3693.000,16920.000,0.205388,1
44,19160,3000,4258.000,19874.000,4138.000,17394.000,0.529782,0
44,19160,3000,3617.000,20499.000,3467.000,18039.000,0.297932,0
44,19160,3000,3822.000,20553.000,3680.000,18090.000,0.528199,0
44,19160,3000,4432.000,19904.000,4317.000,17420.000,0.210893,0
44,19160,3000,3760.000,19650.000,3611.000,17190.000,0.292855,1
44,19160,3000,4248.000,20093.000,4153.000,17515.000,0.387971,0
44,19160,3000,4332.000,20594.000,4211.000,18113.000,0.560807,0
44,19160,3000,3361.000,20147.000,3198.000,17699.000,0.791055,1
44,19160,3000,3291.000,20463.000,3130.000,18014.000,0.417823,0
44,19160,3000,4551.000,20452.000,4458.000,17962.000,0.652264,0
44,19160,3000,4379.000,19979.000,4261.000,17495.000,0.593563,0
44,19160,3000,4401.000,20297.000,4286.000,17814.000,0.582003,0
44,19160,3000,3790.000,20289.000,3647.000,17824.000,0.337044,1
44,19160,3000,4260.000,20099.000,4147.000,17609.000,0.333468,0
44,19160,3000,3314.000,19542.000,3153.000,17090.000,0.234440,1
44,19160,3000,4034.000,20073.000,3911.000,17541.000,0.725255,1
44,19160,3000,3660.000,19593.000,3506.000,17136.000,0.367339,1
44,19160,3000,3585.000,19837.000,3430.000,17384.000,0.829705,1
44,19160,3000,4390.000,20303.000,4272.000,17818.000,0.531692,0
44,19160,3000,3963.000,20531.000,3828.000,18061.000,0.867045,0
44,19160,3000,4144.000,19710.000,4032.000,17228.000,0.453055,1
44,19160,3000,3851.000,19894.000,3707.000,17430.000,0.302711,1
44,19160,3000,3657.000,19717.000,3539.000,17223.000,0.519730,1
44,19160,3000,4205.000,19496.000,4168.000,17134.000,0.317381,0
44,19160,3000,3373.000,20505.000,3380.000,18010.000,0.219456,0
44,19160,3000,4451.000,20075.000,4369.000,17426.000,0.265562,0
44,19160,3000,4206.000,19884.000,4178.000,17417.000,0.267760,0
44,19160,3000,3722.000,20398.000,3577.000,17935.000,0.245926,0
44,19160,3000,3455.000,19881.000,3296.000,17431.000,0.318096,1
44,19160,3000,4083.000,20100.000,3952.000,17627.000,0.624182,1
44,19160,3000,4433.000,19744.000,4340.000,17257.000,0.444406,0
44,19160,3000,4271.000,19844.000,4164.000,17360.000,0.651922,0
44,19160,3000,3522.000,20369.000,3367.000,17916.000,0.223373,0
44,19160,3000,3657.000,19562.000,3525.000,17053.000,0.323798,1
44,19160,3000,4105.000,19716.000,3998.000,17078.000,0.200551,1
44,19160,3000,3454.000,19664.000,3160.000,17153.000,0.207848,1
44,19160,3000,3495.000,19439.000,3342.000,16984.000,0.245445,1
44,19160,3000,3527.000,20449.000,3347.000,18036.000,0.787679,0
44,19160,3000,3623.000,20253.000,3456.000,17798.000,0.792060,1
44,19160,3000,4182.000,20575.000,4056.000,18099.000,0.337417,0
44,19160,3000,4302.000,19846.000,4226.000,17226.000,0.337468,0
44,19160,3000,4270.000,19598.000,4153.000,17114.000,0.508545,0
44,19160,3000,4308.000,20439.000,4187.000,17958.000,0.229465,0
44,19160,3000,3896.000,20301.000,3784.000,17883.000,0.480483,1
44,19160,3000,4412.000,20663.000,4292.000,18182.000,0.240312,0
44,19160,3000,4164.000,19403.000,4042.000,16923.000,0.366096,1
44,19160,3000,3316.000,20049.000,3154.000,17601.000,0.290047,1
44,19160,3000,4258.000,19855.000,4139.000,17378.000,0.422609,0
44,19160,3000,4076.000,19575.000,4012.000,17115.000,0.215195,1
44,19160,3000,3423.000,20408.000,3321.000,17944.000,0.271403,0
44,19160,3000,3976.000,20310.000,3842.000,17837.000,0.715097,1
44,19160,3000,4152.000,19975.000,4025.000,17499.000,0.703915,1
44,19160,3000,4192.000,19573.000,4055.000,17193.000,0.305569,1
44,19160,3000,4263.000,19707.000,4111.000,17287.000,0.358651,0
44,19160,3000,3928.000,20356.000,3717.000,17844.000,0.249493,1
44,19160,3000,3996.000,20315.000,3863.000,17842.000,0.759651,1
44,19160,3000,4314.000,20391.000,4214.000,17954.000,0.379148,0
44,19160,3000,4288.000,19757.000,4169.000,17274.000,0.728697,0
44,19160,3000,3730.000,19835.000,3586.000,17376.000,0.207823,1
44,19160,3000,4336.000,19898.000,4231.000,17419.000,0.770951,0
44,19160,3000,3789.000,20192.000,3625.000,17565.000,0.447870,1
44,19160,3000,4041.000,19677.000,3911.000,17203.000,0.709021,1
44,19160,3000,3374.000,20488.000,3217.000,18037.000,0.491556,0
44,19160,3000,3486.000,20020.000,3324.000,17568.000,0.497201,1
44,19160,3000,4415.000,19744.000,4293.000,17249.000,0.406342,0
44,19160,3000,4118.000,20751.000,3918.000,18397.000,0.413846,0
44,19160,3000,4289.000,20030.000,4227.000,17485.000,0.346221,0
44,19160,3000,4428.000,19723.000,4330.000,17236.000,0.433820,0
44,19160,3000,4137.000,20321.000,4006.000,17703.000,0.361196,1
44,19160,3000,4129.000,19929.000,4043.000,17415.000,0.345728,1
44,19160,3000,4377.000,19974.000,4260.000,17491.000,0.292926,0
44,19160,3000,4387.000,20409.000,4270.000,17927.000,0.245589,0
44,19160,3000,4423.000,19431.000,4311.000,16939.000,0.456396,0
44,19160,3000,4099.000,20094.000,3970.000,17619.000,0.568564,1
44,19160,3000,3508.000,19733.000,3348.000,17282.000,0.406793,1
44,19160,3000,4486.000,19729.000,4377.000,17238.000,0.649817,0
44,19160,3000,3756.000,20682.000,3718.000,18153.000,0.246315,0
44,19160,3000,4018.000,20014.000,3878.000,17485.000,0.454396,1
44,19160,3000,4270.000,20277.000,4029.000,17858.000,0.206515,0
44,19160,3000,3982.000,19832.000,3914.000,17363.000,0.206931,1
44,19160,3000,3939.000,19920.000,3778.000,17368.000,0.311223,1
44,19160,3000,3437.000,20008.000,3277.000,17557.000,0.517753,1
44,19160,3000,4002.000,19333.000,3870.000,16858.000,0.441538,1
44,19160,3000,4414.000,20272.000,4294.000,17721.000,0.543730,0
44,19160,3000,4385.000,19276.000,4271.000,16786.000,0.210139,0
44,19160,3000,3442.000,20028.000,3283.000,17579.000,0.662278,1
44,19160,3000,4209.000,20029.000,4076.000,17606.000,0.579538,0
44,19160,3000,4180.000,19899.000,4069.000,17342.000,0.230518,1
44,19160,3000,3948.000,19954.000,3812.000,17483.000,0.587273,1
44,19160,3000,4397.000,19967.000,4280.000,17482.000,0.540968,0
44,19160,3000,3429.000,20687.000,3271.000,18234.000,0.548776,0
44,19160,3000,3612.000,20379.000,3545.000,17795.000,0.237220,0
44,19160,3000,3702.000,19958.000,3634.000,17448.000,0.668425,1
44,19160,3000,4178.000,19738.000,4163.000,17197.000,0.301136,1
44,19160,3000,3423.000,20431.000,3344.000,17876.000,0.212687,0
44,19160,3000,3961.000,19938.000,3822.000,17469.000,0.333664,1
44,19160,3000,3909.000,20384.000,3766.000,17985.000,0.407221,0
44,19160,3000,3507.000,20319.000,3358.000,17871.000,0.365841,1
44,19160,3000,4219.000,20586.000,4095.000,18109.000,0.218759,0
44,19160,3000,4135.000,20589.000,4009.000,18116.000,0.430727,0
44,19160,3000,4287.000,19504.000,4141.000,17225.000,0.294606,0
44,19160,3000,4024.000,19640.000,3884.000,17130.000,0.385154,1
44,19160,3000,3617.000,19582.000,3436.000,17133.000,0.353491,1
44,19160,3000,4234.000,20529.000,4118.000,18049.000,0.394930,0
44,19160,3000,3966.000,19711.000,3826.000,17193.000,0.480610,1
44,19160,3000,3516.000,20025.000,3530.000,17585.000,0.289518,1
44,19160,3000,3810.000,20003.000,3665.000,17540.000,0.661824,1
44,19160,3000,3917.000,20629.000,3800.000,18084.000,0.207768,0
44,19160,3000,4324.000,20369.000,4204.000,17887.000,0.676612,0
44,19160,3000,3638.000,20096.000,3488.000,17637.000,0.678123,1
44,19160,3000,3416.000,20320.000,3101.000,17713.000,0.308972,1
44,19160,3000,4157.000,19412.000,4034.000,16934.000,0.219732,1
44,19160,3000,3861.000,19507.000,3711.000,17113.000,0.245752,1
44,19160,3000,4317.000,20547.000,4261.000,18023.000,0.229660,0
44,19160,3000,4203.000,20478.000,4079.000,17999.000,0.545825,0
44,19160,3000,4102.000,20038.000,3880.000,17538.000,0.207496,1
44,19160,3000,4333.000,19752.000,4225.000,17190.000,0.269433,0
44,19160,3000,3806.000,20695.000,3681.000,18174.000,0.255661,0
44,19160,3000,4328.000,19987.000,4208.000,17503.000,0.405882,0
44,19160,3000,3711.000,19903.000,3557.000,17349.000,0.428261,1
44,19160,3000,4203.000,19754.000,4080.000,17275.000,0.416446,0
44,19160,3000,3609.000,19483.000,3520.000,17064.000,0.460979,1
44,19160,3000,4349.000,19824.000,4241.000,17210.000,0.326139,0
44,19160,3000,4046.000,19776.000,3827.000,17175.000,0.220280,1
44,19160,3000,4166.000,19792.000,4042.000,17317.000,0.642956,1
44,19160,3000,3629.000,20432.000,3567.000,17953.000,0.223291,0
44,19160,3000,3941.000,20321.000,3853.000,17857.000,0.376178,1
44,19160,3000,4396.000,20115.000,4181.000,17613.000,0.248988,0
44,19160,3000,3963.000,20475.000,3828.000,18004.000,0.728356,0
44,19160,3000,3774.000,20124.000,3750.000,17619.000,0.309046,1
44,19160,3000,3829.000,19323.000,3687.000,16857.000,0.234752,1
44,19160,3000,4213.000,20272.000,4038.000,17757.000,0.266457,0
44,19160,3000,3808.000,19880.000,3659.000,17420.000,0.729327,1
44,19160,3000,4207.000,19791.000,4083.000,17312.000,0.685488,0
44,19160,3000,4322.000,20624.000,4200.000,18145.000,0.446965,0
44,19160,3000,3983.000,20094.000,3870.000,17559.000,0.262960,1
44,19160,3000,4206.000,20433.000,4082.000,17952.000,0.284043,0
44,19160,3000,3666.000,20123.000,3518.000,17666.000,0.392756,1
44,19160,3000,3977.000,20711.000,3828.000,18343.000,0.328404,0
44,19160,3000,4132.000,20003.000,4004.000,17527.000,0.793424,1
44,19160,3000,4402.000,20303.000,4287.000,17818.000,0.603774,0
44,19160,3000,3999.000,19665.000,3945.000,17246.000,0.267735,1
44,19160,3000,4020.000,20599.000,3888.000,18127.000,0.724275,0
44,19160,3000,3460.000,20674.000,3362.000,18245.000,0.214403,0
44,19160,3000,3617.000,20724.000,3632.000,18321.000,0.216565,0
44,19160,3000,4091.000,20589.000,4025.000,18043.000,0.296167,0
44,19160,3000,4512.000,19475.000,4407.000,16980.000,0.214355,0
44,19160,3000,4335.000,20598.000,4220.000,18120.000,0.311908,0
44,19160,3000,4274.000,19931.000,4149.000,17455.000,0.434887,0
44,19160,3000,3767.000,19619.000,3703.000,17180.000,0.309792,1
44,19160,3000,3920.000,20503.000,3779.000,18034.000,0.268449,0
44,19160,3000,3264.000,20256.000,3055.000,17568.000,0.245296,1
44,19160,3000,3562.000,19690.000,3404.000,17238.000,0.256893,1
44,19160,3000,3575.000,19903.000,3420.000,17449.000,0.488918,1
44,19160,3000,4400.000,20269.000,4301.000,17848.000,0.225488,0
44,19160,3000,4418.000,20248.000,4204.000,17628.000,0.237539,0
44,19160,3000,4045.000,20007.000,3957.000,17534.000,0.342039,1
44,19160,3000,3736.000,20100.000,3601.000,17618.000,0.430259,1
44,19160,3000,3832.000,19552.000,3616.000,17066.000,0.436615,1
44,19160,3000,3571.000,20265.000,3417.000,17809.000,0.559311,1
44,19160,3000,3639.000,20613.000,3486.000,18154.000,0.437804,0
44,19160,3000,3452.000,19921.000,3291.000,17471.000,0.265759,1
44,19160,3000,4014.000,20119.000,3880.000,17647.000,0.201368,1
44,19160,3000,4019.000,19904.000,3886.000,17432.000,0.690110,1
44,19160,3000,4333.000,20611.000,4213.000,18130.000,0.526084,0
44,19160,3000,4263.000,19316.000,4263.000,16996.000,0.222926,0
44,19160,3000,4074.000,19957.000,3907.000,17516.000,0.308864,1
45,19160,4200,4380.000,19568.000,4269.000,17079.000,0.255241,1
45,19160,4200,4433.000,19643.000,4320.000,17256.000,0.378891,1
45,19160,4200,4549.000,19689.000,4410.000,17237.000,0.215741,1
45,19160,4200,4291.000,19727.000,4173.000,17244.000,0.240723,1
45,19160,4200,4486.000,19729.000,4377.000,17238.000,0.544997,1
45,19160,4200,4291.000,19731.000,4174.000,17248.000,0.361364,1
45,19160,4200,4288.000,19757.000,4169.000,17274.000,0.300317,1
45,19160,4200,4392.000,19779.000,4275.000,17295.000,0.365905,1
45,19160,4200,4356.000,19799.000,4239.000,17316.000,0.702285,1
45,19160,4200,4325.000,19811.000,4206.000,17329.000,0.440896,1
45,19160,4200,4338.000,19816.000,4220.000,17333.000,0.556735,1
45,19160,4200,4423.000,19823.000,4308.000,17338.000,0.438222,1
45,19160,4200,4258.000,19851.000,4142.000,17373.000,0.250011,1
45,19160,4200,4373.000,19883.000,4256.000,17400.000,0.325785,1
45,19160,4200,4336.000,19898.000,4231.000,17419.000,0.564339,1
45,19160,4200,4353.000,19902.000,4248.000,17414.000,0.290189,1
45,19160,4200,4269.000,19921.000,4148.000,17440.000,0.325854,1
45,19160,4200,4274.000,19931.000,4149.000,17455.000,0.240132,1
45,19160,4200,4286.000,19934.000,4167.000,17452.000,0.453741,1
45,19160,4200,4390.000,19937.000,4273.000,17458.000,0.403005,1
45,19160,4200,4397.000,19967.000,4280.000,17482.000,0.754995,1
45,19160,4200,4376.000,19970.000,4259.000,17487.000,0.417996,1
45,19160,4200,4377.000,19974.000,4260.000,17491.000,0.296582,1
45,19160,4200,4411.000,19975.000,4294.000,17490.000,0.203335,1
45,19160,4200,4379.000,19979.000,4261.000,17495.000,0.502926,1
45,19160,4200,4327.000,19981.000,4207.000,17499.000,0.618210,1
45,19160,4200,4328.000,19987.000,4208.000,17503.000,0.646297,1
45,19160,4200,4487.000,19992.000,4369.000,17389.000,0.260749,1
45,19160,4200,4552.000,19998.000,4443.000,17509.000,0.230111,1
45,19160,4200,4450.000,20028.000,4330.000,17542.000,0.319237,1
45,19160,4200,4457.000,20033.000,4339.000,17550.000,0.388332,1
45,19160,4200,4423.000,20060.000,4307.000,17574.000,0.829319,1
45,19160,4200,4463.000,20073.000,4350.000,17586.000,0.467936,1
45,19160,4200,4539.000,20134.000,4428.000,17646.000,0.249769,1
45,19160,4200,4511.000,20141.000,4397.000,17658.000,0.237725,1
45,19160,4200,4299.000,20142.000,4177.000,17661.000,0.618513,1
45,19160,4200,4255.000,20144.000,4131.000,17664.000,0.260691,1
45,19160,4200,4551.000,20146.000,4441.000,17657.000,0.573108,1
45,19160,4200,4287.000,20161.000,4164.000,17682.000,0.632028,1
45,19160,4200,4358.000,20161.000,4239.000,17677.000,0.221861,1
45,19160,4200,4354.000,20186.000,4236.000,17705.000,0.666286,1
45,19160,4200,4355.000,20190.000,4235.000,17709.000,0.723725,1
45,19160,4200,4363.000,20194.000,4246.000,17712.000,0.584737,1
45,19160,4200,4485.000,20195.000,4371.000,17708.000,0.302180,1
45,19160,4200,4418.000,20244.000,4302.000,17760.000,0.252509,1
45,19160,4200,4418.000,20248.000,4303.000,17764.000,0.691138,1
45,19160,4200,4340.000,20264.000,4220.000,17784.000,0.556061,1
45,19160,4200,4400.000,20269.000,4284.000,17787.000,0.488657,1
45,19160,4200,4414.000,20272.000,4294.000,17721.000,0.235875,1
45,19160,4200,4270.000,20277.000,4147.000,17796.000,0.274662,1
45,19160,4200,4619.000,20279.000,4488.000,17797.000,0.343227,1
45,19160,4200,4360.000,20280.000,4242.000,17799.000,0.772079,1
45,19160,4200,4496.000,20289.000,4383.000,17803.000,0.355506,1
45,19160,4200,4300.000,20292.000,4179.000,17812.000,0.304671,1
45,19160,4200,4268.000,20296.000,4146.000,17816.000,0.580001,1
45,19160,4200,4401.000,20297.000,4286.000,17814.000,0.525533,1
45,19160,4200,4503.000,20297.000,4391.000,17809.000,0.862447,1
45,19160,4200,4390.000,20303.000,4272.000,17818.000,0.604842,1
45,19160,4200,4402.000,20303.000,4287.000,17818.000,0.502081,1
45,19160,4200,4555.000,20304.000,4455.000,17815.000,0.398127,1
45,19160,4200,4429.000,20305.000,4313.000,17821.000,0.815664,1
45,19160,4200,4391.000,20308.000,4274.000,17824.000,0.800735,1
45,19160,4200,4552.000,20317.000,4442.000,17829.000,0.761007,1
45,19160,4200,4318.000,20320.000,4199.000,17839.000,0.361204,1
45,19160,4200,4567.000,20320.000,4458.000,17832.000,0.769729,1
45,19160,4200,4444.000,20328.000,4329.000,17842.000,0.784001,1
45,19160,4200,4275.000,20333.000,4155.000,17851.000,0.459208,1
45,19160,4200,4339.000,20339.000,4220.000,17857.000,0.619608,1
45,19160,4200,4583.000,20344.000,4475.000,17854.000,0.564050,1
45,19160,4200,4558.000,20345.000,4431.000,17846.000,0.268705,1
45,19160,4200,4451.000,20360.000,4337.000,17874.000,0.834253,0
45,19160,4200,4437.000,20362.000,4322.000,17878.000,0.869497,0
45,19160,4200,4343.000,20364.000,4225.000,17881.000,0.565705,0
45,19160,4200,4324.000,20369.000,4204.000,17887.000,0.852556,0
45,19160,4200,4278.000,20370.000,4155.000,17891.000,0.566133,0
45,19160,4200,4325.000,20373.000,4204.000,17891.000,0.841072,0
45,19160,4200,4400.000,20387.000,4283.000,17904.000,0.936113,0
45,19160,4200,4563.000,20390.000,4475.000,17897.000,0.346111,0
45,19160,4200,4628.000,20394.000,4522.000,17904.000,0.232688,0
45,19160,4200,4360.000,20395.000,4241.000,17913.000,0.857094,0
45,19160,4200,4465.000,20396.000,4351.000,17911.000,0.921980,0
45,19160,4200,4387.000,20409.000,4270.000,17927.000,0.637754,0
45,19160,4200,4304.000,20411.000,4183.000,17930.000,0.732544,0
45,19160,4200,4273.000,20412.000,4151.000,17932.000,0.260235,0
45,19160,4200,4304.000,20421.000,4182.000,17940.000,0.627591,0
45,19160,4200,4240.000,20423.000,4116.000,17944.000,0.489798,0
45,19160,4200,4286.000,20424.000,4164.000,17944.000,0.668984,0
45,19160,4200,4218.000,20437.000,4095.000,17957.000,0.405178,0
45,19160,4200,4320.000,20437.000,4201.000,17980.000,0.339815,0
45,19160,4200,4402.000,20447.000,4284.000,17964.000,0.870376,0
45,19160,4200,4485.000,20452.000,4358.000,17967.000,0.202140,0
45,19160,4200,4551.000,20452.000,4458.000,17962.000,0.275486,0
45,19160,4200,4589.000,20462.000,4481.000,17974.000,0.511436,0
45,19160,4200,4538.000,20469.000,4426.000,17982.000,0.616216,0
45,19160,4200,4455.000,20471.000,4340.000,17987.000,0.903470,0
45,19160,4200,4415.000,20477.000,4298.000,17994.000,0.879649,0
45,19160,4200,4286.000,20481.000,4165.000,18001.000,0.759827,0
45,19160,4200,4556.000,20482.000,4448.000,17987.000,0.261543,0
45,19160,4200,4448.000,20488.000,4332.000,18004.000,0.821927,0
45,19160,4200,4482.000,20488.000,4368.000,18002.000,0.723324,0
45,19160,4200,4468.000,20494.000,4351.000,18012.000,0.850946,0
45,19160,4200,4447.000,20497.000,4331.000,18014.000,0.410225,0
45,19160,4200,4287.000,20499.000,4163.000,18019.000,0.869334,0
45,19160,4200,4502.000,20499.000,4399.000,18011.000,0.493093,0
45,19160,4200,4440.000,20504.000,4323.000,18022.000,0.354484,0
45,19160,4200,4469.000,20504.000,4354.000,18020.000,0.868101,0
45,19160,4200,4380.000,20505.000,4261.000,18023.000,0.833387,0
45,19160,4200,4413.000,20515.000,4306.000,18030.000,0.380320,0
45,19160,4200,4322.000,20516.000,4202.000,18035.000,0.874072,0
45,19160,4200,4213.000,20525.000,4092.000,18046.000,0.387812,0
45,19160,4200,4406.000,20535.000,4291.000,18054.000,0.762684,0
45,19160,4200,4419.000,20537.000,4304.000,18053.000,0.712990,0
45,19160,4200,4224.000,20540.000,4100.000,18061.000,0.612475,0
45,19160,4200,4489.000,20542.000,4377.000,18057.000,0.852965,0
45,19160,4200,4560.000,20542.000,4449.000,18055.000,0.343334,0
45,19160,4200,4397.000,20549.000,4281.000,18068.000,0.460193,0
45,19160,4200,4613.000,20550.000,4506.000,18061.000,0.247427,0
45,19160,4200,4222.000,20554.000,4094.000,18079.000,0.403554,0
45,19160,4200,4431.000,20556.000,4323.000,18071.000,0.564761,0
45,19160,4200,4382.000,20561.000,4247.000,18097.000,0.296821,0
45,19160,4200,4556.000,20573.000,4447.000,18088.000,0.403583,0
45,19160,4200,4339.000,20574.000,4219.000,18093.000,0.522398,0
45,19160,4200,4311.000,20578.000,4190.000,18098.000,0.777134,0
45,19160,4200,4220.000,20586.000,4095.000,18109.000,0.763174,0
45,19160,4200,4332.000,20594.000,4211.000,18113.000,0.551661,0
45,19160,4200,4352.000,20595.000,4233.000,18115.000,0.844319,0
45,19160,4200,4323.000,20599.000,4205.000,18119.000,0.268977,0
45,19160,4200,4473.000,20600.000,4377.000,18109.000,0.467129,0
45,19160,4200,4306.000,20603.000,4184.000,18123.000,0.522848,0
45,19160,4200,4322.000,20603.000,4204.000,18123.000,0.462534,0
45,19160,4200,4339.000,20603.000,4220.000,18124.000,0.400451,0
45,19160,4200,4536.000,20608.000,4423.000,18122.000,0.552797,0
45,19160,4200,4223.000,20610.000,4116.000,18137.000,0.322727,0
45,19160,4200,4333.000,20611.000,4213.000,18130.000,0.602946,0
45,19160,4200,4322.000,20624.000,4200.000,18145.000,0.757831,0
45,19160,4200,4263.000,20626.000,4139.000,18147.000,0.708664,0
45,19160,4200,4239.000,20629.000,4113.000,18152.000,0.440974,0
45,19160,4200,4509.000,20629.000,4396.000,18143.000,0.858881,0
45,19160,4200,4530.000,20633.000,4425.000,18143.000,0.446994,0
45,19160,4200,4408.000,20663.000,4292.000,18182.000,0.635625,0
45,19160,4200,4416.000,20664.000,4303.000,18180.000,0.556711,0
45,19160,4200,4396.000,20674.000,4278.000,18193.000,0.677473,0
45,19160,4200,4503.000,20676.000,4386.000,18190.000,0.710593,0
45,19160,4200,4314.000,20687.000,4199.000,18202.000,0.668714,0
45,19160,4200,4446.000,20725.000,4331.000,18243.000,0.316481,0
45,19160,4200,4557.000,20731.000,4447.000,18243.000,0.351540,0
46,20360,1800,2696.000,21229.000,2548.000,18784.000,0.927364,1
46,20360,1800,2200.000,20500.000,2031.000,18052.000,0.226286,1
46,20360,1800,2625.000,21041.000,2459.000,18587.000,0.910164,1
46,20360,1800,2662.000,21264.000,2496.000,18812.000,0.934647,1
46,20360,1800,2972.000,21587.000,2815.000,19129.000,0.765866,0
46,20360,1800,3266.000,20988.000,3104.000,18539.000,0.505351,0
46,20360,1800,2068.000,20477.000,1895.000,18025.000,0.870955,1
46,20360,1800,2581.000,21416.000,2416.000,18966.000,0.769929,1
46,20360,1800,2986.000,20602.000,2841.000,18255.000,0.224145,1
46,20360,1800,3253.000,21709.000,3117.000,19066.000,0.201429,0
46,20360,1800,2596.000,21067.000,2431.000,18614.000,0.814489,1
46,20360,1800,2270.000,21594.000,2101.000,19145.000,0.947720,0
46,20360,1800,2179.000,20856.000,2010.000,18405.000,0.808164,1
46,20360,1800,2330.000,20920.000,2162.000,18468.000,0.853197,1
46,20360,1800,2248.000,20516.000,2078.000,18066.000,0.386489,1
46,20360,1800,2548.000,21672.000,2415.000,19289.000,0.246853,0
46,20360,1800,2321.000,21408.000,2124.000,18937.000,0.222702,1
46,20360,1800,2624.000,21020.000,2458.000,18569.000,0.581567,1
46,20360,1800,2264.000,20522.000,2094.000,18071.000,0.634847,1
46,20360,1800,2481.000,20774.000,2344.000,18273.000,0.203423,1
46,20360,1800,2240.000,21343.000,2070.000,18894.000,0.941686,1
46,20360,1800,2527.000,20827.000,2369.000,18376.000,0.617401,1
46,20360,1800,2286.000,20588.000,2118.000,18138.000,0.837336,1
46,20360,1800,2812.000,21181.000,2648.000,18728.000,0.930527,1
46,20360,1800,2930.000,21323.000,2811.000,18867.000,0.265560,1
46,20360,1800,2423.000,20968.000,2282.000,18514.000,0.705069,1
46,20360,1800,2805.000,21927.000,2650.000,19467.000,0.729923,0
46,20360,1800,2727.000,20984.000,2577.000,18530.000,0.644322,1
46,20360,1800,2475.000,20781.000,2314.000,18324.000,0.436799,1
46,20360,1800,2762.000,21466.000,2601.000,19017.000,0.565567,1
46,20360,1800,2336.000,20952.000,2166.000,18502.000,0.888491,1
46,20360,1800,2246.000,21313.000,2077.000,18863.000,0.938553,1
46,20360,1800,2287.000,20568.000,2117.000,18116.000,0.569212,1
46,20360,1800,3041.000,21933.000,2892.000,19468.000,0.855584,0
46,20360,1800,2604.000,21018.000,2472.000,18572.000,0.741261,1
46,20360,1800,2852.000,21594.000,2695.000,19137.000,0.900049,0
46,20360,1800,1910.000,21023.000,1735.000,18576.000,0.838066,1
46,20360,1800,2810.000,21813.000,2678.000,19319.000,0.335801,0
46,20360,1800,1882.000,21009.000,1709.000,18563.000,0.493785,1
46,20360,1800,2875.000,21437.000,2719.000,18987.000,0.445794,1
46,20360,1800,2787.000,21058.000,2700.000,18760.000,0.240362,1
46,20360,1800,2965.000,21367.000,2840.000,18913.000,0.413057,1
46,20360,1800,2409.000,21273.000,2242.000,18822.000,0.653768,1
46,20360,1800,2903.000,20600.000,2740.000,18147.000,0.299187,1
46,20360,1800,3231.000,21413.000,3073.000,18962.000,0.925620,0
46,20360,1800,2459.000,21814.000,2288.000,19363.000,0.817100,0
46,20360,1800,2089.000,20896.000,1918.000,18445.000,0.323892,1
46,20360,1800,3126.000,20949.000,2964.000,18500.000,0.654141,0
46,20360,1800,2990.000,21208.000,2827.000,18758.000,0.787584,1
46,20360,1800,2691.000,21584.000,2530.000,19130.000,0.951644,0
46,20360,1800,3321.000,21874.000,3174.000,19411.000,0.798411,0
46,20360,1800,2951.000,20855.000,2674.000,18429.000,0.351372,1
46,20360,1800,1996.000,21719.000,1823.000,19273.000,0.620670,0
46,20360,1800,2600.000,21035.000,2447.000,18582.000,0.820202,1
46,20360,1800,2825.000,21169.000,2661.000,18719.000,0.752492,1
46,20360,1800,3272.000,20999.000,3109.000,18550.000,0.588949,0
46,20360,1800,2075.000,21877.000,1903.000,19429.000,0.623670,0
46,20360,1800,3207.000,21311.000,3047.000,18860.000,0.891898,0
46,20360,1800,2586.000,21257.000,2397.000,18737.000,0.399580,1
46,20360,1800,2470.000,20909.000,2284.000,18590.000,0.208248,1
46,20360,1800,2228.000,21346.000,2058.000,18898.000,0.943212,1
46,20360,1800,3253.000,21067.000,3092.000,18618.000,0.557416,0
46,20360,1800,2210.000,20639.000,2041.000,18187.000,0.925978,1
46,20360,1800,2345.000,20558.000,2176.000,18108.000,0.467594,1
46,20360,1800,2270.000,20874.000,2107.000,18499.000,0.459716,1
46,20360,1800,3143.000,21295.000,2983.000,18842.000,0.371707,0
46,20360,1800,2027.000,20941.000,1854.000,18493.000,0.797325,1
46,20360,1800,2840.000,21138.000,2677.000,18686.000,0.892464,1
46,20360,1800,2544.000,21155.000,2379.000,18701.000,0.505879,1
46,20360,1800,3129.000,21035.000,2976.000,18585.000,0.470416,0
46,20360,1800,2453.000,21050.000,2363.000,18668.000,0.248450,1
46,20360,1800,2431.000,21804.000,2267.000,19353.000,0.703972,0
46,20360,1800,3195.000,21317.000,3034.000,18871.000,0.362527,0
46,20360,1800,2675.000,20747.000,2481.000,18351.000,0.459235,1
46,20360,1800,2640.000,21543.000,2491.000,19087.000,0.867535,1
46,20360,1800,2284.000,20374.000,2131.000,17916.000,0.258683,1
46,20360,1800,1901.000,21031.000,1726.000,18584.000,0.619210,1
46,20360,1800,1991.000,21859.000,1820.000,19411.000,0.385464,0
46,20360,1800,3252.000,20428.000,3367.000,17916.000,0.285201,0
46,20360,1800,3324.000,21233.000,3165.000,18783.000,0.629708,0
46,20360,1800,2360.000,20976.000,2193.000,18523.000,0.841770,1
46,20360,1800,2413.000,20391.000,2245.000,17939.000,0.236853,1
46,20360,1800,3208.000,20697.000,3039.000,18248.000,0.265264,0
46,20360,1800,2259.000,20703.000,2071.000,18266.000,0.664941,1
46,20360,1800,2410.000,21717.000,2243.000,19266.000,0.942625,0
46,20360,1800,3003.000,21894.000,2854.000,19430.000,0.591627,0
46,20360,1800,2100.000,20639.000,1930.000,18187.000,0.684578,1
46,20360,1800,3272.000,21520.000,3151.000,18977.000,0.509876,0
46,20360,1800,3245.000,21466.000,3090.000,19014.000,0.621394,0
46,20360,1800,2116.000,21454.000,1919.000,19000.000,0.399560,1
46,20360,1800,2281.000,20843.000,2112.000,18390.000,0.939130,1
46,20360,1800,3285.000,21479.000,3129.000,19026.000,0.658365,0
46,20360,1800,3292.000,21487.000,3138.000,19033.000,0.858668,0
46,20360,1800,3333.000,21105.000,3172.000,18655.000,0.580262,0
46,20360,1800,3059.000,21407.000,2898.000,18954.000,0.930943,0
46,20360,1800,2445.000,21542.000,2280.000,19091.000,0.832490,1
46,20360,1800,2138.000,21049.000,1992.000,18604.000,0.334222,1
46,20360,1800,2227.000,20644.000,2058.000,18193.000,0.883699,1
46,20360,1800,2272.000,20600.000,2104.000,18150.000,0.646842,1
46,20360,1800,2425.000,20709.000,2237.000,18097.000,0.493991,1
46,20360,1800,2670.000,20480.000,2506.000,18025.000,0.247457,1
46,20360,1800,2751.000,21066.000,2587.000,18614.000,0.686512,1
46,20360,1800,2806.000,20413.000,2860.000,17919.000,0.212948,1
46,20360,1800,3193.000,21443.000,3035.000,18991.000,0.497855,0
46,20360,1800,2335.000,20748.000,2165.000,18298.000,0.295786,1
46,20360,1800,2699.000,20630.000,2539.000,18175.000,0.358143,1
46,20360,1800,3276.000,21495.000,3120.000,19041.000,0.593176,0
46,20360,1800,3256.000,21480.000,3110.000,19027.000,0.460768,0
46,20360,1800,2128.000,21315.000,1955.000,18869.000,0.948107,1
46,20360,1800,2989.000,20854.000,2823.000,18402.000,0.698504,1
46,20360,1800,2777.000,21468.000,2616.000,19015.000,0.669148,1
46,20360,1800,2325.000,21066.000,2185.000,18729.000,0.508404,1
46,20360,1800,1978.000,21717.000,1806.000,19054.000,0.228726,0
46,20360,1800,2739.000,21483.000,2578.000,19030.000,0.894565,1
46,20360,1800,2518.000,20836.000,2398.000,18375.000,0.728437,1
46,20360,1800,3325.000,20614.000,3165.000,18162.000,0.212594,0
46,20360,1800,3104.000,21621.000,2950.000,19160.000,0.420415,0
46,20360,1800,2542.000,21491.000,2388.000,19030.000,0.850850,1
46,20360,1800,2380.000,21915.000,2213.000,19465.000,0.868996,0
46,20360,1800,3284.000,21501.000,3127.000,19047.000,0.593933,0
46,20360,1800,2838.000,21684.000,2683.000,19224.000,0.946217,0
46,20360,1800,3149.000,20945.000,2986.000,18496.000,0.793297,0
46,20360,1800,2014.000,21656.000,1840.000,19213.000,0.852453,0
46,20360,1800,2367.000,20530.000,2199.000,18081.000,0.870632,1
46,20360,1800,2441.000,20857.000,2274.000,18407.000,0.656741,1
46,20360,1800,1904.000,21011.000,1728.000,18561.000,0.711335,1
46,20360,1800,2636.000,21571.000,2440.000,19120.000,0.636663,0
46,20360,1800,2598.000,21547.000,2435.000,19094.000,0.915872,1
46,20360,1800,2197.000,20969.000,2028.000,18518.000,0.932247,1
46,20360,1800,3368.000,21920.000,3224.000,19456.000,0.560985,0
46,20360,1800,2254.000,20596.000,2072.000,18157.000,0.342672,1
46,20360,1800,2548.000,21888.000,2388.000,19432.000,0.926266,0
46,20360,1800,1965.000,21038.000,1706.000,18503.000,0.235807,1
46,20360,1800,2906.000,20859.000,2758.000,18410.000,0.490151,1
46,20360,1800,2832.000,21155.000,2668.000,18704.000,0.926139,1
46,20360,1800,2453.000,21084.000,2226.000,18686.000,0.286580,1
46,20360,1800,2770.000,21480.000,2614.000,19024.000,0.702468,1
46,20360,1800,2458.000,20956.000,2420.000,18499.000,0.334648,1
46,20360,1800,3133.000,21333.000,2973.000,18882.000,0.690435,0
46,20360,1800,3089.000,21346.000,2928.000,18892.000,0.659776,0
46,20360,1800,2224.000,21488.000,2070.000,19030.000,0.749922,1
46,20360,1800,2333.000,21049.000,2167.000,18596.000,0.946074,1
46,20360,1800,2614.000,20489.000,2450.000,18035.000,0.587107,1
46,20360,1800,3061.000,21344.000,2900.000,18893.000,0.461938,0
46,20360,1800,2716.000,20669.000,2553.000,18215.000,0.392910,1
46,20360,1800,2707.000,21021.000,2541.000,18569.000,0.431662,1
46,20360,1800,2294.000,20608.000,2124.000,18157.000,0.746353,1
46,20360,1800,2707.000,20617.000,2593.000,18168.000,0.355448,1
46,20360,1800,3258.000,21030.000,3168.000,18494.000,0.287299,0
46,20360,1800,3174.000,21291.000,3013.000,18840.000,0.557139,0
46,20360,1800,1955.000,21582.000,1777.000,19142.000,0.328203,0
46,20360,1800,2405.000,21601.000,2238.000,19151.000,0.873573,0
46,20360,1800,3159.000,21131.000,2996.000,18680.000,0.791404,0
46,20360,1800,2570.000,20380.000,2407.000,17927.000,0.410256,1
46,20360,1800,2748.000,21717.000,2590.000,19261.000,0.950055,0
46,20360,1800,2651.000,21556.000,2492.000,19108.000,0.539059,1
46,20360,1800,2192.000,21816.000,2022.000,19368.000,0.902984,0
46,20360,1800,2463.000,21147.000,2298.000,18693.000,0.780416,1
46,20360,1800,2102.000,21687.000,1927.000,19241.000,0.581086,0
46,20360,1800,2846.000,21371.000,2683.000,18919.000,0.712973,1
46,20360,1800,2540.000,21777.000,2378.000,19324.000,0.939139,0
46,20360,1800,1999.000,21551.000,1824.000,19110.000,0.516808,1
46,20360,1800,2750.000,21030.000,2531.000,18507.000,0.461788,1
46,20360,1800,3211.000,21322.000,3105.000,18805.000,0.739499,0
46,20360,1800,2728.000,20808.000,2562.000,18356.000,0.461775,1
46,20360,1800,2441.000,21236.000,2288.000,18782.000,0.837414,1
46,20360,1800,3179.000,20910.000,3092.000,18439.000,0.404813,0
46,20360,1800,3308.000,20950.000,3146.000,18502.000,0.646112,0
46,20360,1800,2752.000,21481.000,2590.000,19027.000,0.902314,1
46,20360,1800,2416.000,20712.000,2305.000,18246.000,0.419361,1
46,20360,1800,3355.000,21019.000,3194.000,18570.000,0.651430,0
46,20360,1800,2480.000,20629.000,2312.000,18178.000,0.258472,1
46,20360,1800,2583.000,20819.000,2418.000,18368.000,0.386152,1
46,20360,1800,2810.000,21364.000,2646.000,18913.000,0.937748,1
46,20360,1800,2377.000,20778.000,2207.000,18325.000,0.805889,1
46,20360,1800,2979.000,21806.000,2829.000,19342.000,0.947538,0
46,20360,1800,3344.000,21120.000,3184.000,18671.000,0.705834,0
46,20360,1800,1924.000,20895.000,1750.000,18449.000,0.667618,1
46,20360,1800,2909.000,20921.000,2745.000,18470.000,0.756782,1
46,20360,1800,2352.000,21179.000,2193.000,18753.000,0.254250,1
46,20360,1800,2062.000,21832.000,1890.000,19384.000,0.842197,0
46,20360,1800,2183.000,20388.000,2013.000,17938.000,0.319628,1
46,20360,1800,1945.000,21060.000,1864.000,18579.000,0.414132,1
46,20360,1800,2451.000,21345.000,2284.000,18894.000,0.951168,1
46,20360,1800,2478.000,21359.000,2313.000,18908.000,0.938826,1
46,20360,1800,2518.000,21208.000,2352.000,18756.000,0.694892,1
46,20360,1800,3381.000,21910.000,3235.000,19448.000,0.844478,0
46,20360,1800,2359.000,20957.000,2192.000,18505.000,0.947504,1
46,20360,1800,3273.000,21256.000,3114.000,18804.000,0.759906,0
46,20360,1800,2694.000,20609.000,2531.000,18157.000,0.353772,1
46,20360,1800,2866.000,21463.000,2704.000,19008.000,0.847115,1
46,20360,1800,3239.000,21164.000,3078.000,18715.000,0.770853,0
46,20360,1800,2685.000,21573.000,2524.000,19119.000,0.926607,0
46,20360,1800,1949.000,20912.000,1774.000,18467.000,0.584033,1
46,20360,1800,2199.000,21871.000,2029.000,19423.000,0.430777,0
46,20360,1800,1912.000,20447.000,1747.000,18003.000,0.461188,1
46,20360,1800,2050.000,21086.000,1876.000,18639.000,0.828920,1
46,20360,1800,2808.000,21426.000,2647.000,18973.000,0.912095,1
46,20360,1800,3068.000,21193.000,2892.000,18681.000,0.483410,0
46,20360,1800,2116.000,20580.000,1856.000,18039.000,0.222223,1
46,20360,1800,2656.000,21638.000,2487.000,19186.000,0.762008,0
46,20360,1800,2050.000,21711.000,1878.000,19266.000,0.633182,0
46,20360,1800,2522.000,21021.000,2356.000,18566.000,0.941206,1
46,20360,1800,2855.000,21439.000,2691.000,18991.000,0.687204,1
46,20360,1800,3277.000,21936.000,3240.000,19691.000,0.326354,0
46,20360,1800,2570.000,21049.000,2423.000,18588.000,0.623990,1
46,20360,1800,2284.000,21281.000,2115.000,18832.000,0.822767,1
46,20360,1800,2417.000,21232.000,2251.000,18780.000,0.602930,1
46,20360,1800,2253.000,20532.000,2079.000,18086.000,0.321732,1
46,20360,1800,3291.000,21940.000,3140.000,19471.000,0.300469,0
46,20360,1800,2348.000,21350.000,2181.000,18900.000,0.943354,1
46,20360,1800,2461.000,20528.000,2293.000,18076.000,0.588981,1
46,20360,1800,2031.000,21254.000,1853.000,18810.000,0.549428,1
46,20360,1800,2160.000,20663.000,1990.000,18214.000,0.882905,1
46,20360,1800,2673.000,21625.000,2514.000,19170.000,0.420319,0
46,20360,1800,2699.000,21187.000,2533.000,18734.000,0.330593,1
46,20360,1800,2716.000,20455.000,2553.000,18001.000,0.270044,1
46,20360,1800,2788.000,21495.000,2623.000,18907.000,0.253444,1
46,20360,1800,3250.000,20993.000,3087.000,18545.000,0.586735,0
46,20360,1800,2902.000,21189.000,2737.000,18737.000,0.868269,1
46,20360,1800,2565.000,21925.000,2419.000,19473.000,0.540946,0
46,20360,1800,2317.000,21469.000,2149.000,19020.000,0.926264,1
46,20360,1800,1905.000,20842.000,1743.000,18395.000,0.374235,1
46,20360,1800,2403.000,20688.000,2234.000,18238.000,0.684735,1
46,20360,1800,2321.000,20444.000,2151.000,17993.000,0.288615,1
46,20360,1800,3220.000,20881.000,3057.000,18432.000,0.709886,0
46,20360,1800,2438.000,21220.000,2274.000,18768.000,0.949856,1
46,20360,1800,2764.000,21924.000,2605.000,19466.000,0.469177,0
46,20360,1800,2371.000,21039.000,2204.000,18586.000,0.862548,1
46,20360,1800,3384.000,21918.000,3339.000,19151.000,0.203063,0
46,20360,1800,2409.000,21896.000,2244.000,19445.000,0.882255,0
46,20360,1800,2070.000,20820.000,1901.000,18371.000,0.736043,1
46,20360,1800,2402.000,21633.000,2220.000,19178.000,0.847460,0
46,20360,1800,2955.000,21012.000,2795.000,18567.000,0.804838,1
46,20360,1800,2618.000,21032.000,2465.000,18579.000,0.667195,1
46,20360,1800,3335.000,21472.000,3115.000,19084.000,0.211282,0
46,20360,1800,2443.000,20953.000,2269.000,18512.000,0.483006,1
46,20360,1800,1939.000,21671.000,1764.000,19228.000,0.812370,0
46,20360,1800,2368.000,20666.000,2197.000,18215.000,0.890160,1
46,20360,1800,2149.000,20917.000,1980.000,18465.000,0.532817,1
46,20360,1800,2249.000,21527.000,2080.000,19079.000,0.327058,1
46,20360,1800,2585.000,21019.000,2431.000,18567.000,0.451192,1
46,20360,1800,2321.000,21371.000,2153.000,18922.000,0.946333,1
46,20360,1800,2738.000,21355.000,2575.000,18902.000,0.897725,1
46,20360,1800,2381.000,21055.000,2237.000,18646.000,0.286611,1
46,20360,1800,3354.000,20991.000,3191.000,18540.000,0.433097,0
46,20360,1800,2417.000,21253.000,2251.000,18800.000,0.827040,1
46,20360,1800,2793.000,21760.000,2655.000,19299.000,0.688458,0
46,20360,1800,2339.000,21070.000,2158.000,18613.000,0.315029,1
46,20360,1800,2230.000,21192.000,2060.000,18742.000,0.920547,1
46,20360,1800,2334.000,21273.000,2166.000,18823.000,0.948292,1
46,20360,1800,2673.000,21205.000,2551.000,18816.000,0.208138,1
46,20360,1800,2785.000,21291.000,2661.000,18782.000,0.652513,1
46,20360,1800,3136.000,20955.000,2974.000,18504.000,0.600256,0
46,20360,1800,2885.000,21903.000,2732.000,19440.000,0.929381,0
46,20360,1800,2078.000,20598.000,1907.000,18145.000,0.279649,1
46,20360,1800,2498.000,20592.000,2331.000,18138.000,0.457416,1
46,20360,1800,2147.000,21950.000,1990.000,19592.000,0.248739,0
46,20360,1800,2295.000,20596.000,2126.000,18146.000,0.667656,1
46,20360,1800,2441.000,21127.000,2275.000,18673.000,0.745145,1
46,20360,1800,2631.000,21552.000,2485.000,19094.000,0.777281,1
46,20360,1800,2070.000,20763.000,1899.000,18311.000,0.902768,1
46,20360,1800,1876.000,21616.000,1639.000,19383.000,0.320707,0
46,20360,1800,2302.000,20529.000,2131.000,18080.000,0.729183,1
46,20360,1800,2244.000,20608.000,2095.000,18168.000,0.579777,1
46,20360,1800,2342.000,20983.000,2176.000,18528.000,0.935633,1
46,20360,1800,2585.000,21330.000,2423.000,18878.000,0.210721,1
46,20360,1800,3300.000,21245.000,3139.000,18795.000,0.762250,0
46,20360,1800,2975.000,21044.000,2812.000,18591.000,0.756600,1
46,20360,1800,2380.000,21396.000,2257.000,18972.000,0.438023,1
46,20360,1800,2766.000,20539.000,2606.000,18111.000,0.203311,1
46,20360,1800,2230.000,21708.000,2060.000,19261.000,0.918213,0
46,20360,1800,2403.000,20621.000,2235.000,18171.000,0.930113,1
46,20360,1800,2782.000,21248.000,2620.000,18800.000,0.367837,1
46,20360,1800,2183.000,21248.000,2010.000,18800.000,0.936091,1
46,20360,1800,1952.000,21824.000,1740.000,19530.000,0.479687,0
46,20360,1800,2445.000,21884.000,2239.000,19492.000,0.218405,0
46,20360,1800,2373.000,20857.000,2206.000,18404.000,0.272458,1
46,20360,1800,2080.000,20469.000,1910.000,18020.000,0.809417,1
46,20360,1800,2116.000,21314.000,1942.000,18869.000,0.883480,1
46,20360,1800,2127.000,20512.000,2021.000,17987.000,0.232032,1
46,20360,1800,2069.000,20455.000,1916.000,18042.000,0.600844,1
46,20360,1800,2351.000,20540.000,2169.000,18093.000,0.389891,1
46,20360,1800,2894.000,20855.000,2744.000,18491.000,0.322859,1
46,20360,1800,3064.000,21359.000,2843.000,18888.000,0.318206,0
46,20360,1800,2965.000,21161.000,2801.000,18710.000,0.891750,1
46,20360,1800,2812.000,21894.000,2657.000,19433.000,0.856427,0
46,20360,1800,2563.000,21057.000,2421.000,18550.000,0.286857,1
46,20360,1800,2831.000,21206.000,2668.000,18752.000,0.760818,1
46,20360,1800,2354.000,20988.000,2187.000,18536.000,0.946620,1
46,20360,1800,1941.000,21730.000,1645.000,19223.000,0.215085,0
46,20360,1800,2498.000,21817.000,2280.000,19432.000,0.223369,0
46,20360,1800,2492.000,21245.000,2326.000,18793.000,0.913910,1
46,20360,1800,1939.000,21096.000,1717.000,18703.000,0.397740,1
46,20360,1800,3315.000,21920.000,3118.000,19534.000,0.231420,0
46,20360,1800,1975.000,21759.000,1776.000,19379.000,0.357073,0
46,20360,1800,1930.000,20468.000,1754.000,18021.000,0.316489,1
46,20360,1800,2149.000,21037.000,1963.000,18537.000,0.435152,1
46,20360,1800,2051.000,20489.000,1928.000,18079.000,0.344808,1
46,20360,1800,2786.000,21607.000,2627.000,19153.000,0.928519,0
46,20360,1800,2934.000,20979.000,2768.000,18528.000,0.826623,1
46,20360,1800,2554.000,20384.000,2389.000,17930.000,0.334382,1
46,20360,1800,2740.000,21621.000,2581.000,19166.000,0.945231,0
46,20360,1800,2365.000,21447.000,2153.000,18959.000,0.358833,1
46,20360,1800,2634.000,20836.000,2470.000,18392.000,0.321067,1
46,20360,1800,2978.000,21138.000,2816.000,18689.000,0.758053,1
46,20360,1800,1941.000,20500.000,1764.000,18055.000,0.256497,1
46,20360,1800,3272.000,21590.000,3116.000,19134.000,0.413533,0
46,20360,1800,2571.000,21602.000,2408.000,19149.000,0.656921,0
46,20360,1800,2688.000,21939.000,2531.000,19480.000,0.936192,0
46,20360,1800,3156.000,21201.000,2987.000,18834.000,0.306754,0
46,20360,1800,2247.000,21801.000,2078.000,19352.000,0.914505,0
46,20360,1800,2366.000,21015.000,2198.000,18562.000,0.936308,1
46,20360,1800,2688.000,21625.000,2527.000,19171.000,0.616924,0
46,20360,1800,2116.000,20781.000,1946.000,18331.000,0.902843,1
46,20360,1800,2407.000,20856.000,2240.000,18404.000,0.804691,1
46,20360,1800,3069.000,20945.000,2875.000,18495.000,0.336137,0
46,20360,1800,2750.000,21708.000,2593.000,19249.000,0.935804,0
46,20360,1800,2663.000,21659.000,2502.000,19205.000,0.890670,0
46,20360,1800,3041.000,20888.000,2881.000,18438.000,0.714041,0
46,20360,1800,2575.000,21858.000,2382.000,19442.000,0.243757,0
46,20360,1800,2476.000,21426.000,2310.000,18974.000,0.590203,1
46,20360,1800,3156.000,21686.000,3004.000,19227.000,0.691500,0
46,20360,1800,2569.000,21368.000,2406.000,18915.000,0.950075,1
46,20360,1800,2130.000,21389.000,1955.000,18945.000,0.736515,1
46,20360,1800,2673.000,21151.000,2493.000,18654.000,0.287253,1
46,20360,1800,3358.000,21101.000,3197.000,18654.000,0.235986,0
46,20360,1800,3034.000,21039.000,2864.000,18485.000,0.489952,0
46,20360,1800,2602.000,20745.000,2430.000,18294.000,0.370575,1
46,20360,1800,2883.000,21835.000,2728.000,19374.000,0.908679,0
46,20360,1800,2987.000,21394.000,2913.000,18786.000,0.308131,1
46,20360,1800,1930.000,21727.000,1757.000,19284.000,0.444218,0
46,20360,1800,2109.000,21735.000,2016.000,19261.000,0.343213,0
46,20360,1800,2912.000,20884.000,2744.000,18430.000,0.245328,1
46,20360,1800,2863.000,21806.000,2710.000,19345.000,0.950293,0
46,20360,1800,1886.000,20439.000,1711.000,17993.000,0.349442,1
46,20360,1800,2243.000,21775.000,2076.000,19326.000,0.935736,0
46,20360,1800,3131.000,20816.000,2966.000,18373.000,0.415151,0
46,20360,1800,2100.000,21589.000,1926.000,19144.000,0.928588,0
46,20360,1800,2166.000,20830.000,1996.000,18378.000,0.782318,1
46,20360,1800,2343.000,21941.000,2177.000,19490.000,0.691870,0
46,20360,1800,2829.000,21144.000,2664.000,18690.000,0.774057,1
46,20360,1800,2992.000,20895.000,2822.000,18445.000,0.282545,1
46,20360,1800,2926.000,21929.000,2846.000,19547.000,0.457116,0
46,20360,1800,3383.000,21369.000,3286.000,18876.000,0.267057,0
46,20360,1800,3157.000,20788.000,2994.000,18341.000,0.385239,0
46,20360,1800,3276.000,21483.000,3121.000,19030.000,0.496773,0
46,20360,1800,2329.000,20559.000,2174.000,18054.000,0.253389,1
46,20360,1800,2687.000,21045.000,2524.000,18593.000,0.544398,1
46,20360,1800,2244.000,21193.000,2073.000,18745.000,0.952558,1
46,20360,1800,1942.000,20517.000,1767.000,18071.000,0.456140,1
46,20360,1800,2743.000,21255.000,2584.000,18805.000,0.304993,1
46,20360,1800,2396.000,21809.000,2229.000,19359.000,0.629836,0
46,20360,1800,2532.000,21890.000,2372.000,19436.000,0.736362,0
46,20360,1800,2753.000,21815.000,2596.000,19358.000,0.949638,0
46,20360,1800,2119.000,21053.000,1985.000,18663.000,0.367792,1
46,20360,1800,2200.000,21468.000,2028.000,19021.000,0.952546,1
46,20360,1800,2210.000,21588.000,2040.000,19140.000,0.931836,0
46,20360,1800,3242.000,21144.000,3080.000,18694.000,0.282847,0
46,20360,1800,1880.000,21281.000,1699.000,18844.000,0.374532,1
46,20360,1800,3128.000,20794.000,2962.000,18348.000,0.489317,0
46,20360,1800,2834.000,21815.000,2637.000,19302.000,0.353108,0
46,20360,1800,2189.000,21290.000,2017.000,18842.000,0.951330,1
46,20360,1800,2270.000,20533.000,2099.000,18083.000,0.418071,1
46,20360,1800,2757.000,21299.000,2590.000,18845.000,0.310277,1
46,20360,1800,2682.000,20577.000,2491.000,18273.000,0.290425,1
46,20360,1800,2679.000,20960.000,2535.000,18523.000,0.592402,1
46,20360,1800,3372.000,21485.000,3215.000,19031.000,0.285999,0
46,20360,1800,3095.000,21481.000,2936.000,19027.000,0.492250,0
46,20360,1800,2444.000,21258.000,2280.000,18804.000,0.426152,1
46,20360,1800,2637.000,21664.000,2476.000,19209.000,0.949756,0
46,20360,1800,2350.000,21822.000,2181.000,19373.000,0.888122,0
46,20360,1800,3280.000,21456.000,3122.000,19005.000,0.774162,0
46,20360,1800,2042.000,21555.000,1865.000,19111.000,0.926920,1
46,20360,1800,2294.000,20431.000,2108.000,17995.000,0.478263,1
46,20360,1800,3067.000,20553.000,2902.000,18104.000,0.208558,0
46,20360,1800,2482.000,21399.000,2314.000,18949.000,0.534270,1
46,20360,1800,2375.000,20824.000,2236.000,18379.000,0.221541,1
46,20360,1800,2004.000,21499.000,1827.000,19056.000,0.319413,1
46,20360,1800,2521.000,20423.000,2334.000,18043.000,0.602270,1
46,20360,1800,2304.000,20909.000,2136.000,18459.000,0.228129,1
46,20360,1800,2352.000,20979.000,2186.000,18527.000,0.925352,1
46,20360,1800,2554.000,21085.000,2390.000,18632.000,0.946445,1
46,20360,1800,2153.000,21826.000,1979.000,19376.000,0.410794,0
46,20360,1800,3082.000,21779.000,2936.000,19311.000,0.259439,0
46,20360,1800,2317.000,20985.000,2233.000,18582.000,0.341627,1
46,20360,1800,2750.000,21790.000,2593.000,19331.000,0.931185,0
46,20360,1800,2374.000,21584.000,2244.000,18994.000,0.231426,0
46,20360,1800,2984.000,21766.000,2858.000,19286.000,0.254156,0
46,20360,1800,2150.000,21560.000,2026.000,19158.000,0.559652,0
46,20360,1800,3195.000,21922.000,3050.000,19456.000,0.803039,0
46,20360,1800,2655.000,21726.000,2494.000,19272.000,0.940241,0
46,20360,1800,2194.000,20935.000,2025.000,18484.000,0.896362,1
46,20360,1800,2341.000,21615.000,2173.000,19165.000,0.947491,0
46,20360,1800,2063.000,21146.000,1884.000,18699.000,0.835187,1
46,20360,1800,2148.000,20655.000,1989.000,18200.000,0.880588,1
46,20360,1800,3379.000,21130.000,3219.000,18681.000,0.590642,0
46,20360,1800,2382.000,21299.000,2215.000,18847.000,0.377657,1
46,20360,1800,2773.000,20922.000,2611.000,18471.000,0.313267,1
46,20360,1800,2752.000,20875.000,2556.000,18378.000,0.320589,1
46,20360,1800,2603.000,21864.000,2439.000,19409.000,0.927347,0
46,20360,1800,2365.000,21289.000,2203.000,18826.000,0.780766,1
46,20360,1800,2270.000,21924.000,2101.000,19475.000,0.257246,0
46,20360,1800,2608.000,21626.000,2446.000,19173.000,0.950303,0
46,20360,1800,2687.000,21026.000,2522.000,18574.000,0.839046,1
46,20360,1800,3187.000,21166.000,3026.000,18717.000,0.868398,0
46,20360,1800,2145.000,21749.000,1974.000,19301.000,0.706401,0
46,20360,1800,2151.000,21167.000,1997.000,18717.000,0.943685,1
46,20360,1800,2832.000,21129.000,2669.000,18678.000,0.461951,1
46,20360,1800,2031.000,21235.000,1818.000,18745.000,0.424479,1
46,20360,1800,2037.000,21656.000,1863.000,19213.000,0.424242,0
46,20360,1800,2294.000,20994.000,2096.000,18617.000,0.399334,1
46,20360,1800,2067.000,20463.000,1898.000,18013.000,0.537136,1
46,20360,1800,2233.000,21304.000,2053.000,18883.000,0.702560,1
46,20360,1800,2049.000,21060.000,1875.000,18613.000,0.925442,1
46,20360,1800,2907.000,21262.000,2743.000,18812.000,0.944143,1
46,20360,1800,3341.000,21081.000,3186.000,18632.000,0.699814,0
46,20360,1800,2851.000,21189.000,2701.000,18742.000,0.617212,1
46,20360,1800,2627.000,20848.000,2468.000,18388.000,0.439549,1
46,20360,1800,2635.000,21038.000,2471.000,18586.000,0.922322,1
46,20360,1800,3131.000,20887.000,2924.000,18534.000,0.307657,0
46,20360,1800,2575.000,20816.000,2402.000,18413.000,0.842223,1
46,20360,1800,2322.000,20894.000,2152.000,18442.000,0.471130,1
46,20360,1800,3059.000,21695.000,2906.000,19234.000,0.844415,0
46,20360,1800,2115.000,21026.000,1978.000,18568.000,0.505589,1
46,20360,1800,2343.000,20504.000,2130.000,17983.000,0.212249,1
46,20360,1800,2987.000,20930.000,2822.000,18481.000,0.610422,1
46,20360,1800,2387.000,21792.000,2236.000,19334.000,0.660902,0
46,20360,1800,2287.000,21466.000,2119.000,19017.000,0.947901,1
46,20360,1800,2367.000,20464.000,2196.000,18014.000,0.359185,1
46,20360,1800,3076.000,21769.000,2936.000,19306.000,0.485641,0
46,20360,1800,2065.000,21504.000,1891.000,19060.000,0.291016,1
46,20360,1800,3096.000,21927.000,2949.000,19483.000,0.435337,0
46,20360,1800,2423.000,21767.000,2216.000,19357.000,0.760121,0
46,20360,1800,3193.000,20814.000,3039.000,18243.000,0.212889,0
46,20360,1800,2694.000,21644.000,2535.000,19187.000,0.769763,0
46,20360,1800,3327.000,21253.000,3168.000,18803.000,0.708414,0
46,20360,1800,2066.000,21081.000,1894.000,18633.000,0.918919,1
46,20360,1800,2140.000,20631.000,1993.000,18265.000,0.246579,1
46,20360,1800,2215.000,21344.000,2045.000,18897.000,0.894220,1
46,20360,1800,2825.000,21878.000,2671.000,19418.000,0.786000,0
46,20360,1800,2830.000,21422.000,2667.000,18971.000,0.932494,1
46,20360,1800,3072.000,21851.000,2961.000,19365.000,0.635915,0
46,20360,1800,2233.000,21317.000,2064.000,18868.000,0.952576,1
46,20360,1800,2785.000,21725.000,2629.000,19267.000,0.941137,0
46,20360,1800,2105.000,20616.000,1973.000,18180.000,0.480236,1
46,20360,1800,2365.000,21546.000,2213.000,19007.000,0.251876,1
46,20360,1800,2369.000,20734.000,2197.000,18282.000,0.630462,1
46,20360,1800,2151.000,20665.000,1982.000,18210.000,0.822458,1
46,20360,1800,3288.000,21285.000,3213.000,18861.000,0.317948,0
46,20360,1800,2673.000,20999.000,2508.000,18546.000,0.879643,1
46,20360,1800,2519.000,21679.000,2378.000,19222.000,0.704480,0
46,20360,1800,2764.000,20952.000,2665.000,18505.000,0.231609,1
46,20360,1800,2491.000,20511.000,2347.000,18067.000,0.423755,1
46,20360,1800,2877.000,21548.000,2780.000,19150.000,0.215013,1
46,20360,1800,2360.000,21086.000,2171.000,18677.000,0.558510,1
46,20360,1800,2439.000,21679.000,2268.000,19238.000,0.324286,0
46,20360,1800,2802.000,21567.000,2643.000,19111.000,0.941296,0
46,20360,1800,2594.000,20796.000,2462.000,18360.000,0.575675,1
46,20360,1800,2412.000,21443.000,2259.000,18951.000,0.428584,1
46,20360,1800,1911.000,20683.000,1717.000,18239.000,0.221817,1
46,20360,1800,2287.000,20466.000,2115.000,18017.000,0.602651,1
46,20360,1800,2653.000,21901.000,2486.000,19435.000,0.366208,0
46,20360,1800,1929.000,21294.000,1746.000,18854.000,0.433983,1
46,20360,1800,2991.000,21147.000,2828.000,18697.000,0.722701,1
46,20360,1800,2455.000,20596.000,2404.000,18211.000,0.282759,1
46,20360,1800,2148.000,21020.000,2008.000,18574.000,0.554001,1
46,20360,1800,3230.000,21157.000,3069.000,18708.000,0.524363,0
46,20360,1800,2540.000,20589.000,2431.000,18218.000,0.201840,1
46,20360,1800,1972.000,20767.000,1796.000,18322.000,0.495251,1
46,20360,1800,2467.000,20967.000,2301.000,18515.000,0.768774,1
46,20360,1800,2410.000,21885.000,2241.000,19435.000,0.845426,0
46,20360,1800,2136.000,21605.000,1965.000,19072.000,0.430381,0
46,20360,1800,2666.000,21418.000,2503.000,18965.000,0.884906,1
46,20360,1800,2272.000,21688.000,2101.000,19240.000,0.945992,0
46,20360,1800,2198.000,20730.000,2043.000,18251.000,0.831362,1
46,20360,1800,1927.000,20454.000,1754.000,18009.000,0.515425,1
46,20360,1800,2828.000,20868.000,2648.000,18409.000,0.281551,1
46,20360,1800,2636.000,21716.000,2474.000,19262.000,0.929463,0
46,20360,1800,3020.000,21895.000,2925.000,19391.000,0.724570,0
46,20360,1800,2181.000,20614.000,2011.000,18163.000,0.552448,1
46,20360,1800,2973.000,21209.000,2806.000,18758.000,0.764204,1
46,20360,1800,3340.000,20681.000,3094.000,18221.000,0.260726,0
46,20360,1800,2526.000,21297.000,2361.000,18845.000,0.783256,1
46,20360,1800,3334.000,21266.000,3174.000,18816.000,0.598143,0
46,20360,1800,2880.000,21753.000,2726.000,19293.000,0.279425,0
46,20360,1800,2666.000,21570.000,2504.000,19111.000,0.473121,0
46,20360,1800,2689.000,21388.000,2551.000,18881.000,0.828038,1
46,20360,1800,2308.000,21264.000,2138.000,18813.000,0.519493,1
46,20360,1800,3320.000,21454.000,3162.000,19001.000,0.879653,0
46,20360,1800,2618.000,21876.000,2427.000,19489.000,0.641581,0
46,20360,1800,2389.000,20639.000,2219.000,18187.000,0.615178,1
46,20360,1800,2596.000,20755.000,2431.000,18300.000,0.855431,1
46,20360,1800,2483.000,20895.000,2356.000,18421.000,0.345507,1
46,20360,1800,2401.000,21682.000,2234.000,19231.000,0.705512,0
46,20360,1800,2206.000,20786.000,2038.000,18333.000,0.854533,1
46,20360,1800,2053.000,21249.000,1876.000,18806.000,0.396469,1
46,20360,1800,2080.000,20819.000,1909.000,18371.000,0.494372,1
46,20360,1800,3188.000,21818.000,2998.000,19312.000,0.244216,0
46,20360,1800,2762.000,21063.000,2597.000,18614.000,0.258847,1
46,20360,1800,2237.000,21541.000,2053.000,19041.000,0.572176,1
46,20360,1800,1890.000,20456.000,1716.000,18009.000,0.273545,1
46,20360,1800,2076.000,20679.000,1989.000,18182.000,0.226030,1
46,20360,1800,2722.000,21212.000,2509.000,18706.000,0.273412,1
46,20360,1800,3350.000,21092.000,3177.000,18784.000,0.200849,0
46,20360,1800,3159.000,21350.000,2998.000,18898.000,0.729000,0
46,20360,1800,3355.000,21087.000,3197.000,18638.000,0.241979,0
46,20360,1800,2270.000,21768.000,2085.000,19277.000,0.379091,0
46,20360,1800,2931.000,20890.000,2733.000,18446.000,0.403724,1
46,20360,1800,3209.000,20901.000,3054.000,18304.000,0.363831,0
46,20360,1800,3062.000,21855.000,3004.000,19347.000,0.351353,0
46,20360,1800,2413.000,21148.000,2247.000,18696.000,0.550796,1
46,20360,1800,2477.000,20899.000,2313.000,18446.000,0.835382,1
46,20360,1800,2062.000,20992.000,1890.000,18542.000,0.738356,1
46,20360,1800,2068.000,20467.000,1898.000,18017.000,0.588600,1
46,20360,1800,2073.000,20968.000,1936.000,18512.000,0.498115,1
46,20360,1800,2328.000,21550.000,2159.000,19100.000,0.466567,1
46,20360,1800,2834.000,21015.000,2668.000,18561.000,0.926248,1
46,20360,1800,2513.000,21228.000,2307.000,18717.000,0.317332,1
46,20360,1800,2856.000,21066.000,2663.000,18526.000,0.643291,1
46,20360,1800,2067.000,21942.000,1746.000,19693.000,0.363126,0
46,20360,1800,2252.000,21241.000,2079.000,18735.000,0.297911,1
46,20360,1800,2889.000,21477.000,2755.000,18999.000,0.293231,1
46,20360,1800,2391.000,21269.000,2224.000,18820.000,0.559103,1
46,20360,1800,2814.000,20785.000,2650.000,18335.000,0.686749,1
46,20360,1800,2948.000,20847.000,2808.000,18481.000,0.262638,1
46,20360,1800,2230.000,21523.000,2060.000,19074.000,0.351880,1
46,20360,1800,2139.000,21711.000,2007.000,19274.000,0.384537,0
46,20360,1800,3002.000,20984.000,2839.000,18534.000,0.343711,0
46,20360,1800,2739.000,21908.000,2582.000,19450.000,0.924611,0
46,20360,1800,2265.000,21570.000,2107.000,19121.000,0.622899,0
46,20360,1800,2071.000,20463.000,1902.000,18013.000,0.569299,1
46,20360,1800,2782.000,21869.000,2625.000,19409.000,0.937065,0
46,20360,1800,1993.000,20684.000,1838.000,18288.000,0.580630,1
46,20360,1800,2261.000,20888.000,2091.000,18437.000,0.606329,1
46,20360,1800,2463.000,21212.000,2296.000,18759.000,0.918737,1
46,20360,1800,2429.000,21505.000,2268.000,19043.000,0.349974,1
46,20360,1800,2149.000,21312.000,1976.000,18862.000,0.765641,1
46,20360,1800,2804.000,21701.000,2647.000,19243.000,0.517989,0
46,20360,1800,2087.000,20384.000,1914.000,17934.000,0.655897,1
46,20360,1800,2242.000,20902.000,2073.000,18451.000,0.920483,1
46,20360,1800,2018.000,21900.000,1837.000,19578.000,0.641897,0
46,20360,1800,2511.000,20762.000,2345.000,18309.000,0.201460,1
46,20360,1800,2312.000,20980.000,2150.000,18533.000,0.817851,1
46,20360,1800,1983.000,21927.000,1459.000,19831.000,0.225154,0
46,20360,1800,3077.000,21653.000,2797.000,19190.000,0.262260,0
46,20360,1800,2493.000,21321.000,2330.000,18870.000,0.270099,1
46,20360,1800,2805.000,21572.000,2643.000,19115.000,0.564132,0
46,20360,1800,2474.000,20463.000,2388.000,17957.000,0.216966,1
46,20360,1800,2417.000,21370.000,2320.000,18919.000,0.632744,1
46,20360,1800,2273.000,21423.000,2104.000,18973.000,0.942114,1
46,20360,1800,2355.000,21868.000,2147.000,19524.000,0.208006,0
46,20360,1800,2936.000,21192.000,2771.000,18742.000,0.489225,1
46,20360,1800,2473.000,20959.000,2329.000,18507.000,0.438905,1
46,20360,1800,3279.000,21357.000,3125.000,18774.000,0.234350,0
46,20360,1800,2481.000,21074.000,2333.000,18617.000,0.442870,1
46,20360,1800,2724.000,21447.000,2612.000,18947.000,0.400270,1
46,20360,1800,2618.000,20594.000,2453.000,18141.000,0.419736,1
46,20360,1800,2403.000,21319.000,2239.000,18869.000,0.921567,1
46,20360,1800,3133.000,20983.000,2970.000,18532.000,0.202828,0
46,20360,1800,2191.000,21864.000,1956.000,19483.000,0.406842,0
46,20360,1800,2293.000,20389.000,2128.000,17930.000,0.237886,1
46,20360,1800,2073.000,21829.000,1902.000,19381.000,0.877121,0
46,20360,1800,2143.000,21712.000,1979.000,19270.000,0.564929,0
46,20360,1800,2842.000,21005.000,2586.000,18422.000,0.251248,1
46,20360,1800,2237.000,20767.000,2090.000,18250.000,0.234008,1
46,20360,1800,2140.000,21821.000,1975.000,19376.000,0.260399,0
46,20360,1800,2058.000,21071.000,1898.000,18614.000,0.262445,1
46,20360,1800,3165.000,20790.000,3133.000,18050.000,0.201317,0
46,20360,1800,3114.000,21349.000,2951.000,18902.000,0.868543,0
46,20360,1800,2472.000,20893.000,2265.000,18438.000,0.493498,1
46,20360,1800,1988.000,21231.000,1811.000,18791.000,0.377996,1
46,20360,1800,1891.000,21094.000,1631.000,18710.000,0.232818,1
46,20360,1800,2797.000,21907.000,2581.000,19413.000,0.362572,0
46,20360,1800,2227.000,20823.000,2059.000,18370.000,0.339788,1
46,20360,1800,2162.000,21550.000,1955.000,19097.000,0.778198,1
46,20360,1800,1898.000,20777.000,1720.000,18333.000,0.502709,1
46,20360,1800,2191.000,20965.000,2030.000,18660.000,0.257494,1
46,20360,1800,2511.000,21616.000,2348.000,19162.000,0.940586,0
46,20360,1800,2075.000,21670.000,1902.000,19302.000,0.447374,0
46,20360,1800,2005.000,21291.000,1827.000,18849.000,0.577374,1
46,20360,1800,2006.000,20595.000,1831.000,18146.000,0.216629,1
46,20360,1800,2449.000,21626.000,2283.000,19176.000,0.885399,0
46,20360,1800,2987.000,21146.000,2823.000,18591.000,0.247406,1
46,20360,1800,2935.000,21718.000,2783.000,19258.000,0.942676,0
46,20360,1800,2215.000,21340.000,2044.000,18893.000,0.721506,1
46,20360,1800,2680.000,21662.000,2519.000,19207.000,0.677579,0
46,20360,1800,1990.000,21486.000,1820.000,19044.000,0.567998,1
46,20360,1800,2989.000,21056.000,2785.000,18692.000,0.603813,1
46,20360,1800,2373.000,20585.000,2204.000,18134.000,0.488195,1
46,20360,1800,2733.000,21264.000,2585.000,18809.000,0.515882,1
46,20360,1800,2300.000,20661.000,2133.000,18208.000,0.862797,1
46,20360,1800,2556.000,21173.000,2391.000,18721.000,0.892273,1
46,20360,1800,2391.000,21649.000,2237.000,19184.000,0.470565,0
46,20360,1800,2116.000,20655.000,1956.000,18060.000,0.602569,1
46,20360,1800,2508.000,21347.000,2343.000,18895.000,0.474262,1
46,20360,1800,2508.000,20835.000,2303.000,18456.000,0.284079,1
46,20360,1800,2487.000,21096.000,2323.000,18643.000,0.895668,1
46,20360,1800,3039.000,21124.000,2876.000,18674.000,0.800414,0
46,20360,1800,2737.000,21432.000,2592.000,18899.000,0.343086,1
46,20360,1800,2080.000,20814.000,1911.000,18362.000,0.876779,1
46,20360,1800,2725.000,21208.000,2559.000,18756.000,0.623105,1
46,20360,1800,2176.000,21059.000,2005.000,18614.000,0.360982,1
46,20360,1800,2175.000,20899.000,1982.000,18481.000,0.900148,1
46,20360,1800,2759.000,21325.000,2667.000,18870.000,0.366063,1
46,20360,1800,2684.000,21764.000,2525.000,19307.000,0.214736,0
46,20360,1800,2404.000,21831.000,2238.000,19381.000,0.923671,0
46,20360,1800,2749.000,21712.000,2584.000,19255.000,0.905036,0
46,20360,1800,2498.000,21511.000,2377.000,19039.000,0.687809,1
46,20360,1800,2931.000,20923.000,2766.000,18472.000,0.473747,1
46,20360,1800,2056.000,20546.000,1903.000,18095.000,0.453760,1
46,20360,1800,2278.000,21497.000,2109.000,19045.000,0.927745,1
46,20360,1800,2253.000,20536.000,2058.000,18074.000,0.318323,1
46,20360,1800,2094.000,20971.000,1960.000,18521.000,0.409163,1
46,20360,1800,2279.000,21244.000,2110.000,18794.000,0.890958,1
46,20360,1800,3386.000,21030.000,3226.000,18580.000,0.301835,0
46,20360,1800,2545.000,20746.000,2325.000,18305.000,0.333302,1
46,20360,1800,2187.000,21199.000,2040.000,18764.000,0.582500,1
46,20360,1800,2411.000,21111.000,2262.000,18615.000,0.484474,1
46,20360,1800,2232.000,21776.000,2064.000,19329.000,0.628909,0
46,20360,1800,2149.000,21486.000,1977.000,19041.000,0.931036,1
46,20360,1800,2245.000,20504.000,2079.000,18055.000,0.399718,1
46,20360,1800,1904.000,21144.000,1718.000,18734.000,0.843991,1
46,20360,1800,3342.000,21251.000,3182.000,18801.000,0.548155,0
46,20360,1800,2688.000,21610.000,2526.000,19153.000,0.920126,0
46,20360,1800,2542.000,21821.000,2378.000,19369.000,0.770058,0
46,20360,1800,2104.000,20659.000,1968.000,18162.000,0.245332,1
46,20360,1800,3168.000,20963.000,3007.000,18514.000,0.226775,0
46,20360,1800,2939.000,21874.000,2787.000,19412.000,0.438879,0
46,20360,1800,3022.000,21233.000,2840.000,18737.000,0.656968,0
46,20360,1800,2067.000,21732.000,1801.000,19313.000,0.221121,0
46,20360,1800,2153.000,20476.000,2052.000,17935.000,0.290563,1
46,20360,1800,2201.000,20413.000,2031.000,17963.000,0.380868,1
46,20360,1800,1988.000,21716.000,1814.000,19272.000,0.276205,0
46,20360,1800,2145.000,21010.000,1992.000,18558.000,0.853661,1
46,20360,1800,2746.000,21241.000,2582.000,18789.000,0.492394,1
46,20360,1800,2260.000,21204.000,2092.000,18755.000,0.953404,1
46,20360,1800,2556.000,21038.000,2397.000,18567.000,0.473659,1
46,20360,1800,3291.000,21551.000,3240.000,19198.000,0.261878,0
46,20360,1800,1899.000,21892.000,1450.000,19816.000,0.392142,0
46,20360,1800,2750.000,20628.000,2585.000,18169.000,0.264466,1
46,20360,1800,1886.000,21423.000,1689.000,19255.000,0.212594,1
46,20360,1800,3255.000,21528.000,3091.000,19029.000,0.559354,0
46,20360,1800,2038.000,21013.000,1946.000,18573.000,0.452474,1
46,20360,1800,3191.000,20818.000,3028.000,18370.000,0.328572,0
46,20360,1800,2403.000,21877.000,2223.000,19421.000,0.269345,0
46,20360,1800,2383.000,21606.000,2226.000,19165.000,0.713552,0
46,20360,1800,2074.000,21190.000,1907.000,18620.000,0.338203,1
46,20360,1800,2214.000,21301.000,2060.000,18854.000,0.828827,1
46,20360,1800,3073.000,21781.000,2923.000,19318.000,0.585474,0
46,20360,1800,2244.000,21643.000,2074.000,19195.000,0.723838,0
46,20360,1800,2636.000,20518.000,2491.000,17926.000,0.302098,1
46,20360,1800,2576.000,21389.000,2411.000,18935.000,0.946878,1
46,20360,1800,3202.000,21511.000,3047.000,19059.000,0.441961,0
46,20360,1800,2527.000,21672.000,2483.000,19105.000,0.261763,0
46,20360,1800,2160.000,20962.000,1986.000,18512.000,0.544472,1
46,20360,1800,2400.000,20591.000,2224.000,18148.000,0.284558,1
46,20360,1800,2488.000,21439.000,2323.000,18988.000,0.948674,1
46,20360,1800,2407.000,21516.000,2240.000,19067.000,0.257914,1
46,20360,1800,1909.000,20436.000,1732.000,17988.000,0.203264,1
46,20360,1800,3113.000,21509.000,2957.000,19056.000,0.622697,0
46,20360,1800,3088.000,21350.000,2924.000,18893.000,0.491045,0
46,20360,1800,3280.000,20867.000,3117.000,18416.000,0.228734,0
46,20360,1800,2708.000,21865.000,2561.000,19402.000,0.602731,0
47,20360,3000,3273.000,21256.000,3114.000,18804.000,0.277087,1
47,20360,3000,4538.000,20469.000,4426.000,17982.000,0.244281,0
48,20360,4200,4538.000,20469.000,4426.000,17982.000,0.226101,1
48,20360,4200,4287.000,20499.000,4163.000,18019.000,0.208852,1
49,21560,1800,3086.000,22786.000,2949.000,20310.000,0.350984,0
49,21560,1800,3089.000,22436.000,2927.000,19943.000,0.360737,0
49,21560,1800,3387.000,22342.000,3278.000,19857.000,0.392084,0
49,21560,1800,3046.000,22145.000,2901.000,19678.000,0.838340,0
49,21560,1800,2270.000,21594.000,2101.000,19145.000,0.870661,1
49,21560,1800,1872.000,22536.000,1652.000,20088.000,0.203017,1
49,21560,1800,2548.000,21672.000,2502.000,19092.000,0.266612,1
49,21560,1800,3041.000,21933.000,2892.000,19468.000,0.232819,0
49,21560,1800,3326.000,22402.000,3190.000,19928.000,0.487119,0
49,21560,1800,2134.000,21985.000,1963.000,19537.000,0.650503,1
49,21560,1800,2390.000,22537.000,2268.000,20092.000,0.274922,1
49,21560,1800,2810.000,21813.000,2655.000,19399.000,0.200348,1
49,21560,1800,2618.000,22149.000,2459.000,19692.000,0.731123,1
49,21560,1800,2245.000,22346.000,2076.000,19897.000,0.292997,1
49,21560,1800,3262.000,22563.000,3127.000,20087.000,0.473503,0
49,21560,1800,3254.000,22717.000,3173.000,20209.000,0.213970,0
49,21560,1800,2673.000,22194.000,2516.000,19738.000,0.835174,1
49,21560,1800,2233.000,22628.000,2083.000,20129.000,0.249517,1
49,21560,1800,2298.000,22233.000,2129.000,19785.000,0.455381,1
49,21560,1800,2691.000,21584.000,2530.000,19130.000,0.670563,1
49,21560,1800,3321.000,21874.000,3174.000,19411.000,0.266835,0
49,21560,1800,1996.000,21719.000,1823.000,19273.000,0.338993,1
49,21560,1800,3330.000,22389.000,3193.000,19916.000,0.437617,0
49,21560,1800,3295.000,22426.000,3157.000,19951.000,0.702276,0
49,21560,1800,2075.000,21877.000,1903.000,19429.000,0.912767,1
49,21560,1800,2408.000,23145.000,2246.000,20693.000,0.319955,0
49,21560,1800,2273.000,23144.000,2127.000,21033.000,0.313109,0
49,21560,1800,3111.000,22473.000,2970.000,20000.000,0.432786,0
49,21560,1800,2056.000,22594.000,1883.000,20149.000,0.622641,1
49,21560,1800,2499.000,23013.000,2334.000,20564.000,0.468635,0
49,21560,1800,2853.000,22377.000,2704.000,19911.000,0.913928,1
49,21560,1800,2128.000,22113.000,1956.000,19667.000,0.824156,1
49,21560,1800,2191.000,22288.000,2032.000,19835.000,0.296352,1
49,21560,1800,1917.000,23146.000,1754.000,20694.000,0.201540,0
49,21560,1800,3069.000,22439.000,2909.000,19951.000,0.342300,0
49,21560,1800,3091.000,22328.000,2951.000,19855.000,0.372367,0
49,21560,1800,2410.000,21717.000,2243.000,19266.000,0.429246,1
49,21560,1800,3003.000,21894.000,2854.000,19430.000,0.394897,0
49,21560,1800,3344.000,22395.000,3206.000,19920.000,0.717016,0
49,21560,1800,2773.000,22757.000,2628.000,20286.000,0.587278,1
49,21560,1800,1999.000,22261.000,1824.000,19814.000,0.458520,1
49,21560,1800,3267.000,22552.000,3129.000,20074.000,0.725941,0
49,21560,1800,3389.000,22182.000,3250.000,19711.000,0.340274,0
49,21560,1800,1909.000,22444.000,1734.000,20000.000,0.265120,1
49,21560,1800,3249.000,22465.000,3111.000,19990.000,0.767195,0
49,21560,1800,3287.000,22270.000,3147.000,19719.000,0.561796,0
49,21560,1800,1897.000,22813.000,1725.000,20367.000,0.489638,0
49,21560,1800,1934.000,22066.000,1760.000,19621.000,0.239957,1
49,21560,1800,3248.000,22493.000,3111.000,20018.000,0.745861,0
49,21560,1800,2795.000,22628.000,2649.000,20159.000,0.811952,1
49,21560,1800,3146.000,22427.000,3071.000,19951.000,0.418447,0
49,21560,1800,2887.000,22147.000,2736.000,19684.000,0.873221,1
49,21560,1800,2211.000,22217.000,2041.000,19770.000,0.719322,1
49,21560,1800,2585.000,21932.000,2415.000,19289.000,0.269628,1
49,21560,1800,3227.000,22019.000,3104.000,19543.000,0.408928,0
49,21560,1800,2834.000,22042.000,2680.000,19581.000,0.475510,1
49,21560,1800,2659.000,22179.000,2502.000,19721.000,0.802069,1
49,21560,1800,3378.000,22159.000,3240.000,19691.000,0.240772,0
49,21560,1800,1872.000,22878.000,1702.000,20431.000,0.244302,0
49,21560,1800,1978.000,21717.000,1805.000,19273.000,0.270870,1
49,21560,1800,2407.000,22146.000,2243.000,19704.000,0.270441,1
49,21560,1800,3292.000,22736.000,1404.000,19378.000,0.220198,0
49,21560,1800,3104.000,21621.000,2950.000,19160.000,0.201095,0
49,21560,1800,3266.000,22541.000,3130.000,20066.000,0.697951,0
49,21560,1800,2838.000,21684.000,2683.000,19224.000,0.768658,1
49,21560,1800,2103.000,22219.000,1930.000,19773.000,0.723271,1
49,21560,1800,2014.000,21656.000,1840.000,19213.000,0.783729,1
49,21560,1800,2866.000,22150.000,2714.000,19688.000,0.866633,1
49,21560,1800,1946.000,22301.000,1742.000,19869.000,0.429468,1
49,21560,1800,3188.000,22308.000,3048.000,19834.000,0.477444,0
49,21560,1800,3102.000,22895.000,2965.000,20418.000,0.254410,0
49,21560,1800,2548.000,21888.000,2388.000,19432.000,0.807177,1
49,21560,1800,1966.000,21914.000,1805.000,19464.000,0.274218,1
49,21560,1800,2501.000,22371.000,2349.000,19878.000,0.439905,1
49,21560,1800,2426.000,22694.000,2271.000,20231.000,0.467158,1
49,21560,1800,3079.000,22447.000,2924.000,19959.000,0.615760,0
49,21560,1800,2264.000,22069.000,2095.000,19622.000,0.629491,1
49,21560,1800,2738.000,22528.000,2588.000,20061.000,0.718493,1
49,21560,1800,2402.000,22399.000,2239.000,19945.000,0.474380,1
49,21560,1800,2848.000,22538.000,2718.000,20059.000,0.313398,1
49,21560,1800,2995.000,22335.000,2851.000,19866.000,0.736180,1
49,21560,1800,2629.000,22015.000,2473.000,19593.000,0.614791,1
49,21560,1800,1962.000,22546.000,1788.000,20101.000,0.445480,1
49,21560,1800,2849.000,22176.000,2696.000,19713.000,0.794519,1
49,21560,1800,2661.000,22632.000,2512.000,20165.000,0.323753,1
49,21560,1800,2937.000,22699.000,2873.000,20249.000,0.218581,1
49,21560,1800,2464.000,22176.000,2299.000,19723.000,0.446274,1
49,21560,1800,2748.000,21717.000,2590.000,19261.000,0.830200,1
49,21560,1800,3102.000,22451.000,2962.000,19978.000,0.287243,0
49,21560,1800,1922.000,22172.000,1748.000,19727.000,0.677746,1
49,21560,1800,2674.000,22477.000,2522.000,20011.000,0.721112,1
49,21560,1800,2056.000,22923.000,1891.000,20471.000,0.521247,0
49,21560,1800,2763.000,22531.000,2615.000,20064.000,0.717109,1
49,21560,1800,3232.000,22750.000,3093.000,20274.000,0.258160,0
49,21560,1800,2636.000,21571.000,2614.000,19024.000,0.229104,1
49,21560,1800,2306.000,22522.000,2145.000,20071.000,0.410851,1
49,21560,1800,3262.000,22466.000,3125.000,19991.000,0.293881,0
49,21560,1800,2467.000,22616.000,2311.000,20155.000,0.257055,1
49,21560,1800,2141.000,22060.000,1970.000,19614.000,0.781654,1
49,21560,1800,2745.000,21982.000,2562.000,19523.000,0.217165,1
49,21560,1800,2366.000,22688.000,2208.000,20230.000,0.272179,1
49,21560,1800,3280.000,22726.000,3192.000,20206.000,0.228493,0
49,21560,1800,2414.000,21993.000,2248.000,19541.000,0.208404,1
49,21560,1800,2156.000,22409.000,1986.000,19962.000,0.333729,1
49,21560,1800,1936.000,22141.000,1762.000,19695.000,0.444805,1
49,21560,1800,2448.000,22269.000,2304.000,19810.000,0.576652,1
49,21560,1800,2979.000,21806.000,2829.000,19342.000,0.782450,1
49,21560,1800,2062.000,21832.000,1890.000,19384.000,0.757449,1
49,21560,1800,3107.000,22763.000,2970.000,20288.000,0.697140,0
49,21560,1800,3381.000,21910.000,3235.000,19448.000,0.263352,0
49,21560,1800,2171.000,22290.000,2013.000,19842.000,0.873641,1
49,21560,1800,2328.000,22017.000,2162.000,19568.000,0.738584,1
49,21560,1800,2667.000,22488.000,2515.000,20022.000,0.813126,1
49,21560,1800,2601.000,22550.000,2443.000,20086.000,0.308306,1
49,21560,1800,2614.000,22525.000,2465.000,20061.000,0.588063,1
49,21560,1800,2380.000,22264.000,2213.000,19813.000,0.493837,1
49,21560,1800,2784.000,22646.000,2637.000,20176.000,0.741157,1
49,21560,1800,2656.000,21638.000,2487.000,19186.000,0.331339,1
49,21560,1800,2274.000,22030.000,2104.000,19582.000,0.284305,1
49,21560,1800,2050.000,21711.000,1878.000,19266.000,0.728781,1
49,21560,1800,2245.000,22160.000,2075.000,19712.000,0.804714,1
49,21560,1800,2798.000,22669.000,2654.000,20199.000,0.485773,1
49,21560,1800,2803.000,21786.000,2596.000,19358.000,0.286982,1
49,21560,1800,2673.000,21625.000,2514.000,19170.000,0.389010,1
49,21560,1800,3367.000,22360.000,3280.000,19914.000,0.281100,0
49,21560,1800,2248.000,21976.000,2080.000,19528.000,0.223482,1
49,21560,1800,2215.000,22622.000,2047.000,20171.000,0.493472,1
49,21560,1800,2828.000,22833.000,2681.000,20366.000,0.741031,0
49,21560,1800,3370.000,22191.000,3230.000,19721.000,0.271415,0
49,21560,1800,2565.000,21925.000,2419.000,19473.000,0.778759,1
49,21560,1800,3291.000,22626.000,3158.000,20149.000,0.753363,0
49,21560,1800,2393.000,22384.000,2228.000,19930.000,0.601317,1
49,21560,1800,2359.000,22242.000,2191.000,19794.000,0.773999,1
49,21560,1800,3126.000,22384.000,2985.000,19913.000,0.552639,0
49,21560,1800,2673.000,22235.000,2494.000,19828.000,0.239360,1
49,21560,1800,2558.000,22553.000,2403.000,20090.000,0.642993,1
49,21560,1800,3164.000,22721.000,3028.000,20245.000,0.615305,0
49,21560,1800,2409.000,21896.000,2244.000,19445.000,0.617831,1
49,21560,1800,3334.000,22407.000,3206.000,19933.000,0.447479,0
49,21560,1800,3135.000,22114.000,3023.000,19698.000,0.222605,0
49,21560,1800,2402.000,21633.000,2237.000,19184.000,0.290213,1
49,21560,1800,3029.000,22739.000,2891.000,20265.000,0.264781,0
49,21560,1800,2135.000,22204.000,1963.000,19758.000,0.490025,1
49,21560,1800,2631.000,22093.000,2472.000,19637.000,0.718684,1
49,21560,1800,1872.000,22355.000,1649.000,19849.000,0.257818,1
49,21560,1800,1939.000,21671.000,1764.000,19228.000,0.778880,1
49,21560,1800,3101.000,22826.000,2965.000,20351.000,0.467568,0
49,21560,1800,1885.000,21627.000,1554.000,19055.000,0.207843,1
49,21560,1800,3082.000,22470.000,2956.000,19994.000,0.581216,0
49,21560,1800,2609.000,22537.000,2457.000,20075.000,0.539340,1
49,21560,1800,2263.000,22534.000,2097.000,20083.000,0.228780,1
49,21560,1800,2180.000,22472.000,2012.000,20024.000,0.761319,1
49,21560,1800,2308.000,22219.000,2140.000,19771.000,0.661184,1
49,21560,1800,2066.000,22205.000,1892.000,19759.000,0.657497,1
49,21560,1800,2528.000,21655.000,2491.000,19087.000,0.265145,1
49,21560,1800,3053.000,22060.000,2906.000,19594.000,0.391937,0
49,21560,1800,3138.000,22418.000,2997.000,19947.000,0.584126,0
49,21560,1800,2660.000,22083.000,2501.000,19625.000,0.893235,1
49,21560,1800,2754.000,22749.000,2611.000,20284.000,0.388247,1
49,21560,1800,3214.000,22264.000,3011.000,19718.000,0.412853,0
49,21560,1800,2574.000,22178.000,2413.000,19722.000,0.338461,1
49,21560,1800,1974.000,21923.000,1802.000,19476.000,0.511238,1
49,21560,1800,2500.000,22248.000,2355.000,19797.000,0.246749,1
49,21560,1800,2302.000,22365.000,2136.000,19914.000,0.704287,1
49,21560,1800,2080.000,22487.000,1964.000,19965.000,0.205861,1
49,21560,1800,3331.000,23095.000,3208.000,20608.000,0.372017,0
49,21560,1800,2370.000,22215.000,2240.000,19745.000,0.374480,1
49,21560,1800,1919.000,22138.000,1746.000,19693.000,0.287302,1
49,21560,1800,2592.000,22660.000,2458.000,20204.000,0.424091,1
49,21560,1800,2114.000,22740.000,1937.000,20289.000,0.237265,1
49,21560,1800,3361.000,23057.000,3239.000,20569.000,0.327054,0
49,21560,1800,2904.000,22397.000,2703.000,19952.000,0.548866,1
49,21560,1800,2812.000,21894.000,2657.000,19433.000,0.372691,1
49,21560,1800,2373.000,22139.000,2206.000,19688.000,0.556206,1
49,21560,1800,2655.000,22476.000,2502.000,20014.000,0.701728,1
49,21560,1800,3196.000,22250.000,3055.000,19778.000,0.218511,0
49,21560,1800,2314.000,21973.000,2147.000,19524.000,0.483263,1
49,21560,1800,2740.000,21621.000,2581.000,19166.000,0.484026,1
49,21560,1800,3044.000,22601.000,2904.000,20130.000,0.549806,0
49,21560,1800,3315.000,21920.000,3114.000,19530.000,0.225526,0
49,21560,1800,2166.000,22456.000,1996.000,20008.000,0.484271,1
49,21560,1800,2746.000,22784.000,2595.000,20321.000,0.510572,0
49,21560,1800,2247.000,21801.000,2094.000,19361.000,0.530308,1
49,21560,1800,2688.000,21625.000,2527.000,19171.000,0.399176,1
49,21560,1800,2688.000,21939.000,2531.000,19480.000,0.707269,1
49,21560,1800,2750.000,21708.000,2593.000,19249.000,0.602399,1
49,21560,1800,2663.000,21659.000,2502.000,19205.000,0.564327,1
49,21560,1800,1979.000,22032.000,1837.000,19578.000,0.604609,1
49,21560,1800,1876.000,22366.000,1702.000,19920.000,0.367976,1
49,21560,1800,2210.000,21588.000,2040.000,19140.000,0.345658,1
49,21560,1800,2575.000,21858.000,2382.000,19442.000,0.703658,1
49,21560,1800,2883.000,21835.000,2728.000,19374.000,0.741472,1
49,21560,1800,1930.000,21727.000,1757.000,19284.000,0.270220,1
49,21560,1800,2109.000,21735.000,2016.000,19261.000,0.263127,1
49,21560,1800,2789.000,22448.000,2645.000,19981.000,0.498276,1
49,21560,1800,3056.000,21957.000,2907.000,19491.000,0.862218,0
49,21560,1800,2863.000,21806.000,2710.000,19345.000,0.896941,1
49,21560,1800,2100.000,21589.000,1901.000,19072.000,0.231221,1
49,21560,1800,2188.000,22611.000,2021.000,20160.000,0.248746,1
49,21560,1800,3014.000,22722.000,2700.000,20367.000,0.237335,0
49,21560,1800,2554.000,22071.000,2393.000,19615.000,0.412548,1
49,21560,1800,3063.000,22495.000,2922.000,20023.000,0.757083,0
49,21560,1800,3196.000,22065.000,3053.000,19597.000,0.454623,0
49,21560,1800,3279.000,22426.000,3143.000,19951.000,0.633236,0
49,21560,1800,2383.000,22061.000,2221.000,19613.000,0.545678,1
49,21560,1800,2734.000,22773.000,2584.000,20311.000,0.205309,0
49,21560,1800,3347.000,23128.000,3225.000,20639.000,0.301279,0
49,21560,1800,3203.000,22211.000,3063.000,19739.000,0.786735,0
49,21560,1800,3039.000,22666.000,2900.000,20194.000,0.315661,0
49,21560,1800,2478.000,22555.000,2384.000,20118.000,0.216064,1
49,21560,1800,1907.000,22188.000,1736.000,19744.000,0.432764,1
49,21560,1800,3365.000,22629.000,3235.000,20150.000,0.697808,0
49,21560,1800,2637.000,21664.000,2476.000,19209.000,0.523271,1
49,21560,1800,3144.000,22590.000,3006.000,20116.000,0.814640,0
49,21560,1800,2350.000,21822.000,2181.000,19373.000,0.528119,1
49,21560,1800,2114.000,22098.000,1949.000,19658.000,0.551570,1
49,21560,1800,2343.000,21940.000,2177.000,19490.000,0.237267,1
49,21560,1800,2176.000,22300.000,2023.000,19855.000,0.550901,1
49,21560,1800,3206.000,22413.000,3066.000,19939.000,0.442861,0
49,21560,1800,1924.000,21574.000,1865.000,19111.000,0.218336,1
49,21560,1800,3063.000,22305.000,2920.000,19836.000,0.627211,0
49,21560,1800,3056.000,22833.000,2914.000,20357.000,0.239571,0
49,21560,1800,3119.000,22616.000,2981.000,20142.000,0.418076,0
49,21560,1800,2489.000,23052.000,2323.000,20603.000,0.293735,0
49,21560,1800,2817.000,22292.000,2667.000,19829.000,0.758731,1
49,21560,1800,3227.000,22111.000,3085.000,19642.000,0.477635,0
49,21560,1800,1915.000,21973.000,1740.000,19530.000,0.696970,1
49,21560,1800,1929.000,22128.000,1755.000,19682.000,0.853671,1
49,21560,1800,2750.000,21790.000,2593.000,19331.000,0.635150,1
49,21560,1800,3024.000,22606.000,2884.000,20135.000,0.723420,0
49,21560,1800,2267.000,22162.000,2095.000,19715.000,0.268015,1
49,21560,1800,2984.000,21766.000,2858.000,19286.000,0.574431,1
49,21560,1800,2341.000,22707.000,2190.000,20252.000,0.577140,1
49,21560,1800,2655.000,21726.000,2494.000,19272.000,0.214204,1
49,21560,1800,2341.000,21615.000,2257.000,18972.000,0.243194,1
49,21560,1800,2196.000,21604.000,2117.000,19074.000,0.421296,1
49,21560,1800,3359.000,23037.000,3236.000,20550.000,0.258024,0
49,21560,1800,1980.000,21906.000,1809.000,19464.000,0.574699,1
49,21560,1800,2130.000,22240.000,1958.000,19794.000,0.660235,1
49,21560,1800,2185.000,22327.000,2015.000,19881.000,0.548351,1
49,21560,1800,2603.000,21864.000,2439.000,19409.000,0.314454,1
49,21560,1800,2940.000,22530.000,2794.000,20061.000,0.347153,1
49,21560,1800,2688.000,22420.000,2535.000,19958.000,0.369381,1
49,21560,1800,2721.000,22205.000,2565.000,19746.000,0.633384,1
49,21560,1800,2608.000,21626.000,2446.000,19173.000,0.755198,1
49,21560,1800,3195.000,21922.000,3050.000,19456.000,0.596650,0
49,21560,1800,2841.000,22673.000,2697.000,20204.000,0.538838,1
49,21560,1800,3372.000,22297.000,3234.000,19823.000,0.258966,0
49,21560,1800,2037.000,21656.000,1863.000,19213.000,0.326625,1
49,21560,1800,2983.000,22280.000,2836.000,19813.000,0.774037,1
49,21560,1800,2331.000,22117.000,2163.000,19667.000,0.662295,1
49,21560,1800,2569.000,22544.000,2415.000,20079.000,0.485003,1
49,21560,1800,2764.000,22559.000,2615.000,20093.000,0.370174,1
49,21560,1800,2235.000,22317.000,2065.000,19869.000,0.618217,1
49,21560,1800,1886.000,22574.000,1692.000,20080.000,0.275057,1
49,21560,1800,2484.000,22229.000,2336.000,19797.000,0.322518,1
49,21560,1800,2270.000,21924.000,2101.000,19475.000,0.258941,1
49,21560,1800,2760.000,22477.000,2607.000,20012.000,0.681963,1
49,21560,1800,2300.000,22505.000,2120.000,20050.000,0.255906,1
49,21560,1800,3076.000,21769.000,2936.000,19311.000,0.313885,0
49,21560,1800,2197.000,22244.000,2026.000,19798.000,0.476809,1
49,21560,1800,2733.000,22175.000,2577.000,19715.000,0.318471,1
49,21560,1800,3067.000,23012.000,2945.000,20531.000,0.218082,0
49,21560,1800,2407.000,22195.000,2204.000,19767.000,0.676965,1
49,21560,1800,2423.000,21767.000,2216.000,19357.000,0.620137,1
49,21560,1800,1945.000,22478.000,1755.000,20095.000,0.291871,1
49,21560,1800,3126.000,22538.000,2987.000,20067.000,0.448110,0
49,21560,1800,2694.000,21644.000,2535.000,19187.000,0.393346,1
49,21560,1800,2857.000,22166.000,2734.000,19666.000,0.264588,1
49,21560,1800,2124.000,21940.000,1956.000,19483.000,0.211499,1
49,21560,1800,3072.000,21851.000,2961.000,19365.000,0.208338,0
49,21560,1800,2785.000,21725.000,2629.000,19267.000,0.453618,1
49,21560,1800,2951.000,22263.000,2803.000,19797.000,0.834145,1
49,21560,1800,2519.000,21679.000,2378.000,19222.000,0.508633,1
49,21560,1800,1955.000,22339.000,1782.000,19894.000,0.576390,1
49,21560,1800,3358.000,23048.000,3233.000,20557.000,0.360060,0
49,21560,1800,2752.000,22544.000,2604.000,20078.000,0.661066,1
49,21560,1800,2593.000,21962.000,2457.000,19424.000,0.403853,1
49,21560,1800,3059.000,22376.000,2917.000,19905.000,0.666024,0
49,21560,1800,3014.000,22488.000,2868.000,20018.000,0.397330,0
49,21560,1800,2364.000,22347.000,2197.000,19894.000,0.658059,1
49,21560,1800,1887.000,22872.000,1717.000,20424.000,0.346313,0
49,21560,1800,3057.000,22434.000,2896.000,19957.000,0.713174,0
49,21560,1800,2136.000,21605.000,1965.000,19072.000,0.221855,1
49,21560,1800,2282.000,22768.000,2114.000,20316.000,0.305271,0
49,21560,1800,2272.000,21688.000,2101.000,19240.000,0.756478,1
49,21560,1800,2859.000,22582.000,2712.000,20113.000,0.482218,1
49,21560,1800,2708.000,22559.000,2567.000,20094.000,0.205965,1
49,21560,1800,3108.000,22437.000,2962.000,19933.000,0.437931,0
49,21560,1800,3119.000,22258.000,2977.000,19786.000,0.919540,0
49,21560,1800,3093.000,22101.000,2949.000,19633.000,0.904939,0
49,21560,1800,3253.000,22109.000,3119.000,19655.000,0.287851,0
49,21560,1800,3231.000,22754.000,3095.000,20278.000,0.284013,0
49,21560,1800,1919.000,23008.000,1752.000,20558.000,0.241790,0
49,21560,1800,2618.000,21876.000,2479.000,19450.000,0.279831,1
49,21560,1800,3272.000,22410.000,3138.000,19933.000,0.433950,0
49,21560,1800,1931.000,23140.000,1777.000,20688.000,0.300429,0
49,21560,1800,3373.000,23126.000,3251.000,20636.000,0.477730,0
49,21560,1800,2524.000,22197.000,2355.000,19734.000,0.591389,1
49,21560,1800,3296.000,22651.000,3166.000,20171.000,0.587183,0
49,21560,1800,3092.000,21926.000,2942.000,19460.000,0.333505,0
49,21560,1800,2854.000,22385.000,2703.000,19921.000,0.638528,1
49,21560,1800,2834.000,22129.000,2663.000,19643.000,0.271209,1
49,21560,1800,2219.000,22031.000,2050.000,19583.000,0.569835,1
49,21560,1800,2186.000,22250.000,1972.000,19734.000,0.275400,1
49,21560,1800,3096.000,21949.000,2949.000,19483.000,0.644084,0
49,21560,1800,3207.000,22566.000,3069.000,20091.000,0.237125,0
49,21560,1800,3154.000,22406.000,3014.000,19933.000,0.922506,0
49,21560,1800,2802.000,22150.000,2647.000,19689.000,0.200979,1
49,21560,1800,2809.000,22368.000,2659.000,19903.000,0.633527,1
49,21560,1800,2613.000,21991.000,2451.000,19535.000,0.287564,1
49,21560,1800,3288.000,22506.000,3151.000,20031.000,0.645426,0
49,21560,1800,2488.000,22012.000,2348.000,19556.000,0.232913,1
49,21560,1800,2611.000,22672.000,2492.000,20177.000,0.370666,1
49,21560,1800,3171.000,22601.000,3034.000,20125.000,0.238054,0
49,21560,1800,2739.000,21908.000,2582.000,19450.000,0.853325,1
49,21560,1800,2197.000,22293.000,2033.000,19845.000,0.327596,1
49,21560,1800,2788.000,22432.000,2638.000,19966.000,0.903780,1
49,21560,1800,2782.000,21869.000,2625.000,19409.000,0.449848,1
49,21560,1800,3058.000,22397.000,2919.000,19928.000,0.587953,0
49,21560,1800,2148.000,21827.000,1979.000,19376.000,0.385444,1
49,21560,1800,2599.000,22538.000,2447.000,20072.000,0.552909,1
49,21560,1800,2342.000,22033.000,2173.000,19584.000,0.910696,1
49,21560,1800,2098.000,22387.000,1851.000,19937.000,0.319673,1
49,21560,1800,1977.000,23047.000,1826.000,20740.000,0.218355,0
49,21560,1800,1998.000,22493.000,1824.000,20048.000,0.616541,1
49,21560,1800,2087.000,22139.000,1965.000,19686.000,0.226309,1
49,21560,1800,3120.000,22404.000,2977.000,19933.000,0.672033,0
49,21560,1800,2267.000,22551.000,2101.000,20097.000,0.389010,1
49,21560,1800,2236.000,22063.000,2065.000,19616.000,0.208911,1
49,21560,1800,3114.000,22518.000,2973.000,20045.000,0.269561,0
49,21560,1800,2841.000,22120.000,2689.000,19659.000,0.327152,1
49,21560,1800,2845.000,22563.000,2614.000,20108.000,0.294196,1
49,21560,1800,3145.000,22755.000,3009.000,20279.000,0.287237,0
49,21560,1800,3060.000,22630.000,2930.000,20165.000,0.585121,0
49,21560,1800,1986.000,22473.000,1810.000,20026.000,0.431574,1
49,21560,1800,2422.000,23008.000,2260.000,20556.000,0.276959,0
49,21560,1800,2043.000,22160.000,1870.000,19716.000,0.647191,1
49,21560,1800,2073.000,21829.000,1902.000,19381.000,0.792897,1
49,21560,1800,2524.000,22246.000,2362.000,19790.000,0.571978,1
49,21560,1800,2698.000,22497.000,2547.000,20032.000,0.840515,1
49,21560,1800,1995.000,22869.000,1827.000,20420.000,0.573986,0
49,21560,1800,2413.000,21704.000,2236.000,19334.000,0.323305,1
49,21560,1800,2196.000,22037.000,2088.000,19578.000,0.319765,1
49,21560,1800,3225.000,22403.000,3086.000,19930.000,0.547554,0
49,21560,1800,3127.000,23140.000,3011.000,20617.000,0.262598,0
49,21560,1800,2293.000,22037.000,2123.000,19589.000,0.216809,1
49,21560,1800,2979.000,22428.000,2833.000,19959.000,0.783696,1
49,21560,1800,2547.000,22673.000,2324.000,20282.000,0.252592,1
49,21560,1800,2511.000,21616.000,2348.000,19162.000,0.647113,1
49,21560,1800,3113.000,22537.000,2975.000,20064.000,0.653754,0
49,21560,1800,2910.000,21745.000,2655.000,19299.000,0.236897,1
49,21560,1800,2075.000,21670.000,1902.000,19302.000,0.316465,1
49,21560,1800,3034.000,22660.000,2892.000,20188.000,0.671253,0
49,21560,1800,2862.000,22144.000,2710.000,19683.000,0.616811,1
49,21560,1800,1990.000,22265.000,1728.000,19892.000,0.374104,1
49,21560,1800,2449.000,21626.000,2283.000,19176.000,0.487167,1
49,21560,1800,1976.000,22046.000,1802.000,19600.000,0.873867,1
49,21560,1800,3038.000,22731.000,2900.000,20258.000,0.402393,0
49,21560,1800,2935.000,21718.000,2783.000,19258.000,0.609625,1
49,21560,1800,2680.000,21662.000,2519.000,19207.000,0.281596,1
49,21560,1800,2754.000,22518.000,2602.000,20052.000,0.607754,1
49,21560,1800,2071.000,22483.000,1900.000,20043.000,0.477797,1
49,21560,1800,2094.000,22147.000,1949.000,19693.000,0.410933,1
49,21560,1800,3088.000,22124.000,2943.000,19656.000,0.855486,0
49,21560,1800,2533.000,22242.000,2372.000,19787.000,0.522021,1
49,21560,1800,2743.000,22771.000,2594.000,20303.000,0.505235,0
49,21560,1800,1942.000,21571.000,1764.000,19131.000,0.265841,1
49,21560,1800,2604.000,22518.000,2452.000,20054.000,0.447794,1
49,21560,1800,2659.000,22112.000,2499.000,19655.000,0.660099,1
49,21560,1800,3350.000,22255.000,3320.000,19672.000,0.311253,0
49,21560,1800,2763.000,22733.000,2609.000,20269.000,0.298345,1
49,21560,1800,3213.000,21990.000,3069.000,19523.000,0.223423,0
49,21560,1800,2112.000,22439.000,1960.000,19966.000,0.266481,1
49,21560,1800,3025.000,22660.000,2885.000,20187.000,0.520396,0
49,21560,1800,2404.000,21831.000,2238.000,19381.000,0.751794,1
49,21560,1800,2749.000,21712.000,2584.000,19255.000,0.267730,1
49,21560,1800,2541.000,21687.000,2504.000,19111.000,0.380172,1
49,21560,1800,3181.000,22208.000,3041.000,19737.000,0.350411,0
49,21560,1800,3115.000,21612.000,3047.000,19059.000,0.201182,0
49,21560,1800,2507.000,22075.000,2382.000,19542.000,0.251509,1
49,21560,1800,1904.000,22998.000,1736.000,20549.000,0.286383,0
49,21560,1800,3143.000,22999.000,3015.000,20519.000,0.346105,0
49,21560,1800,2232.000,21776.000,2064.000,19329.000,0.513969,1
49,21560,1800,2403.000,21887.000,2241.000,19435.000,0.334543,1
49,21560,1800,2542.000,21821.000,2378.000,19369.000,0.332044,1
49,21560,1800,2192.000,22258.000,2019.000,19812.000,0.532916,1
49,21560,1800,1988.000,21716.000,1814.000,19272.000,0.379565,1
49,21560,1800,3006.000,22193.000,2866.000,19725.000,0.288822,0
49,21560,1800,2887.000,22569.000,2740.000,20101.000,0.622048,1
49,21560,1800,1936.000,22137.000,1763.000,19689.000,0.503269,1
49,21560,1800,2141.000,21720.000,2007.000,19274.000,0.238664,1
49,21560,1800,2367.000,22509.000,2204.000,20052.000,0.465864,1
49,21560,1800,2091.000,21731.000,1811.000,19283.000,0.238924,1
49,21560,1800,2094.000,22483.000,1907.000,20033.000,0.210820,1
49,21560,1800,2957.000,22497.000,2811.000,20029.000,0.908855,1
49,21560,1800,2615.000,22313.000,2458.000,19853.000,0.461756,1
49,21560,1800,2996.000,22498.000,2850.000,20026.000,0.744070,1
49,21560,1800,2948.000,22604.000,2805.000,20134.000,0.664625,1
49,21560,1800,2740.000,22502.000,2590.000,20036.000,0.700493,1
49,21560,1800,3145.000,21773.000,2998.000,19312.000,0.286150,0
49,21560,1800,2196.000,22603.000,2031.000,20151.000,0.201449,1
49,21560,1800,2931.000,22207.000,2782.000,19742.000,0.451935,1
49,21560,1800,2108.000,22221.000,1936.000,19776.000,0.648218,1
49,21560,1800,2081.000,22228.000,1921.000,19703.000,0.247640,1
49,21560,1800,2519.000,22357.000,2401.000,19925.000,0.284736,1
49,21560,1800,2560.000,22697.000,2408.000,20232.000,0.538555,1
49,21560,1800,2027.000,21993.000,1814.000,19525.000,0.215350,1
49,21560,1800,1869.000,22351.000,1694.000,19907.000,0.297284,1
49,21560,1800,2178.000,22619.000,2011.000,20169.000,0.339984,1
49,21560,1800,2932.000,22335.000,2786.000,19872.000,0.632028,1
49,21560,1800,2151.000,22186.000,1982.000,19738.000,0.862141,1
49,21560,1800,3263.000,22669.000,3131.000,20191.000,0.389365,0
49,21560,1800,2287.000,22143.000,2172.000,19746.000,0.263199,1
49,21560,1800,3143.000,22292.000,2999.000,19820.000,0.833607,0
49,21560,1800,3255.000,22479.000,3118.000,20002.000,0.418431,0
49,21560,1800,2662.000,22469.000,2510.000,20004.000,0.440281,1
49,21560,1800,2140.000,21825.000,1975.000,19376.000,0.310867,1
49,21560,1800,3041.000,22348.000,2960.000,19883.000,0.217579,0
49,21560,1800,2158.000,21837.000,1988.000,19387.000,0.733309,1
49,21560,1800,3039.000,22662.000,2901.000,20186.000,0.485103,0
49,21560,1800,1918.000,22192.000,1745.000,19746.000,0.561194,1
49,21560,1800,2975.000,22674.000,2833.000,20202.000,0.467226,1
49,21560,1800,2616.000,22254.000,2451.000,19797.000,0.608577,1
49,21560,1800,2391.000,21869.000,2223.000,19421.000,0.563687,1
49,21560,1800,2330.000,21820.000,2164.000,19370.000,0.388503,1
49,21560,1800,1944.000,23040.000,1775.000,20751.000,0.248912,0
49,21560,1800,3041.000,22631.000,2877.000,20164.000,0.626683,0
49,21560,1800,2220.000,23108.000,2101.000,20857.000,0.220900,0
49,21560,1800,3357.000,22369.000,3270.000,19924.000,0.246673,0
49,21560,1800,2177.000,22348.000,2007.000,19901.000,0.274826,1
49,21560,1800,3378.000,23006.000,3255.000,20519.000,0.417401,0
49,21560,1800,2574.000,22534.000,2421.000,20069.000,0.575788,1
49,21560,1800,2359.000,22703.000,2207.000,20235.000,0.208721,1
49,21560,1800,2571.000,22416.000,2445.000,19925.000,0.477727,1
49,21560,1800,2102.000,22091.000,1929.000,19643.000,0.592301,1
49,21560,1800,2275.000,21570.000,2107.000,19121.000,0.631124,1
49,21560,1800,2353.000,22748.000,2222.000,20288.000,0.248495,1
49,21560,1800,2983.000,22128.000,2837.000,19663.000,0.594807,1
49,21560,1800,3011.000,22748.000,2847.000,20281.000,0.338112,0
49,21560,1800,2935.000,22386.000,2793.000,19902.000,0.497429,1
49,21560,1800,1929.000,22194.000,1756.000,19749.000,0.578043,1
49,21560,1800,2794.000,21636.000,2638.000,19180.000,0.496728,1
49,21560,1800,2182.000,21816.000,2022.000,19368.000,0.390926,1
49,21560,1800,2389.000,22577.000,2264.000,20042.000,0.381677,1
49,21560,1800,3121.000,22495.000,2984.000,20024.000,0.603554,0
49,21560,1800,2974.000,22311.000,2827.000,19845.000,0.548769,1
49,21560,1800,2114.000,22721.000,1939.000,20274.000,0.384974,1
49,21560,1800,3100.000,22568.000,2996.000,20053.000,0.237355,0
49,21560,1800,2909.000,22457.000,2756.000,19930.000,0.505311,1
49,21560,1800,3151.000,22512.000,3014.000,20039.000,0.342701,0
49,21560,1800,2059.000,21708.000,1927.000,19241.000,0.314935,1
49,21560,1800,2683.000,21809.000,2525.000,19352.000,0.381676,1
49,21560,1800,3037.000,22832.000,2901.000,20360.000,0.389607,0
49,21560,1800,2111.000,22217.000,1940.000,19775.000,0.289277,1
49,21560,1800,2703.000,22220.000,2547.000,19760.000,0.472479,1
49,21560,1800,3369.000,22330.000,3314.000,19759.000,0.385524,0
49,21560,1800,3210.000,22413.000,3070.000,19939.000,0.313310,0
49,21560,1800,2030.000,22990.000,1718.000,20928.000,0.202350,0
49,21560,1800,2181.000,21709.000,2050.000,19156.000,0.202021,1
49,21560,1800,2065.000,22518.000,1893.000,20074.000,0.719320,1
49,21560,1800,2952.000,22736.000,2812.000,20262.000,0.569489,1
49,21560,1800,2998.000,22662.000,2895.000,20179.000,0.207302,1
49,21560,1800,3187.000,23119.000,3058.000,20636.000,0.303591,0
49,21560,1800,2214.000,21811.000,2044.000,19362.000,0.239898,1
49,21560,1800,3227.000,22255.000,3094.000,19780.000,0.345594,0
49,21560,1800,2333.000,21767.000,2165.000,19318.000,0.262318,1
49,21560,1800,3015.000,22493.000,2871.000,20023.000,0.421804,0
49,21560,1800,2516.000,22406.000,2358.000,19949.000,0.584852,1
49,21560,1800,3068.000,21962.000,2921.000,19496.000,0.270445,0
49,21560,1800,3071.000,22699.000,2934.000,20224.000,0.456289,0
49,21560,1800,2546.000,22365.000,2424.000,19882.000,0.201864,1
49,21560,1800,1986.000,21909.000,1815.000,19462.000,0.377544,1
49,21560,1800,1898.000,22193.000,1731.000,19758.000,0.393277,1
49,21560,1800,2039.000,22263.000,1879.000,19819.000,0.342920,1
49,21560,1800,3084.000,22888.000,2946.000,20410.000,0.228443,0
49,21560,1800,2955.000,22318.000,2808.000,19852.000,0.905757,1
49,21560,1800,2230.000,22345.000,2061.000,19895.000,0.584684,1
49,21560,1800,2183.000,22271.000,2020.000,19822.000,0.718204,1
49,21560,1800,2752.000,21763.000,2647.000,19243.000,0.480926,1
50,21560,3000,4117.000,22661.000,4024.000,20163.000,0.606622,1
50,21560,3000,3387.000,22342.000,3251.000,19870.000,0.283633,1
50,21560,3000,3892.000,22806.000,3820.000,20309.000,0.861963,0
50,21560,3000,4096.000,22414.000,3983.000,19924.000,0.859330,1
50,21560,3000,4060.000,22804.000,3978.000,20301.000,0.681202,0
50,21560,3000,4013.000,23093.000,3906.000,20597.000,0.811278,0
50,21560,3000,4024.000,23090.000,3918.000,20594.000,0.241421,0
50,21560,3000,4249.000,22249.000,4137.000,19761.000,0.511457,0
50,21560,3000,4507.000,22289.000,4419.000,19656.000,0.217809,0
50,21560,3000,3909.000,22238.000,3785.000,19756.000,0.243008,1
50,21560,3000,3153.000,23078.000,3024.000,20596.000,0.602937,0
50,21560,3000,3645.000,22779.000,3526.000,20290.000,0.718063,0
50,21560,3000,3802.000,22427.000,3682.000,19942.000,0.215805,1
50,21560,3000,4315.000,22126.000,4204.000,19637.000,0.763458,0
50,21560,3000,4062.000,22604.000,3951.000,20113.000,0.841628,1
50,21560,3000,4029.000,22664.000,3917.000,20173.000,0.881521,1
50,21560,3000,4238.000,22146.000,4126.000,19658.000,0.610188,0
50,21560,3000,3326.000,22402.000,3190.000,19928.000,0.250995,1
50,21560,3000,3623.000,22743.000,3499.000,20257.000,0.566620,1
50,21560,3000,3917.000,22765.000,3817.000,20276.000,0.317381,0
50,21560,3000,3956.000,22362.000,3836.000,19877.000,0.338736,1
50,21560,3000,3889.000,22770.000,3801.000,20284.000,0.604778,0
50,21560,3000,4080.000,22427.000,3968.000,19938.000,0.552268,1
50,21560,3000,4100.000,22653.000,3991.000,20161.000,0.740306,1
50,21560,3000,3968.000,22561.000,3852.000,20070.000,0.866017,1
50,21560,3000,4064.000,22739.000,3954.000,20247.000,0.722430,1
50,21560,3000,3559.000,23104.000,3442.000,20614.000,0.499581,0
50,21560,3000,3997.000,22852.000,3886.000,20360.000,0.923358,0
50,21560,3000,3268.000,22772.000,3247.000,20299.000,0.222111,0
50,21560,3000,3673.000,23060.000,3557.000,20571.000,0.880755,0
50,21560,3000,4224.000,22969.000,4124.000,20470.000,0.668682,0
50,21560,3000,4094.000,22450.000,3981.000,19960.000,0.928968,1
50,21560,3000,3968.000,22741.000,3856.000,20250.000,0.909696,1
50,21560,3000,3890.000,22292.000,3739.000,19770.000,0.255354,1
50,21560,3000,4000.000,22936.000,3949.000,20423.000,0.291189,0
50,21560,3000,3046.000,22822.000,2910.000,20347.000,0.206696,0
50,21560,3000,3295.000,22426.000,3157.000,19951.000,0.729518,1
50,21560,3000,4129.000,22758.000,4022.000,20264.000,0.469521,1
50,21560,3000,4352.000,22522.000,4248.000,20027.000,0.532032,0
50,21560,3000,3690.000,22848.000,3572.000,20360.000,0.919318,0
50,21560,3000,3111.000,22473.000,2970.000,20000.000,0.292981,1
50,21560,3000,3609.000,22771.000,3490.000,20282.000,0.921542,0
50,21560,3000,4189.000,22986.000,4088.000,20486.000,0.643869,0
50,21560,3000,3829.000,22353.000,3707.000,19871.000,0.565892,1
50,21560,3000,4556.000,22576.000,4461.000,20076.000,0.224554,0
50,21560,3000,3843.000,22768.000,3729.000,20277.000,0.862462,0
50,21560,3000,3683.000,22606.000,3561.000,20121.000,0.928339,1
50,21560,3000,3950.000,22568.000,3838.000,20081.000,0.681456,1
50,21560,3000,3901.000,22515.000,3783.000,20028.000,0.864458,1
50,21560,3000,3722.000,22449.000,3599.000,19965.000,0.691777,1
50,21560,3000,3091.000,22328.000,2984.000,20024.000,0.202903,1
50,21560,3000,3344.000,22395.000,3206.000,19920.000,0.649225,1
50,21560,3000,3809.000,22800.000,3695.000,20310.000,0.906438,0
50,21560,3000,3267.000,22552.000,3129.000,20074.000,0.740442,1
50,21560,3000,4089.000,23125.000,3998.000,20629.000,0.558468,0
50,21560,3000,4013.000,22612.000,3900.000,20123.000,0.864443,1
50,21560,3000,3249.000,22465.000,3111.000,19990.000,0.481426,1
50,21560,3000,3139.000,23071.000,3010.000,20590.000,0.526070,0
50,21560,3000,3287.000,22270.000,3147.000,19719.000,0.234373,1
50,21560,3000,4034.000,23079.000,3898.000,20671.000,0.309755,0
50,21560,3000,3941.000,22822.000,3797.000,20340.000,0.261662,0
50,21560,3000,3248.000,22493.000,3111.000,20018.000,0.685097,1
50,21560,3000,3146.000,22427.000,3006.000,19955.000,0.393219,1
50,21560,3000,3848.000,22471.000,3728.000,19985.000,0.707783,1
50,21560,3000,4387.000,22612.000,4286.000,20116.000,0.336661,0
50,21560,3000,4013.000,22815.000,3942.000,20346.000,0.223805,0
50,21560,3000,3805.000,22449.000,3682.000,19962.000,0.604420,1
50,21560,3000,4443.000,22156.000,4335.000,19665.000,0.830863,0
50,21560,3000,3439.000,22706.000,3312.000,20223.000,0.843032,1
50,21560,3000,3741.000,22878.000,3625.000,20389.000,0.581490,0
50,21560,3000,3431.000,22900.000,3308.000,20414.000,0.902798,0
50,21560,3000,4332.000,22215.000,4224.000,19723.000,0.526313,0
50,21560,3000,3791.000,22645.000,3673.000,20156.000,0.942599,1
50,21560,3000,3917.000,22904.000,3805.000,20413.000,0.685960,0
50,21560,3000,3120.000,23058.000,2991.000,20574.000,0.442477,0
50,21560,3000,3701.000,22846.000,3583.000,20356.000,0.809508,0
50,21560,3000,3395.000,22352.000,3270.000,19924.000,0.694785,1
50,21560,3000,3787.000,22844.000,3671.000,20354.000,0.930908,0
50,21560,3000,4001.000,22772.000,3889.000,20280.000,0.824429,0
50,21560,3000,3266.000,22541.000,3130.000,20066.000,0.706061,1
50,21560,3000,4573.000,22088.000,4406.000,19568.000,0.290754,0
50,21560,3000,4298.000,22625.000,4192.000,20125.000,0.312653,0
50,21560,3000,3319.000,23145.000,3251.000,20744.000,0.322862,0
50,21560,3000,4118.000,22647.000,4008.000,20155.000,0.832757,1
50,21560,3000,4291.000,22634.000,4187.000,20139.000,0.246248,0
50,21560,3000,4313.000,22146.000,4205.000,19668.000,0.243141,0
50,21560,3000,3381.000,22354.000,3260.000,19861.000,0.235314,1
50,21560,3000,3102.000,22895.000,2965.000,20418.000,0.448821,0
50,21560,3000,4439.000,22072.000,4321.000,19685.000,0.256225,0
50,21560,3000,3079.000,22447.000,2924.000,19959.000,0.204983,1
50,21560,3000,3729.000,22519.000,3609.000,20034.000,0.727995,1
50,21560,3000,4187.000,22701.000,4083.000,20208.000,0.328936,1
50,21560,3000,3818.000,23062.000,3701.000,20568.000,0.675952,0
50,21560,3000,3665.000,22237.000,3532.000,19762.000,0.655426,1
50,21560,3000,3336.000,22791.000,3242.000,20213.000,0.249564,0
50,21560,3000,3876.000,23038.000,3765.000,20546.000,0.930431,0
50,21560,3000,3102.000,22451.000,2919.000,19928.000,0.378759,1
50,21560,3000,3528.000,22483.000,3399.000,20001.000,0.596109,1
50,21560,3000,4289.000,21953.000,4093.000,19472.000,0.289802,0
50,21560,3000,3652.000,22790.000,3532.000,20302.000,0.920914,0
50,21560,3000,4182.000,22754.000,4021.000,20277.000,0.315945,1
50,21560,3000,4057.000,22857.000,3947.000,20365.000,0.903692,0
50,21560,3000,3232.000,22750.000,3093.000,20274.000,0.338936,1
50,21560,3000,3262.000,22466.000,3125.000,19991.000,0.218648,1
50,21560,3000,3778.000,22703.000,3661.000,20214.000,0.930284,1
50,21560,3000,3521.000,23113.000,3401.000,20622.000,0.900768,0
50,21560,3000,4478.000,22495.000,4379.000,19998.000,0.237121,0
50,21560,3000,3487.000,23145.000,3381.000,20685.000,0.270841,0
50,21560,3000,4011.000,22481.000,3907.000,19987.000,0.841332,1
50,21560,3000,3687.000,23026.000,3569.000,20536.000,0.927540,0
50,21560,3000,3280.000,22726.000,3192.000,20206.000,0.267939,1
50,21560,3000,4129.000,22797.000,4021.000,20304.000,0.771446,0
50,21560,3000,3682.000,23041.000,3565.000,20551.000,0.622263,0
50,21560,3000,4297.000,22131.000,4185.000,19640.000,0.598371,0
50,21560,3000,4258.000,22330.000,4149.000,19839.000,0.285865,0
50,21560,3000,4202.000,22740.000,4096.000,20246.000,0.530914,0
50,21560,3000,4314.000,22289.000,4206.000,19797.000,0.327154,0
50,21560,3000,3906.000,22379.000,3778.000,19863.000,0.253225,1
50,21560,3000,4000.000,22886.000,3889.000,20393.000,0.925039,0
50,21560,3000,3107.000,22763.000,2970.000,20288.000,0.277540,0
50,21560,3000,3999.000,22808.000,3902.000,20323.000,0.368786,0
50,21560,3000,4286.000,21908.000,4171.000,19423.000,0.264351,0
50,21560,3000,3936.000,21689.000,3747.000,19401.000,0.200313,1
50,21560,3000,3614.000,23102.000,3498.000,20681.000,0.248975,0
50,21560,3000,4140.000,22803.000,4036.000,20302.000,0.532168,0
50,21560,3000,3693.000,22960.000,3576.000,20471.000,0.935382,0
50,21560,3000,3916.000,22271.000,3793.000,19788.000,0.413247,1
50,21560,3000,4496.000,22725.000,4400.000,20224.000,0.565010,0
50,21560,3000,3683.000,22201.000,3550.000,19728.000,0.223165,1
50,21560,3000,3816.000,22783.000,3706.000,20293.000,0.820678,0
50,21560,3000,3778.000,23148.000,3666.000,20656.000,0.929787,0
50,21560,3000,3885.000,22790.000,3802.000,20304.000,0.202036,0
50,21560,3000,3685.000,22484.000,3559.000,20000.000,0.939266,1
50,21560,3000,3668.000,22793.000,3551.000,20306.000,0.902488,0
50,21560,3000,4127.000,22944.000,4023.000,20448.000,0.610753,0
50,21560,3000,3605.000,22746.000,3485.000,20259.000,0.915956,1
50,21560,3000,4298.000,22071.000,4110.000,19678.000,0.290047,0
50,21560,3000,3367.000,22360.000,3280.000,19914.000,0.231600,1
50,21560,3000,3590.000,22711.000,3469.000,20223.000,0.514834,1
50,21560,3000,3428.000,22272.000,3290.000,19800.000,0.407139,1
50,21560,3000,4517.000,22011.000,4359.000,19570.000,0.357695,0
50,21560,3000,4101.000,22514.000,3992.000,20023.000,0.473314,1
50,21560,3000,3151.000,22984.000,2983.000,20508.000,0.222095,0
50,21560,3000,3488.000,22150.000,3308.000,19683.000,0.452295,1
50,21560,3000,4276.000,22275.000,4166.000,19784.000,0.256004,0
50,21560,3000,3127.000,23086.000,3040.000,20606.000,0.282022,0
50,21560,3000,3525.000,22508.000,3395.000,20029.000,0.470928,1
50,21560,3000,3592.000,22904.000,3472.000,20416.000,0.917773,0
50,21560,3000,4238.000,22315.000,4126.000,19826.000,0.909871,0
50,21560,3000,3291.000,22626.000,3158.000,20149.000,0.600618,1
50,21560,3000,3893.000,22359.000,3771.000,19875.000,0.889144,1
50,21560,3000,3827.000,22448.000,3707.000,19963.000,0.730151,1
50,21560,3000,3126.000,22384.000,2985.000,19913.000,0.515355,1
50,21560,3000,4335.000,22855.000,4236.000,20355.000,0.530099,0
50,21560,3000,3164.000,22721.000,3028.000,20245.000,0.633805,1
50,21560,3000,3334.000,22407.000,3206.000,19933.000,0.649278,1
50,21560,3000,3682.000,22726.000,3565.000,20238.000,0.923085,1
50,21560,3000,4450.000,22413.000,4282.000,19894.000,0.333102,0
50,21560,3000,3134.000,23061.000,3004.000,20578.000,0.234695,0
50,21560,3000,4189.000,22255.000,4075.000,19767.000,0.777120,1
50,21560,3000,3858.000,23117.000,3748.000,20625.000,0.799883,0
50,21560,3000,3485.000,22822.000,3331.000,20258.000,0.465438,0
50,21560,3000,4166.000,22920.000,4062.000,20424.000,0.450642,0
50,21560,3000,4202.000,22289.000,4090.000,19801.000,0.725927,0
50,21560,3000,3082.000,22470.000,2956.000,19994.000,0.311088,1
50,21560,3000,4343.000,22241.000,4234.000,19750.000,0.504050,0
50,21560,3000,4119.000,22250.000,4004.000,19764.000,0.905234,1
50,21560,3000,4298.000,23147.000,4192.000,20638.000,0.428851,0
50,21560,3000,3866.000,22701.000,3749.000,20210.000,0.754147,1
50,21560,3000,3499.000,22571.000,3372.000,20090.000,0.919225,1
50,21560,3000,4534.000,22008.000,4432.000,19513.000,0.446975,0
50,21560,3000,4021.000,23118.000,3916.000,20622.000,0.544802,0
50,21560,3000,4215.000,22266.000,4103.000,19778.000,0.883502,0
50,21560,3000,3138.000,22418.000,2997.000,19947.000,0.301361,1
50,21560,3000,4393.000,22747.000,4294.000,20248.000,0.206197,0
50,21560,3000,4097.000,22226.000,3983.000,19742.000,0.480906,1
50,21560,3000,4129.000,22470.000,4018.000,19979.000,0.857619,1
50,21560,3000,3856.000,22456.000,3735.000,19972.000,0.624037,1
50,21560,3000,3276.000,22615.000,3142.000,20137.000,0.325977,1
50,21560,3000,4030.000,23069.000,3932.000,20573.000,0.646605,0
50,21560,3000,4164.000,22617.000,4056.000,20124.000,0.887263,1
50,21560,3000,3331.000,23095.000,3208.000,20608.000,0.764481,0
50,21560,3000,3629.000,22762.000,3511.000,20273.000,0.890445,0
50,21560,3000,3924.000,22968.000,3813.000,20476.000,0.824534,0
50,21560,3000,4359.000,22965.000,4188.000,20559.000,0.346086,0
50,21560,3000,4097.000,22309.000,3981.000,19822.000,0.687735,1
50,21560,3000,4216.000,22297.000,4104.000,19810.000,0.810332,0
50,21560,3000,3267.000,22930.000,3162.000,20451.000,0.215966,0
50,21560,3000,3361.000,23057.000,3239.000,20569.000,0.840990,0
50,21560,3000,4165.000,22259.000,4062.000,19770.000,0.201196,1
50,21560,3000,4271.000,22703.000,4167.000,20208.000,0.274809,0
50,21560,3000,3046.000,22845.000,2833.000,20202.000,0.375350,0
50,21560,3000,4218.000,22320.000,4110.000,19831.000,0.561011,0
50,21560,3000,3772.000,22688.000,3656.000,20198.000,0.706807,1
50,21560,3000,4362.000,22393.000,4257.000,19900.000,0.859868,0
50,21560,3000,4107.000,23118.000,4006.000,20615.000,0.561774,0
50,21560,3000,3831.000,23126.000,3720.000,20633.000,0.787799,0
50,21560,3000,3841.000,22676.000,3726.000,20188.000,0.885393,1
50,21560,3000,3557.000,22951.000,3437.000,20463.000,0.892341,0
50,21560,3000,4133.000,22672.000,4027.000,20175.000,0.386323,1
50,21560,3000,3254.000,23074.000,3128.000,20591.000,0.248978,0
50,21560,3000,3678.000,22710.000,3558.000,20222.000,0.895620,1
50,21560,3000,3804.000,23095.000,3691.000,20606.000,0.410574,0
50,21560,3000,4232.000,22720.000,4146.000,20226.000,0.557257,0
50,21560,3000,3860.000,22701.000,3718.000,20229.000,0.317605,1
50,21560,3000,4020.000,23144.000,3937.000,20688.000,0.598752,0
50,21560,3000,3999.000,23000.000,3890.000,20506.000,0.888174,0
50,21560,3000,3403.000,22342.000,3269.000,19868.000,0.540031,1
50,21560,3000,3599.000,22820.000,3479.000,20333.000,0.886769,0
50,21560,3000,4312.000,22672.000,4209.000,20176.000,0.734960,0
50,21560,3000,4081.000,22239.000,3963.000,19754.000,0.829412,1
50,21560,3000,3549.000,22404.000,3416.000,19918.000,0.277874,1
50,21560,3000,4183.000,22503.000,4073.000,20011.000,0.763692,1
50,21560,3000,3888.000,22593.000,3772.000,20102.000,0.571975,1
50,21560,3000,3829.000,22429.000,3706.000,19939.000,0.533962,1
50,21560,3000,4116.000,22493.000,4005.000,20001.000,0.448429,1
50,21560,3000,3479.000,22053.000,3334.000,19587.000,0.395628,1
50,21560,3000,3300.000,23136.000,3238.000,20626.000,0.339599,0
50,21560,3000,3933.000,22340.000,3812.000,19855.000,0.768126,1
50,21560,3000,3659.000,23023.000,3542.000,20533.000,0.494046,0
50,21560,3000,4104.000,22424.000,3992.000,19933.000,0.656225,1
50,21560,3000,4142.000,22416.000,4030.000,19925.000,0.863095,1
50,21560,3000,4108.000,22132.000,3990.000,19649.000,0.391094,1
50,21560,3000,3518.000,23075.000,3400.000,20586.000,0.723817,0
50,21560,3000,3365.000,22629.000,3235.000,20150.000,0.699723,1
50,21560,3000,3347.000,23128.000,3225.000,20639.000,0.873609,0
50,21560,3000,3203.000,22211.000,3063.000,19739.000,0.479868,1
50,21560,3000,4330.000,22368.000,4173.000,19917.000,0.548445,0
50,21560,3000,3839.000,22460.000,3695.000,19952.000,0.235294,1
50,21560,3000,3521.000,22598.000,3391.000,20117.000,0.880055,1
50,21560,3000,3741.000,22856.000,3626.000,20365.000,0.915348,0
50,21560,3000,4122.000,22966.000,4020.000,20468.000,0.374617,0
50,21560,3000,4429.000,22619.000,4354.000,20117.000,0.315021,0
50,21560,3000,3997.000,22188.000,3900.000,19692.000,0.286275,1
50,21560,3000,3458.000,22950.000,3337.000,20462.000,0.920644,0
50,21560,3000,4222.000,22881.000,4120.000,20384.000,0.901671,0
50,21560,3000,4099.000,22175.000,3987.000,19731.000,0.215180,1
50,21560,3000,4292.000,22223.000,4182.000,19734.000,0.615432,0
50,21560,3000,4195.000,22753.000,4090.000,20258.000,0.847945,1
50,21560,3000,3144.000,22590.000,3006.000,20116.000,0.669405,1
50,21560,3000,3823.000,22576.000,3705.000,20087.000,0.899739,1
50,21560,3000,4482.000,22450.000,4382.000,19952.000,0.221812,0
50,21560,3000,3206.000,22413.000,3066.000,19939.000,0.205082,1
50,21560,3000,3372.000,22297.000,3234.000,19823.000,0.308907,1
50,21560,3000,3935.000,22385.000,3816.000,19899.000,0.904444,1
50,21560,3000,3024.000,22606.000,2884.000,20135.000,0.439166,1
50,21560,3000,3636.000,22967.000,3517.000,20479.000,0.940769,0
50,21560,3000,3688.000,22705.000,3569.000,20217.000,0.914213,1
50,21560,3000,3119.000,22616.000,2981.000,20142.000,0.404524,1
50,21560,3000,3016.000,22488.000,2868.000,20018.000,0.258452,1
50,21560,3000,4242.000,23091.000,4142.000,20594.000,0.327830,0
50,21560,3000,4324.000,22786.000,4223.000,20290.000,0.492360,0
50,21560,3000,3513.000,22562.000,3385.000,20080.000,0.672254,1
50,21560,3000,3761.000,23150.000,3705.000,20739.000,0.263056,0
50,21560,3000,3762.000,22794.000,3646.000,20305.000,0.824273,0
50,21560,3000,4276.000,22636.000,4171.000,20141.000,0.268535,0
50,21560,3000,4476.000,22241.000,4374.000,19744.000,0.498204,0
50,21560,3000,3803.000,22930.000,3762.000,20473.000,0.270124,0
50,21560,3000,3815.000,22240.000,3688.000,19761.000,0.761033,1
50,21560,3000,3359.000,23037.000,3236.000,20550.000,0.857951,0
50,21560,3000,4051.000,22649.000,3938.000,20157.000,0.893600,1
50,21560,3000,3536.000,22401.000,3405.000,19924.000,0.680096,1
50,21560,3000,4014.000,23008.000,3907.000,20514.000,0.935460,0
50,21560,3000,4018.000,23078.000,3925.000,20584.000,0.781338,0
50,21560,3000,3936.000,22482.000,3806.000,19986.000,0.677658,1
50,21560,3000,3258.000,22921.000,3127.000,20438.000,0.746001,0
50,21560,3000,4085.000,22351.000,3969.000,19864.000,0.905861,1
50,21560,3000,4208.000,23015.000,4109.000,20516.000,0.740878,0
50,21560,3000,3012.000,22721.000,2934.000,20224.000,0.371123,1
50,21560,3000,4298.000,22590.000,4194.000,20095.000,0.715515,0
50,21560,3000,3310.000,23116.000,3186.000,20629.000,0.891491,0
50,21560,3000,3804.000,22681.000,3687.000,20191.000,0.557749,1
50,21560,3000,4373.000,22375.000,4267.000,19882.000,0.387948,0
50,21560,3000,4305.000,22329.000,4177.000,19828.000,0.639253,0
50,21560,3000,4050.000,22430.000,3916.000,19953.000,0.322019,1
50,21560,3000,3828.000,22792.000,3722.000,20301.000,0.434521,0
50,21560,3000,3164.000,23071.000,3038.000,20587.000,0.379844,0
50,21560,3000,3785.000,22232.000,3658.000,19755.000,0.522723,1
50,21560,3000,4168.000,22406.000,4058.000,19915.000,0.644361,1
50,21560,3000,3236.000,22909.000,3161.000,20447.000,0.264313,0
50,21560,3000,3758.000,22348.000,3633.000,19866.000,0.750424,1
50,21560,3000,3682.000,22422.000,3585.000,19922.000,0.235497,1
50,21560,3000,3707.000,22570.000,3585.000,20084.000,0.698089,1
50,21560,3000,4327.000,22147.000,4218.000,19655.000,0.493451,0
50,21560,3000,3873.000,22503.000,3756.000,20016.000,0.493070,1
50,21560,3000,3373.000,23126.000,3251.000,20636.000,0.777932,0
50,21560,3000,3699.000,22712.000,3579.000,20224.000,0.564772,1
50,21560,3000,3360.000,23080.000,3238.000,20592.000,0.853508,0
50,21560,3000,3817.000,22998.000,3704.000,20507.000,0.577968,0
50,21560,3000,3864.000,22538.000,3745.000,20052.000,0.937780,1
50,21560,3000,3870.000,22573.000,3751.000,20086.000,0.948055,1
50,21560,3000,4242.000,23141.000,4146.000,20634.000,0.277839,0
50,21560,3000,4112.000,22166.000,3995.000,19681.000,0.373801,1
50,21560,3000,3720.000,23086.000,3605.000,20595.000,0.286571,0
50,21560,3000,3407.000,23141.000,3287.000,20652.000,0.807463,0
50,21560,3000,3821.000,23043.000,3725.000,20544.000,0.549194,0
50,21560,3000,3614.000,22681.000,3492.000,20195.000,0.283310,1
50,21560,3000,4271.000,22336.000,4168.000,19837.000,0.339484,0
50,21560,3000,3428.000,22682.000,3304.000,20205.000,0.361803,1
50,21560,3000,4290.000,22535.000,4177.000,20026.000,0.822570,0
50,21560,3000,4522.000,22295.000,4408.000,19768.000,0.372413,0
50,21560,3000,4105.000,22692.000,3996.000,20200.000,0.763702,1
50,21560,3000,3845.000,23102.000,3718.000,20601.000,0.456860,0
50,21560,3000,3913.000,22697.000,3800.000,20206.000,0.499229,1
50,21560,3000,3915.000,22680.000,3802.000,20189.000,0.568060,1
50,21560,3000,4261.000,22530.000,4154.000,20037.000,0.885659,0
50,21560,3000,4287.000,22352.000,4187.000,19876.000,0.324326,0
50,21560,3000,3358.000,23048.000,3233.000,20557.000,0.915876,0
50,21560,3000,4131.000,22678.000,4022.000,20187.000,0.474617,1
50,21560,3000,3555.000,23078.000,3438.000,20589.000,0.880938,0
50,21560,3000,4321.000,22422.000,4215.000,19930.000,0.811569,0
50,21560,3000,3864.000,22604.000,3747.000,20115.000,0.556305,1
50,21560,3000,3734.000,23034.000,3619.000,20543.000,0.874100,0
50,21560,3000,3855.000,22179.000,3736.000,19697.000,0.404025,1
50,21560,3000,3253.000,22558.000,3127.000,20087.000,0.459237,1
50,21560,3000,4271.000,22322.000,4161.000,19829.000,0.817181,0
50,21560,3000,3884.000,21896.000,3751.000,19425.000,0.219153,1
50,21560,3000,3698.000,22701.000,3582.000,20212.000,0.594557,1
50,21560,3000,4094.000,22666.000,4003.000,20179.000,0.285852,1
50,21560,3000,3119.000,22258.000,2977.000,19786.000,0.371921,1
50,21560,3000,4429.000,22816.000,4300.000,20330.000,0.476637,0
50,21560,3000,3093.000,22101.000,2949.000,19633.000,0.396050,1
50,21560,3000,3568.000,22705.000,3446.000,20218.000,0.785479,1
50,21560,3000,3426.000,23092.000,3309.000,20604.000,0.489058,0
50,21560,3000,3546.000,22409.000,3420.000,19927.000,0.594612,1
50,21560,3000,3272.000,22410.000,3193.000,19916.000,0.219248,1
50,21560,3000,4359.000,22336.000,4237.000,19860.000,0.286171,0
50,21560,3000,3630.000,22775.000,3510.000,20287.000,0.378725,0
50,21560,3000,3935.000,22261.000,3812.000,19779.000,0.557685,1
50,21560,3000,3858.000,22623.000,3742.000,20135.000,0.935792,1
50,21560,3000,3214.000,23023.000,3088.000,20505.000,0.416367,0
50,21560,3000,3296.000,22651.000,3166.000,20171.000,0.730904,1
50,21560,3000,3988.000,23130.000,3938.000,20725.000,0.252630,0
50,21560,3000,3497.000,22801.000,3407.000,20278.000,0.239360,0
50,21560,3000,3809.000,23054.000,3697.000,20569.000,0.496408,0
50,21560,3000,3207.000,22566.000,3069.000,20091.000,0.728763,1
50,21560,3000,3154.000,22406.000,3014.000,19933.000,0.759189,1
50,21560,3000,3989.000,22307.000,3835.000,19867.000,0.353067,1
50,21560,3000,4253.000,22093.000,4138.000,19606.000,0.369950,0
50,21560,3000,4125.000,23000.000,4022.000,20504.000,0.586833,0
50,21560,3000,3899.000,22692.000,3784.000,20202.000,0.826774,1
50,21560,3000,3288.000,22506.000,3161.000,20038.000,0.754825,1
50,21560,3000,3729.000,22899.000,3613.000,20409.000,0.784749,0
50,21560,3000,3421.000,22470.000,3288.000,19994.000,0.464349,1
50,21560,3000,3810.000,23071.000,3712.000,20579.000,0.280021,0
50,21560,3000,3745.000,22791.000,3624.000,20283.000,0.266596,0
50,21560,3000,3589.000,22557.000,3459.000,20084.000,0.813021,1
50,21560,3000,3687.000,22787.000,3590.000,20322.000,0.265668,0
50,21560,3000,3545.000,22397.000,3415.000,20026.000,0.227792,1
50,21560,3000,3470.000,22765.000,3345.000,20280.000,0.883127,0
50,21560,3000,3272.000,22913.000,3143.000,20431.000,0.288919,0
50,21560,3000,4397.000,22899.000,4301.000,20397.000,0.523422,0
50,21560,3000,3429.000,23074.000,3280.000,20561.000,0.429977,0
50,21560,3000,3979.000,22583.000,3866.000,20093.000,0.946698,1
50,21560,3000,4066.000,22350.000,3928.000,19889.000,0.546761,1
50,21560,3000,4097.000,22679.000,3987.000,20185.000,0.503294,1
50,21560,3000,4126.000,22496.000,4012.000,20005.000,0.409243,1
50,21560,3000,3672.000,22815.000,3554.000,20326.000,0.928517,0
50,21560,3000,3120.000,23091.000,2997.000,20605.000,0.345505,0
50,21560,3000,4201.000,22747.000,4061.000,20291.000,0.224646,0
50,21560,3000,3883.000,22706.000,3771.000,20220.000,0.598536,1
50,21560,3000,3521.000,22981.000,3404.000,20493.000,0.778886,0
50,21560,3000,3607.000,22696.000,3485.000,20210.000,0.734207,1
50,21560,3000,3877.000,22776.000,3800.000,20290.000,0.584410,0
50,21560,3000,4177.000,23083.000,4077.000,20582.000,0.529305,0
50,21560,3000,4249.000,23099.000,4191.000,20616.000,0.282356,0
50,21560,3000,4190.000,22738.000,4034.000,20245.000,0.345806,1
50,21560,3000,3128.000,22979.000,2998.000,20499.000,0.512163,0
50,21560,3000,3120.000,22404.000,2977.000,19933.000,0.491140,1
50,21560,3000,3114.000,22518.000,2973.000,20045.000,0.295458,1
50,21560,3000,4207.000,22628.000,4099.000,20134.000,0.926188,0
50,21560,3000,3060.000,22630.000,2930.000,20165.000,0.232215,1
50,21560,3000,3998.000,23102.000,3892.000,20611.000,0.278873,0
50,21560,3000,3884.000,22757.000,3776.000,20265.000,0.238560,1
50,21560,3000,4158.000,22260.000,4044.000,19782.000,0.391801,1
50,21560,3000,3419.000,22340.000,3281.000,19867.000,0.789351,1
50,21560,3000,4289.000,22091.000,4177.000,19604.000,0.477508,0
50,21560,3000,4207.000,22684.000,4098.000,20186.000,0.391831,0
50,21560,3000,4290.000,22140.000,4175.000,19655.000,0.261941,0
50,21560,3000,4135.000,22639.000,4026.000,20147.000,0.694172,1
50,21560,3000,3225.000,22403.000,3086.000,19930.000,0.665666,1
50,21560,3000,3127.000,23140.000,3011.000,20617.000,0.377321,0
50,21560,3000,3597.000,23074.000,3451.000,20582.000,0.577647,0
50,21560,3000,3577.000,22738.000,3459.000,20247.000,0.573349,1
50,21560,3000,3113.000,22537.000,2975.000,20064.000,0.462225,1
50,21560,3000,4082.000,22253.000,3963.000,19768.000,0.501817,1
50,21560,3000,4189.000,23071.000,4089.000,20571.000,0.542429,0
50,21560,3000,4202.000,22230.000,4088.000,19742.000,0.846376,0
50,21560,3000,3719.000,22924.000,3542.000,20453.000,0.342093,0
50,21560,3000,3603.000,21747.000,3457.000,19288.000,0.242601,1
50,21560,3000,3034.000,22661.000,2892.000,20188.000,0.533681,1
50,21560,3000,4070.000,22977.000,3901.000,20494.000,0.212661,0
50,21560,3000,3573.000,22702.000,3458.000,20215.000,0.570480,1
50,21560,3000,4192.000,23011.000,4092.000,20513.000,0.507395,0
50,21560,3000,4185.000,22275.000,4072.000,19787.000,0.611372,1
50,21560,3000,4448.000,22285.000,4293.000,19788.000,0.490390,0
50,21560,3000,3897.000,22724.000,3762.000,20230.000,0.457955,1
50,21560,3000,4067.000,22770.000,3956.000,20279.000,0.524180,0
50,21560,3000,3670.000,22566.000,3561.000,20113.000,0.568809,1
50,21560,3000,3347.000,22838.000,3219.000,20354.000,0.435146,0
50,21560,3000,3557.000,23017.000,3438.000,20529.000,0.910075,0
50,21560,3000,3546.000,22671.000,3422.000,20186.000,0.511457,1
50,21560,3000,3088.000,22124.000,2943.000,19656.000,0.347542,1
50,21560,3000,3651.000,22457.000,3504.000,20017.000,0.399417,1
50,21560,3000,4126.000,22492.000,4017.000,19997.000,0.449312,1
50,21560,3000,3734.000,22276.000,3606.000,19798.000,0.242316,1
50,21560,3000,3959.000,22658.000,3846.000,20168.000,0.938808,1
50,21560,3000,3930.000,22015.000,3800.000,19537.000,0.238873,1
50,21560,3000,3918.000,22589.000,3801.000,20101.000,0.343576,1
50,21560,3000,4289.000,22134.000,4117.000,19663.000,0.274875,0
50,21560,3000,3892.000,22455.000,3773.000,19970.000,0.825369,1
50,21560,3000,3447.000,23146.000,3329.000,20658.000,0.715468,0
50,21560,3000,4285.000,23032.000,4171.000,20585.000,0.458018,0
50,21560,3000,3537.000,23091.000,3348.000,20523.000,0.381518,0
50,21560,3000,3733.000,23148.000,3583.000,20607.000,0.355242,0
50,21560,3000,3946.000,22705.000,3832.000,20215.000,0.904492,1
50,21560,3000,4318.000,22024.000,4139.000,19572.000,0.210018,0
50,21560,3000,3143.000,22999.000,3015.000,20519.000,0.457820,0
50,21560,3000,3460.000,22839.000,3355.000,20343.000,0.817793,0
50,21560,3000,4238.000,23117.000,4141.000,20615.000,0.523225,0
50,21560,3000,3546.000,22141.000,3406.000,19673.000,0.319066,1
50,21560,3000,4152.000,23101.000,4051.000,20599.000,0.588460,0
50,21560,3000,4201.000,22466.000,4091.000,19975.000,0.938811,0
50,21560,3000,3288.000,22462.000,3148.000,19974.000,0.654138,1
50,21560,3000,4195.000,22480.000,4058.000,19945.000,0.361881,1
50,21560,3000,3970.000,22576.000,3855.000,20086.000,0.827043,1
50,21560,3000,3746.000,23080.000,3631.000,20589.000,0.520784,0
50,21560,3000,3567.000,22019.000,3410.000,19560.000,0.273555,1
50,21560,3000,4302.000,22348.000,4163.000,19868.000,0.232722,0
50,21560,3000,3025.000,22660.000,2885.000,20187.000,0.582322,1
50,21560,3000,3216.000,22916.000,3088.000,20436.000,0.662604,0
50,21560,3000,3174.000,22831.000,3009.000,20279.000,0.271917,0
50,21560,3000,3936.000,22797.000,3831.000,20294.000,0.274304,0
50,21560,3000,4090.000,22506.000,3978.000,20015.000,0.884930,1
50,21560,3000,3800.000,22681.000,3683.000,20193.000,0.430990,1
50,21560,3000,3052.000,22831.000,2914.000,20357.000,0.404282,0
50,21560,3000,4153.000,23088.000,4032.000,20775.000,0.397562,0
50,21560,3000,3888.000,22213.000,3738.000,19743.000,0.351617,1
50,21560,3000,3609.000,22386.000,3481.000,19907.000,0.447473,1
50,21560,3000,4121.000,22442.000,3994.000,19943.000,0.443105,1
50,21560,3000,3582.000,23140.000,3369.000,20655.000,0.456307,0
50,21560,3000,4234.000,22079.000,4122.000,19593.000,0.205555,0
50,21560,3000,3857.000,23039.000,3747.000,20549.000,0.941409,0
50,21560,3000,3143.000,22292.000,2999.000,19820.000,0.748220,1
50,21560,3000,3255.000,22479.000,3118.000,20002.000,0.553504,1
50,21560,3000,3939.000,22132.000,3815.000,19653.000,0.321681,1
50,21560,3000,3964.000,23077.000,3861.000,20580.000,0.612664,0
50,21560,3000,3039.000,22662.000,2901.000,20186.000,0.441251,1
50,21560,3000,3392.000,22556.000,3260.000,20078.000,0.296412,1
50,21560,3000,4308.000,23129.000,4159.000,20755.000,0.246070,0
50,21560,3000,3965.000,21855.000,3834.000,19384.000,0.269091,1
50,21560,3000,4313.000,22104.000,4202.000,19615.000,0.411921,0
50,21560,3000,3181.000,22855.000,3058.000,20420.000,0.302429,0
50,21560,3000,3915.000,22735.000,3774.000,20254.000,0.304496,1
50,21560,3000,3983.000,22659.000,3870.000,20169.000,0.675538,1
50,21560,3000,4020.000,22577.000,3905.000,20085.000,0.758915,1
50,21560,3000,4253.000,22707.000,4150.000,20211.000,0.476025,0
50,21560,3000,3908.000,22414.000,3788.000,19929.000,0.479076,1
50,21560,3000,3037.000,22832.000,2901.000,20360.000,0.239673,0
50,21560,3000,3877.000,22642.000,3761.000,20153.000,0.943696,1
50,21560,3000,3597.000,22844.000,3476.000,20358.000,0.264321,0
50,21560,3000,3461.000,23135.000,3357.000,20763.000,0.252214,0
50,21560,3000,3572.000,22708.000,3421.000,20263.000,0.397987,1
50,21560,3000,4076.000,22302.000,3959.000,19816.000,0.690069,1
50,21560,3000,3422.000,23092.000,3303.000,20602.000,0.503430,0
50,21560,3000,4121.000,22369.000,4008.000,19880.000,0.523393,1
50,21560,3000,3943.000,21666.000,3637.000,19265.000,0.232857,1
50,21560,3000,3702.000,22465.000,3577.000,19983.000,0.511711,1
50,21560,3000,4048.000,22511.000,3935.000,20021.000,0.870917,1
50,21560,3000,3914.000,22456.000,3768.000,19918.000,0.269924,1
51,21560,4200,4238.000,22709.000,4706.000,20965.000,0.231452,1
52,22760,1800,3093.000,23601.000,2989.000,21095.000,0.296999,0
52,22760,1800,2406.000,24019.000,2269.000,21537.000,0.869916,0
52,22760,1800,2471.000,23379.000,2387.000,20952.000,0.213880,1
52,22760,1800,3030.000,24190.000,2917.000,21689.000,0.935542,0
52,22760,1800,2912.000,24268.000,2799.000,21764.000,0.830501,0
52,22760,1800,2960.000,24155.000,2834.000,21646.000,0.468383,0
52,22760,1800,2679.000,24060.000,2555.000,21566.000,0.944007,0
52,22760,1800,2158.000,23634.000,2000.000,21174.000,0.939661,1
52,22760,1800,2600.000,22936.000,2543.000,20404.000,0.208604,1
52,22760,1800,2005.000,23871.000,1848.000,21410.000,0.590930,1
52,22760,1800,2687.000,24047.000,2569.000,21495.000,0.208358,0
52,22760,1800,2280.000,23494.000,2127.000,21033.000,0.723627,1
52,22760,1800,2558.000,22913.000,2595.000,20321.000,0.247409,1
52,22760,1800,3153.000,23078.000,3024.000,20596.000,0.651705,0
52,22760,1800,2395.000,23613.000,2246.000,21146.000,0.941043,1
52,22760,1800,3250.000,22773.000,3207.000,20320.000,0.276817,0
52,22760,1800,2286.000,23541.000,2132.000,21077.000,0.759552,1
52,22760,1800,3185.000,23982.000,3072.000,21480.000,0.943270,0
52,22760,1800,2323.000,23213.000,2252.000,20811.000,0.282325,1
52,22760,1800,2197.000,23437.000,2039.000,20977.000,0.330998,1
52,22760,1800,2804.000,23469.000,2664.000,20995.000,0.936963,1
52,22760,1800,2180.000,23339.000,2022.000,20881.000,0.575908,1
52,22760,1800,2833.000,24168.000,2717.000,21666.000,0.926813,0
52,22760,1800,2254.000,23481.000,2114.000,21018.000,0.435523,1
52,22760,1800,3268.000,22772.000,3247.000,20299.000,0.359610,0
52,22760,1800,2628.000,23845.000,2496.000,21362.000,0.747948,1
52,22760,1800,2858.000,24219.000,2734.000,21709.000,0.369723,0
52,22760,1800,3156.000,24169.000,3043.000,21667.000,0.938663,0
52,22760,1800,2331.000,23188.000,2177.000,20732.000,0.263568,1
52,22760,1800,2041.000,23210.000,1878.000,20756.000,0.629494,1
52,22760,1800,2103.000,23899.000,1978.000,21432.000,0.489015,1
52,22760,1800,2715.000,23877.000,2587.000,21388.000,0.945981,1
52,22760,1800,2269.000,23514.000,2125.000,21047.000,0.292621,1
52,22760,1800,2540.000,23831.000,2402.000,21349.000,0.634017,1
52,22760,1800,1963.000,23575.000,1593.000,20998.000,0.235397,1
52,22760,1800,1886.000,23510.000,1583.000,21157.000,0.253781,1
52,22760,1800,3248.000,24027.000,3162.000,21530.000,0.634979,0
52,22760,1800,3153.000,24288.000,3070.000,21775.000,0.594295,0
52,22760,1800,2210.000,23110.000,1986.000,20516.000,0.231768,1
52,22760,1800,2002.000,23278.000,1851.000,20823.000,0.374144,1
52,22760,1800,3139.000,24016.000,2994.000,21527.000,0.416593,0
52,22760,1800,2663.000,23155.000,2353.000,20665.000,0.234319,1
52,22760,1800,2771.000,23937.000,2603.000,21435.000,0.296229,1
52,22760,1800,3082.000,23651.000,3011.000,21160.000,0.462099,0
52,22760,1800,2104.000,23882.000,1966.000,21407.000,0.800117,1
52,22760,1800,2455.000,23086.000,2323.000,20603.000,0.352080,1
52,22760,1800,2346.000,23114.000,2253.000,20581.000,0.209118,1
52,22760,1800,3318.000,23493.000,3287.000,20968.000,0.203107,0
52,22760,1800,2671.000,24043.000,2547.000,21551.000,0.917533,0
52,22760,1800,2103.000,23557.000,1943.000,21100.000,0.871047,1
52,22760,1800,2499.000,23013.000,2334.000,20564.000,0.259757,1
52,22760,1800,2381.000,23194.000,2246.000,20693.000,0.375485,1
52,22760,1800,3076.000,23427.000,2950.000,20941.000,0.469185,0
52,22760,1800,2151.000,23287.000,1992.000,20832.000,0.769730,1
52,22760,1800,2981.000,23623.000,2857.000,21133.000,0.812636,1
52,22760,1800,3301.000,23973.000,3188.000,21474.000,0.913874,0
52,22760,1800,1959.000,23377.000,1807.000,20913.000,0.372603,1
52,22760,1800,3228.000,23094.000,2944.000,20698.000,0.279868,0
52,22760,1800,2112.000,23172.000,1950.000,20718.000,0.647874,1
52,22760,1800,2161.000,23278.000,2004.000,20821.000,0.607091,1
52,22760,1800,2069.000,23211.000,1908.000,20759.000,0.486568,1
52,22760,1800,3314.000,23413.000,3245.000,20923.000,0.403603,0
52,22760,1800,2489.000,23996.000,2331.000,21514.000,0.733769,0
52,22760,1800,3377.000,23842.000,3274.000,21342.000,0.299781,0
52,22760,1800,2509.000,23797.000,2379.000,21333.000,0.245166,1
52,22760,1800,3236.000,23735.000,3117.000,21238.000,0.687041,0
52,22760,1800,2172.000,23310.000,2040.000,20889.000,0.227889,1
52,22760,1800,3064.000,23484.000,2940.000,20995.000,0.636940,0
52,22760,1800,3139.000,23071.000,3010.000,20590.000,0.349886,0
52,22760,1800,2515.000,23363.000,2362.000,20903.000,0.548654,1
52,22760,1800,2032.000,23305.000,1870.000,20851.000,0.678231,1
52,22760,1800,2682.000,24081.000,2559.000,21585.000,0.931933,0
52,22760,1800,3088.000,24063.000,2973.000,21563.000,0.944282,0
52,22760,1800,3075.000,23366.000,2947.000,20881.000,0.353081,0
52,22760,1800,3107.000,24162.000,3004.000,21667.000,0.342913,0
52,22760,1800,1935.000,23152.000,1771.000,20699.000,0.477487,1
52,22760,1800,2936.000,23675.000,2811.000,21184.000,0.792294,1
52,22760,1800,3217.000,23995.000,3101.000,21494.000,0.853331,0
52,22760,1800,3336.000,24283.000,3230.000,21776.000,0.415467,0
52,22760,1800,2245.000,23540.000,2088.000,21078.000,0.784829,1
52,22760,1800,3120.000,23058.000,2991.000,20574.000,0.428970,0
52,22760,1800,2980.000,23602.000,2865.000,21124.000,0.350142,1
52,22760,1800,2910.000,23707.000,2784.000,21216.000,0.951383,1
52,22760,1800,2040.000,23519.000,1878.000,21061.000,0.491949,1
52,22760,1800,2904.000,24138.000,2768.000,21605.000,0.324820,0
52,22760,1800,3304.000,23949.000,3190.000,21450.000,0.928774,0
52,22760,1800,3121.000,24295.000,3012.000,21793.000,0.325447,0
52,22760,1800,3359.000,23434.000,3307.000,20932.000,0.428516,0
52,22760,1800,3102.000,22895.000,2965.000,20418.000,0.273880,0
52,22760,1800,1909.000,24184.000,1760.000,21713.000,0.240265,0
52,22760,1800,3196.000,23755.000,3079.000,21259.000,0.884720,0
52,22760,1800,2076.000,23480.000,1942.000,21141.000,0.379127,1
52,22760,1800,3202.000,24061.000,3089.000,21559.000,0.740345,0
52,22760,1800,2430.000,23889.000,2290.000,21412.000,0.937397,1
52,22760,1800,2448.000,24302.000,2323.000,21806.000,0.237080,0
52,22760,1800,1962.000,23176.000,1755.000,20731.000,0.211030,1
52,22760,1800,2157.000,23306.000,1998.000,20849.000,0.443932,1
52,22760,1800,2410.000,23505.000,2224.000,21067.000,0.212228,1
52,22760,1800,2172.000,23755.000,2016.000,21293.000,0.921567,1
52,22760,1800,2972.000,23561.000,2845.000,21073.000,0.243005,1
52,22760,1800,3132.000,23564.000,2961.000,21089.000,0.341930,0
52,22760,1800,2373.000,23621.000,2181.000,21128.000,0.415509,1
52,22760,1800,2766.000,23703.000,2661.000,21229.000,0.596813,1
52,22760,1800,3391.000,23603.000,3277.000,21107.000,0.813156,0
52,22760,1800,2050.000,23326.000,1887.000,20870.000,0.578196,1
52,22760,1800,2175.000,23241.000,2016.000,20785.000,0.277900,1
52,22760,1800,3250.000,22957.000,3121.000,20475.000,0.370917,0
52,22760,1800,1995.000,23899.000,1838.000,21437.000,0.726199,1
52,22760,1800,3370.000,24099.000,3259.000,21597.000,0.892522,0
52,22760,1800,3355.000,23586.000,3238.000,21091.000,0.843384,0
52,22760,1800,3301.000,24201.000,3191.000,21697.000,0.467262,0
52,22760,1800,3277.000,23437.000,3225.000,20949.000,0.611821,0
52,22760,1800,3343.000,23618.000,3228.000,21123.000,0.946501,0
52,22760,1800,2116.000,23537.000,1957.000,21077.000,0.335028,1
52,22760,1800,3311.000,23932.000,3197.000,21434.000,0.765125,0
52,22760,1800,2704.000,24048.000,2582.000,21552.000,0.750949,0
52,22760,1800,3195.000,23196.000,3069.000,20712.000,0.826374,0
52,22760,1800,2540.000,24173.000,2414.000,21680.000,0.854173,0
52,22760,1800,3346.000,24018.000,3234.000,21518.000,0.909898,0
52,22760,1800,2518.000,23417.000,2366.000,20958.000,0.492062,1
52,22760,1800,2952.000,23674.000,2830.000,21182.000,0.923789,1
52,22760,1800,2259.000,24172.000,2120.000,21690.000,0.411726,0
52,22760,1800,2121.000,23574.000,1963.000,21115.000,0.799523,1
52,22760,1800,2507.000,24170.000,2383.000,21680.000,0.507663,0
52,22760,1800,2890.000,23846.000,2769.000,21351.000,0.927248,1
52,22760,1800,3356.000,23576.000,3298.000,21071.000,0.214444,0
52,22760,1800,2404.000,23993.000,2266.000,21512.000,0.864471,0
52,22760,1800,3287.000,23443.000,3164.000,20957.000,0.639674,0
52,22760,1800,1952.000,23970.000,1797.000,21505.000,0.576089,0
52,22760,1800,2499.000,23372.000,2345.000,20913.000,0.417192,1
52,22760,1800,2802.000,23881.000,2679.000,21388.000,0.834794,1
52,22760,1800,2944.000,24287.000,2875.000,21874.000,0.300009,0
52,22760,1800,3000.000,24296.000,2914.000,21799.000,0.643376,0
52,22760,1800,2578.000,23655.000,2435.000,21178.000,0.590093,1
52,22760,1800,2639.000,23804.000,2509.000,21303.000,0.405125,1
52,22760,1800,3319.000,23145.000,3251.000,20744.000,0.256879,0
52,22760,1800,2140.000,23939.000,1928.000,21497.000,0.514668,1
52,22760,1800,3048.000,23443.000,2921.000,20954.000,0.250851,0
52,22760,1800,3025.000,23802.000,2904.000,21306.000,0.928338,0
52,22760,1800,2597.000,23886.000,2456.000,21405.000,0.403731,1
52,22760,1800,1939.000,23992.000,1682.000,21606.000,0.370152,0
52,22760,1800,3265.000,24191.000,3154.000,21687.000,0.231448,0
52,22760,1800,2909.000,23862.000,2788.000,21367.000,0.904075,1
52,22760,1800,3332.000,24129.000,3222.000,21626.000,0.528943,0
52,22760,1800,2974.000,24180.000,2855.000,21681.000,0.913727,0
52,22760,1800,2392.000,24000.000,2251.000,21516.000,0.854576,0
52,22760,1800,3311.000,24074.000,3182.000,21524.000,0.509756,0
52,22760,1800,2573.000,24064.000,2444.000,21574.000,0.806914,0
52,22760,1800,2176.000,23216.000,2017.000,20759.000,0.471498,1
52,22760,1800,3125.000,23536.000,3003.000,21044.000,0.915150,0
52,22760,1800,3218.000,24068.000,3104.000,21568.000,0.928558,0
52,22760,1800,3289.000,23782.000,3218.000,21262.000,0.294001,0
52,22760,1800,2518.000,24157.000,2404.000,21660.000,0.562185,0
52,22760,1800,2440.000,22849.000,2491.000,20201.000,0.376725,1
52,22760,1800,2775.000,23786.000,2647.000,21297.000,0.582060,1
52,22760,1800,2167.000,23656.000,1983.000,21240.000,0.364158,1
52,22760,1800,2995.000,23958.000,2893.000,21452.000,0.849530,1
52,22760,1800,2388.000,23549.000,2226.000,21123.000,0.548979,1
52,22760,1800,3069.000,23832.000,2954.000,21350.000,0.768605,0
52,22760,1800,2679.000,23805.000,2547.000,21348.000,0.502497,1
52,22760,1800,2544.000,22951.000,2628.000,20379.000,0.250793,1
52,22760,1800,1926.000,23223.000,1514.000,20580.000,0.245491,1
52,22760,1800,2071.000,23623.000,1911.000,21165.000,0.943060,1
52,22760,1800,2651.000,23888.000,2480.000,21439.000,0.211814,1
52,22760,1800,3120.000,24122.000,3006.000,21621.000,0.914602,0
52,22760,1800,2998.000,23594.000,2874.000,21102.000,0.928102,1
52,22760,1800,3194.000,23593.000,3074.000,21101.000,0.914151,0
52,22760,1800,3222.000,24242.000,3111.000,21738.000,0.805312,0
52,22760,1800,2328.000,22883.000,2265.000,20333.000,0.222519,1
52,22760,1800,2783.000,24092.000,2662.000,21594.000,0.945331,0
52,22760,1800,2551.000,23730.000,2413.000,21249.000,0.239949,1
52,22760,1800,2962.000,24238.000,2848.000,21735.000,0.935272,0
52,22760,1800,1930.000,23979.000,1686.000,21596.000,0.325355,0
52,22760,1800,2497.000,23724.000,2352.000,21252.000,0.896936,1
52,22760,1800,1896.000,24268.000,1751.000,21793.000,0.220809,0
52,22760,1800,2469.000,24288.000,2343.000,21792.000,0.526932,0
52,22760,1800,3063.000,24129.000,2949.000,21628.000,0.268195,0
52,22760,1800,2868.000,24156.000,2695.000,21722.000,0.477753,0
52,22760,1800,3338.000,23885.000,3220.000,21390.000,0.751471,0
52,22760,1800,3381.000,23534.000,3263.000,21040.000,0.619941,0
52,22760,1800,2359.000,23831.000,2179.000,21341.000,0.647690,1
52,22760,1800,3270.000,24276.000,3161.000,21771.000,0.411903,0
52,22760,1800,2632.000,24125.000,2509.000,21631.000,0.420950,0
52,22760,1800,3196.000,23621.000,3076.000,21127.000,0.771056,0
52,22760,1800,3134.000,23061.000,3004.000,20578.000,0.424870,0
52,22760,1800,3184.000,23848.000,3068.000,21352.000,0.820001,0
52,22760,1800,2931.000,23869.000,2810.000,21373.000,0.948272,1
52,22760,1800,3271.000,23443.000,3225.000,20965.000,0.240840,0
52,22760,1800,3374.000,23251.000,3254.000,20760.000,0.724750,0
52,22760,1800,2699.000,24063.000,2576.000,21568.000,0.683874,0
52,22760,1800,3312.000,24239.000,3203.000,21733.000,0.580210,0
52,22760,1800,3216.000,24085.000,3136.000,21584.000,0.241912,0
52,22760,1800,2737.000,23753.000,2562.000,21325.000,0.253255,1
52,22760,1800,3184.000,24099.000,3070.000,21600.000,0.926046,0
52,22760,1800,2939.000,24113.000,2824.000,21610.000,0.784230,0
52,22760,1800,2636.000,23710.000,2499.000,21230.000,0.519271,1
52,22760,1800,3376.000,23579.000,3259.000,21084.000,0.866831,0
52,22760,1800,2006.000,23684.000,1846.000,21227.000,0.828851,1
52,22760,1800,1926.000,24239.000,1495.000,21468.000,0.210529,0
52,22760,1800,2336.000,23995.000,2129.000,21561.000,0.386566,0
52,22760,1800,3347.000,23128.000,3225.000,20639.000,0.737079,0
52,22760,1800,2282.000,24060.000,2141.000,21582.000,0.315359,0
52,22760,1800,2615.000,24231.000,2493.000,21732.000,0.238319,0
52,22760,1800,2320.000,23731.000,2170.000,21265.000,0.904649,1
52,22760,1800,2322.000,23664.000,2170.000,21198.000,0.789214,1
52,22760,1800,2194.000,23281.000,2060.000,20930.000,0.214926,1
52,22760,1800,3331.000,23095.000,3208.000,20608.000,0.569965,0
52,22760,1800,3169.000,23766.000,3017.000,21330.000,0.371283,0
52,22760,1800,2143.000,23510.000,1984.000,21051.000,0.933295,1
52,22760,1800,3272.000,23923.000,3157.000,21424.000,0.887927,0
52,22760,1800,3361.000,23057.000,3239.000,20569.000,0.782308,0
52,22760,1800,2436.000,23932.000,2206.000,21456.000,0.336111,1
52,22760,1800,2513.000,23701.000,2371.000,21226.000,0.383066,1
52,22760,1800,2844.000,24223.000,2676.000,21749.000,0.209685,0
52,22760,1800,2222.000,23294.000,1999.000,20788.000,0.290997,1
52,22760,1800,3245.000,23137.000,3093.000,20718.000,0.584072,0
52,22760,1800,2528.000,24283.000,2367.000,21915.000,0.244326,0
52,22760,1800,2377.000,24016.000,2249.000,21535.000,0.262483,0
52,22760,1800,2094.000,23576.000,1936.000,21111.000,0.506927,1
52,22760,1800,1905.000,23892.000,1747.000,21432.000,0.486673,1
52,22760,1800,2143.000,23239.000,1984.000,20784.000,0.647535,1
52,22760,1800,3235.000,24105.000,3124.000,21604.000,0.894382,0
52,22760,1800,2633.000,23912.000,2501.000,21427.000,0.869134,1
52,22760,1800,3254.000,23074.000,3128.000,20591.000,0.454297,0
52,22760,1800,3063.000,23938.000,2946.000,21441.000,0.947186,0
52,22760,1800,2204.000,23487.000,2046.000,21027.000,0.811849,1
52,22760,1800,3313.000,24269.000,3205.000,21766.000,0.689815,0
52,22760,1800,2280.000,23324.000,2125.000,20864.000,0.745521,1
52,22760,1800,3124.000,23799.000,3009.000,21302.000,0.518940,0
52,22760,1800,3324.000,23986.000,3211.000,21487.000,0.918380,0
52,22760,1800,3066.000,24264.000,2953.000,21760.000,0.481792,0
52,22760,1800,3189.000,23994.000,3073.000,21495.000,0.916305,0
52,22760,1800,2870.000,23851.000,2749.000,21357.000,0.516639,1
52,22760,1800,2696.000,23797.000,2566.000,21310.000,0.754168,1
52,22760,1800,2917.000,23789.000,2794.000,21296.000,0.505299,1
52,22760,1800,2492.000,23782.000,2304.000,21300.000,0.386743,1
52,22760,1800,2402.000,23926.000,2267.000,21472.000,0.308542,1
52,22760,1800,2630.000,24249.000,2508.000,21752.000,0.884760,0
52,22760,1800,3244.000,23425.000,3124.000,20933.000,0.715481,0
52,22760,1800,2498.000,24303.000,2374.000,21808.000,0.523599,0
52,22760,1800,2544.000,23895.000,2408.000,21413.000,0.837455,1
52,22760,1800,3188.000,23220.000,3062.000,20733.000,0.698148,0
52,22760,1800,2623.000,24311.000,2517.000,21879.000,0.200437,0
52,22760,1800,2024.000,23695.000,1864.000,21238.000,0.898210,1
52,22760,1800,1939.000,23352.000,1777.000,20896.000,0.262094,1
52,22760,1800,2577.000,24279.000,2455.000,21781.000,0.853340,0
52,22760,1800,2482.000,24165.000,2355.000,21674.000,0.907717,0
52,22760,1800,3238.000,23415.000,3117.000,20923.000,0.234286,0
52,22760,1800,3082.000,24082.000,2968.000,21580.000,0.949512,0
52,22760,1800,2768.000,23507.000,2629.000,21031.000,0.737091,1
52,22760,1800,2729.000,23673.000,2608.000,21196.000,0.870592,1
52,22760,1800,2620.000,23467.000,2473.000,20998.000,0.569701,1
52,22760,1800,2245.000,23505.000,2108.000,21054.000,0.279540,1
52,22760,1800,2770.000,23749.000,2653.000,21271.000,0.672186,1
52,22760,1800,2679.000,24188.000,2558.000,21690.000,0.561032,0
52,22760,1800,2188.000,23323.000,2030.000,20864.000,0.737729,1
52,22760,1800,2068.000,23924.000,1915.000,21457.000,0.678884,1
52,22760,1800,2102.000,23319.000,1940.000,20863.000,0.664126,1
52,22760,1800,2644.000,23876.000,2503.000,21386.000,0.500705,1
52,22760,1800,3286.000,23997.000,3173.000,21497.000,0.917083,0
52,22760,1800,3202.000,24169.000,3091.000,21668.000,0.764944,0
52,22760,1800,2459.000,23574.000,2313.000,21103.000,0.602976,1
52,22760,1800,3147.000,23216.000,3043.000,20733.000,0.740851,0
52,22760,1800,1998.000,23366.000,1861.000,20865.000,0.248823,1
52,22760,1800,3179.000,23434.000,3055.000,20943.000,0.259406,0
52,22760,1800,2908.000,24291.000,2788.000,21842.000,0.300673,0
52,22760,1800,2923.000,24255.000,2810.000,21752.000,0.396736,0
52,22760,1800,2079.000,23965.000,1896.000,21593.000,0.301983,0
52,22760,1800,2956.000,23401.000,2908.000,20916.000,0.274198,1
52,22760,1800,2494.000,24158.000,2306.000,21673.000,0.459578,0
52,22760,1800,3359.000,23037.000,3236.000,20550.000,0.663379,0
52,22760,1800,2507.000,23739.000,2386.000,21306.000,0.288223,1
52,22760,1800,3147.000,23471.000,3025.000,20981.000,0.874136,0
52,22760,1800,2199.000,23327.000,2120.000,20919.000,0.207217,1
52,22760,1800,1914.000,23299.000,1752.000,20845.000,0.404651,1
52,22760,1800,2477.000,23902.000,2339.000,21423.000,0.771247,1
52,22760,1800,2590.000,24219.000,2467.000,21723.000,0.902717,0
52,22760,1800,2072.000,23230.000,1910.000,20776.000,0.625058,1
52,22760,1800,2318.000,24276.000,2186.000,21787.000,0.883964,0
52,22760,1800,3258.000,22921.000,3127.000,20438.000,0.520453,0
52,22760,1800,2742.000,23721.000,2650.000,21239.000,0.454421,1
52,22760,1800,2645.000,24121.000,2528.000,21604.000,0.284742,0
52,22760,1800,1917.000,23864.000,1711.000,21514.000,0.501676,1
52,22760,1800,1935.000,23492.000,1748.000,21119.000,0.266405,1
52,22760,1800,3049.000,23184.000,2987.000,20717.000,0.223407,0
52,22760,1800,3388.000,23888.000,3275.000,21390.000,0.553027,0
52,22760,1800,2299.000,24272.000,2166.000,21786.000,0.788468,0
52,22760,1800,3332.000,23341.000,3218.000,20842.000,0.857134,0
52,22760,1800,2051.000,23839.000,1895.000,21377.000,0.934827,1
52,22760,1800,3164.000,23071.000,3038.000,20587.000,0.253558,0
52,22760,1800,2574.000,23385.000,2421.000,20925.000,0.206971,1
52,22760,1800,2468.000,23588.000,2320.000,21117.000,0.832965,1
52,22760,1800,1926.000,23294.000,1669.000,20900.000,0.232569,1
52,22760,1800,2720.000,24074.000,2561.000,21626.000,0.404243,0
52,22760,1800,2549.000,23847.000,2414.000,21365.000,0.330468,1
52,22760,1800,3190.000,22899.000,3058.000,20420.000,0.391236,0
52,22760,1800,2259.000,23955.000,2113.000,21483.000,0.523456,1
52,22760,1800,2638.000,23663.000,2591.000,21207.000,0.252173,1
52,22760,1800,3306.000,23300.000,3187.000,20810.000,0.844417,0
52,22760,1800,1990.000,23300.000,1775.000,20751.000,0.275477,1
52,22760,1800,2890.000,23880.000,2769.000,21384.000,0.511067,1
52,22760,1800,3171.000,23182.000,3045.000,20698.000,0.694835,0
52,22760,1800,2699.000,23388.000,2550.000,20925.000,0.814840,1
52,22760,1800,2075.000,23359.000,1915.000,20903.000,0.926931,1
52,22760,1800,2422.000,23878.000,2279.000,21406.000,0.619402,1
52,22760,1800,3263.000,23865.000,3143.000,21316.000,0.202009,0
52,22760,1800,2512.000,24185.000,2404.000,21694.000,0.684323,0
52,22760,1800,3001.000,23483.000,2888.000,20996.000,0.622440,0
52,22760,1800,3259.000,23566.000,3140.000,21072.000,0.809645,0
52,22760,1800,3311.000,23293.000,3204.000,20880.000,0.671594,0
52,22760,1800,1922.000,23366.000,1662.000,20914.000,0.208690,1
52,22760,1800,2759.000,23885.000,2587.000,21441.000,0.204413,1
52,22760,1800,1921.000,23933.000,1690.000,21583.000,0.252681,1
52,22760,1800,3240.000,24219.000,3127.000,21716.000,0.804574,0
52,22760,1800,2326.000,23807.000,2241.000,21377.000,0.215261,1
52,22760,1800,3373.000,23126.000,3251.000,20636.000,0.876137,0
52,22760,1800,2048.000,23920.000,1863.000,21455.000,0.661513,1
52,22760,1800,2261.000,24144.000,2122.000,21666.000,0.588475,0
52,22760,1800,2968.000,24147.000,2857.000,21651.000,0.484593,0
52,22760,1800,2979.000,23770.000,2856.000,21274.000,0.763049,1
52,22760,1800,3110.000,23367.000,2987.000,20871.000,0.363310,0
52,22760,1800,2587.000,23888.000,2463.000,21348.000,0.399260,1
52,22760,1800,3235.000,24185.000,3125.000,21681.000,0.788682,0
52,22760,1800,2307.000,24069.000,2166.000,21589.000,0.648405,0
52,22760,1800,2984.000,24270.000,2870.000,21766.000,0.625229,0
52,22760,1800,1970.000,23368.000,1726.000,20876.000,0.406944,1
52,22760,1800,2776.000,23823.000,2655.000,21341.000,0.315345,1
52,22760,1800,3299.000,23911.000,3220.000,21354.000,0.320163,0
52,22760,1800,3006.000,23624.000,2889.000,21124.000,0.438693,0
52,22760,1800,2049.000,24202.000,1774.000,21799.000,0.251158,0
52,22760,1800,2582.000,23539.000,2453.000,21049.000,0.388325,1
52,22760,1800,2926.000,23577.000,2785.000,21095.000,0.275950,1
52,22760,1800,2736.000,23693.000,2623.000,21199.000,0.406882,1
52,22760,1800,2907.000,23974.000,2787.000,21476.000,0.918532,0
52,22760,1800,3184.000,23372.000,3061.000,20883.000,0.891543,0
52,22760,1800,1889.000,23616.000,1591.000,21031.000,0.243385,1
52,22760,1800,2104.000,23524.000,1926.000,21065.000,0.583682,1
52,22760,1800,3352.000,23966.000,3239.000,21465.000,0.205100,0
52,22760,1800,1920.000,23347.000,1755.000,20897.000,0.323138,1
52,22760,1800,2979.000,23651.000,2855.000,21161.000,0.946685,1
52,22760,1800,2006.000,23985.000,1851.000,21518.000,0.913204,0
52,22760,1800,2544.000,24022.000,2428.000,21533.000,0.270073,0
52,22760,1800,2674.000,23937.000,2545.000,21448.000,0.797285,1
52,22760,1800,3208.000,24141.000,3088.000,21631.000,0.793444,0
52,22760,1800,3022.000,23838.000,2901.000,21343.000,0.942374,0
52,22760,1800,2176.000,23583.000,2018.000,21124.000,0.228770,1
52,22760,1800,2510.000,23607.000,2393.000,21178.000,0.399090,1
52,22760,1800,2995.000,23431.000,2896.000,20981.000,0.326215,1
52,22760,1800,2792.000,23899.000,2680.000,21408.000,0.589982,1
52,22760,1800,2816.000,23413.000,2682.000,20983.000,0.200860,1
52,22760,1800,3050.000,23231.000,2995.000,20737.000,0.259865,0
52,22760,1800,2397.000,23744.000,2230.000,21212.000,0.291925,1
52,22760,1800,2002.000,23206.000,1839.000,20754.000,0.264954,1
52,22760,1800,2051.000,23525.000,1906.000,21068.000,0.325033,1
52,22760,1800,2025.000,23801.000,1826.000,21381.000,0.265715,1
52,22760,1800,3229.000,23580.000,3110.000,21088.000,0.906603,0
52,22760,1800,2337.000,24077.000,2200.000,21596.000,0.815711,0
52,22760,1800,2135.000,24026.000,1987.000,21556.000,0.895244,0
52,22760,1800,3268.000,24146.000,3149.000,21643.000,0.425905,0
52,22760,1800,2062.000,23474.000,1902.000,21018.000,0.404425,1
52,22760,1800,1996.000,23743.000,1758.000,21192.000,0.515078,1
52,22760,1800,2106.000,23636.000,1949.000,21176.000,0.924170,1
52,22760,1800,2828.000,23941.000,2705.000,21448.000,0.949822,1
52,22760,1800,3360.000,23080.000,3238.000,20592.000,0.209486,0
52,22760,1800,3194.000,23183.000,3069.000,20697.000,0.744999,0
52,22760,1800,3280.000,23581.000,3164.000,21059.000,0.780378,0
52,22760,1800,2713.000,23860.000,2583.000,21369.000,0.940176,1
52,22760,1800,3223.000,23415.000,3102.000,20925.000,0.609795,0
52,22760,1800,2809.000,23859.000,2684.000,21366.000,0.857173,1
52,22760,1800,2616.000,24118.000,2491.000,21624.000,0.784219,0
52,22760,1800,2543.000,23679.000,2420.000,21209.000,0.664325,1
52,22760,1800,2131.000,23446.000,1973.000,20986.000,0.637789,1
52,22760,1800,3190.000,23457.000,3068.000,20967.000,0.525436,0
52,22760,1800,3235.000,23654.000,3118.000,21158.000,0.929975,0
52,22760,1800,3183.000,23268.000,3059.000,20780.000,0.730819,0
52,22760,1800,2786.000,24050.000,2664.000,21556.000,0.819070,0
52,22760,1800,3120.000,23091.000,2997.000,20605.000,0.579175,0
52,22760,1800,2763.000,23679.000,2652.000,21184.000,0.257203,1
52,22760,1800,2631.000,24215.000,2490.000,21713.000,0.646521,0
52,22760,1800,2553.000,23812.000,2413.000,21335.000,0.643631,1
52,22760,1800,3205.000,23775.000,3089.000,21278.000,0.510094,0
52,22760,1800,2590.000,23901.000,2457.000,21416.000,0.729207,1
52,22760,1800,2084.000,23461.000,1861.000,20974.000,0.278749,1
52,22760,1800,2153.000,24054.000,2004.000,21581.000,0.837201,0
52,22760,1800,3319.000,24292.000,3214.000,21788.000,0.568905,0
52,22760,1800,3059.000,23605.000,2966.000,21123.000,0.468413,0
52,22760,1800,3282.000,23683.000,3184.000,21193.000,0.402535,0
52,22760,1800,3104.000,23138.000,2998.000,20662.000,0.410259,0
52,22760,1800,2414.000,24036.000,2278.000,21553.000,0.720195,0
52,22760,1800,2520.000,24130.000,2339.000,21615.000,0.275937,0
52,22760,1800,2767.000,23696.000,2664.000,21201.000,0.565117,1
52,22760,1800,2313.000,23670.000,2165.000,21209.000,0.685767,1
52,22760,1800,2442.000,22870.000,2240.000,20273.000,0.222868,1
52,22760,1800,3249.000,23221.000,3103.000,20803.000,0.536808,0
52,22760,1800,2080.000,23890.000,1942.000,21421.000,0.400180,1
52,22760,1800,2571.000,24014.000,2428.000,21494.000,0.529903,0
52,22760,1800,3020.000,23910.000,2903.000,21411.000,0.936342,0
52,22760,1800,1916.000,23592.000,1703.000,21173.000,0.313426,1
52,22760,1800,2715.000,24283.000,2601.000,21769.000,0.588205,0
52,22760,1800,3023.000,23631.000,2902.000,21125.000,0.406851,0
52,22760,1800,2971.000,24280.000,2857.000,21777.000,0.705531,0
52,22760,1800,3196.000,24175.000,3085.000,21673.000,0.610804,0
52,22760,1800,2459.000,24275.000,2333.000,21780.000,0.754720,0
52,22760,1800,3197.000,23498.000,3077.000,21008.000,0.537477,0
52,22760,1800,2314.000,24017.000,2105.000,21543.000,0.341785,0
52,22760,1800,2092.000,23899.000,1879.000,21449.000,0.249130,1
52,22760,1800,2007.000,23396.000,1798.000,20922.000,0.382239,1
52,22760,1800,2124.000,23436.000,1965.000,20977.000,0.749121,1
52,22760,1800,3149.000,23175.000,3022.000,20691.000,0.592018,0
52,22760,1800,2055.000,23047.000,1898.000,20524.000,0.263554,1
52,22760,1800,2188.000,23234.000,2050.000,20772.000,0.690829,1
52,22760,1800,2483.000,23738.000,2337.000,21263.000,0.806092,1
52,22760,1800,3112.000,24289.000,2990.000,21787.000,0.434749,0
52,22760,1800,3082.000,23357.000,2955.000,20873.000,0.369516,0
52,22760,1800,3323.000,24260.000,3231.000,21748.000,0.322229,0
52,22760,1800,3149.000,23744.000,3032.000,21248.000,0.872598,0
52,22760,1800,1954.000,23986.000,1800.000,21521.000,0.396597,0
52,22760,1800,2108.000,23449.000,1960.000,21000.000,0.565125,1
52,22760,1800,2703.000,24036.000,2574.000,21536.000,0.642509,0
52,22760,1800,3128.000,23140.000,3011.000,20617.000,0.461598,0
52,22760,1800,2371.000,23554.000,2238.000,21083.000,0.314161,1
52,22760,1800,2745.000,24216.000,2627.000,21716.000,0.879213,0
52,22760,1800,2542.000,23883.000,2397.000,21398.000,0.403373,1
52,22760,1800,2050.000,23267.000,1857.000,20835.000,0.422417,1
52,22760,1800,3173.000,23281.000,3049.000,20795.000,0.698759,0
52,22760,1800,3180.000,23193.000,3056.000,20703.000,0.545471,0
52,22760,1800,3199.000,23680.000,3070.000,21205.000,0.620015,0
52,22760,1800,3214.000,23664.000,3095.000,21168.000,0.898205,0
52,22760,1800,2844.000,23599.000,2725.000,21119.000,0.319674,1
52,22760,1800,2208.000,23735.000,2054.000,21272.000,0.267213,1
52,22760,1800,2236.000,23786.000,2138.000,21279.000,0.263601,1
52,22760,1800,2314.000,23764.000,2123.000,21249.000,0.217953,1
52,22760,1800,2177.000,23190.000,2030.000,20733.000,0.229799,1
52,22760,1800,2280.000,24196.000,2145.000,21712.000,0.796109,0
52,22760,1800,2164.000,23291.000,2023.000,20833.000,0.242066,1
52,22760,1800,2040.000,23344.000,1819.000,20880.000,0.226210,1
52,22760,1800,2640.000,23769.000,2473.000,21209.000,0.262758,1
52,22760,1800,3360.000,23952.000,3249.000,21453.000,0.853684,0
52,22760,1800,2036.000,23473.000,1876.000,21015.000,0.262904,1
52,22760,1800,2319.000,23384.000,2166.000,20922.000,0.392100,1
52,22760,1800,2558.000,23500.000,2409.000,21022.000,0.742720,1
52,22760,1800,2646.000,23783.000,2459.000,21310.000,0.428624,1
52,22760,1800,2246.000,23469.000,2089.000,21009.000,0.352401,1
52,22760,1800,2093.000,24126.000,1917.000,21604.000,0.590189,0
52,22760,1800,3322.000,24089.000,3282.000,21565.000,0.365707,0
52,22760,1800,2558.000,24303.000,2437.000,21808.000,0.479320,0
52,22760,1800,3143.000,22999.000,3015.000,20519.000,0.450892,0
52,22760,1800,1968.000,23636.000,1726.000,21160.000,0.377174,1
52,22760,1800,2459.000,23597.000,2314.000,21127.000,0.796323,1
52,22760,1800,3102.000,24280.000,3013.000,21847.000,0.295238,0
52,22760,1800,1916.000,23193.000,1489.000,20537.000,0.220750,1
52,22760,1800,2265.000,24137.000,2123.000,21655.000,0.566279,0
52,22760,1800,2130.000,23451.000,1972.000,20995.000,0.816380,1
52,22760,1800,2811.000,24225.000,2604.000,21793.000,0.303775,0
52,22760,1800,2871.000,23840.000,2733.000,21351.000,0.663588,1
52,22760,1800,2079.000,23794.000,1923.000,21332.000,0.249112,1
52,22760,1800,2056.000,23225.000,1894.000,20773.000,0.560702,1
52,22760,1800,2648.000,24176.000,2505.000,21679.000,0.224243,0
52,22760,1800,2000.000,23594.000,1839.000,21138.000,0.226786,1
52,22760,1800,2576.000,23980.000,2410.000,21498.000,0.350528,0
52,22760,1800,3236.000,23214.000,3113.000,20726.000,0.522512,0
52,22760,1800,3028.000,23499.000,2949.000,20993.000,0.259117,0
52,22760,1800,2812.000,23927.000,2689.000,21433.000,0.516278,1
52,22760,1800,2294.000,24248.000,2116.000,21809.000,0.217215,0
52,22760,1800,3340.000,23923.000,3186.000,21412.000,0.381941,0
52,22760,1800,2291.000,24031.000,2202.000,21537.000,0.289565,0
52,22760,1800,3024.000,24273.000,2927.000,21771.000,0.355585,0
52,22760,1800,2526.000,23886.000,2391.000,21407.000,0.744622,1
52,22760,1800,3105.000,23618.000,3024.000,21110.000,0.338950,0
52,22760,1800,3031.000,24203.000,2917.000,21698.000,0.505597,0
52,22760,1800,2332.000,23646.000,2174.000,21180.000,0.466386,1
52,22760,1800,3180.000,23163.000,3053.000,20678.000,0.542341,0
52,22760,1800,2458.000,23753.000,2333.000,21277.000,0.367530,1
52,22760,1800,3052.000,22831.000,2914.000,20357.000,0.336104,0
52,22760,1800,3190.000,23629.000,3081.000,21185.000,0.790495,0
52,22760,1800,2424.000,23657.000,2276.000,21188.000,0.226876,1
52,22760,1800,2843.000,24212.000,2730.000,21709.000,0.387043,0
52,22760,1800,2402.000,23625.000,2252.000,21157.000,0.946270,1
52,22760,1800,1941.000,23953.000,1771.000,21489.000,0.268535,1
52,22760,1800,2204.000,23309.000,2046.000,20851.000,0.507412,1
52,22760,1800,1956.000,23839.000,1797.000,21379.000,0.397863,1
52,22760,1800,2059.000,23289.000,1800.000,20728.000,0.293935,1
52,22760,1800,2653.000,23839.000,2504.000,21353.000,0.331191,1
52,22760,1800,3054.000,23911.000,2937.000,21412.000,0.951780,0
52,22760,1800,3045.000,23484.000,2933.000,21003.000,0.906312,0
52,22760,1800,2263.000,23650.000,2110.000,21187.000,0.235557,1
52,22760,1800,2864.000,23892.000,2742.000,21398.000,0.444631,1
52,22760,1800,3025.000,23724.000,2909.000,21230.000,0.363580,0
52,22760,1800,2721.000,23362.000,2635.000,20951.000,0.362397,1
52,22760,1800,3089.000,23063.000,2968.000,20617.000,0.340574,0
52,22760,1800,2107.000,23441.000,1948.000,20986.000,0.527264,1
52,22760,1800,2472.000,23923.000,2313.000,21451.000,0.624709,1
52,22760,1800,2709.000,23988.000,2581.000,21499.000,0.670805,0
52,22760,1800,2473.000,24085.000,2341.000,21597.000,0.614008,0
52,22760,1800,3289.000,23839.000,3134.000,21324.000,0.778455,0
52,22760,1800,3083.000,23964.000,2969.000,21468.000,0.649647,0
52,22760,1800,2623.000,23896.000,2489.000,21408.000,0.875182,1
52,22760,1800,2509.000,23985.000,2325.000,21485.000,0.248787,0
52,22760,1800,2149.000,23136.000,1987.000,20679.000,0.438481,1
52,22760,1800,3270.000,23359.000,3151.000,20866.000,0.823526,0
52,22760,1800,2858.000,23775.000,2701.000,21250.000,0.407870,1
52,22760,1800,3378.000,23006.000,3255.000,20519.000,0.541748,0
52,22760,1800,3091.000,24004.000,2975.000,21504.000,0.947936,0
52,22760,1800,2318.000,23496.000,2156.000,21043.000,0.244214,1
52,22760,1800,2108.000,23485.000,1950.000,21028.000,0.938586,1
53,22760,3000,3162.000,24292.000,3070.000,21775.000,0.249255,0
53,22760,3000,3414.000,23566.000,3298.000,21071.000,0.950653,1
53,22760,3000,3328.000,23417.000,3245.000,20923.000,0.285348,1
53,22760,3000,3913.000,23452.000,3808.000,20952.000,0.953183,1
53,22760,3000,3386.000,24016.000,3275.000,21517.000,0.325504,0
53,22760,3000,3892.000,22806.000,3820.000,20309.000,0.878026,1
53,22760,3000,4060.000,22804.000,3978.000,20301.000,0.908609,1
53,22760,3000,3030.000,24190.000,2917.000,21689.000,0.878082,0
53,22760,3000,4100.000,24187.000,4062.000,21660.000,0.759199,0
53,22760,3000,3583.000,23575.000,3487.000,21071.000,0.243996,1
53,22760,3000,4013.000,23093.000,3906.000,20597.000,0.952755,1
53,22760,3000,4024.000,23090.000,3918.000,20594.000,0.950161,1
53,22760,3000,3784.000,23621.000,3677.000,21120.000,0.933630,1
53,22760,3000,4131.000,24027.000,4047.000,21508.000,0.951844,0
53,22760,3000,4230.000,23990.000,4149.000,21468.000,0.939825,0
53,22760,3000,3153.000,23078.000,3024.000,20596.000,0.496078,1
53,22760,3000,4143.000,24182.000,4136.000,21647.000,0.255359,0
53,22760,3000,3997.000,23363.000,3924.000,20872.000,0.386493,1
53,22760,3000,3883.000,23425.000,3776.000,20926.000,0.952179,1
53,22760,3000,3185.000,23982.000,3072.000,21480.000,0.925548,0
53,22760,3000,3537.000,23692.000,3425.000,21195.000,0.934804,1
53,22760,3000,3265.000,23436.000,3151.000,20944.000,0.326205,1
53,22760,3000,3259.000,23812.000,3143.000,21316.000,0.571201,1
53,22760,3000,3508.000,23706.000,3399.000,21207.000,0.945976,1
53,22760,3000,4080.000,24193.000,4033.000,21697.000,0.745966,0
53,22760,3000,3632.000,23420.000,3520.000,20925.000,0.935965,1
53,22760,3000,3268.000,22772.000,3247.000,20299.000,0.373619,1
53,22760,3000,3645.000,22779.000,3461.000,20203.000,0.245378,1
53,22760,3000,3970.000,23638.000,3871.000,21133.000,0.951993,1
53,22760,3000,3156.000,24169.000,3043.000,21667.000,0.886947,0
53,22760,3000,3569.000,23120.000,3498.000,20681.000,0.283575,1
53,22760,3000,3816.000,23250.000,3724.000,20759.000,0.810341,1
53,22760,3000,4130.000,23494.000,4035.000,20988.000,0.951079,1
53,22760,3000,3239.000,23795.000,3195.000,21287.000,0.237160,1
53,22760,3000,3582.000,23301.000,3487.000,20802.000,0.512811,1
53,22760,3000,3559.000,23104.000,3442.000,20614.000,0.878517,1
53,22760,3000,3572.000,23286.000,3457.000,20792.000,0.548081,1
53,22760,3000,3997.000,22852.000,3886.000,20360.000,0.943393,1
53,22760,3000,3673.000,23060.000,3557.000,20571.000,0.946723,1
53,22760,3000,4224.000,22969.000,4124.000,20470.000,0.949474,0
53,22760,3000,4006.000,23231.000,3903.000,20733.000,0.950920,1
53,22760,3000,3569.000,23071.000,3451.000,20582.000,0.814884,1
53,22760,3000,4000.000,22936.000,3949.000,20423.000,0.211899,1
53,22760,3000,4132.000,23750.000,4044.000,21237.000,0.952550,1
53,22760,3000,3248.000,24027.000,3162.000,21530.000,0.205912,0
53,22760,3000,3607.000,24182.000,3506.000,21673.000,0.902906,0
53,22760,3000,3523.000,23393.000,3421.000,20881.000,0.268206,1
53,22760,3000,3999.000,23109.000,3892.000,20611.000,0.435259,1
53,22760,3000,4011.000,23179.000,3908.000,20681.000,0.949727,1
53,22760,3000,4397.000,23615.000,4316.000,21097.000,0.561174,0
53,22760,3000,3082.000,23651.000,3011.000,21160.000,0.573319,1
53,22760,3000,3690.000,22848.000,3572.000,20360.000,0.574105,1
53,22760,3000,4189.000,22986.000,4088.000,20486.000,0.924538,1
53,22760,3000,4310.000,23497.000,4222.000,20983.000,0.919610,0
53,22760,3000,3167.000,24156.000,3056.000,21654.000,0.822283,0
53,22760,3000,4186.000,23869.000,4101.000,21353.000,0.948478,1
53,22760,3000,3427.000,23261.000,3308.000,20770.000,0.729003,1
53,22760,3000,4171.000,23880.000,4084.000,21364.000,0.951873,1
53,22760,3000,3154.000,24181.000,3042.000,21684.000,0.825870,0
53,22760,3000,4550.000,23782.000,4568.000,21303.000,0.262800,0
53,22760,3000,3076.000,23427.000,2950.000,20941.000,0.405047,1
53,22760,3000,3301.000,23973.000,3188.000,21474.000,0.945884,0
53,22760,3000,4273.000,24227.000,4201.000,21696.000,0.923009,0
53,22760,3000,4022.000,23483.000,3922.000,20980.000,0.567786,1
53,22760,3000,3908.000,22831.000,3820.000,20404.000,0.399153,1
53,22760,3000,3377.000,23842.000,3274.000,21342.000,0.501283,1
53,22760,3000,3984.000,23355.000,3886.000,20866.000,0.822447,1
53,22760,3000,3809.000,22800.000,3695.000,20310.000,0.635860,1
53,22760,3000,3609.000,22771.000,3490.000,20282.000,0.841828,1
53,22760,3000,4307.000,23833.000,4265.000,21296.000,0.362604,0
53,22760,3000,3931.000,23458.000,3829.000,20958.000,0.834372,1
53,22760,3000,3064.000,23484.000,2934.000,20984.000,0.389826,1
53,22760,3000,4089.000,23125.000,3986.000,20624.000,0.794890,1
53,22760,3000,3767.000,24030.000,3668.000,21521.000,0.953648,0
53,22760,3000,4295.000,23501.000,4211.000,20995.000,0.767705,0
53,22760,3000,3941.000,22822.000,3797.000,20340.000,0.552767,1
53,22760,3000,3088.000,24063.000,2973.000,21563.000,0.786596,0
53,22760,3000,4466.000,23658.000,4389.000,21137.000,0.623473,0
53,22760,3000,4013.000,22815.000,3942.000,20346.000,0.326701,1
53,22760,3000,3420.000,24108.000,3309.000,21605.000,0.786693,0
53,22760,3000,3431.000,22900.000,3308.000,20414.000,0.749674,1
53,22760,3000,3468.000,23264.000,3351.000,20773.000,0.892459,1
53,22760,3000,3917.000,22904.000,3805.000,20413.000,0.945000,1
53,22760,3000,4203.000,23828.000,4118.000,21311.000,0.580568,0
53,22760,3000,3217.000,23995.000,3101.000,21494.000,0.806486,0
53,22760,3000,3336.000,24283.000,3230.000,21776.000,0.215422,0
53,22760,3000,3120.000,23058.000,2991.000,20574.000,0.522308,1
53,22760,3000,3701.000,22846.000,3583.000,20356.000,0.666765,1
53,22760,3000,3912.000,22813.000,3831.000,20294.000,0.253184,1
53,22760,3000,3354.000,23469.000,3307.000,20932.000,0.210137,1
53,22760,3000,3787.000,22844.000,3671.000,20354.000,0.726818,1
53,22760,3000,3093.000,23641.000,3037.000,21135.000,0.672986,1
53,22760,3000,3483.000,23266.000,3366.000,20771.000,0.940037,1
53,22760,3000,3304.000,23949.000,3190.000,21450.000,0.880843,1
53,22760,3000,3497.000,23211.000,3380.000,20721.000,0.737602,1
53,22760,3000,3494.000,23679.000,3383.000,21184.000,0.937879,1
53,22760,3000,3102.000,22895.000,2965.000,20418.000,0.456956,1
53,22760,3000,3202.000,24061.000,3089.000,21559.000,0.404876,0
53,22760,3000,3534.000,23821.000,3423.000,21324.000,0.947928,1
53,22760,3000,4296.000,23020.000,4207.000,20513.000,0.597737,0
53,22760,3000,4079.000,23625.000,3984.000,21119.000,0.953004,1
53,22760,3000,3673.000,23428.000,3562.000,20934.000,0.948578,1
53,22760,3000,3897.000,22888.000,3784.000,20397.000,0.243573,1
53,22760,3000,3512.000,23212.000,3394.000,20720.000,0.943369,1
53,22760,3000,3843.000,22768.000,3729.000,20277.000,0.739624,1
53,22760,3000,4494.000,23920.000,4349.000,21335.000,0.251440,0
53,22760,3000,3876.000,23038.000,3765.000,20546.000,0.933242,1
53,22760,3000,3767.000,22899.000,3722.000,20370.000,0.485291,1
53,22760,3000,4001.000,22772.000,3889.000,20280.000,0.848891,1
53,22760,3000,3634.000,23892.000,3526.000,21391.000,0.948776,1
53,22760,3000,3961.000,23648.000,3870.000,21147.000,0.906441,1
53,22760,3000,4173.000,24163.000,4104.000,21637.000,0.881984,0
53,22760,3000,3250.000,22957.000,3121.000,20475.000,0.243660,1
53,22760,3000,3475.000,23641.000,3358.000,21146.000,0.773127,1
53,22760,3000,4163.000,23012.000,4061.000,20514.000,0.777659,1
53,22760,3000,4216.000,23698.000,4129.000,21182.000,0.874339,0
53,22760,3000,3707.000,23949.000,3603.000,21446.000,0.954518,1
53,22760,3000,3355.000,23586.000,3238.000,21091.000,0.936284,1
53,22760,3000,3301.000,24201.000,3191.000,21697.000,0.861497,0
53,22760,3000,4026.000,23236.000,3922.000,20738.000,0.949970,1
53,22760,3000,3277.000,23437.000,3225.000,20949.000,0.830938,1
53,22760,3000,4057.000,22857.000,3947.000,20365.000,0.896326,1
53,22760,3000,4271.000,24056.000,4191.000,21537.000,0.311540,0
53,22760,3000,3507.000,23674.000,3395.000,21176.000,0.943713,1
53,22760,3000,3343.000,23618.000,3228.000,21123.000,0.943496,1
53,22760,3000,3776.000,23223.000,3639.000,20714.000,0.444605,1
53,22760,3000,3517.000,23663.000,3404.000,21165.000,0.944633,1
53,22760,3000,4237.000,23097.000,4142.000,20594.000,0.656262,0
53,22760,3000,3311.000,23932.000,3197.000,21434.000,0.851630,1
53,22760,3000,3521.000,23113.000,3401.000,20622.000,0.601326,1
53,22760,3000,3195.000,23196.000,3069.000,20712.000,0.645786,1
53,22760,3000,3025.000,23802.000,2904.000,21306.000,0.497817,1
53,22760,3000,3425.000,24091.000,3328.000,21603.000,0.277131,0
53,22760,3000,3346.000,24018.000,3234.000,21518.000,0.937765,0
53,22760,3000,3799.000,24027.000,3700.000,21518.000,0.954279,0
53,22760,3000,3656.000,23366.000,3543.000,20872.000,0.951900,1
53,22760,3000,4129.000,22797.000,4021.000,20304.000,0.888371,1
53,22760,3000,3459.000,23658.000,3346.000,21162.000,0.360076,1
53,22760,3000,3370.000,24099.000,3259.000,21597.000,0.945607,0
53,22760,3000,3687.000,23026.000,3569.000,20536.000,0.850439,1
53,22760,3000,3816.000,22783.000,3706.000,20293.000,0.827319,1
53,22760,3000,3652.000,22790.000,3532.000,20302.000,0.824890,1
53,22760,3000,3682.000,23041.000,3565.000,20551.000,0.514089,1
53,22760,3000,3842.000,23366.000,3734.000,20868.000,0.954252,1
53,22760,3000,3393.000,24067.000,3282.000,21565.000,0.896141,0
53,22760,3000,3778.000,23148.000,3666.000,20656.000,0.951138,1
53,22760,3000,3906.000,23961.000,3806.000,21457.000,0.656084,0
53,22760,3000,3259.000,24289.000,3104.000,21766.000,0.271763,0
53,22760,3000,3356.000,23576.000,3262.000,21004.000,0.218180,1
53,22760,3000,3522.000,23698.000,3412.000,21194.000,0.924678,1
53,22760,3000,3287.000,23443.000,3164.000,20957.000,0.476828,1
53,22760,3000,4000.000,22886.000,3889.000,20393.000,0.655655,1
53,22760,3000,3642.000,23436.000,3531.000,20941.000,0.820992,1
53,22760,3000,3999.000,22808.000,3902.000,20323.000,0.696590,1
53,22760,3000,3828.000,24022.000,3731.000,21513.000,0.951031,0
53,22760,3000,3381.000,23534.000,3263.000,21040.000,0.944206,1
53,22760,3000,4099.000,23116.000,4007.000,20619.000,0.582454,1
53,22760,3000,3551.000,23471.000,3438.000,20976.000,0.939318,1
53,22760,3000,4140.000,22803.000,4036.000,20302.000,0.500530,1
53,22760,3000,3265.000,24191.000,3154.000,21687.000,0.596681,0
53,22760,3000,3332.000,24129.000,3222.000,21626.000,0.697120,0
53,22760,3000,3155.000,23665.000,2989.000,21095.000,0.470532,1
53,22760,3000,3391.000,23603.000,3277.000,21107.000,0.905572,1
53,22760,3000,3693.000,22960.000,3576.000,20471.000,0.948020,1
53,22760,3000,4001.000,23244.000,3897.000,20747.000,0.947889,1
53,22760,3000,4320.000,23512.000,4231.000,21005.000,0.937326,0
53,22760,3000,3311.000,24074.000,3182.000,21524.000,0.830837,0
53,22760,3000,3125.000,23536.000,3003.000,21044.000,0.728327,1
53,22760,3000,3218.000,24068.000,3104.000,21568.000,0.688738,0
53,22760,3000,3606.000,23617.000,3498.000,21119.000,0.345535,1
53,22760,3000,3289.000,23782.000,3218.000,21262.000,0.287887,1
53,22760,3000,3952.000,23656.000,3851.000,21151.000,0.948205,1
53,22760,3000,4067.000,23953.000,3981.000,21436.000,0.895481,1
53,22760,3000,4127.000,22944.000,4023.000,20448.000,0.861129,1
53,22760,3000,3420.000,23553.000,3303.000,21058.000,0.950795,1
53,22760,3000,4485.000,23830.000,4414.000,21305.000,0.826394,0
53,22760,3000,3103.000,24290.000,2990.000,21787.000,0.335211,0
53,22760,3000,4054.000,23445.000,3955.000,20941.000,0.468193,1
53,22760,3000,3786.000,24026.000,3689.000,21517.000,0.951031,0
53,22760,3000,3807.000,23466.000,3714.000,20968.000,0.806338,1
53,22760,3000,3478.000,22829.000,3421.000,20263.000,0.636208,1
53,22760,3000,4373.000,23461.000,4288.000,20948.000,0.905331,0
53,22760,3000,4565.000,24017.000,4500.000,21486.000,0.779548,0
53,22760,3000,3553.000,23699.000,3443.000,21201.000,0.570793,1
53,22760,3000,4046.000,22993.000,3901.000,20494.000,0.246271,1
53,22760,3000,3120.000,24122.000,3006.000,21621.000,0.699848,0
53,22760,3000,3668.000,22793.000,3551.000,20306.000,0.809219,1
53,22760,3000,3194.000,23593.000,3074.000,21101.000,0.210800,1
53,22760,3000,3222.000,24242.000,3111.000,21738.000,0.504202,0
53,22760,3000,4056.000,23723.000,3962.000,21214.000,0.939927,1
53,22760,3000,4255.000,23764.000,4171.000,21246.000,0.901559,0
53,22760,3000,4059.000,23182.000,3955.000,20682.000,0.899375,1
53,22760,3000,3127.000,23086.000,3010.000,20590.000,0.560891,1
53,22760,3000,3592.000,22904.000,3472.000,20416.000,0.927308,1
53,22760,3000,4022.000,23854.000,3929.000,21340.000,0.220392,1
53,22760,3000,4126.000,24072.000,4037.000,21552.000,0.677312,0
53,22760,3000,4475.000,23493.000,4396.000,20974.000,0.345246,0
53,22760,3000,3928.000,24034.000,3834.000,21520.000,0.919138,0
53,22760,3000,3063.000,24129.000,2949.000,21628.000,0.513689,0
53,22760,3000,4335.000,22855.000,4236.000,20355.000,0.425809,0
53,22760,3000,3338.000,23885.000,3220.000,21390.000,0.650024,1
53,22760,3000,3946.000,23387.000,3843.000,20887.000,0.882687,1
53,22760,3000,3921.000,23509.000,3820.000,21007.000,0.931228,1
53,22760,3000,3270.000,24276.000,3136.000,21757.000,0.299296,0
53,22760,3000,3980.000,23431.000,3877.000,20928.000,0.923555,1
53,22760,3000,3812.000,23480.000,3705.000,20981.000,0.955517,1
53,22760,3000,4389.000,22919.000,4290.000,20418.000,0.662956,0
53,22760,3000,3196.000,23621.000,3076.000,21127.000,0.607978,1
53,22760,3000,3134.000,23061.000,3004.000,20578.000,0.404847,1
53,22760,3000,4227.000,23755.000,4141.000,21238.000,0.936335,0
53,22760,3000,4254.000,23259.000,4159.000,20755.000,0.858560,0
53,22760,3000,3858.000,23117.000,3748.000,20625.000,0.946248,1
53,22760,3000,3184.000,23848.000,3068.000,21352.000,0.408717,1
53,22760,3000,3510.000,24051.000,3401.000,21549.000,0.844505,0
53,22760,3000,3271.000,23443.000,3225.000,20965.000,0.237983,1
53,22760,3000,4287.000,24187.000,4213.000,21659.000,0.851835,0
53,22760,3000,4486.000,23374.000,4404.000,20858.000,0.509562,0
53,22760,3000,3485.000,22822.000,3331.000,20258.000,0.851170,1
53,22760,3000,3988.000,23236.000,3885.000,20738.000,0.949436,1
53,22760,3000,4166.000,22920.000,4079.000,20420.000,0.846284,1
53,22760,3000,4351.000,23946.000,4268.000,21435.000,0.574687,0
53,22760,3000,3589.000,23621.000,3480.000,21124.000,0.717840,1
53,22760,3000,3965.000,23857.000,3870.000,21347.000,0.851148,1
53,22760,3000,4129.000,22768.000,4021.000,20277.000,0.941133,1
53,22760,3000,3312.000,24239.000,3203.000,21733.000,0.475971,0
53,22760,3000,4021.000,23118.000,3916.000,20622.000,0.929646,1
53,22760,3000,3825.000,22871.000,3741.000,20375.000,0.894467,1
53,22760,3000,4312.000,23342.000,4221.000,20833.000,0.921377,0
53,22760,3000,4027.000,23404.000,3926.000,20902.000,0.573061,1
53,22760,3000,3398.000,23068.000,3348.000,20523.000,0.258418,1
53,22760,3000,3184.000,24099.000,3070.000,21600.000,0.903042,0
53,22760,3000,4265.000,24234.000,4191.000,21705.000,0.933396,0
53,22760,3000,3557.000,23273.000,3442.000,20781.000,0.916114,1
53,22760,3000,3393.000,24096.000,3284.000,21593.000,0.902081,0
53,22760,3000,4529.000,23423.000,4349.000,20914.000,0.204634,0
53,22760,3000,3703.000,23417.000,3592.000,20921.000,0.946996,1
53,22760,3000,3376.000,23579.000,3259.000,21084.000,0.941219,1
53,22760,3000,4451.000,23905.000,4314.000,21384.000,0.264451,0
53,22760,3000,3374.000,23251.000,3254.000,20760.000,0.940742,1
53,22760,3000,4058.000,23846.000,3966.000,21333.000,0.901774,1
53,22760,3000,3472.000,24129.000,3365.000,21625.000,0.928246,0
53,22760,3000,3451.000,23299.000,3334.000,20808.000,0.685205,1
53,22760,3000,4030.000,23069.000,3932.000,20573.000,0.920647,1
53,22760,3000,4154.000,23873.000,4067.000,21359.000,0.949794,1
53,22760,3000,3347.000,23128.000,3225.000,20639.000,0.929339,1
53,22760,3000,4302.000,24206.000,4230.000,21677.000,0.533443,0
53,22760,3000,3432.000,24123.000,3342.000,21620.000,0.717602,0
53,22760,3000,3687.000,22877.000,3526.000,20290.000,0.385894,1
53,22760,3000,3331.000,23095.000,3208.000,20608.000,0.775420,1
53,22760,3000,3845.000,22807.000,3776.000,20265.000,0.405785,1
53,22760,3000,4535.000,23577.000,4461.000,21055.000,0.773461,0
53,22760,3000,3169.000,23766.000,3117.000,21238.000,0.280905,1
53,22760,3000,3924.000,22968.000,3813.000,20476.000,0.867164,1
53,22760,3000,4359.000,22965.000,4282.000,20460.000,0.207061,0
53,22760,3000,3272.000,23923.000,3157.000,21424.000,0.769588,1
53,22760,3000,3474.000,24194.000,3369.000,21688.000,0.890067,0
53,22760,3000,3983.000,23615.000,3883.000,21110.000,0.951269,1
53,22760,3000,3572.000,23600.000,3462.000,21104.000,0.741685,1
53,22760,3000,3267.000,22930.000,3106.000,20427.000,0.595098,1
53,22760,3000,4443.000,23615.000,4363.000,21095.000,0.635397,0
53,22760,3000,3361.000,23057.000,3239.000,20569.000,0.823568,1
53,22760,3000,4082.000,23756.000,3991.000,21245.000,0.952903,1
53,22760,3000,3874.000,22776.000,3802.000,20304.000,0.458545,1
53,22760,3000,3925.000,23517.000,3823.000,21015.000,0.915302,1
53,22760,3000,3831.000,23125.000,3720.000,20633.000,0.951777,1
53,22760,3000,4288.000,23482.000,4199.000,20971.000,0.927658,0
53,22760,3000,4334.000,24006.000,4259.000,21482.000,0.850778,0
53,22760,3000,4157.000,23994.000,4091.000,21464.000,0.607386,0
53,22760,3000,3466.000,24189.000,3361.000,21683.000,0.929957,0
53,22760,3000,4107.000,23118.000,4006.000,20615.000,0.704516,1
53,22760,3000,4119.000,24175.000,4067.000,21637.000,0.207532,0
53,22760,3000,4229.000,24230.000,4153.000,21705.000,0.697722,0
53,22760,3000,3204.000,23239.000,3093.000,20718.000,0.206023,1
53,22760,3000,4441.000,23030.000,4352.000,20522.000,0.840396,0
53,22760,3000,3557.000,22951.000,3437.000,20463.000,0.937517,1
53,22760,3000,3401.000,23050.000,3309.000,20585.000,0.470498,1
53,22760,3000,3235.000,24105.000,3124.000,21604.000,0.898269,0
53,22760,3000,3254.000,23074.000,3128.000,20591.000,0.828112,1
53,22760,3000,3063.000,23938.000,2946.000,21441.000,0.537056,1
53,22760,3000,3804.000,23095.000,3691.000,20606.000,0.926380,1
53,22760,3000,4354.000,23926.000,4258.000,21408.000,0.507859,0
53,22760,3000,3500.000,23697.000,3388.000,21200.000,0.930849,1
53,22760,3000,3313.000,24269.000,3205.000,21766.000,0.822112,0
53,22760,3000,3752.000,24248.000,3657.000,21733.000,0.402273,0
53,22760,3000,3999.000,23000.000,3890.000,20506.000,0.949052,1
53,22760,3000,3975.000,23737.000,3878.000,21229.000,0.910615,1
53,22760,3000,4100.000,23677.000,4006.000,21166.000,0.948579,1
53,22760,3000,3599.000,22820.000,3479.000,20333.000,0.241839,1
53,22760,3000,3872.000,23420.000,3767.000,20921.000,0.951543,1
53,22760,3000,3324.000,23986.000,3211.000,21487.000,0.930385,0
53,22760,3000,4424.000,24222.000,4358.000,21690.000,0.438238,0
53,22760,3000,4100.000,23128.000,3998.000,20629.000,0.854466,1
53,22760,3000,3189.000,23994.000,3073.000,21495.000,0.727336,0
53,22760,3000,4089.000,23360.000,3989.000,20858.000,0.947067,1
53,22760,3000,3141.000,23199.000,3013.000,20714.000,0.247651,1
53,22760,3000,3713.000,23028.000,3598.000,20538.000,0.405095,1
53,22760,3000,4203.000,23121.000,4071.000,20632.000,0.409970,0
53,22760,3000,3694.000,22916.000,3578.000,20426.000,0.494568,1
53,22760,3000,4330.000,23439.000,4243.000,20926.000,0.933408,0
53,22760,3000,3723.000,23317.000,3614.000,20821.000,0.947610,1
53,22760,3000,3763.000,23436.000,3653.000,20938.000,0.895668,1
53,22760,3000,3404.000,23835.000,3289.000,21337.000,0.922620,1
53,22760,3000,3244.000,23425.000,3124.000,20933.000,0.628285,1
53,22760,3000,3903.000,23447.000,3799.000,20948.000,0.778764,1
53,22760,3000,4093.000,24030.000,4006.000,21512.000,0.658066,0
53,22760,3000,3659.000,23023.000,3542.000,20533.000,0.630783,1
53,22760,3000,3504.000,23651.000,3391.000,21154.000,0.943714,1
53,22760,3000,3566.000,23562.000,3470.000,21066.000,0.595090,1
53,22760,3000,3492.000,23228.000,3373.000,20738.000,0.944094,1
53,22760,3000,4187.000,24233.000,4079.000,21726.000,0.363607,0
53,22760,3000,3518.000,23075.000,3400.000,20586.000,0.934921,1
53,22760,3000,3188.000,23220.000,3062.000,20733.000,0.316002,1
53,22760,3000,3109.000,23806.000,3009.000,21302.000,0.411095,1
53,22760,3000,3741.000,22856.000,3626.000,20365.000,0.261563,1
53,22760,3000,3300.000,23688.000,3184.000,21193.000,0.678667,1
53,22760,3000,3818.000,23457.000,3716.000,20955.000,0.695845,1
53,22760,3000,3458.000,22950.000,3337.000,20462.000,0.845645,1
53,22760,3000,3911.000,23044.000,3800.000,20611.000,0.208021,1
53,22760,3000,4222.000,22881.000,4120.000,20384.000,0.931624,0
53,22760,3000,3488.000,24227.000,3385.000,21719.000,0.452059,0
53,22760,3000,3238.000,23415.000,3117.000,20923.000,0.358764,1
53,22760,3000,3082.000,24082.000,2968.000,21580.000,0.774023,0
53,22760,3000,3447.000,23250.000,3330.000,20759.000,0.837976,1
53,22760,3000,4552.000,23220.000,4451.000,20821.000,0.244729,0
53,22760,3000,4341.000,23816.000,4261.000,21295.000,0.315179,0
53,22760,3000,4124.000,23800.000,4035.000,21286.000,0.952554,1
53,22760,3000,3926.000,23329.000,3819.000,20831.000,0.787379,1
53,22760,3000,3513.000,23517.000,3398.000,21022.000,0.939301,1
53,22760,3000,3150.000,23102.000,3016.000,20491.000,0.260240,1
53,22760,3000,4369.000,24163.000,4298.000,21632.000,0.776842,0
53,22760,3000,3440.000,23729.000,3326.000,21233.000,0.822385,1
53,22760,3000,3636.000,22967.000,3517.000,20479.000,0.932407,1
53,22760,3000,3286.000,23997.000,3173.000,21497.000,0.903594,0
53,22760,3000,3202.000,24169.000,3091.000,21668.000,0.739456,0
53,22760,3000,4541.000,23845.000,4481.000,21402.000,0.395420,0
53,22760,3000,4354.000,23379.000,4266.000,20868.000,0.785755,0
53,22760,3000,4448.000,23461.000,4377.000,20920.000,0.479265,0
53,22760,3000,3147.000,23216.000,3034.000,20693.000,0.762713,1
53,22760,3000,3685.000,23686.000,3576.000,21186.000,0.923535,1
53,22760,3000,3524.000,23568.000,3410.000,21072.000,0.942189,1
53,22760,3000,4354.000,23311.000,4265.000,20802.000,0.936992,0
53,22760,3000,3865.000,22789.000,3774.000,20254.000,0.476611,1
53,22760,3000,4228.000,23129.000,4131.000,20627.000,0.659060,0
53,22760,3000,3933.000,23387.000,3832.000,20888.000,0.779203,1
53,22760,3000,4538.000,23856.000,4480.000,21283.000,0.679541,0
53,22760,3000,3974.000,22904.000,3865.000,20413.000,0.634466,1
53,22760,3000,3803.000,22930.000,3762.000,20473.000,0.522582,1
53,22760,3000,3909.000,23535.000,3806.000,21032.000,0.950410,1
53,22760,3000,3359.000,23037.000,3236.000,20550.000,0.867787,1
53,22760,3000,4073.000,23965.000,3988.000,21447.000,0.943605,0
53,22760,3000,4132.000,23275.000,4032.000,20775.000,0.940639,1
53,22760,3000,3875.000,23332.000,3768.000,20835.000,0.947854,1
53,22760,3000,4150.000,23966.000,4066.000,21449.000,0.716756,0
53,22760,3000,3779.000,24035.000,3679.000,21528.000,0.950709,0
53,22760,3000,3373.000,23126.000,3251.000,20636.000,0.934966,1
53,22760,3000,3699.000,24135.000,3599.000,21624.000,0.893532,0
53,22760,3000,4014.000,23008.000,3907.000,20514.000,0.950229,1
53,22760,3000,3147.000,23471.000,3025.000,20981.000,0.910224,1
53,22760,3000,4018.000,23078.000,3925.000,20584.000,0.918559,1
53,22760,3000,4470.000,23011.000,4383.000,20505.000,0.390224,0
53,22760,3000,3258.000,22921.000,3127.000,20438.000,0.833254,1
53,22760,3000,3438.000,23745.000,3325.000,21247.000,0.946566,1
53,22760,3000,4161.000,24238.000,4096.000,21724.000,0.767890,0
53,22760,3000,3518.000,23963.000,3409.000,21464.000,0.547318,0
53,22760,3000,3814.000,24048.000,3717.000,21535.000,0.949733,0
53,22760,3000,3282.000,23520.000,3167.000,20974.000,0.346944,1
53,22760,3000,4208.000,23015.000,4109.000,20516.000,0.946627,0
53,22760,3000,3310.000,23116.000,3186.000,20629.000,0.774447,1
53,22760,3000,3632.000,23685.000,3515.000,21156.000,0.370956,1
53,22760,3000,3906.000,23273.000,3798.000,20776.000,0.946915,1
53,22760,3000,3565.000,24212.000,3461.000,21703.000,0.749508,0
53,22760,3000,3444.000,23275.000,3327.000,20786.000,0.613163,1
53,22760,3000,4413.000,23737.000,4339.000,21216.000,0.283653,0
53,22760,3000,3762.000,22794.000,3646.000,20305.000,0.535266,1
53,22760,3000,3929.000,23398.000,3825.000,20899.000,0.948417,1
53,22760,3000,3519.000,23429.000,3403.000,20969.000,0.414512,1
53,22760,3000,4238.000,24240.000,4163.000,21713.000,0.919365,0
53,22760,3000,4243.000,23193.000,4164.000,20682.000,0.326831,0
53,22760,3000,3544.000,23660.000,3433.000,21162.000,0.545813,1
53,22760,3000,3908.000,23144.000,3811.000,20656.000,0.713731,1
53,22760,3000,3691.000,23499.000,3583.000,21003.000,0.925740,1
53,22760,3000,3495.000,23248.000,3377.000,20756.000,0.792724,1
53,22760,3000,3828.000,22792.000,3722.000,20301.000,0.638783,1
53,22760,3000,4105.000,23914.000,4018.000,21398.000,0.947865,1
53,22760,3000,4182.000,22917.000,4062.000,20424.000,0.502415,1
53,22760,3000,4010.000,22791.000,3902.000,20301.000,0.873276,1
53,22760,3000,4446.000,24088.000,4377.000,21558.000,0.566898,0
53,22760,3000,4159.000,23404.000,4055.000,20906.000,0.763990,1
53,22760,3000,3360.000,23080.000,3255.000,20519.000,0.461201,1
53,22760,3000,3817.000,22998.000,3704.000,20507.000,0.944097,1
53,22760,3000,3111.000,23346.000,2986.000,20858.000,0.281047,1
53,22760,3000,3171.000,23182.000,3045.000,20698.000,0.696591,1
53,22760,3000,4139.000,23422.000,4043.000,20917.000,0.940943,1
53,22760,3000,3402.000,24001.000,3291.000,21501.000,0.659757,0
53,22760,3000,3720.000,23086.000,3605.000,20595.000,0.879152,1
53,22760,3000,3922.000,23132.000,3799.000,20650.000,0.217883,1
53,22760,3000,3259.000,23566.000,3140.000,21072.000,0.240800,1
53,22760,3000,3311.000,23293.000,3190.000,20803.000,0.625060,1
53,22760,3000,3474.000,23255.000,3357.000,20763.000,0.943862,1
53,22760,3000,3707.000,24151.000,3606.000,21643.000,0.281336,0
53,22760,3000,4019.000,23143.000,3914.000,20647.000,0.928353,1
53,22760,3000,4066.000,22771.000,3950.000,20313.000,0.650890,1
53,22760,3000,3475.000,23743.000,3355.000,21265.000,0.425360,1
53,22760,3000,3673.000,23593.000,3566.000,21094.000,0.802694,1
53,22760,3000,4279.000,24151.000,4203.000,21623.000,0.324255,0
53,22760,3000,3358.000,23048.000,3233.000,20557.000,0.649080,1
53,22760,3000,4368.000,23575.000,4297.000,21099.000,0.630613,0
53,22760,3000,3119.000,23335.000,2974.000,20770.000,0.201537,1
53,22760,3000,3388.000,23889.000,3275.000,21390.000,0.869437,1
53,22760,3000,4254.000,23484.000,4164.000,20974.000,0.940132,0
53,22760,3000,3555.000,23078.000,3438.000,20589.000,0.913707,1
53,22760,3000,4498.000,23347.000,4410.000,20881.000,0.218911,0
53,22760,3000,4454.000,23047.000,4364.000,20538.000,0.369873,0
53,22760,3000,3590.000,22783.000,3470.000,20296.000,0.579910,1
53,22760,3000,3199.000,23705.000,3081.000,21210.000,0.220874,1
53,22760,3000,3235.000,24185.000,3125.000,21681.000,0.454100,0
53,22760,3000,3930.000,23501.000,3828.000,20998.000,0.426201,1
53,22760,3000,3734.000,23034.000,3619.000,20543.000,0.913509,1
53,22760,3000,4242.000,23141.000,4146.000,20634.000,0.952045,0
53,22760,3000,4087.000,23235.000,3986.000,20736.000,0.949811,1
53,22760,3000,3299.000,23911.000,3220.000,21354.000,0.393769,1
53,22760,3000,3418.000,24053.000,3308.000,21552.000,0.936567,0
53,22760,3000,3432.000,23212.000,3312.000,20722.000,0.937362,1
53,22760,3000,4034.000,23548.000,3935.000,21043.000,0.948804,1
53,22760,3000,3845.000,23600.000,3743.000,21041.000,0.270491,1
53,22760,3000,4113.000,22829.000,4007.000,20337.000,0.204214,1
53,22760,3000,4429.000,22816.000,4300.000,20330.000,0.468414,0
53,22760,3000,4145.000,23798.000,4057.000,21284.000,0.762830,1
53,22760,3000,3184.000,23372.000,3061.000,20883.000,0.930113,1
53,22760,3000,3895.000,24246.000,3835.000,21782.000,0.396463,0
53,22760,3000,4097.000,24016.000,4013.000,21498.000,0.946743,0
53,22760,3000,3553.000,23581.000,3443.000,21089.000,0.622379,1
53,22760,3000,3540.000,23706.000,3429.000,21207.000,0.948817,1
53,22760,3000,3495.000,24107.000,3376.000,21625.000,0.568954,0
53,22760,3000,4174.000,23984.000,4092.000,21455.000,0.211275,0
53,22760,3000,4175.000,23322.000,4079.000,20819.000,0.437925,1
53,22760,3000,3336.000,23376.000,3288.000,20895.000,0.416901,1
53,22760,3000,3407.000,23141.000,3287.000,20652.000,0.862544,1
53,22760,3000,3974.000,23274.000,3868.000,20776.000,0.949629,1
53,22760,3000,4356.000,24046.000,4280.000,21519.000,0.598466,0
53,22760,3000,3208.000,24141.000,3088.000,21631.000,0.746895,0
53,22760,3000,3486.000,23207.000,3376.000,20717.000,0.369827,1
53,22760,3000,3945.000,23621.000,3841.000,21121.000,0.938693,1
53,22760,3000,4239.000,23581.000,4148.000,21069.000,0.947475,0
53,22760,3000,4365.000,23873.000,4276.000,21358.000,0.468359,0
53,22760,3000,3497.000,22801.000,3407.000,20278.000,0.825613,1
53,22760,3000,3925.000,23481.000,3823.000,20979.000,0.953629,1
53,22760,3000,3800.000,23239.000,3705.000,20739.000,0.514049,1
53,22760,3000,4125.000,23000.000,4022.000,20504.000,0.950198,1
53,22760,3000,4343.000,23248.000,4281.000,20796.000,0.680369,0
53,22760,3000,3614.000,22894.000,3469.000,20223.000,0.200303,1
53,22760,3000,3839.000,23287.000,3730.000,20792.000,0.955013,1
53,22760,3000,3687.000,22787.000,3511.000,20273.000,0.422090,1
53,22760,3000,4027.000,23587.000,3930.000,21087.000,0.869022,1
53,22760,3000,3229.000,23580.000,3110.000,21088.000,0.702504,1
53,22760,3000,3729.000,22899.000,3613.000,20409.000,0.945412,1
53,22760,3000,4124.000,23961.000,4038.000,21443.000,0.940143,0
53,22760,3000,3832.000,22793.000,3723.000,20305.000,0.371010,1
53,22760,3000,3120.000,23983.000,3017.000,21330.000,0.274940,0
53,22760,3000,3910.000,23938.000,3814.000,21429.000,0.947876,1
53,22760,3000,3268.000,24146.000,3153.000,21642.000,0.436497,0
53,22760,3000,3771.000,23861.000,3668.000,21357.000,0.934641,1
53,22760,3000,4256.000,23905.000,4174.000,21383.000,0.948069,0
53,22760,3000,4447.000,24224.000,4379.000,21692.000,0.276185,0
53,22760,3000,3925.000,23427.000,3821.000,20927.000,0.952281,1
53,22760,3000,3779.000,24271.000,3685.000,21758.000,0.640347,0
53,22760,3000,4339.000,23195.000,4248.000,20688.000,0.415634,0
53,22760,3000,3194.000,23183.000,3069.000,20697.000,0.801582,1
53,22760,3000,3643.000,22799.000,3485.000,20210.000,0.260124,1
53,22760,3000,3463.000,24066.000,3345.000,21572.000,0.231576,0
53,22760,3000,3993.000,23223.000,3892.000,20726.000,0.950998,1
53,22760,3000,3836.000,22794.000,3687.000,20191.000,0.259717,1
53,22760,3000,4397.000,22899.000,4301.000,20397.000,0.743438,0
53,22760,3000,3902.000,23298.000,3794.000,20801.000,0.950730,1
53,22760,3000,3223.000,23415.000,3102.000,20925.000,0.474102,1
53,22760,3000,4290.000,23023.000,4203.000,20515.000,0.374253,0
53,22760,3000,3451.000,23397.000,3335.000,20904.000,0.947823,1
53,22760,3000,4027.000,23255.000,3922.000,20758.000,0.949153,1
53,22760,3000,3190.000,23457.000,3068.000,20967.000,0.244951,1
53,22760,3000,3672.000,22815.000,3554.000,20326.000,0.654026,1
53,22760,3000,3235.000,23654.000,3118.000,21158.000,0.688332,1
53,22760,3000,3489.000,23832.000,3377.000,21335.000,0.349081,1
53,22760,3000,3636.000,23686.000,3523.000,21186.000,0.385848,1
53,22760,3000,3602.000,23627.000,3492.000,21130.000,0.908735,1
53,22760,3000,3183.000,23268.000,3059.000,20780.000,0.743147,1
53,22760,3000,3020.000,23910.000,2903.000,21411.000,0.410651,1
53,22760,3000,3120.000,23091.000,2997.000,20605.000,0.496761,1
53,22760,3000,4154.000,23965.000,4084.000,21438.000,0.768006,0
53,22760,3000,3838.000,24017.000,3740.000,21507.000,0.953583,0
53,22760,3000,3205.000,23775.000,3089.000,21278.000,0.294222,1
53,22760,3000,3521.000,22981.000,3404.000,20493.000,0.881235,1
53,22760,3000,3828.000,23090.000,3718.000,20601.000,0.727466,1
53,22760,3000,3059.000,23605.000,2966.000,21123.000,0.248962,1
53,22760,3000,4177.000,23083.000,4077.000,20582.000,0.948569,1
53,22760,3000,3399.000,23323.000,3285.000,20830.000,0.631314,1
53,22760,3000,3792.000,23606.000,3686.000,21105.000,0.736876,1
53,22760,3000,3407.000,23279.000,3306.000,20782.000,0.436325,1
53,22760,3000,3110.000,24026.000,2965.000,21141.000,0.244008,0
53,22760,3000,3814.000,23456.000,3711.000,20960.000,0.627731,1
53,22760,3000,3998.000,23102.000,3892.000,20607.000,0.595311,1
53,22760,3000,3628.000,24262.000,3530.000,21750.000,0.660613,0
53,22760,3000,4287.000,23143.000,4158.000,20703.000,0.754359,0
53,22760,3000,4246.000,23212.000,4132.000,20690.000,0.454455,0
53,22760,3000,3837.000,23036.000,3725.000,20544.000,0.696422,1
53,22760,3000,3071.000,23965.000,2954.000,21469.000,0.612690,0
53,22760,3000,3774.000,24009.000,3678.000,21503.000,0.892847,0
53,22760,3000,4096.000,24140.000,4023.000,21619.000,0.706914,0
53,22760,3000,4245.000,23882.000,4163.000,21362.000,0.886747,0
53,22760,3000,3992.000,23324.000,3885.000,20847.000,0.255939,1
53,22760,3000,4056.000,24215.000,3953.000,21717.000,0.339057,0
53,22760,3000,3924.000,23280.000,3818.000,20781.000,0.950182,1
53,22760,3000,3196.000,24175.000,3085.000,21673.000,0.646159,0
53,22760,3000,3780.000,23467.000,3674.000,20970.000,0.828864,1
53,22760,3000,3596.000,22890.000,3542.000,20426.000,0.241492,1
53,22760,3000,3197.000,23498.000,3077.000,21008.000,0.343667,1
53,22760,3000,4189.000,23071.000,4089.000,20571.000,0.936944,1
53,22760,3000,4086.000,23959.000,4001.000,21437.000,0.413046,1
53,22760,3000,4215.000,24072.000,4141.000,21573.000,0.572810,0
53,22760,3000,3368.000,23822.000,3239.000,21323.000,0.416242,1
53,22760,3000,4341.000,23490.000,4254.000,20977.000,0.739026,0
53,22760,3000,3149.000,23175.000,3022.000,20691.000,0.766109,1
53,22760,3000,3082.000,23357.000,2955.000,20873.000,0.241767,1
53,22760,3000,3323.000,24260.000,3231.000,21748.000,0.374807,0
53,22760,3000,3149.000,23744.000,3032.000,21248.000,0.604280,1
53,22760,3000,3278.000,23048.000,3167.000,20549.000,0.337603,1
53,22760,3000,3690.000,23285.000,3578.000,20791.000,0.225300,1
53,22760,3000,4192.000,23011.000,4092.000,20513.000,0.947709,1
53,22760,3000,4006.000,23167.000,3898.000,20671.000,0.947455,1
53,22760,3000,4356.000,22847.000,4223.000,20290.000,0.288619,0
53,22760,3000,3128.000,23140.000,3011.000,20617.000,0.620424,1
53,22760,3000,3404.000,23495.000,3283.000,21004.000,0.589104,1
53,22760,3000,4102.000,23404.000,3972.000,20877.000,0.343281,1
53,22760,3000,3447.000,23332.000,3328.000,20839.000,0.748171,1
53,22760,3000,3259.000,24108.000,3136.000,21584.000,0.242499,0
53,22760,3000,3557.000,23017.000,3438.000,20529.000,0.910517,1
53,22760,3000,3518.000,23199.000,3399.000,20708.000,0.906846,1
53,22760,3000,4199.000,23850.000,4114.000,21333.000,0.800329,1
53,22760,3000,3534.000,23424.000,3404.000,20933.000,0.493720,1
53,22760,3000,4103.000,23453.000,4007.000,20947.000,0.939149,1
53,22760,3000,3500.000,23175.000,3381.000,20685.000,0.765030,1
53,22760,3000,3538.000,23545.000,3425.000,21050.000,0.855283,1
53,22760,3000,4209.000,24253.000,4119.000,21805.000,0.257123,0
53,22760,3000,3731.000,23383.000,3619.000,20887.000,0.738743,1
53,22760,3000,3872.000,23280.000,3762.000,20782.000,0.952288,1
53,22760,3000,3180.000,23193.000,3056.000,20703.000,0.492581,1
53,22760,3000,4413.000,23531.000,4285.000,21098.000,0.359661,0
53,22760,3000,3199.000,23680.000,3070.000,21205.000,0.565943,1
53,22760,3000,3357.000,22892.000,3224.000,20326.000,0.485225,1
53,22760,3000,4093.000,23636.000,3999.000,21127.000,0.922127,1
53,22760,3000,4436.000,23354.000,4355.000,20842.000,0.629643,0
53,22760,3000,4256.000,23869.000,4174.000,21348.000,0.253576,0
53,22760,3000,3556.000,22785.000,3459.000,20247.000,0.237868,1
53,22760,3000,3457.000,24001.000,3347.000,21500.000,0.715415,0
53,22760,3000,3557.000,23554.000,3463.000,21054.000,0.378616,1
53,22760,3000,4064.000,24173.000,4001.000,21656.000,0.276312,0
53,22760,3000,4285.000,23032.000,4171.000,20585.000,0.776485,0
53,22760,3000,3709.000,23376.000,3598.000,20881.000,0.935412,1
53,22760,3000,3352.000,24275.000,3211.000,21815.000,0.246573,0
53,22760,3000,4067.000,24198.000,4022.000,21697.000,0.693699,0
53,22760,3000,4277.000,24016.000,4200.000,21493.000,0.943865,0
53,22760,3000,3996.000,23813.000,3905.000,21309.000,0.415083,1
53,22760,3000,3403.000,23191.000,3282.000,20702.000,0.850051,1
53,22760,3000,3413.000,23260.000,3293.000,20770.000,0.827912,1
53,22760,3000,4156.000,23248.000,4057.000,20746.000,0.924108,1
53,22760,3000,3878.000,22774.000,3800.000,20290.000,0.365159,1
53,22760,3000,3460.000,22839.000,3355.000,20343.000,0.919561,1
53,22760,3000,4238.000,23117.000,4141.000,20615.000,0.932599,0
53,22760,3000,3223.000,23290.000,3078.000,20755.000,0.397625,1
53,22760,3000,4360.000,23575.000,4277.000,21059.000,0.412034,0
53,22760,3000,3102.000,24280.000,3013.000,21847.000,0.218074,0
53,22760,3000,4152.000,23101.000,4051.000,20599.000,0.923184,1
53,22760,3000,3975.000,23232.000,3868.000,20735.000,0.949732,1
53,22760,3000,3344.000,24089.000,3233.000,21588.000,0.447770,0
53,22760,3000,4397.000,23427.000,4309.000,20917.000,0.722137,0
53,22760,3000,4012.000,23270.000,3907.000,20773.000,0.949651,1
53,22760,3000,4145.000,22935.000,4047.000,20450.000,0.384687,1
53,22760,3000,3074.000,23809.000,2982.000,21338.000,0.217833,1
53,22760,3000,3727.000,22872.000,3625.000,20389.000,0.548108,1
53,22760,3000,3430.000,23092.000,3309.000,20604.000,0.574664,1
53,22760,3000,3463.000,24108.000,3355.000,21606.000,0.485657,0
53,22760,3000,3578.000,23274.000,3471.000,20792.000,0.595369,1
53,22760,3000,3531.000,23604.000,3429.000,21103.000,0.235062,1
53,22760,3000,3746.000,23080.000,3631.000,20589.000,0.427215,1
53,22760,3000,3438.000,23420.000,3323.000,20925.000,0.811540,1
53,22760,3000,4400.000,23518.000,4427.000,21019.000,0.207353,0
53,22760,3000,3114.000,24019.000,3039.000,21516.000,0.397299,0
53,22760,3000,3360.000,23952.000,3249.000,21453.000,0.943544,1
53,22760,3000,3600.000,24051.000,3536.000,21513.000,0.544701,0
53,22760,3000,3216.000,22916.000,3088.000,20436.000,0.258992,1
53,22760,3000,3579.000,23899.000,3470.000,21398.000,0.924548,1
53,22760,3000,3814.000,23524.000,3670.000,21010.000,0.202983,1
53,22760,3000,3236.000,23214.000,3113.000,20726.000,0.485156,1
53,22760,3000,3340.000,23923.000,3186.000,21412.000,0.284125,1
53,22760,3000,4574.000,23913.000,4506.000,21384.000,0.664229,0
53,22760,3000,4362.000,23936.000,4336.000,21317.000,0.276863,0
53,22760,3000,4561.000,24103.000,4511.000,21565.000,0.261149,0
53,22760,3000,3933.000,22885.000,3821.000,20392.000,0.659896,1
53,22760,3000,3180.000,23163.000,3053.000,20678.000,0.677039,1
53,22760,3000,3190.000,23629.000,3070.000,21133.000,0.616778,1
53,22760,3000,3546.000,24090.000,3429.000,21614.000,0.217650,0
53,22760,3000,3246.000,24212.000,3151.000,21783.000,0.313631,0
53,22760,3000,4321.000,22820.000,4294.000,20248.000,0.265495,0
53,22760,3000,3674.000,24146.000,3513.000,21664.000,0.261683,0
53,22760,3000,3588.000,23274.000,3478.000,20776.000,0.807229,1
53,22760,3000,3927.000,24232.000,3782.000,21801.000,0.295656,0
53,22760,3000,3798.000,23618.000,3693.000,21119.000,0.622682,1
53,22760,3000,3857.000,23039.000,3747.000,20549.000,0.927230,1
53,22760,3000,3813.000,23061.000,3701.000,20568.000,0.522150,1
53,22760,3000,3045.000,23484.000,2919.000,20995.000,0.444000,1
53,22760,3000,4168.000,23276.000,4070.000,20773.000,0.693553,1
53,22760,3000,4555.000,24132.000,4388.000,21601.000,0.262410,0
53,22760,3000,4228.000,23294.000,4131.000,20790.000,0.922727,0
53,22760,3000,3089.000,23063.000,2977.000,20591.000,0.257101,1
53,22760,3000,4279.000,23421.000,4189.000,20911.000,0.944712,0
53,22760,3000,4193.000,24143.000,4119.000,21621.000,0.475503,0
53,22760,3000,3951.000,23554.000,3859.000,21037.000,0.393243,1
53,22760,3000,3964.000,23077.000,3861.000,20580.000,0.704750,1
53,22760,3000,3938.000,23509.000,3839.000,21010.000,0.659584,1
53,22760,3000,3167.000,23278.000,3049.000,20795.000,0.507852,1
53,22760,3000,3747.000,23436.000,3638.000,20939.000,0.779971,1
53,22760,3000,4042.000,23223.000,3938.000,20725.000,0.749987,1
53,22760,3000,3637.000,23576.000,3537.000,21073.000,0.895634,1
53,22760,3000,3944.000,23988.000,3850.000,21476.000,0.867628,0
53,22760,3000,4182.000,24146.000,4115.000,21620.000,0.387631,0
53,22760,3000,4229.000,23194.000,4166.000,20669.000,0.350346,0
53,22760,3000,3795.000,23256.000,3699.000,20756.000,0.824194,1
53,22760,3000,3083.000,23964.000,2969.000,21468.000,0.341445,0
53,22760,3000,3032.000,23571.000,2949.000,20993.000,0.212829,1
53,22760,3000,4376.000,23919.000,4299.000,21396.000,0.274994,0
53,22760,3000,4274.000,23680.000,4189.000,21164.000,0.950166,0
53,22760,3000,4118.000,23121.000,4015.000,20622.000,0.930409,1
53,22760,3000,3555.000,24210.000,3426.000,21741.000,0.288920,0
53,22760,3000,4162.000,23214.000,4063.000,20712.000,0.946534,1
53,22760,3000,3549.000,23691.000,3437.000,21192.000,0.833004,1
53,22760,3000,3270.000,23359.000,3151.000,20866.000,0.685426,1
53,22760,3000,3553.000,22860.000,3455.000,20317.000,0.314873,1
53,22760,3000,3184.000,23616.000,3081.000,21185.000,0.312771,1
53,22760,3000,4396.000,23683.000,4316.000,21163.000,0.430460,0
53,22760,3000,4224.000,24013.000,4144.000,21488.000,0.715164,0
53,22760,3000,3733.000,23219.000,3621.000,20727.000,0.211753,1
53,22760,3000,3091.000,24004.000,2975.000,21504.000,0.873280,0
53,22760,3000,4344.000,22953.000,4265.000,20462.000,0.213822,0
53,22760,3000,3828.000,23201.000,3717.000,20706.000,0.908163,1
53,22760,3000,3732.000,22978.000,3622.000,20489.000,0.479945,1
53,22760,3000,3422.000,23092.000,3303.000,20602.000,0.511129,1
53,22760,3000,4464.000,24068.000,4491.000,21599.000,0.366605,0
53,22760,3000,4269.000,23267.000,4176.000,20763.000,0.799889,0
53,22760,3000,3672.000,23833.000,3566.000,21335.000,0.760584,1
53,22760,3000,3534.000,24120.000,3434.000,21651.000,0.286767,0
53,22760,3000,4287.000,23083.000,4155.000,20652.000,0.461480,0
53,22760,3000,4323.000,23970.000,4261.000,21442.000,0.553689,0
53,22760,3000,3974.000,23688.000,3883.000,21179.000,0.528734,1
53,22760,3000,3394.000,22877.000,3268.000,20393.000,0.914064,1
53,22760,3000,4120.000,22962.000,4020.000,20468.000,0.518772,1
53,22760,3000,3221.000,23941.000,3105.000,21444.000,0.802271,1
53,22760,3000,3195.000,23617.000,3076.000,21122.000,0.338643,1
53,22760,3000,4144.000,23531.000,4066.000,21040.000,0.379475,1
53,22760,3000,3447.000,23146.000,3329.000,20658.000,0.876165,1
53,22760,3000,4027.000,23181.000,3937.000,20688.000,0.555656,1
53,22760,3000,4262.000,24224.000,4186.000,21697.000,0.639984,0
53,22760,3000,3441.000,23565.000,3327.000,21070.000,0.945015,1
53,22760,3000,4168.000,22785.000,4061.000,20291.000,0.323367,1
53,22760,3000,4312.000,23536.000,4226.000,21022.000,0.831354,0
53,22760,3000,3997.000,23729.000,3901.000,21222.000,0.952704,1
53,22760,3000,4046.000,24219.000,4005.000,21685.000,0.212771,0
53,22760,3000,4011.000,23478.000,3911.000,20975.000,0.601331,1
53,22760,3000,3472.000,24143.000,3364.000,21637.000,0.510430,0
53,22760,3000,3986.000,23823.000,3906.000,21321.000,0.581830,1
53,22760,3000,3473.000,23271.000,3348.000,20682.000,0.222805,1
53,22760,3000,3039.000,24276.000,2927.000,21771.000,0.462950,0
53,22760,3000,3302.000,23300.000,3187.000,20810.000,0.687217,1
53,22760,3000,3325.000,23372.000,3247.000,20864.000,0.443039,1
53,22760,3000,4373.000,23390.000,4263.000,20958.000,0.321663,0
53,22760,3000,4551.000,23012.000,4490.000,20583.000,0.440459,0
53,22760,3000,4242.000,23238.000,4145.000,20733.000,0.775671,0
53,22760,3000,3924.000,23812.000,3826.000,21305.000,0.916102,1
53,22760,3000,3045.000,24288.000,2938.000,21778.000,0.339199,0
53,22760,3000,3798.000,23180.000,3685.000,20687.000,0.929996,1
53,22760,3000,3187.000,23119.000,3058.000,20636.000,0.952054,1
53,22760,3000,3942.000,23389.000,3839.000,20894.000,0.460222,1
53,22760,3000,3308.000,23327.000,3218.000,20842.000,0.803201,1
53,22760,3000,3236.000,24219.000,3127.000,21716.000,0.468869,0
54,22760,4200,4302.000,24177.000,4557.000,22223.000,0.201463,0
55,23960,1800,3185.000,23982.000,3142.000,23260.000,0.265054,0
