tile_id,tile_row,tile_col,ohrc_x,ohrc_y,nac_x,nac_y,confidence
1,2360,1800,2576.000,3103.000,1962.000,1001.000,0.217248
2,2360,3000,3723.000,2715.000,3370.000,1759.000,0.220664
7,4760,1800,2463.000,5711.000,2989.000,3166.000,0.204907
7,4760,1800,2557.000,5808.000,3239.000,3324.000,0.305173
7,4760,1800,2448.000,5871.000,2717.000,3471.000,0.272884
13,7160,1800,2437.000,7581.000,2427.000,4946.000,0.934444
13,7160,1800,2543.000,7916.000,2536.000,5279.000,0.946182
13,7160,1800,2684.000,7517.000,2681.000,4876.000,0.588444
13,7160,1800,2843.000,7904.000,2841.000,5265.000,0.932746
13,7160,1800,1959.000,7324.000,1933.000,4700.000,0.356224
13,7160,1800,2997.000,8201.000,2991.000,5569.000,0.937258
13,7160,1800,2263.000,7318.000,2247.000,4685.000,0.474787
13,7160,1800,2888.000,8017.000,2915.000,5360.000,0.217650
13,7160,1800,2142.000,7758.000,2125.000,5128.000,0.944943
13,7160,1800,2238.000,8202.000,2292.000,5566.000,0.468460
13,7160,1800,1994.000,7620.000,1969.000,4995.000,0.892033
13,7160,1800,2863.000,8160.000,2855.000,5526.000,0.933066
13,7160,1800,2203.000,8257.000,2181.000,5632.000,0.944755
13,7160,1800,1951.000,7951.000,1860.000,5179.000,0.265423
13,7160,1800,2239.000,7809.000,2224.000,5177.000,0.949271
13,7160,1800,2472.000,7770.000,2464.000,5133.000,0.937151
13,7160,1800,2427.000,7960.000,2419.000,5325.000,0.910860
13,7160,1800,2687.000,7370.000,2687.000,4725.000,0.848059
13,7160,1800,2076.000,8335.000,2093.000,5716.000,0.777071
13,7160,1800,2930.000,7322.000,2938.000,4674.000,0.412798
13,7160,1800,2039.000,7868.000,2018.000,5241.000,0.434440
13,7160,1800,2327.000,7356.000,2305.000,4792.000,0.386943
13,7160,1800,2215.000,7842.000,2199.000,5212.000,0.732477
13,7160,1800,2992.000,8228.000,2986.000,5596.000,0.947757
13,7160,1800,2270.000,7961.000,2253.000,5332.000,0.857516
13,7160,1800,2836.000,7425.000,2854.000,4770.000,0.613334
13,7160,1800,2489.000,8255.000,2475.000,5625.000,0.934672
13,7160,1800,2019.000,8130.000,1961.000,5342.000,0.331369
13,7160,1800,2760.000,8059.000,2751.000,5421.000,0.921939
13,7160,1800,2190.000,8228.000,2169.000,5603.000,0.933634
13,7160,1800,2927.000,7681.000,2930.000,5038.000,0.942446
13,7160,1800,2954.000,7481.000,2959.000,4836.000,0.938707
13,7160,1800,2634.000,7699.000,2679.000,4887.000,0.385509
13,7160,1800,2796.000,8112.000,2615.000,5502.000,0.258536
13,7160,1800,2557.000,7922.000,2550.000,5285.000,0.658813
13,7160,1800,2200.000,8279.000,2177.000,5655.000,0.954955
13,7160,1800,2976.000,8148.000,2983.000,5505.000,0.526791
13,7160,1800,2993.000,8123.000,2997.000,5494.000,0.634129
13,7160,1800,2221.000,7302.000,2304.000,4675.000,0.207974
13,7160,1800,2946.000,8202.000,2939.000,5569.000,0.947276
13,7160,1800,1964.000,7335.000,1939.000,4710.000,0.322294
13,7160,1800,2982.000,7738.000,2988.000,5095.000,0.878266
13,7160,1800,2627.000,7847.000,2696.000,5227.000,0.245833
13,7160,1800,2110.000,8092.000,2117.000,5478.000,0.863461
13,7160,1800,2856.000,8170.000,2870.000,5521.000,0.790472
13,7160,1800,2186.000,8172.000,2181.000,5549.000,0.712915
13,7160,1800,2380.000,7521.000,2368.000,4886.000,0.940281
13,7160,1800,2404.000,8191.000,2389.000,5562.000,0.956484
13,7160,1800,2390.000,8100.000,2374.000,5467.000,0.939793
13,7160,1800,2505.000,7771.000,2498.000,5133.000,0.820389
13,7160,1800,2410.000,8018.000,2399.000,5385.000,0.877432
13,7160,1800,2108.000,8077.000,2116.000,5442.000,0.876940
13,7160,1800,2609.000,7440.000,2603.000,4801.000,0.885038
13,7160,1800,2586.000,8301.000,2574.000,5670.000,0.446298
13,7160,1800,2721.000,7936.000,2741.000,5289.000,0.571890
13,7160,1800,1964.000,8305.000,1934.000,5686.000,0.860610
13,7160,1800,2213.000,7290.000,2218.000,4729.000,0.446849
13,7160,1800,2936.000,7788.000,2939.000,5145.000,0.791394
13,7160,1800,2862.000,8201.000,2856.000,5568.000,0.556851
13,7160,1800,2522.000,7448.000,2515.000,4809.000,0.859069
13,7160,1800,2038.000,7507.000,2014.000,4880.000,0.939555
13,7160,1800,2945.000,7709.000,2947.000,5067.000,0.907237
13,7160,1800,2601.000,8139.000,2603.000,5511.000,0.817512
13,7160,1800,2605.000,7686.000,2625.000,5031.000,0.449895
13,7160,1800,2109.000,7598.000,2088.000,4969.000,0.921499
13,7160,1800,2479.000,8339.000,2465.000,5708.000,0.767444
13,7160,1800,2438.000,7974.000,2428.000,5338.000,0.934074
13,7160,1800,2489.000,7781.000,2486.000,5143.000,0.910926
13,7160,1800,2942.000,7820.000,2943.000,5178.000,0.919085
13,7160,1800,2180.000,7519.000,2170.000,5004.000,0.267059
13,7160,1800,2223.000,8026.000,2204.000,5397.000,0.940188
13,7160,1800,2289.000,7914.000,2340.000,5241.000,0.259646
13,7160,1800,2598.000,7606.000,2610.000,4964.000,0.861590
13,7160,1800,2923.000,7698.000,2929.000,5052.000,0.533386
13,7160,1800,2397.000,8091.000,2393.000,5460.000,0.875098
13,7160,1800,2572.000,7652.000,2567.000,5013.000,0.795626
13,7160,1800,2845.000,8105.000,2903.000,5478.000,0.287023
13,7160,1800,2067.000,8150.000,2043.000,5529.000,0.507855
13,7160,1800,2208.000,7827.000,2190.000,5194.000,0.955650
13,7160,1800,2446.000,7422.000,2437.000,4785.000,0.532643
13,7160,1800,2434.000,7701.000,2424.000,5065.000,0.950106
13,7160,1800,2360.000,7924.000,2335.000,5314.000,0.241533
13,7160,1800,2335.000,8112.000,2269.000,5441.000,0.667137
13,7160,1800,2176.000,7543.000,2158.000,4913.000,0.901473
13,7160,1800,2300.000,7868.000,2285.000,5236.000,0.941514
13,7160,1800,2173.000,7950.000,2155.000,5323.000,0.651893
13,7160,1800,2607.000,8186.000,2590.000,5553.000,0.884566
13,7160,1800,2982.000,7618.000,2990.000,4974.000,0.282891
13,7160,1800,2835.000,7629.000,2836.000,4987.000,0.909174
13,7160,1800,2884.000,8055.000,2879.000,5419.000,0.841423
13,7160,1800,2876.000,8297.000,2696.000,5815.000,0.301832
13,7160,1800,2998.000,7621.000,3004.000,4977.000,0.921567
13,7160,1800,2213.000,7892.000,2247.000,5322.000,0.526733
13,7160,1800,2320.000,7346.000,2307.000,4712.000,0.941830
13,7160,1800,2448.000,7588.000,2439.000,4952.000,0.945298
13,7160,1800,2481.000,7768.000,2479.000,5126.000,0.857018
13,7160,1800,2468.000,7951.000,2459.000,5315.000,0.951677
13,7160,1800,2594.000,8178.000,2556.000,5508.000,0.316248
13,7160,1800,2539.000,7717.000,2532.000,5079.000,0.736831
13,7160,1800,2981.000,7761.000,2986.000,5118.000,0.807865
13,7160,1800,2284.000,7864.000,2270.000,5233.000,0.949803
13,7160,1800,2358.000,8355.000,2339.000,5729.000,0.947245
13,7160,1800,2810.000,7885.000,2854.000,5251.000,0.648325
13,7160,1800,2420.000,7851.000,2379.000,5264.000,0.343213
13,7160,1800,2945.000,7833.000,2945.000,5193.000,0.884013
13,7160,1800,2520.000,8106.000,2506.000,5474.000,0.765487
13,7160,1800,2565.000,7364.000,2502.000,4698.000,0.296455
13,7160,1800,2369.000,7296.000,2358.000,4559.000,0.209835
13,7160,1800,2171.000,7306.000,2154.000,4676.000,0.202390
13,7160,1800,2094.000,8305.000,2110.000,5682.000,0.200549
13,7160,1800,2545.000,8035.000,2535.000,5401.000,0.411227
13,7160,1800,2160.000,7868.000,2143.000,5238.000,0.662741
13,7160,1800,2374.000,7505.000,2362.000,4870.000,0.951210
13,7160,1800,2133.000,7391.000,2044.000,4701.000,0.527637
13,7160,1800,2869.000,7579.000,2879.000,4933.000,0.894356
13,7160,1800,2310.000,7528.000,2300.000,4896.000,0.885110
13,7160,1800,2313.000,8169.000,2316.000,5539.000,0.784680
13,7160,1800,2183.000,8256.000,2163.000,5632.000,0.947577
13,7160,1800,2658.000,7504.000,2666.000,4865.000,0.902763
13,7160,1800,2402.000,7765.000,2393.000,5127.000,0.953679
13,7160,1800,2824.000,7432.000,2696.000,4728.000,0.307142
13,7160,1800,2338.000,7309.000,2325.000,4673.000,0.929752
13,7160,1800,2823.000,7647.000,2817.000,5004.000,0.824168
13,7160,1800,2893.000,8187.000,2882.000,5512.000,0.687527
13,7160,1800,2917.000,7905.000,2924.000,5267.000,0.905511
13,7160,1800,2387.000,7794.000,2379.000,5158.000,0.948609
13,7160,1800,2010.000,7844.000,1988.000,5217.000,0.643407
13,7160,1800,1966.000,7695.000,1942.000,5070.000,0.788180
13,7160,1800,2917.000,7536.000,2897.000,4992.000,0.241693
13,7160,1800,2507.000,8239.000,2493.000,5607.000,0.914111
13,7160,1800,2021.000,7209.000,1999.000,4580.000,0.364061
13,7160,1800,1960.000,7774.000,1939.000,5148.000,0.563059
13,7160,1800,2000.000,8095.000,1974.000,5471.000,0.887798
13,7160,1800,2949.000,7676.000,3006.000,5015.000,0.243499
13,7160,1800,2198.000,7920.000,2180.000,5292.000,0.950610
13,7160,1800,2684.000,7633.000,2680.000,4994.000,0.940837
13,7160,1800,2427.000,8019.000,2416.000,5386.000,0.903229
13,7160,1800,2209.000,7951.000,2189.000,5324.000,0.902118
13,7160,1800,2735.000,7553.000,2735.000,4910.000,0.857795
13,7160,1800,2894.000,7652.000,2907.000,5021.000,0.793246
13,7160,1800,2909.000,7899.000,2910.000,5260.000,0.876000
13,7160,1800,2373.000,7483.000,2361.000,4848.000,0.847182
13,7160,1800,2052.000,7937.000,1989.000,5343.000,0.431445
13,7160,1800,2416.000,7866.000,2410.000,5215.000,0.363646
13,7160,1800,2311.000,8051.000,2326.000,5468.000,0.450889
13,7160,1800,2137.000,7768.000,2120.000,5139.000,0.949802
13,7160,1800,2253.000,7415.000,2237.000,4783.000,0.928554
13,7160,1800,2232.000,7908.000,2202.000,5279.000,0.529319
13,7160,1800,2788.000,7578.000,2788.000,4937.000,0.879248
13,7160,1800,2485.000,8273.000,2471.000,5643.000,0.954027
13,7160,1800,2184.000,7357.000,2127.000,4698.000,0.455416
13,7160,1800,2976.000,7664.000,2979.000,5021.000,0.538750
13,7160,1800,2430.000,7811.000,2422.000,5176.000,0.930210
13,7160,1800,2216.000,8332.000,2189.000,5708.000,0.440517
13,7160,1800,2477.000,7721.000,2469.000,5085.000,0.923756
13,7160,1800,2722.000,7899.000,2716.000,5263.000,0.827815
13,7160,1800,2515.000,7763.000,2517.000,5121.000,0.496059
13,7160,1800,2206.000,7901.000,2188.000,5272.000,0.948529
13,7160,1800,2322.000,8204.000,2305.000,5579.000,0.646303
13,7160,1800,2608.000,7481.000,2603.000,4841.000,0.704727
13,7160,1800,2027.000,8168.000,2036.000,5535.000,0.765042
13,7160,1800,2979.000,8105.000,2993.000,5469.000,0.621856
13,7160,1800,2499.000,8259.000,2497.000,5629.000,0.898403
13,7160,1800,2126.000,7754.000,2108.000,5124.000,0.934071
13,7160,1800,2293.000,8166.000,2272.000,5539.000,0.919368
13,7160,1800,2910.000,7672.000,2931.000,5005.000,0.210174
13,7160,1800,2709.000,7965.000,2698.000,5094.000,0.370692
13,7160,1800,1975.000,7226.000,1323.000,4609.000,0.209295
13,7160,1800,2188.000,7833.000,2172.000,5201.000,0.585333
13,7160,1800,2355.000,8337.000,2337.000,5711.000,0.943637
13,7160,1800,2440.000,7988.000,2367.000,5317.000,0.257289
13,7160,1800,2135.000,7476.000,2115.000,4848.000,0.457003
13,7160,1800,2997.000,7743.000,3004.000,5101.000,0.739495
13,7160,1800,2466.000,7911.000,2458.000,5275.000,0.945552
13,7160,1800,2004.000,8131.000,1978.000,5509.000,0.941716
13,7160,1800,2503.000,8067.000,2491.000,5435.000,0.929048
13,7160,1800,2584.000,7493.000,2578.000,4854.000,0.480517
13,7160,1800,2115.000,8126.000,2092.000,5500.000,0.899132
13,7160,1800,2722.000,8250.000,2710.000,5616.000,0.850269
13,7160,1800,2018.000,7988.000,1994.000,5366.000,0.953088
13,7160,1800,2681.000,7763.000,2673.000,5124.000,0.921124
13,7160,1800,2196.000,7421.000,2178.000,4790.000,0.842260
13,7160,1800,2093.000,7240.000,2073.000,4610.000,0.241821
13,7160,1800,2605.000,7505.000,2616.000,4868.000,0.564256
13,7160,1800,2938.000,7806.000,2940.000,5167.000,0.799964
13,7160,1800,2045.000,7636.000,2023.000,5010.000,0.947579
13,7160,1800,2551.000,7422.000,2546.000,4785.000,0.580453
13,7160,1800,2058.000,8141.000,2034.000,5516.000,0.800498
13,7160,1800,2390.000,8238.000,2373.000,5608.000,0.949599
13,7160,1800,2355.000,8162.000,2337.000,5536.000,0.939403
13,7160,1800,2154.000,8043.000,2134.000,5416.000,0.522743
13,7160,1800,2337.000,7590.000,2300.000,4848.000,0.297353
13,7160,1800,2544.000,8315.000,2530.000,5685.000,0.634561
13,7160,1800,2898.000,7382.000,2918.000,4566.000,0.334817
13,7160,1800,2696.000,7597.000,2693.000,4956.000,0.937329
13,7160,1800,2110.000,8170.000,2086.000,5547.000,0.867656
13,7160,1800,2255.000,7961.000,2236.000,5331.000,0.940329
13,7160,1800,2202.000,7938.000,2191.000,5360.000,0.275435
13,7160,1800,2566.000,8214.000,2555.000,5582.000,0.949261
13,7160,1800,2495.000,7918.000,2486.000,5283.000,0.944613
13,7160,1800,2163.000,8272.000,2140.000,5649.000,0.944959
13,7160,1800,2149.000,7432.000,2132.000,4800.000,0.570216
13,7160,1800,2904.000,7833.000,2905.000,5193.000,0.790359
13,7160,1800,2569.000,7411.000,2564.000,4771.000,0.244640
13,7160,1800,2910.000,7701.000,2933.000,5067.000,0.716531
13,7160,1800,2579.000,7593.000,2591.000,4952.000,0.916735
13,7160,1800,2071.000,7835.000,2052.000,5206.000,0.789322
13,7160,1800,2444.000,8257.000,2430.000,5627.000,0.953023
13,7160,1800,2829.000,7614.000,2870.000,4917.000,0.230723
13,7160,1800,2327.000,8130.000,2311.000,5502.000,0.783896
13,7160,1800,2283.000,7948.000,2245.000,5244.000,0.464235
13,7160,1800,2126.000,7772.000,2108.000,5141.000,0.952711
13,7160,1800,2662.000,7540.000,2659.000,4899.000,0.921329
13,7160,1800,2489.000,7844.000,2496.000,5206.000,0.849963
13,7160,1800,2655.000,7975.000,2650.000,5338.000,0.944336
13,7160,1800,2347.000,7731.000,2337.000,5099.000,0.949941
13,7160,1800,2575.000,8355.000,2562.000,5726.000,0.933898
13,7160,1800,2828.000,7801.000,2797.000,5192.000,0.242874
13,7160,1800,2920.000,7485.000,2841.000,4737.000,0.212675
13,7160,1800,2545.000,7751.000,2538.000,5113.000,0.952634
13,7160,1800,2400.000,8353.000,2416.000,5749.000,0.862898
13,7160,1800,2384.000,7726.000,2376.000,5089.000,0.947251
13,7160,1800,2966.000,7801.000,2967.000,5160.000,0.921654
13,7160,1800,2740.000,8265.000,2732.000,5631.000,0.942939
13,7160,1800,2624.000,8218.000,2614.000,5584.000,0.675576
13,7160,1800,1994.000,7651.000,1970.000,5024.000,0.441218
13,7160,1800,2629.000,7670.000,2627.000,5062.000,0.675428
13,7160,1800,2508.000,7339.000,2482.000,4704.000,0.742259
13,7160,1800,2684.000,7705.000,2680.000,5065.000,0.950047
13,7160,1800,2287.000,8330.000,2268.000,5705.000,0.950726
13,7160,1800,2068.000,7523.000,2031.000,4904.000,0.271119
13,7160,1800,2186.000,8208.000,2164.000,5585.000,0.944570
13,7160,1800,2979.000,7704.000,2982.000,5064.000,0.834883
13,7160,1800,2313.000,7867.000,2311.000,5270.000,0.404513
13,7160,1800,2955.000,7368.000,2962.000,4718.000,0.467578
13,7160,1800,2693.000,7437.000,2695.000,4793.000,0.350640
13,7160,1800,2102.000,7681.000,2079.000,5051.000,0.511536
13,7160,1800,2699.000,8164.000,2692.000,5530.000,0.693159
13,7160,1800,2420.000,7945.000,2410.000,5310.000,0.945072
13,7160,1800,2615.000,8337.000,2602.000,5707.000,0.941582
13,7160,1800,2339.000,8202.000,2322.000,5575.000,0.731290
13,7160,1800,2870.000,7417.000,2874.000,4772.000,0.331924
13,7160,1800,2242.000,7923.000,2224.000,5293.000,0.952450
13,7160,1800,2052.000,7838.000,2032.000,5209.000,0.914923
13,7160,1800,2394.000,8073.000,2380.000,5442.000,0.950985
13,7160,1800,2055.000,7560.000,2033.000,4933.000,0.943507
13,7160,1800,1981.000,7535.000,1957.000,4911.000,0.472341
13,7160,1800,2154.000,7620.000,2110.000,5034.000,0.296466
13,7160,1800,2736.000,7831.000,2710.000,5151.000,0.680710
13,7160,1800,2449.000,7969.000,2443.000,5325.000,0.880473
13,7160,1800,2476.000,7497.000,2467.000,4861.000,0.693528
13,7160,1800,2361.000,7592.000,2349.000,4959.000,0.588222
13,7160,1800,2615.000,8037.000,2607.000,5401.000,0.952776
13,7160,1800,2486.000,7499.000,2473.000,4761.000,0.210930
13,7160,1800,2626.000,8175.000,2617.000,5541.000,0.947860
13,7160,1800,2647.000,7478.000,2642.000,4837.000,0.914929
13,7160,1800,2617.000,7697.000,2564.000,4985.000,0.309891
13,7160,1800,2058.000,8108.000,2026.000,5591.000,0.202916
13,7160,1800,2516.000,8175.000,2505.000,5541.000,0.506566
13,7160,1800,2451.000,8159.000,2437.000,5527.000,0.949576
13,7160,1800,2991.000,7628.000,2997.000,4982.000,0.884519
13,7160,1800,2470.000,7822.000,2462.000,5184.000,0.927883
13,7160,1800,2006.000,7342.000,1981.000,4717.000,0.247516
13,7160,1800,2813.000,7349.000,2846.000,4702.000,0.503604
13,7160,1800,1962.000,7824.000,1974.000,5318.000,0.262870
13,7160,1800,2589.000,7216.000,2590.000,4569.000,0.312813
13,7160,1800,2253.000,7865.000,2238.000,5235.000,0.938022
13,7160,1800,2196.000,8126.000,2175.000,5500.000,0.321842
13,7160,1800,2092.000,7890.000,2070.000,5261.000,0.895989
13,7160,1800,2049.000,8150.000,2028.000,5524.000,0.893433
13,7160,1800,2753.000,8296.000,2744.000,5664.000,0.552476
13,7160,1800,2304.000,7541.000,2291.000,4908.000,0.487563
13,7160,1800,2883.000,7559.000,2890.000,4913.000,0.546155
13,7160,1800,2446.000,7674.000,2438.000,5133.000,0.358858
13,7160,1800,2200.000,7371.000,2181.000,4743.000,0.455135
13,7160,1800,2344.000,8139.000,2326.000,5512.000,0.213476
13,7160,1800,2044.000,7854.000,2023.000,5226.000,0.872891
13,7160,1800,2399.000,8171.000,2394.000,5578.000,0.569384
13,7160,1800,2618.000,7493.000,2673.000,4853.000,0.498168
13,7160,1800,2768.000,8019.000,2774.000,5381.000,0.840989
13,7160,1800,2309.000,7611.000,2296.000,4978.000,0.949365
13,7160,1800,2671.000,7976.000,2666.000,5337.000,0.875806
13,7160,1800,2952.000,8310.000,2944.000,5678.000,0.930477
13,7160,1800,2507.000,7900.000,2507.000,5249.000,0.740718
13,7160,1800,2817.000,7321.000,2847.000,4693.000,0.354396
13,7160,1800,2652.000,8254.000,2618.000,5663.000,0.579538
13,7160,1800,1983.000,7596.000,1994.000,5044.000,0.222533
13,7160,1800,2916.000,7896.000,2930.000,5145.000,0.321371
13,7160,1800,2152.000,7776.000,2132.000,5145.000,0.918348
13,7160,1800,2919.000,7723.000,3024.000,5083.000,0.215555
13,7160,1800,2305.000,8350.000,2285.000,5726.000,0.935806
13,7160,1800,1980.000,7773.000,1959.000,5145.000,0.798563
13,7160,1800,2602.000,8123.000,2654.000,5574.000,0.365688
13,7160,1800,2255.000,7532.000,2233.000,4999.000,0.266872
13,7160,1800,2988.000,7376.000,2952.000,4800.000,0.438344
13,7160,1800,2915.000,7505.000,2920.000,4859.000,0.586989
13,7160,1800,2336.000,7835.000,2325.000,5202.000,0.768921
13,7160,1800,2182.000,8320.000,2121.000,5643.000,0.796690
13,7160,1800,2320.000,7490.000,2308.000,4855.000,0.492437
13,7160,1800,2340.000,7695.000,2329.000,5059.000,0.938188
13,7160,1800,2527.000,7402.000,2506.000,4788.000,0.694575
13,7160,1800,2318.000,7537.000,2302.000,4864.000,0.457008
13,7160,1800,2034.000,8124.000,2009.000,5501.000,0.940896
13,7160,1800,2239.000,7196.000,3116.000,4566.000,0.326561
13,7160,1800,2769.000,7274.000,2798.000,4631.000,0.383675
13,7160,1800,2956.000,8295.000,2948.000,5664.000,0.923258
13,7160,1800,2477.000,8240.000,2456.000,5581.000,0.877478
13,7160,1800,2185.000,7398.000,2167.000,4768.000,0.280728
13,7160,1800,2621.000,7486.000,2616.000,4846.000,0.498521
13,7160,1800,2058.000,8269.000,2058.000,5665.000,0.336470
13,7160,1800,2802.000,8183.000,2773.000,5616.000,0.293697
13,7160,1800,2583.000,7797.000,2576.000,5158.000,0.767160
13,7160,1800,2183.000,8045.000,2164.000,5417.000,0.937966
13,7160,1800,2837.000,7376.000,2694.000,4644.000,0.214575
13,7160,1800,2220.000,8309.000,2198.000,5685.000,0.873077
13,7160,1800,2987.000,8088.000,2984.000,5451.000,0.916543
13,7160,1800,2899.000,7797.000,2900.000,5157.000,0.940700
13,7160,1800,2398.000,7699.000,2389.000,5063.000,0.879657
13,7160,1800,2879.000,8159.000,2893.000,5502.000,0.256689
13,7160,1800,2220.000,8273.000,2201.000,5649.000,0.948645
13,7160,1800,2231.000,7663.000,2215.000,5031.000,0.947938
13,7160,1800,2750.000,7891.000,2746.000,5153.000,0.333761
13,7160,1800,2730.000,7448.000,2665.000,4697.000,0.391207
13,7160,1800,2543.000,7812.000,2553.000,5139.000,0.863257
13,7160,1800,1972.000,7587.000,1907.000,5021.000,0.346532
13,7160,1800,1946.000,7982.000,1868.000,5438.000,0.527709
13,7160,1800,2244.000,8121.000,2224.000,5494.000,0.880620
13,7160,1800,2388.000,8137.000,2372.000,5506.000,0.954298
13,7160,1800,2874.000,7755.000,2873.000,5114.000,0.946913
13,7160,1800,2662.000,7589.000,2658.000,4949.000,0.923810
13,7160,1800,2190.000,7930.000,2168.000,5298.000,0.947617
13,7160,1800,1963.000,7828.000,1942.000,5207.000,0.256402
13,7160,1800,2670.000,7522.000,2666.000,4882.000,0.863038
13,7160,1800,2176.000,7598.000,2158.000,4968.000,0.939479
13,7160,1800,2846.000,8263.000,2838.000,5633.000,0.308529
13,7160,1800,2154.000,8223.000,2090.000,5483.000,0.554118
13,7160,1800,1979.000,7647.000,1956.000,5018.000,0.533667
13,7160,1800,2906.000,7860.000,3004.000,5235.000,0.203224
13,7160,1800,2701.000,7363.000,2705.000,4719.000,0.749621
13,7160,1800,2660.000,7702.000,2656.000,5064.000,0.641699
13,7160,1800,2691.000,7943.000,2717.000,5301.000,0.614635
13,7160,1800,2009.000,7574.000,1986.000,4949.000,0.687574
13,7160,1800,2064.000,8053.000,2040.000,5429.000,0.873952
13,7160,1800,2115.000,7534.000,2135.000,4990.000,0.471684
13,7160,1800,2756.000,8354.000,2750.000,5720.000,0.941712
13,7160,1800,2806.000,8351.000,2797.000,5719.000,0.482966
13,7160,1800,2874.000,7455.000,2925.000,4840.000,0.862542
13,7160,1800,2568.000,8043.000,2558.000,5409.000,0.947601
13,7160,1800,2124.000,7861.000,2073.000,5165.000,0.827838
13,7160,1800,2512.000,7301.000,2506.000,4660.000,0.846134
13,7160,1800,2580.000,8005.000,2585.000,5400.000,0.409487
13,7160,1800,2938.000,8183.000,2934.000,5472.000,0.201691
13,7160,1800,2019.000,7825.000,1998.000,5197.000,0.880594
13,7160,1800,2090.000,8296.000,1991.000,5678.000,0.223016
13,7160,1800,2440.000,8066.000,2417.000,5423.000,0.780617
13,7160,1800,2741.000,7585.000,2739.000,4944.000,0.898755
13,7160,1800,2065.000,7427.000,2042.000,4796.000,0.762765
13,7160,1800,2058.000,8342.000,2057.000,5701.000,0.478901
13,7160,1800,1967.000,7443.000,1916.000,4940.000,0.557249
13,7160,1800,1966.000,8267.000,1935.000,5648.000,0.876739
13,7160,1800,2003.000,8023.000,1983.000,5401.000,0.775902
13,7160,1800,2705.000,8057.000,2700.000,5420.000,0.819907
13,7160,1800,2005.000,7680.000,1989.000,4869.000,0.230584
13,7160,1800,2367.000,7581.000,2355.000,4947.000,0.906059
13,7160,1800,2215.000,8064.000,2223.000,5343.000,0.241387
13,7160,1800,2088.000,8107.000,2079.000,5473.000,0.916460
13,7160,1800,2429.000,7592.000,2376.000,4864.000,0.363073
13,7160,1800,2586.000,7640.000,2628.000,4880.000,0.456962
13,7160,1800,2405.000,7530.000,2395.000,4895.000,0.359513
13,7160,1800,2737.000,7284.000,2739.000,4637.000,0.378470
13,7160,1800,2334.000,8051.000,2319.000,5422.000,0.948977
13,7160,1800,2471.000,7464.000,2461.000,4827.000,0.258881
13,7160,1800,2113.000,8058.000,2059.000,5445.000,0.535981
13,7160,1800,2041.000,8194.000,2001.000,5524.000,0.485255
13,7160,1800,2785.000,8319.000,2776.000,5686.000,0.897270
13,7160,1800,1968.000,7771.000,1950.000,5157.000,0.709822
13,7160,1800,2124.000,7951.000,2103.000,5323.000,0.799433
13,7160,1800,2716.000,7466.000,2650.000,4790.000,0.410482
13,7160,1800,2080.000,8075.000,2079.000,5451.000,0.529620
13,7160,1800,2616.000,8320.000,2603.000,5689.000,0.941805
13,7160,1800,2629.000,7564.000,2644.000,4921.000,0.770833
13,7160,1800,2790.000,7509.000,2722.000,4871.000,0.322454
13,7160,1800,2622.000,7631.000,2619.000,4980.000,0.787491
13,7160,1800,2814.000,7550.000,2815.000,4908.000,0.798013
13,7160,1800,2340.000,7377.000,2326.000,4741.000,0.929053
13,7160,1800,2645.000,8328.000,2640.000,5653.000,0.297426
13,7160,1800,2289.000,7622.000,2308.000,5016.000,0.408018
13,7160,1800,2607.000,7540.000,2600.000,4901.000,0.929124
13,7160,1800,2322.000,7391.000,2309.000,4759.000,0.740284
13,7160,1800,1943.000,8025.000,1920.000,5403.000,0.229713
13,7160,1800,2095.000,7364.000,2126.000,4733.000,0.236745
13,7160,1800,2909.000,7687.000,2910.000,5051.000,0.511223
13,7160,1800,2013.000,8159.000,2000.000,5545.000,0.787736
13,7160,1800,2031.000,7839.000,2010.000,5212.000,0.846804
13,7160,1800,2735.000,7722.000,2734.000,5081.000,0.681439
13,7160,1800,2999.000,7989.000,2972.000,5363.000,0.378806
13,7160,1800,2265.000,7869.000,2254.000,5233.000,0.571390
13,7160,1800,2945.000,7406.000,2952.000,4757.000,0.318868
13,7160,1800,2046.000,8137.000,2074.000,5495.000,0.259910
13,7160,1800,2616.000,7827.000,2665.000,5149.000,0.225964
13,7160,1800,1977.000,7215.000,1955.000,4589.000,0.527046
13,7160,1800,2783.000,7842.000,2779.000,5205.000,0.936861
13,7160,1800,2729.000,7674.000,2726.000,5032.000,0.879805
13,7160,1800,1988.000,8253.000,1938.000,5639.000,0.555127
13,7160,1800,2922.000,8165.000,2961.000,5503.000,0.350084
13,7160,1800,2932.000,7721.000,2933.000,5078.000,0.747172
13,7160,1800,2834.000,7476.000,2896.000,4809.000,0.243920
13,7160,1800,2899.000,8043.000,2894.000,5407.000,0.273784
13,7160,1800,2558.000,7692.000,2591.000,5029.000,0.880805
13,7160,1800,2218.000,8123.000,2198.000,5547.000,0.579707
13,7160,1800,2943.000,7947.000,2942.000,5309.000,0.941491
13,7160,1800,2900.000,7906.000,2899.000,5268.000,0.850493
13,7160,1800,2324.000,7523.000,2173.000,4923.000,0.209004
13,7160,1800,2917.000,7892.000,2918.000,5251.000,0.518689
13,7160,1800,2350.000,7795.000,2338.000,5161.000,0.954616
13,7160,1800,2017.000,7668.000,1998.000,4958.000,0.330585
13,7160,1800,2899.000,7343.000,2828.000,4613.000,0.366203
13,7160,1800,2239.000,7882.000,2223.000,5250.000,0.945709
13,7160,1800,2334.000,8073.000,2319.000,5482.000,0.681275
13,7160,1800,2055.000,7431.000,2034.000,4804.000,0.329565
13,7160,1800,2346.000,7624.000,2319.000,5003.000,0.619989
13,7160,1800,2428.000,8168.000,2412.000,5537.000,0.955107
13,7160,1800,2642.000,8049.000,2635.000,5412.000,0.908892
13,7160,1800,2910.000,7714.000,2868.000,4935.000,0.329684
13,7160,1800,2547.000,7813.000,2542.000,5176.000,0.904514
13,7160,1800,2608.000,7426.000,2604.000,4784.000,0.659120
13,7160,1800,2135.000,7553.000,2094.000,4907.000,0.467033
13,7160,1800,2805.000,8212.000,2797.000,5578.000,0.568122
13,7160,1800,2111.000,8208.000,2087.000,5585.000,0.924445
13,7160,1800,2801.000,8072.000,2782.000,5411.000,0.622682
14,7160,3000,3148.000,8123.000,3263.000,5339.000,0.200794
14,7160,3000,3605.000,8304.000,3556.000,5705.000,0.239652
14,7160,3000,3290.000,8172.000,3296.000,5529.000,0.597038
14,7160,3000,3238.000,8359.000,3315.000,5698.000,0.207362
14,7160,3000,3460.000,7889.000,3378.000,5284.000,0.375760
14,7160,3000,3536.000,7831.000,3574.000,5173.000,0.212051
14,7160,3000,3268.000,8246.000,3337.000,5538.000,0.395338
14,7160,3000,3366.000,7815.000,3324.000,5184.000,0.482248
14,7160,3000,3270.000,7693.000,3285.000,5042.000,0.310502
14,7160,3000,3588.000,7879.000,3606.000,5223.000,0.206274
14,7160,3000,3230.000,8193.000,3232.000,5555.000,0.862518
14,7160,3000,3749.000,8320.000,3655.000,5651.000,0.219893
14,7160,3000,3314.000,7943.000,3328.000,5294.000,0.731289
14,7160,3000,3411.000,8316.000,3416.000,5678.000,0.715934
14,7160,3000,3206.000,7542.000,3241.000,4887.000,0.245613
14,7160,3000,3213.000,8029.000,3219.000,5386.000,0.739177
14,7160,3000,3709.000,8307.000,3722.000,5666.000,0.216784
14,7160,3000,3409.000,7705.000,3429.000,5053.000,0.333337
14,7160,3000,3194.000,8349.000,3183.000,5589.000,0.228836
14,7160,3000,3031.000,7746.000,3036.000,5103.000,0.224211
14,7160,3000,3268.000,8317.000,3269.000,5682.000,0.809835
14,7160,3000,3302.000,7916.000,3317.000,5267.000,0.890743
14,7160,3000,3696.000,8314.000,3710.000,5672.000,0.297800
14,7160,3000,3345.000,8356.000,3346.000,5721.000,0.475371
14,7160,3000,3300.000,7689.000,3316.000,5037.000,0.461261
14,7160,3000,3381.000,7497.000,3398.000,4844.000,0.217451
14,7160,3000,3527.000,8195.000,3542.000,5543.000,0.441189
14,7160,3000,3362.000,7997.000,3375.000,5410.000,0.355882
14,7160,3000,3144.000,8045.000,3145.000,5405.000,0.667892
14,7160,3000,3021.000,8327.000,3013.000,5695.000,0.262472
14,7160,3000,3255.000,7954.000,3228.000,5295.000,0.271392
14,7160,3000,3276.000,8133.000,3316.000,5510.000,0.336000
14,7160,3000,3113.000,8181.000,3158.000,5587.000,0.246704
14,7160,3000,3095.000,8101.000,3094.000,5465.000,0.416541
14,7160,3000,3481.000,7918.000,3501.000,5264.000,0.429808
16,8360,1800,2264.000,9013.000,2166.000,6386.000,0.211760
16,8360,1800,2848.000,9394.000,2810.000,6797.000,0.217241
16,8360,1800,2863.000,9324.000,2826.000,6723.000,0.238055
16,8360,1800,2729.000,9246.000,2692.000,6644.000,0.231656
16,8360,1800,2731.000,9089.000,2700.000,6480.000,0.203725
19,9560,1800,2219.000,10370.000,2120.000,7830.000,0.802562
19,9560,1800,2046.000,10172.000,1950.000,7629.000,0.467868
19,9560,1800,2952.000,10193.000,2884.000,7622.000,0.468962
19,9560,1800,2071.000,10724.000,1962.000,8193.000,0.295415
19,9560,1800,2475.000,10463.000,2380.000,7920.000,0.848777
19,9560,1800,2469.000,10304.000,2377.000,7757.000,0.222872
19,9560,1800,2696.000,10637.000,2604.000,8094.000,0.949898
19,9560,1800,2279.000,10271.000,2182.000,7725.000,0.510297
19,9560,1800,2659.000,10215.000,2576.000,7662.000,0.375296
19,9560,1800,2869.000,10741.000,2781.000,8195.000,0.289331
19,9560,1800,2708.000,10218.000,2628.000,7662.000,0.769676
19,9560,1800,2950.000,10154.000,2872.000,7587.000,0.219013
19,9560,1800,2403.000,9865.000,2441.000,7129.000,0.209845
19,9560,1800,2288.000,10671.000,2257.000,8137.000,0.291201
19,9560,1800,2026.000,10311.000,1935.000,7921.000,0.210740
19,9560,1800,2382.000,10550.000,2285.000,8011.000,0.644719
19,9560,1800,2883.000,10440.000,2803.000,7885.000,0.926758
19,9560,1800,2412.000,10226.000,2325.000,7676.000,0.800075
19,9560,1800,2409.000,10250.000,2319.000,7702.000,0.688776
19,9560,1800,2028.000,10165.000,1934.000,7619.000,0.261067
19,9560,1800,2373.000,10559.000,2275.000,8020.000,0.606077
19,9560,1800,2215.000,10073.000,2156.000,7599.000,0.233927
19,9560,1800,2427.000,10243.000,2338.000,7695.000,0.751957
19,9560,1800,2953.000,9977.000,2824.000,7135.000,0.203012
19,9560,1800,2299.000,10672.000,2261.000,8150.000,0.221222
19,9560,1800,2573.000,10453.000,2482.000,7907.000,0.915445
19,9560,1800,2471.000,10011.000,2431.000,7539.000,0.521773
19,9560,1800,2414.000,9855.000,2382.000,7275.000,0.351477
19,9560,1800,2437.000,10326.000,2378.000,7793.000,0.503002
19,9560,1800,2270.000,10461.000,2126.000,7954.000,0.302145
19,9560,1800,2488.000,10384.000,2396.000,7838.000,0.822862
19,9560,1800,2052.000,10636.000,1944.000,8104.000,0.230561
19,9560,1800,2702.000,10231.000,2623.000,7675.000,0.712580
19,9560,1800,2119.000,10533.000,2014.000,7997.000,0.277784
19,9560,1800,2159.000,10156.000,2067.000,7608.000,0.273417
19,9560,1800,2169.000,10743.000,2073.000,8216.000,0.472105
19,9560,1800,2290.000,10552.000,2190.000,8015.000,0.703408
19,9560,1800,2729.000,10649.000,2637.000,8105.000,0.918793
19,9560,1800,2209.000,10113.000,2118.000,7562.000,0.511059
19,9560,1800,2824.000,10684.000,2735.000,8138.000,0.945303
19,9560,1800,2846.000,10633.000,2760.000,8086.000,0.546264
19,9560,1800,2770.000,10412.000,2687.000,7864.000,0.941330
19,9560,1800,2576.000,10282.000,2491.000,7739.000,0.578206
19,9560,1800,2756.000,10368.000,2672.000,7817.000,0.338663
19,9560,1800,2101.000,10619.000,1995.000,8084.000,0.559443
19,9560,1800,2611.000,10094.000,2555.000,7603.000,0.254381
19,9560,1800,2850.000,10268.000,2738.000,7690.000,0.654797
19,9560,1800,2745.000,10552.000,2689.000,7987.000,0.286049
19,9560,1800,2852.000,10250.000,2773.000,7694.000,0.565005
19,9560,1800,2639.000,10678.000,2540.000,8141.000,0.309952
19,9560,1800,2647.000,10693.000,2590.000,8146.000,0.368037
19,9560,1800,2400.000,10239.000,2311.000,7691.000,0.709482
19,9560,1800,2683.000,9580.000,2655.000,6988.000,0.225859
19,9560,1800,2365.000,10321.000,2270.000,7775.000,0.756364
19,9560,1800,2815.000,9904.000,2750.000,7330.000,0.505205
19,9560,1800,2572.000,10645.000,2471.000,8104.000,0.948022
19,9560,1800,2738.000,10566.000,2668.000,8015.000,0.673846
19,9560,1800,2589.000,10605.000,2494.000,8064.000,0.917680
19,9560,1800,2841.000,10232.000,2763.000,7674.000,0.759977
19,9560,1800,2716.000,10657.000,2625.000,8115.000,0.901334
19,9560,1800,2672.000,10524.000,2583.000,7980.000,0.939902
19,9560,1800,2396.000,10651.000,2295.000,8114.000,0.943910
19,9560,1800,2223.000,10528.000,2122.000,7992.000,0.867406
19,9560,1800,2626.000,10529.000,2536.000,7984.000,0.907630
19,9560,1800,2630.000,10718.000,2558.000,8169.000,0.771138
19,9560,1800,2989.000,10603.000,2904.000,8054.000,0.385003
19,9560,1800,1966.000,10722.000,1857.000,8190.000,0.329865
19,9560,1800,2933.000,10204.000,2861.000,7644.000,0.855101
19,9560,1800,2951.000,10570.000,2871.000,8016.000,0.944583
19,9560,1800,2652.000,10525.000,2555.000,7991.000,0.842099
19,9560,1800,2833.000,9621.000,2782.000,7034.000,0.306285
19,9560,1800,2264.000,10534.000,2164.000,7996.000,0.616569
19,9560,1800,2753.000,10756.000,2662.000,8214.000,0.944881
19,9560,1800,2711.000,9624.000,2678.000,7038.000,0.320139
19,9560,1800,2047.000,10690.000,1939.000,8156.000,0.730362
19,9560,1800,2317.000,10755.000,2246.000,8219.000,0.450661
19,9560,1800,2677.000,10056.000,2613.000,7507.000,0.537719
19,9560,1800,2264.000,10698.000,2210.000,8177.000,0.355238
19,9560,1800,2745.000,10419.000,2671.000,7842.000,0.328905
19,9560,1800,1950.000,10660.000,1812.000,8010.000,0.282001
19,9560,1800,2588.000,10313.000,2499.000,7763.000,0.843995
19,9560,1800,2522.000,9893.000,2446.000,7331.000,0.329400
19,9560,1800,2418.000,10600.000,2319.000,8062.000,0.946244
19,9560,1800,2633.000,10170.000,2561.000,7608.000,0.654958
19,9560,1800,2713.000,10683.000,2620.000,8140.000,0.941778
19,9560,1800,2556.000,10581.000,2461.000,8040.000,0.947962
19,9560,1800,2090.000,10655.000,1984.000,8122.000,0.425103
19,9560,1800,2520.000,10586.000,2425.000,8045.000,0.900398
19,9560,1800,2535.000,10208.000,2448.000,7656.000,0.775416
19,9560,1800,2762.000,10123.000,2687.000,7562.000,0.318399
19,9560,1800,2191.000,10347.000,2092.000,7804.000,0.769446
19,9560,1800,2695.000,9984.000,2652.000,7296.000,0.206971
19,9560,1800,2644.000,10186.000,2588.000,7626.000,0.265104
19,9560,1800,2915.000,10540.000,2833.000,7989.000,0.946287
19,9560,1800,2402.000,10340.000,2335.000,7793.000,0.797072
19,9560,1800,2695.000,10522.000,2602.000,7987.000,0.656076
19,9560,1800,2487.000,9621.000,2520.000,7221.000,0.219714
19,9560,1800,2521.000,10759.000,2423.000,8223.000,0.882627
19,9560,1800,2243.000,10077.000,2157.000,7525.000,0.386623
19,9560,1800,2838.000,10448.000,2755.000,7896.000,0.627178
19,9560,1800,2658.000,10408.000,2569.000,7861.000,0.946030
19,9560,1800,2330.000,10335.000,2234.000,7790.000,0.605820
19,9560,1800,2392.000,10560.000,2286.000,8019.000,0.606541
19,9560,1800,2900.000,10595.000,2814.000,8046.000,0.895528
19,9560,1800,2860.000,10216.000,2783.000,7657.000,0.444943
19,9560,1800,2166.000,10422.000,2065.000,7883.000,0.686101
19,9560,1800,2431.000,10365.000,2338.000,7820.000,0.516644
19,9560,1800,2506.000,10098.000,2420.000,7546.000,0.465037
19,9560,1800,2443.000,10462.000,2346.000,7921.000,0.898689
19,9560,1800,2280.000,10124.000,2188.000,7573.000,0.561657
19,9560,1800,2140.000,10029.000,2051.000,7475.000,0.587949
19,9560,1800,2457.000,10004.000,2374.000,7444.000,0.340233
19,9560,1800,2988.000,10357.000,2907.000,7838.000,0.221835
19,9560,1800,2978.000,10576.000,2897.000,8024.000,0.912191
19,9560,1800,2895.000,10584.000,2822.000,8023.000,0.774584
19,9560,1800,2185.000,9911.000,2094.000,7347.000,0.312129
19,9560,1800,2168.000,10471.000,2014.000,7941.000,0.407187
19,9560,1800,2748.000,10507.000,2659.000,7959.000,0.622472
19,9560,1800,2087.000,10423.000,1995.000,7983.000,0.262185
19,9560,1800,2083.000,10074.000,1991.000,7523.000,0.259178
19,9560,1800,2320.000,10376.000,2207.000,7829.000,0.347276
19,9560,1800,2827.000,10554.000,2740.000,8005.000,0.648193
19,9560,1800,2865.000,10047.000,2797.000,7480.000,0.773694
19,9560,1800,2733.000,10602.000,2644.000,8058.000,0.947119
19,9560,1800,2191.000,9900.000,2116.000,7338.000,0.262358
19,9560,1800,2121.000,10308.000,2023.000,7766.000,0.434890
19,9560,1800,2817.000,10247.000,2735.000,7686.000,0.465158
19,9560,1800,2949.000,9932.000,2891.000,7354.000,0.704441
19,9560,1800,2463.000,9959.000,2391.000,7227.000,0.224733
19,9560,1800,2838.000,10661.000,2750.000,8115.000,0.947735
19,9560,1800,2940.000,10569.000,2858.000,8018.000,0.925689
19,9560,1800,2882.000,10607.000,2812.000,8035.000,0.673652
19,9560,1800,2760.000,10395.000,2697.000,7843.000,0.209022
19,9560,1800,2962.000,10012.000,2815.000,7298.000,0.218020
19,9560,1800,2339.000,10595.000,2239.000,8057.000,0.932474
19,9560,1800,2508.000,10683.000,2409.000,8145.000,0.945085
19,9560,1800,2394.000,9803.000,2373.000,7245.000,0.348880
19,9560,1800,2591.000,10289.000,2508.000,7751.000,0.346592
19,9560,1800,2445.000,10013.000,2364.000,7457.000,0.232731
19,9560,1800,2692.000,9606.000,2653.000,7010.000,0.210125
19,9560,1800,2715.000,10371.000,2629.000,7821.000,0.426799
19,9560,1800,2483.000,10700.000,2383.000,8162.000,0.909391
19,9560,1800,2640.000,10737.000,2565.000,8187.000,0.367022
19,9560,1800,2811.000,10088.000,2752.000,7524.000,0.456845
19,9560,1800,2509.000,9869.000,2435.000,7305.000,0.235757
19,9560,1800,2305.000,10538.000,2223.000,7992.000,0.903992
19,9560,1800,2674.000,10226.000,2592.000,7673.000,0.563262
19,9560,1800,2355.000,10574.000,2255.000,8034.000,0.844702
19,9560,1800,2603.000,10669.000,2507.000,8129.000,0.780973
19,9560,1800,2798.000,10747.000,2728.000,8203.000,0.232062
19,9560,1800,2847.000,10528.000,2762.000,7978.000,0.880898
19,9560,1800,2734.000,10436.000,2667.000,7892.000,0.387854
19,9560,1800,2853.000,10680.000,2766.000,8134.000,0.753031
19,9560,1800,2665.000,10421.000,2569.000,7872.000,0.657301
19,9560,1800,2735.000,10053.000,2660.000,7491.000,0.315213
19,9560,1800,2607.000,10542.000,2512.000,7999.000,0.944840
19,9560,1800,2134.000,10004.000,2046.000,7450.000,0.241168
19,9560,1800,2444.000,10487.000,2349.000,7945.000,0.859299
19,9560,1800,2398.000,10628.000,2288.000,8096.000,0.380455
19,9560,1800,2711.000,10652.000,2619.000,8107.000,0.943691
19,9560,1800,2206.000,9976.000,2097.000,7423.000,0.416001
19,9560,1800,2497.000,10583.000,2399.000,8042.000,0.910538
19,9560,1800,2941.000,9915.000,2877.000,7263.000,0.257059
19,9560,1800,2718.000,10096.000,2639.000,7536.000,0.338256
19,9560,1800,2582.000,10536.000,2490.000,7926.000,0.254862
19,9560,1800,2337.000,10011.000,2239.000,7456.000,0.251946
19,9560,1800,2660.000,10544.000,2598.000,8011.000,0.245131
19,9560,1800,2589.000,10072.000,2526.000,7515.000,0.574624
19,9560,1800,2712.000,10194.000,2632.000,7636.000,0.843998
19,9560,1800,2796.000,9930.000,2813.000,7349.000,0.246806
19,9560,1800,2188.000,10691.000,2119.000,8154.000,0.641372
19,9560,1800,2681.000,10212.000,2599.000,7657.000,0.787357
19,9560,1800,2420.000,10251.000,2329.000,7703.000,0.538416
19,9560,1800,2277.000,10009.000,2191.000,7454.000,0.228880
19,9560,1800,2922.000,9836.000,2868.000,7254.000,0.308490
19,9560,1800,2318.000,10492.000,2219.000,7953.000,0.458522
19,9560,1800,2644.000,10645.000,2549.000,8100.000,0.643695
19,9560,1800,2558.000,10064.000,2478.000,7507.000,0.455087
19,9560,1800,2314.000,10270.000,2220.000,7725.000,0.573396
19,9560,1800,2887.000,10653.000,2801.000,8105.000,0.429679
19,9560,1800,2100.000,10443.000,1965.000,7955.000,0.635167
19,9560,1800,2700.000,10661.000,2608.000,8116.000,0.943255
19,9560,1800,2699.000,10158.000,2618.000,7600.000,0.836613
19,9560,1800,2643.000,10520.000,2563.000,7977.000,0.860987
19,9560,1800,2723.000,10231.000,2616.000,7629.000,0.357602
19,9560,1800,2990.000,10412.000,2914.000,7855.000,0.897268
19,9560,1800,2755.000,10723.000,2662.000,8181.000,0.942031
19,9560,1800,2182.000,10630.000,2122.000,8091.000,0.745088
19,9560,1800,2075.000,10687.000,1967.000,8155.000,0.209003
19,9560,1800,2628.000,10160.000,2560.000,7596.000,0.714693
19,9560,1800,2999.000,10375.000,2925.000,7815.000,0.552243
19,9560,1800,2983.000,10620.000,2902.000,8070.000,0.514594
19,9560,1800,2701.000,10411.000,2614.000,7861.000,0.848223
19,9560,1800,2712.000,10240.000,2632.000,7686.000,0.608529
19,9560,1800,2591.000,10439.000,2501.000,7894.000,0.371253
19,9560,1800,2222.000,10354.000,2130.000,7808.000,0.469300
19,9560,1800,2429.000,9830.000,2363.000,7264.000,0.259322
19,9560,1800,2163.000,10366.000,2048.000,7836.000,0.498522
19,9560,1800,2846.000,10261.000,2758.000,7707.000,0.727844
19,9560,1800,2026.000,10755.000,1920.000,8224.000,0.803125
19,9560,1800,2746.000,10599.000,2657.000,8059.000,0.932298
19,9560,1800,2991.000,9943.000,2927.000,7367.000,0.615011
19,9560,1800,2592.000,10275.000,2507.000,7726.000,0.572704
19,9560,1800,2814.000,10344.000,2725.000,7788.000,0.492189
19,9560,1800,2896.000,10269.000,2818.000,7710.000,0.943023
19,9560,1800,2763.000,10583.000,2693.000,8041.000,0.296056
19,9560,1800,2164.000,10671.000,2093.000,8127.000,0.569607
19,9560,1800,2703.000,10699.000,2571.000,8150.000,0.308926
19,9560,1800,2932.000,10438.000,2862.000,7884.000,0.832361
19,9560,1800,2689.000,10652.000,2596.000,8110.000,0.927503
19,9560,1800,2266.000,10382.000,2162.000,7839.000,0.335553
19,9560,1800,2990.000,10687.000,2924.000,8137.000,0.829559
19,9560,1800,2936.000,9912.000,2893.000,7400.000,0.328593
19,9560,1800,2473.000,10158.000,2385.000,7605.000,0.363329
19,9560,1800,2846.000,10304.000,2744.000,7731.000,0.220065
19,9560,1800,2605.000,10386.000,2517.000,7839.000,0.688695
19,9560,1800,2268.000,10563.000,2168.000,8023.000,0.367548
19,9560,1800,2524.000,10569.000,2478.000,7992.000,0.202206
19,9560,1800,2630.000,10084.000,2551.000,7524.000,0.437155
19,9560,1800,2339.000,10222.000,2247.000,7677.000,0.416057
19,9560,1800,2104.000,10594.000,1998.000,8059.000,0.684793
19,9560,1800,2640.000,10653.000,2545.000,8114.000,0.904155
19,9560,1800,2199.000,10132.000,2160.000,7646.000,0.440478
19,9560,1800,2336.000,10162.000,2261.000,7607.000,0.662574
19,9560,1800,2789.000,10094.000,2714.000,7531.000,0.388931
19,9560,1800,2027.000,10719.000,1916.000,8188.000,0.510286
19,9560,1800,2256.000,10028.000,2169.000,7474.000,0.575283
19,9560,1800,2526.000,10078.000,2443.000,7520.000,0.544763
19,9560,1800,2902.000,10754.000,2856.000,8218.000,0.341482
19,9560,1800,2759.000,10250.000,2693.000,7687.000,0.248225
19,9560,1800,2608.000,10199.000,2524.000,7645.000,0.849605
19,9560,1800,2656.000,10721.000,2587.000,8194.000,0.343491
19,9560,1800,2649.000,10058.000,2570.000,7496.000,0.529329
19,9560,1800,2300.000,10645.000,2211.000,8039.000,0.267898
19,9560,1800,2958.000,10692.000,2874.000,8141.000,0.916807
19,9560,1800,2848.000,10103.000,2743.000,7525.000,0.464428
19,9560,1800,2925.000,10448.000,2851.000,7946.000,0.548246
19,9560,1800,2685.000,10674.000,2590.000,8120.000,0.683934
19,9560,1800,2625.000,10525.000,2534.000,8031.000,0.378682
19,9560,1800,2796.000,10624.000,2647.000,8068.000,0.263853
19,9560,1800,2594.000,9980.000,2516.000,7418.000,0.412944
19,9560,1800,2794.000,10067.000,2720.000,7502.000,0.309849
19,9560,1800,2407.000,10309.000,2362.000,7764.000,0.379300
19,9560,1800,2872.000,10129.000,2802.000,7566.000,0.817159
19,9560,1800,2723.000,10227.000,2644.000,7671.000,0.305351
19,9560,1800,2258.000,10651.000,2164.000,8126.000,0.303737
19,9560,1800,2404.000,10399.000,2309.000,7855.000,0.666440
19,9560,1800,2945.000,10705.000,2858.000,8158.000,0.949734
20,9560,3000,3028.000,9818.000,2959.000,7219.000,0.338155
20,9560,3000,3436.000,9804.000,3425.000,7227.000,0.224095
20,9560,3000,3432.000,9657.000,3392.000,7041.000,0.235655
20,9560,3000,3488.000,10428.000,3442.000,7863.000,0.775107
20,9560,3000,3766.000,10353.000,3715.000,7780.000,0.936697
20,9560,3000,3563.000,9889.000,3542.000,7306.000,0.537218
20,9560,3000,3294.000,9854.000,3183.000,7236.000,0.364583
20,9560,3000,3615.000,10317.000,3575.000,7746.000,0.930568
20,9560,3000,3698.000,10476.000,3684.000,7911.000,0.467254
20,9560,3000,3322.000,9907.000,3274.000,7324.000,0.907244
20,9560,3000,3637.000,10505.000,3581.000,7936.000,0.940647
20,9560,3000,3608.000,9753.000,3569.000,7163.000,0.840753
20,9560,3000,3822.000,10396.000,3792.000,7825.000,0.730125
20,9560,3000,3658.000,10185.000,3587.000,7615.000,0.556349
20,9560,3000,3280.000,9811.000,3241.000,7220.000,0.381146
20,9560,3000,3245.000,10277.000,3185.000,7707.000,0.809304
20,9560,3000,3506.000,9981.000,3517.000,7398.000,0.516418
20,9560,3000,3416.000,10543.000,3353.000,7977.000,0.937635
20,9560,3000,3889.000,10490.000,3836.000,7919.000,0.943692
20,9560,3000,3230.000,9919.000,3181.000,7335.000,0.937542
20,9560,3000,3876.000,10084.000,3831.000,7504.000,0.371151
20,9560,3000,3841.000,10604.000,3807.000,8031.000,0.846624
20,9560,3000,3324.000,9957.000,3276.000,7373.000,0.936351
20,9560,3000,3677.000,10396.000,3635.000,7821.000,0.942698
20,9560,3000,3277.000,9830.000,3234.000,7241.000,0.879139
20,9560,3000,3719.000,10630.000,3658.000,8065.000,0.845591
20,9560,3000,3924.000,10723.000,3868.000,8158.000,0.949409
20,9560,3000,3285.000,9861.000,3240.000,7273.000,0.935080
20,9560,3000,3679.000,10484.000,3667.000,7924.000,0.407536
20,9560,3000,3485.000,9786.000,3443.000,7195.000,0.495644
20,9560,3000,3339.000,10548.000,3273.000,7984.000,0.940388
20,9560,3000,3844.000,10397.000,3807.000,7778.000,0.643747
20,9560,3000,3692.000,10211.000,3660.000,7619.000,0.318852
20,9560,3000,3631.000,10652.000,3569.000,8089.000,0.943017
20,9560,3000,3687.000,10122.000,3660.000,7546.000,0.688146
20,9560,3000,3486.000,10137.000,3476.000,7559.000,0.684069
20,9560,3000,3240.000,9900.000,3183.000,7320.000,0.529988
20,9560,3000,3441.000,10018.000,3395.000,7428.000,0.700772
20,9560,3000,3206.000,10721.000,3146.000,8156.000,0.653391
20,9560,3000,3924.000,10632.000,3869.000,8065.000,0.901212
20,9560,3000,3537.000,10581.000,3478.000,8015.000,0.932769
20,9560,3000,3252.000,9926.000,3196.000,7350.000,0.592696
20,9560,3000,3611.000,9724.000,3574.000,7134.000,0.627302
20,9560,3000,3286.000,10088.000,3244.000,7514.000,0.918191
20,9560,3000,3310.000,9866.000,3270.000,7247.000,0.343669
20,9560,3000,3800.000,10124.000,3750.000,7550.000,0.720639
20,9560,3000,3364.000,9629.000,3374.000,7091.000,0.353046
20,9560,3000,3567.000,9742.000,3470.000,7084.000,0.284273
20,9560,3000,3009.000,9721.000,2948.000,7126.000,0.276732
20,9560,3000,3455.000,10337.000,3398.000,7766.000,0.941436
20,9560,3000,3280.000,10066.000,3226.000,7487.000,0.763221
20,9560,3000,3617.000,10649.000,3559.000,8079.000,0.941934
20,9560,3000,3872.000,10742.000,3817.000,8177.000,0.937850
20,9560,3000,3273.000,10095.000,3219.000,7518.000,0.898028
20,9560,3000,3050.000,9960.000,2994.000,7382.000,0.921292
20,9560,3000,3680.000,10509.000,3664.000,7942.000,0.507004
20,9560,3000,3515.000,9975.000,3537.000,7392.000,0.585878
20,9560,3000,3363.000,10411.000,3306.000,7843.000,0.938809
20,9560,3000,3666.000,10302.000,3623.000,7725.000,0.940216
20,9560,3000,3378.000,10029.000,3327.000,7449.000,0.933045
20,9560,3000,3771.000,10278.000,3721.000,7702.000,0.930816
20,9560,3000,3599.000,9771.000,3526.000,7318.000,0.258984
20,9560,3000,3730.000,9786.000,3693.000,7196.000,0.718447
20,9560,3000,3759.000,10392.000,3723.000,7786.000,0.482228
20,9560,3000,3644.000,9960.000,3563.000,7429.000,0.351199
20,9560,3000,3292.000,9804.000,3304.000,7338.000,0.295089
20,9560,3000,3606.000,10695.000,3542.000,8128.000,0.518649
20,9560,3000,3449.000,10182.000,3397.000,7604.000,0.940111
20,9560,3000,3769.000,9927.000,3710.000,7310.000,0.256964
20,9560,3000,3447.000,10070.000,3397.000,7489.000,0.939319
20,9560,3000,3652.000,10738.000,3592.000,8174.000,0.938577
20,9560,3000,3648.000,10161.000,3578.000,7565.000,0.241858
20,9560,3000,3526.000,10102.000,3519.000,7519.000,0.396289
20,9560,3000,3409.000,10531.000,3346.000,7966.000,0.926603
20,9560,3000,3377.000,10207.000,3322.000,7631.000,0.898731
20,9560,3000,3897.000,10345.000,3849.000,7773.000,0.926640
20,9560,3000,3208.000,10668.000,3135.000,8112.000,0.938557
20,9560,3000,3183.000,9685.000,3157.000,7101.000,0.508867
20,9560,3000,3642.000,9726.000,3653.000,7013.000,0.206844
20,9560,3000,3273.000,10008.000,3222.000,7427.000,0.938052
20,9560,3000,3496.000,10210.000,3445.000,7632.000,0.941661
20,9560,3000,3525.000,10211.000,3444.000,7589.000,0.256312
20,9560,3000,3332.000,9697.000,3280.000,7160.000,0.513398
20,9560,3000,3387.000,10410.000,3328.000,7842.000,0.944280
20,9560,3000,3435.000,10321.000,3379.000,7751.000,0.942765
20,9560,3000,3859.000,10244.000,3811.000,7668.000,0.943380
20,9560,3000,3421.000,9826.000,3381.000,7237.000,0.375243
20,9560,3000,3906.000,10602.000,3854.000,8036.000,0.928732
20,9560,3000,3923.000,10469.000,3863.000,7933.000,0.336025
20,9560,3000,3924.000,10681.000,3867.000,8117.000,0.913157
20,9560,3000,3809.000,10500.000,3759.000,7929.000,0.942392
20,9560,3000,3284.000,10113.000,3230.000,7537.000,0.939584
20,9560,3000,3025.000,9803.000,2992.000,7221.000,0.825065
20,9560,3000,3812.000,10662.000,3753.000,8101.000,0.940337
20,9560,3000,3038.000,10662.000,2958.000,8110.000,0.407888
20,9560,3000,3504.000,10427.000,3462.000,7861.000,0.628003
20,9560,3000,3216.000,9809.000,3171.000,7221.000,0.777734
20,9560,3000,3336.000,10180.000,3290.000,7606.000,0.923222
20,9560,3000,3707.000,10379.000,3652.000,7809.000,0.937845
20,9560,3000,3060.000,10306.000,3001.000,7744.000,0.477834
20,9560,3000,3195.000,9833.000,3151.000,7247.000,0.789607
20,9560,3000,3625.000,10515.000,3568.000,7946.000,0.942420
20,9560,3000,3246.000,10692.000,3169.000,8129.000,0.929140
20,9560,3000,3847.000,10067.000,3802.000,7485.000,0.635750
20,9560,3000,3724.000,9793.000,3686.000,7203.000,0.617002
20,9560,3000,3730.000,9850.000,3696.000,7258.000,0.672511
20,9560,3000,3403.000,9930.000,3358.000,7347.000,0.921556
20,9560,3000,3664.000,10061.000,3622.000,7476.000,0.444252
20,9560,3000,3532.000,9694.000,3494.000,7104.000,0.618909
20,9560,3000,3612.000,9798.000,3573.000,7210.000,0.330738
20,9560,3000,3804.000,10513.000,3751.000,7944.000,0.940848
20,9560,3000,3790.000,10331.000,3737.000,7756.000,0.940665
20,9560,3000,3807.000,9931.000,3764.000,7347.000,0.518403
20,9560,3000,3824.000,10036.000,3778.000,7454.000,0.803557
20,9560,3000,3496.000,9772.000,3455.000,7182.000,0.394937
20,9560,3000,3687.000,10366.000,3635.000,7792.000,0.938532
20,9560,3000,3800.000,10574.000,3743.000,8009.000,0.945239
20,9560,3000,3794.000,9916.000,3740.000,7372.000,0.475062
20,9560,3000,3259.000,9765.000,3218.000,7174.000,0.866855
20,9560,3000,3803.000,10431.000,3743.000,7848.000,0.414134
20,9560,3000,3350.000,10097.000,3298.000,7519.000,0.942577
20,9560,3000,3730.000,10597.000,3668.000,8035.000,0.896033
20,9560,3000,3407.000,10260.000,3352.000,7686.000,0.940000
20,9560,3000,3058.000,9976.000,3001.000,7398.000,0.932285
20,9560,3000,3797.000,9693.000,3760.000,7120.000,0.288427
20,9560,3000,3741.000,9819.000,3617.000,7302.000,0.341729
20,9560,3000,3414.000,9859.000,3370.000,7271.000,0.864725
20,9560,3000,3475.000,10741.000,3410.000,8179.000,0.940546
20,9560,3000,3162.000,9853.000,3114.000,7268.000,0.937860
20,9560,3000,3364.000,10098.000,3314.000,7518.000,0.931543
20,9560,3000,3065.000,10353.000,3005.000,7791.000,0.932964
20,9560,3000,3603.000,10327.000,3562.000,7704.000,0.586682
20,9560,3000,3660.000,10319.000,3610.000,7795.000,0.393975
20,9560,3000,3223.000,10280.000,3164.000,7709.000,0.618520
20,9560,3000,3844.000,10295.000,3807.000,7723.000,0.810029
20,9560,3000,3119.000,10016.000,3059.000,7408.000,0.552215
20,9560,3000,3294.000,10037.000,3241.000,7458.000,0.936585
20,9560,3000,3037.000,9588.000,2997.000,6992.000,0.572216
20,9560,3000,3705.000,9779.000,3675.000,7232.000,0.379564
20,9560,3000,3301.000,9819.000,3269.000,7236.000,0.886166
20,9560,3000,3359.000,10684.000,3290.000,8122.000,0.939945
20,9560,3000,3783.000,9911.000,3724.000,7343.000,0.307635
20,9560,3000,3672.000,10329.000,3620.000,7756.000,0.940718
20,9560,3000,3434.000,9953.000,3387.000,7366.000,0.918999
20,9560,3000,3262.000,10286.000,3211.000,7712.000,0.460162
20,9560,3000,3742.000,9879.000,3702.000,7245.000,0.366027
20,9560,3000,3703.000,10146.000,3666.000,7568.000,0.628918
20,9560,3000,3917.000,10565.000,3876.000,7995.000,0.298278
20,9560,3000,3296.000,9971.000,3246.000,7389.000,0.940008
20,9560,3000,3702.000,10337.000,3649.000,7763.000,0.941494
20,9560,3000,3269.000,10068.000,3215.000,7492.000,0.660230
20,9560,3000,3246.000,9932.000,3168.000,7258.000,0.466807
20,9560,3000,3729.000,9688.000,3696.000,7096.000,0.375069
20,9560,3000,3078.000,10296.000,3009.000,7730.000,0.806701
20,9560,3000,3456.000,10003.000,3421.000,7423.000,0.895042
20,9560,3000,3775.000,10423.000,3724.000,7851.000,0.931976
20,9560,3000,3010.000,9812.000,3004.000,7290.000,0.269439
20,9560,3000,3618.000,10370.000,3564.000,7797.000,0.942956
20,9560,3000,3775.000,10030.000,3733.000,7447.000,0.790895
20,9560,3000,3483.000,10205.000,3431.000,7629.000,0.940631
20,9560,3000,3624.000,10334.000,3578.000,7766.000,0.939815
20,9560,3000,3927.000,10609.000,3873.000,8039.000,0.882697
20,9560,3000,3080.000,10666.000,3001.000,8111.000,0.774430
20,9560,3000,3229.000,10300.000,3170.000,7728.000,0.937376
20,9560,3000,3425.000,10020.000,3381.000,7440.000,0.935539
20,9560,3000,3604.000,10551.000,3546.000,7983.000,0.942256
20,9560,3000,3619.000,10633.000,3567.000,8070.000,0.629547
20,9560,3000,3453.000,10024.000,3403.000,7444.000,0.926707
20,9560,3000,3894.000,10633.000,3841.000,8068.000,0.859750
20,9560,3000,3222.000,10431.000,3157.000,7864.000,0.673877
20,9560,3000,3058.000,9699.000,3015.000,7105.000,0.412669
20,9560,3000,3270.000,9866.000,3230.000,7283.000,0.931308
20,9560,3000,3465.000,9631.000,3427.000,7039.000,0.398786
20,9560,3000,3722.000,10431.000,3668.000,7860.000,0.940046
20,9560,3000,3336.000,9940.000,3289.000,7355.000,0.935720
20,9560,3000,3592.000,9855.000,3550.000,7270.000,0.301618
20,9560,3000,3298.000,10075.000,3245.000,7496.000,0.939749
20,9560,3000,3549.000,9677.000,3503.000,7053.000,0.471034
20,9560,3000,3850.000,10628.000,3800.000,8077.000,0.502652
20,9560,3000,3352.000,9946.000,3308.000,7363.000,0.857477
20,9560,3000,3644.000,10541.000,3586.000,7973.000,0.939363
20,9560,3000,3615.000,9738.000,3614.000,7150.000,0.251883
20,9560,3000,3788.000,10128.000,3732.000,7531.000,0.481111
20,9560,3000,3614.000,10338.000,3564.000,7759.000,0.921307
20,9560,3000,3902.000,10359.000,3860.000,7783.000,0.660311
20,9560,3000,3590.000,9632.000,3548.000,7094.000,0.205494
20,9560,3000,3536.000,10129.000,3525.000,7573.000,0.257809
20,9560,3000,3514.000,10684.000,3452.000,8120.000,0.948646
20,9560,3000,3446.000,9675.000,3412.000,7084.000,0.275623
20,9560,3000,3753.000,10369.000,3700.000,7797.000,0.939543
20,9560,3000,3606.000,10639.000,3543.000,8075.000,0.941083
20,9560,3000,3607.000,10595.000,3544.000,8024.000,0.875578
20,9560,3000,3245.000,10087.000,3189.000,7511.000,0.690216
20,9560,3000,3640.000,10757.000,3579.000,8192.000,0.706497
20,9560,3000,3012.000,10109.000,2945.000,7540.000,0.937703
20,9560,3000,3335.000,9927.000,3289.000,7343.000,0.880816
20,9560,3000,3776.000,10366.000,3724.000,7790.000,0.417718
20,9560,3000,3383.000,9914.000,3337.000,7329.000,0.785811
20,9560,3000,3128.000,10701.000,3070.000,8119.000,0.307829
20,9560,3000,3808.000,10598.000,3768.000,8037.000,0.766341
20,9560,3000,3885.000,10340.000,3836.000,7767.000,0.887775
20,9560,3000,3844.000,10226.000,3799.000,7657.000,0.883069
20,9560,3000,3428.000,10091.000,3379.000,7511.000,0.879966
20,9560,3000,3679.000,10034.000,3635.000,7452.000,0.812136
20,9560,3000,3038.000,10323.000,2897.000,7762.000,0.479822
20,9560,3000,3540.000,10726.000,3477.000,8163.000,0.939423
20,9560,3000,3509.000,9943.000,3462.000,7357.000,0.937078
20,9560,3000,3615.000,9585.000,3581.000,6994.000,0.229461
20,9560,3000,3087.000,9812.000,3040.000,7225.000,0.865269
20,9560,3000,3419.000,9998.000,3392.000,7451.000,0.367778
20,9560,3000,3622.000,10713.000,3560.000,8150.000,0.941267
20,9560,3000,3310.000,10073.000,3256.000,7497.000,0.888389
20,9560,3000,3364.000,9909.000,3317.000,7325.000,0.935134
20,9560,3000,3178.000,10237.000,3116.000,7666.000,0.935570
20,9560,3000,3395.000,10736.000,3328.000,8176.000,0.940215
20,9560,3000,3646.000,10517.000,3589.000,7945.000,0.944051
20,9560,3000,3345.000,10061.000,3320.000,7554.000,0.319108
20,9560,3000,3531.000,10380.000,3479.000,7809.000,0.495548
20,9560,3000,3522.000,10565.000,3463.000,7999.000,0.789339
20,9560,3000,3739.000,10338.000,3691.000,7764.000,0.900588
20,9560,3000,3412.000,10512.000,3350.000,7947.000,0.919872
20,9560,3000,3620.000,9864.000,3579.000,7277.000,0.827658
20,9560,3000,3318.000,10162.000,3264.000,7585.000,0.941146
20,9560,3000,3319.000,10177.000,3271.000,7609.000,0.933706
20,9560,3000,3334.000,10195.000,3280.000,7622.000,0.940067
20,9560,3000,3145.000,10271.000,3073.000,7699.000,0.788996
20,9560,3000,3761.000,10430.000,3709.000,7858.000,0.937038
20,9560,3000,3320.000,10640.000,3259.000,8071.000,0.744128
20,9560,3000,3301.000,9792.000,3227.000,7200.000,0.212348
20,9560,3000,3354.000,9932.000,3315.000,7349.000,0.938599
20,9560,3000,3094.000,10419.000,3023.000,7861.000,0.931467
20,9560,3000,3359.000,10431.000,3297.000,7864.000,0.933516
20,9560,3000,3328.000,10015.000,3272.000,7431.000,0.913814
20,9560,3000,3555.000,9805.000,3514.000,7216.000,0.321493
20,9560,3000,3264.000,9809.000,3220.000,7221.000,0.678591
20,9560,3000,3602.000,10745.000,3563.000,8178.000,0.363306
20,9560,3000,3818.000,9919.000,3801.000,7447.000,0.213792
20,9560,3000,3549.000,9915.000,3505.000,7329.000,0.939617
20,9560,3000,3295.000,10239.000,3238.000,7666.000,0.876096
20,9560,3000,3079.000,10740.000,3000.000,8190.000,0.898181
20,9560,3000,3490.000,10411.000,3446.000,7843.000,0.866406
20,9560,3000,3235.000,9662.000,3207.000,7067.000,0.375199
20,9560,3000,3736.000,10184.000,3662.000,7602.000,0.643824
20,9560,3000,3598.000,9761.000,3560.000,7173.000,0.627522
20,9560,3000,3604.000,9861.000,3564.000,7273.000,0.933086
20,9560,3000,3222.000,10253.000,3188.000,7674.000,0.221223
20,9560,3000,3655.000,10640.000,3595.000,8075.000,0.942133
20,9560,3000,3237.000,9889.000,3190.000,7304.000,0.931106
20,9560,3000,3639.000,10083.000,3593.000,7498.000,0.714902
20,9560,3000,3368.000,10399.000,3309.000,7831.000,0.936458
20,9560,3000,3027.000,9750.000,2945.000,7202.000,0.206014
20,9560,3000,3256.000,10533.000,3189.000,7971.000,0.937714
20,9560,3000,3908.000,10464.000,3877.000,7860.000,0.220328
20,9560,3000,3035.000,10145.000,2968.000,7577.000,0.297402
20,9560,3000,3588.000,10609.000,3527.000,8045.000,0.918031
20,9560,3000,3276.000,9710.000,3231.000,7125.000,0.538046
20,9560,3000,3364.000,10179.000,3311.000,7601.000,0.940942
20,9560,3000,3233.000,9815.000,3190.000,7226.000,0.922611
20,9560,3000,3346.000,10492.000,3281.000,7927.000,0.934396
20,9560,3000,3398.000,10524.000,3342.000,7954.000,0.830507
20,9560,3000,3207.000,9761.000,3164.000,7169.000,0.583829
20,9560,3000,3745.000,10069.000,3701.000,7487.000,0.782604
20,9560,3000,3253.000,9898.000,3206.000,7312.000,0.851062
20,9560,3000,3551.000,10559.000,3492.000,7993.000,0.535144
20,9560,3000,3192.000,9793.000,3147.000,7188.000,0.532809
20,9560,3000,3578.000,10418.000,3522.000,7848.000,0.940981
20,9560,3000,3321.000,10731.000,3251.000,8172.000,0.936190
20,9560,3000,3832.000,10628.000,3794.000,8064.000,0.811076
20,9560,3000,3794.000,10682.000,3733.000,8119.000,0.946350
20,9560,3000,3683.000,9871.000,3644.000,7279.000,0.709205
20,9560,3000,3188.000,10719.000,3114.000,8163.000,0.929714
20,9560,3000,3655.000,9623.000,3645.000,7025.000,0.381475
20,9560,3000,3657.000,9648.000,3623.000,7165.000,0.607743
20,9560,3000,3619.000,10073.000,3572.000,7490.000,0.769854
20,9560,3000,3268.000,9659.000,3261.000,7030.000,0.240484
20,9560,3000,3791.000,10478.000,3739.000,7908.000,0.396071
20,9560,3000,3496.000,10569.000,3433.000,8007.000,0.840084
20,9560,3000,3908.000,10327.000,3868.000,7752.000,0.920707
20,9560,3000,3165.000,10400.000,3097.000,7836.000,0.934398
20,9560,3000,3126.000,10036.000,3069.000,7458.000,0.925172
20,9560,3000,3019.000,9700.000,2974.000,7111.000,0.606411
20,9560,3000,3301.000,10422.000,3237.000,7856.000,0.939443
20,9560,3000,3069.000,10469.000,2992.000,7910.000,0.935895
20,9560,3000,3751.000,9668.000,3718.000,7075.000,0.250370
20,9560,3000,3857.000,9884.000,3806.000,7322.000,0.424919
20,9560,3000,3314.000,9808.000,3271.000,7219.000,0.937043
20,9560,3000,3269.000,9987.000,3232.000,7411.000,0.891086
20,9560,3000,3157.000,9969.000,3104.000,7389.000,0.930672
20,9560,3000,3887.000,10447.000,3832.000,7871.000,0.501485
20,9560,3000,3414.000,10225.000,3361.000,7651.000,0.930972
20,9560,3000,3319.000,10332.000,3259.000,7759.000,0.931866
20,9560,3000,3457.000,10080.000,3414.000,7498.000,0.919697
20,9560,3000,3489.000,9996.000,3481.000,7425.000,0.441881
20,9560,3000,3324.000,10130.000,3277.000,7532.000,0.660602
20,9560,3000,3511.000,10477.000,3452.000,7908.000,0.941244
20,9560,3000,3066.000,10341.000,3007.000,7780.000,0.600727
20,9560,3000,3081.000,10367.000,3012.000,7803.000,0.912508
20,9560,3000,3397.000,9909.000,3300.000,7351.000,0.302686
20,9560,3000,3539.000,10683.000,3477.000,8120.000,0.944260
20,9560,3000,3787.000,10108.000,3742.000,7536.000,0.376841
20,9560,3000,3531.000,10711.000,3469.000,8147.000,0.941439
20,9560,3000,3862.000,10756.000,3795.000,8168.000,0.236700
20,9560,3000,3487.000,10587.000,3426.000,8022.000,0.775055
20,9560,3000,3559.000,10060.000,3547.000,7472.000,0.323429
20,9560,3000,3343.000,10449.000,3279.000,7882.000,0.931185
20,9560,3000,3100.000,10345.000,3032.000,7781.000,0.352679
20,9560,3000,3745.000,9895.000,3722.000,7307.000,0.212365
20,9560,3000,3303.000,9946.000,3254.000,7363.000,0.940575
20,9560,3000,3894.000,10318.000,3850.000,7748.000,0.919360
20,9560,3000,3622.000,10571.000,3569.000,8007.000,0.331643
20,9560,3000,3789.000,10461.000,3752.000,7883.000,0.788376
20,9560,3000,3428.000,9857.000,3399.000,7361.000,0.337746
20,9560,3000,3662.000,10201.000,3611.000,7626.000,0.940363
20,9560,3000,3911.000,10337.000,3860.000,7769.000,0.907649
20,9560,3000,3465.000,10029.000,3447.000,7454.000,0.484469
20,9560,3000,3020.000,10709.000,2923.000,8158.000,0.708440
20,9560,3000,3237.000,10683.000,3155.000,8121.000,0.757567
20,9560,3000,3794.000,9710.000,3716.000,7168.000,0.608047
20,9560,3000,3143.000,10129.000,3081.000,7557.000,0.840328
20,9560,3000,3547.000,10271.000,3494.000,7697.000,0.214357
20,9560,3000,3012.000,10721.000,2930.000,8171.000,0.920332
20,9560,3000,3417.000,9677.000,3370.000,7082.000,0.231609
20,9560,3000,3276.000,10218.000,3237.000,7648.000,0.928415
20,9560,3000,3043.000,10685.000,2944.000,8119.000,0.435543
20,9560,3000,3949.000,10480.000,3883.000,7944.000,0.342386
20,9560,3000,3432.000,9926.000,3395.000,7349.000,0.774766
20,9560,3000,3737.000,9943.000,3697.000,7357.000,0.389370
20,9560,3000,3403.000,10359.000,3345.000,7785.000,0.934620
20,9560,3000,3474.000,10124.000,3467.000,7544.000,0.383899
20,9560,3000,3272.000,9896.000,3226.000,7312.000,0.929138
20,9560,3000,3814.000,9960.000,3841.000,7313.000,0.288221
20,9560,3000,3911.000,10574.000,3859.000,8003.000,0.931234
20,9560,3000,3493.000,10082.000,3471.000,7535.000,0.330112
20,9560,3000,3319.000,10216.000,3262.000,7638.000,0.919025
20,9560,3000,3327.000,10170.000,3289.000,7597.000,0.630298
20,9560,3000,3289.000,10286.000,3229.000,7715.000,0.939108
20,9560,3000,3471.000,10047.000,3422.000,7466.000,0.935364
20,9560,3000,3245.000,9918.000,3159.000,7248.000,0.267813
20,9560,3000,3787.000,10259.000,3752.000,7665.000,0.476687
20,9560,3000,3401.000,9663.000,3361.000,7076.000,0.387946
20,9560,3000,3318.000,9668.000,3275.000,7113.000,0.522278
20,9560,3000,3233.000,9854.000,3151.000,7269.000,0.284953
20,9560,3000,3369.000,10216.000,3317.000,7637.000,0.486330
20,9560,3000,3746.000,10221.000,3696.000,7646.000,0.595362
20,9560,3000,3696.000,9833.000,3662.000,7250.000,0.286744
20,9560,3000,3588.000,9597.000,3551.000,7006.000,0.399615
20,9560,3000,3638.000,10696.000,3578.000,8133.000,0.868268
20,9560,3000,3717.000,10329.000,3666.000,7753.000,0.526535
20,9560,3000,3327.000,10649.000,3268.000,8080.000,0.667949
20,9560,3000,3772.000,9785.000,3718.000,7128.000,0.211960
20,9560,3000,3444.000,9934.000,3402.000,7350.000,0.927553
20,9560,3000,3886.000,9930.000,3777.000,7334.000,0.252499
20,9560,3000,3267.000,10286.000,3211.000,7720.000,0.508056
20,9560,3000,3344.000,9752.000,3336.000,7102.000,0.233886
20,9560,3000,3512.000,10176.000,3463.000,7598.000,0.919007
20,9560,3000,3793.000,10710.000,3734.000,8147.000,0.948723
20,9560,3000,3016.000,10623.000,2938.000,8071.000,0.924505
20,9560,3000,3649.000,10469.000,3591.000,7894.000,0.860941
20,9560,3000,3448.000,10589.000,3386.000,8022.000,0.938801
20,9560,3000,3132.000,10412.000,3055.000,7857.000,0.462912
20,9560,3000,3482.000,10153.000,3419.000,7447.000,0.211999
20,9560,3000,3401.000,10221.000,3348.000,7646.000,0.929261
20,9560,3000,3422.000,9748.000,3335.000,7182.000,0.458910
20,9560,3000,3732.000,10377.000,3679.000,7803.000,0.922088
20,9560,3000,3039.000,10538.000,2960.000,7984.000,0.508372
20,9560,3000,3504.000,9908.000,3367.000,7286.000,0.200832
20,9560,3000,3391.000,10237.000,3337.000,7660.000,0.851864
20,9560,3000,3299.000,9876.000,3227.000,7261.000,0.742825
20,9560,3000,3175.000,9807.000,3129.000,7218.000,0.428255
20,9560,3000,3183.000,10402.000,3115.000,7839.000,0.936939
20,9560,3000,3251.000,10009.000,3199.000,7434.000,0.810206
20,9560,3000,3286.000,9835.000,3254.000,7245.000,0.638153
20,9560,3000,3569.000,9577.000,3533.000,6985.000,0.275252
20,9560,3000,3879.000,10139.000,3830.000,7560.000,0.450457
20,9560,3000,3949.000,10080.000,3835.000,7480.000,0.378208
20,9560,3000,3855.000,10510.000,3803.000,7939.000,0.940323
20,9560,3000,3558.000,9935.000,3479.000,7324.000,0.285108
20,9560,3000,3331.000,10652.000,3265.000,8096.000,0.850246
20,9560,3000,3275.000,10720.000,3206.000,8163.000,0.931082
20,9560,3000,3375.000,10250.000,3300.000,7599.000,0.211970
20,9560,3000,3615.000,9762.000,3583.000,7169.000,0.644243
22,10760,1800,2151.000,11333.000,2033.000,8816.000,0.942139
22,10760,1800,1976.000,10826.000,1867.000,8296.000,0.761808
22,10760,1800,2355.000,11863.000,2235.000,9347.000,0.549407
22,10760,1800,2059.000,10782.000,1795.000,8197.000,0.200695
22,10760,1800,2148.000,11128.000,2032.000,8608.000,0.855989
22,10760,1800,2627.000,11100.000,2541.000,8566.000,0.552442
22,10760,1800,2316.000,11028.000,2205.000,8503.000,0.525264
22,10760,1800,2247.000,11479.000,2126.000,8963.000,0.943430
22,10760,1800,2296.000,11284.000,2180.000,8767.000,0.931756
22,10760,1800,2016.000,11696.000,1893.000,9184.000,0.847408
22,10760,1800,2423.000,11435.000,2308.000,8915.000,0.863368
22,10760,1800,2804.000,11493.000,2703.000,8962.000,0.954479
22,10760,1800,2137.000,11106.000,2021.000,8584.000,0.919312
22,10760,1800,2687.000,11636.000,2579.000,9110.000,0.818160
22,10760,1800,2919.000,11450.000,2823.000,8915.000,0.784872
22,10760,1800,1958.000,10792.000,1848.000,8263.000,0.745373
22,10760,1800,2466.000,10975.000,2382.000,8454.000,0.648154
22,10760,1800,2021.000,11367.000,1903.000,8853.000,0.846023
22,10760,1800,2682.000,11549.000,2575.000,9023.000,0.950536
22,10760,1800,2460.000,11799.000,2345.000,9281.000,0.938385
22,10760,1800,2862.000,11788.000,2759.000,9261.000,0.936374
22,10760,1800,2454.000,10939.000,2270.000,8398.000,0.465466
22,10760,1800,2987.000,11482.000,2894.000,8944.000,0.951905
22,10760,1800,2502.000,11087.000,2415.000,8604.000,0.361195
22,10760,1800,2548.000,11067.000,2442.000,8536.000,0.901357
22,10760,1800,1944.000,11639.000,1818.000,9125.000,0.319606
22,10760,1800,2246.000,11363.000,2127.000,8847.000,0.943930
22,10760,1800,2654.000,11378.000,2547.000,8851.000,0.953816
22,10760,1800,2819.000,10784.000,2778.000,8245.000,0.411638
22,10760,1800,2837.000,11018.000,2745.000,8478.000,0.829741
22,10760,1800,2094.000,11407.000,1972.000,8892.000,0.833426
22,10760,1800,2383.000,11808.000,2267.000,9292.000,0.950111
22,10760,1800,2938.000,11781.000,2837.000,9253.000,0.434747
22,10760,1800,2143.000,11479.000,1985.000,8965.000,0.739581
22,10760,1800,2043.000,10940.000,1938.000,8413.000,0.916319
22,10760,1800,2892.000,10873.000,2815.000,8326.000,0.907431
22,10760,1800,2667.000,11639.000,2562.000,9104.000,0.567381
22,10760,1800,2253.000,11380.000,2133.000,8822.000,0.474191
22,10760,1800,2227.000,10973.000,2117.000,8448.000,0.773539
22,10760,1800,2093.000,10803.000,2002.000,8268.000,0.617785
22,10760,1800,2151.000,10787.000,2043.000,8255.000,0.515332
22,10760,1800,2315.000,11852.000,2193.000,9338.000,0.841616
22,10760,1800,2547.000,11384.000,2437.000,8860.000,0.948769
22,10760,1800,1984.000,10819.000,1873.000,8290.000,0.695683
22,10760,1800,2331.000,11324.000,2233.000,8786.000,0.480125
22,10760,1800,2451.000,10921.000,2279.000,8422.000,0.307331
22,10760,1800,2444.000,11538.000,2328.000,9018.000,0.954884
22,10760,1800,2612.000,11400.000,2504.000,8873.000,0.936838
22,10760,1800,2003.000,11691.000,1879.000,9179.000,0.920778
22,10760,1800,2983.000,11748.000,2900.000,9221.000,0.648037
22,10760,1800,2610.000,11769.000,2498.000,9247.000,0.954645
22,10760,1800,2618.000,11085.000,2517.000,8551.000,0.769827
22,10760,1800,1943.000,11064.000,1829.000,8538.000,0.303300
22,10760,1800,2963.000,10857.000,2879.000,8310.000,0.858269
22,10760,1800,2226.000,11003.000,2114.000,8478.000,0.817083
22,10760,1800,2206.000,11715.000,2082.000,9202.000,0.943684
22,10760,1800,2038.000,10792.000,1976.000,8277.000,0.597437
22,10760,1800,2503.000,10978.000,2360.000,8445.000,0.589767
22,10760,1800,2088.000,11057.000,1932.000,8558.000,0.261734
22,10760,1800,2203.000,11357.000,2082.000,8839.000,0.951009
22,10760,1800,2862.000,10956.000,2794.000,8421.000,0.234567
22,10760,1800,2960.000,11706.000,2861.000,9173.000,0.950004
22,10760,1800,2903.000,10880.000,2796.000,8349.000,0.398499
22,10760,1800,2806.000,11018.000,2715.000,8475.000,0.376693
22,10760,1800,2516.000,10862.000,2415.000,8328.000,0.928478
22,10760,1800,2863.000,11624.000,2761.000,9093.000,0.950561
22,10760,1800,2271.000,11195.000,2156.000,8674.000,0.294757
22,10760,1800,2955.000,11082.000,2896.000,8537.000,0.749749
22,10760,1800,2313.000,11114.000,2199.000,8591.000,0.817901
22,10760,1800,2752.000,11543.000,2646.000,9014.000,0.637065
22,10760,1800,2406.000,11850.000,2289.000,9334.000,0.951008
22,10760,1800,2671.000,11650.000,2569.000,9130.000,0.751890
22,10760,1800,2482.000,10890.000,2378.000,8358.000,0.946205
22,10760,1800,2842.000,11035.000,2750.000,8493.000,0.792136
22,10760,1800,2768.000,11725.000,2647.000,9217.000,0.319748
22,10760,1800,2338.000,11279.000,2222.000,8760.000,0.828825
22,10760,1800,2882.000,11813.000,2779.000,9285.000,0.949928
22,10760,1800,2334.000,10911.000,2225.000,8382.000,0.780364
22,10760,1800,2311.000,11670.000,2190.000,9155.000,0.950956
22,10760,1800,2428.000,11421.000,2340.000,8940.000,0.215956
22,10760,1800,2021.000,11436.000,1899.000,8918.000,0.861549
22,10760,1800,2997.000,11171.000,2909.000,8628.000,0.914955
22,10760,1800,2256.000,11811.000,2134.000,9299.000,0.899196
22,10760,1800,1947.000,11390.000,1826.000,8873.000,0.936699
22,10760,1800,2319.000,11906.000,2200.000,9391.000,0.951377
22,10760,1800,2770.000,10999.000,2676.000,8459.000,0.941943
22,10760,1800,2341.000,10960.000,2230.000,8432.000,0.897582
22,10760,1800,2635.000,11115.000,2533.000,8585.000,0.786784
22,10760,1800,2788.000,10769.000,2728.000,8203.000,0.256103
22,10760,1800,2259.000,11305.000,2140.000,8787.000,0.476583
22,10760,1800,2769.000,10796.000,2604.000,8295.000,0.203766
22,10760,1800,2912.000,10990.000,2822.000,8447.000,0.257613
22,10760,1800,2995.000,10841.000,2911.000,8293.000,0.844567
22,10760,1800,2500.000,10861.000,2455.000,8305.000,0.232035
22,10760,1800,2618.000,11239.000,2513.000,8710.000,0.930531
22,10760,1800,1957.000,10882.000,1845.000,8354.000,0.812977
22,10760,1800,2588.000,11407.000,2479.000,8882.000,0.945511
22,10760,1800,2948.000,11462.000,2852.000,8926.000,0.469499
22,10760,1800,2444.000,11337.000,2330.000,8812.000,0.950710
22,10760,1800,2514.000,11801.000,2403.000,9283.000,0.922711
22,10760,1800,2061.000,11532.000,1939.000,9018.000,0.765007
22,10760,1800,1947.000,10829.000,1836.000,8302.000,0.430042
22,10760,1800,2309.000,11324.000,2214.000,8805.000,0.480719
22,10760,1800,2452.000,11957.000,2334.000,9440.000,0.846166
22,10760,1800,2599.000,11319.000,2491.000,8792.000,0.934704
22,10760,1800,2104.000,11151.000,1988.000,8630.000,0.236581
22,10760,1800,2226.000,11641.000,2102.000,9128.000,0.937943
22,10760,1800,2682.000,10968.000,2584.000,8433.000,0.940600
22,10760,1800,2270.000,11431.000,2150.000,8914.000,0.951721
22,10760,1800,2462.000,11900.000,2345.000,9383.000,0.953233
22,10760,1800,2661.000,11048.000,2560.000,8515.000,0.932512
22,10760,1800,2558.000,10940.000,2456.000,8407.000,0.935338
22,10760,1800,2163.000,11102.000,2048.000,8578.000,0.844257
22,10760,1800,2698.000,10835.000,2542.000,8240.000,0.540579
22,10760,1800,2655.000,11632.000,2546.000,9107.000,0.388604
22,10760,1800,2551.000,10861.000,2448.000,8326.000,0.450537
22,10760,1800,2133.000,11748.000,2007.000,9237.000,0.561912
22,10760,1800,2214.000,10828.000,2103.000,8233.000,0.297431
22,10760,1800,2910.000,11834.000,2808.000,9307.000,0.948996
22,10760,1800,2695.000,10898.000,2693.000,8364.000,0.299001
22,10760,1800,2888.000,10923.000,2800.000,8380.000,0.663922
22,10760,1800,2175.000,11389.000,2057.000,8851.000,0.458615
22,10760,1800,2519.000,11812.000,2406.000,9293.000,0.939490
22,10760,1800,2918.000,11756.000,2821.000,9226.000,0.724779
22,10760,1800,2512.000,11188.000,2403.000,8660.000,0.423714
22,10760,1800,2571.000,11739.000,2459.000,9218.000,0.950182
22,10760,1800,2165.000,11350.000,2045.000,8832.000,0.945139
22,10760,1800,2130.000,10768.000,2022.000,8236.000,0.278354
22,10760,1800,2147.000,11149.000,2031.000,8628.000,0.945745
22,10760,1800,2122.000,11088.000,2006.000,8565.000,0.946317
22,10760,1800,2956.000,11626.000,2862.000,9093.000,0.405920
22,10760,1800,2404.000,11195.000,2317.000,8667.000,0.375314
22,10760,1800,2792.000,11127.000,2697.000,8591.000,0.951103
22,10760,1800,2985.000,11416.000,2893.000,8878.000,0.941587
22,10760,1800,2659.000,11475.000,2551.000,8947.000,0.432877
22,10760,1800,2222.000,11495.000,2100.000,8981.000,0.952861
22,10760,1800,2720.000,10779.000,2626.000,8239.000,0.513529
22,10760,1800,2573.000,11809.000,2461.000,9288.000,0.955410
22,10760,1800,2530.000,11809.000,2420.000,9289.000,0.943523
22,10760,1800,2211.000,10967.000,2099.000,8441.000,0.684089
22,10760,1800,2113.000,11099.000,1997.000,8576.000,0.685698
22,10760,1800,2578.000,11759.000,2466.000,9237.000,0.954720
22,10760,1800,2675.000,11617.000,2568.000,9092.000,0.890508
22,10760,1800,2147.000,11726.000,1949.000,9076.000,0.321504
22,10760,1800,2256.000,11611.000,2132.000,9097.000,0.949158
22,10760,1800,2633.000,11777.000,2535.000,9317.000,0.202316
22,10760,1800,2495.000,10815.000,2587.000,8194.000,0.222140
22,10760,1800,2671.000,11559.000,2564.000,9034.000,0.909835
22,10760,1800,2935.000,11344.000,2842.000,8807.000,0.933984
22,10760,1800,2352.000,11037.000,2205.000,8546.000,0.461088
22,10760,1800,2010.000,11648.000,1885.000,9134.000,0.411679
22,10760,1800,2674.000,11758.000,2564.000,9233.000,0.954774
22,10760,1800,2929.000,10974.000,2826.000,8429.000,0.226579
22,10760,1800,2365.000,11089.000,2253.000,8565.000,0.714727
22,10760,1800,2841.000,10984.000,2750.000,8443.000,0.725899
22,10760,1800,2400.000,11176.000,2288.000,8652.000,0.536455
22,10760,1800,2593.000,10891.000,2503.000,8354.000,0.935610
22,10760,1800,2307.000,11389.000,2201.000,8863.000,0.827825
22,10760,1800,2451.000,10961.000,2385.000,8433.000,0.454694
22,10760,1800,2665.000,11951.000,2553.000,9430.000,0.952510
22,10760,1800,2964.000,10788.000,2879.000,8241.000,0.265668
22,10760,1800,2189.000,11529.000,2064.000,9015.000,0.762070
22,10760,1800,2090.000,10948.000,1976.000,8420.000,0.804790
22,10760,1800,2358.000,10770.000,2123.000,8236.000,0.213571
22,10760,1800,2267.000,11938.000,2143.000,9425.000,0.936903
22,10760,1800,2941.000,10845.000,2856.000,8299.000,0.896517
22,10760,1800,2575.000,11841.000,2462.000,9323.000,0.933643
22,10760,1800,2606.000,11816.000,2489.000,9295.000,0.785567
22,10760,1800,2403.000,11865.000,2284.000,9350.000,0.946707
22,10760,1800,1990.000,11003.000,1704.000,8505.000,0.275438
22,10760,1800,2889.000,11959.000,2794.000,9422.000,0.800580
22,10760,1800,2855.000,11282.000,2759.000,8744.000,0.952401
22,10760,1800,2991.000,11932.000,2890.000,9404.000,0.902624
22,10760,1800,2693.000,11600.000,2586.000,9073.000,0.954917
22,10760,1800,1996.000,11033.000,1893.000,8502.000,0.249479
22,10760,1800,2715.000,10858.000,2619.000,8319.000,0.944436
22,10760,1800,2979.000,11935.000,2876.000,9407.000,0.880049
22,10760,1800,2323.000,10894.000,2268.000,8438.000,0.272174
22,10760,1800,2793.000,10782.000,2745.000,8258.000,0.563009
22,10760,1800,2245.000,11860.000,2121.000,9350.000,0.608337
22,10760,1800,2157.000,11209.000,2053.000,8688.000,0.638430
22,10760,1800,2630.000,11721.000,2519.000,9198.000,0.952381
22,10760,1800,2178.000,11944.000,2026.000,9419.000,0.673027
22,10760,1800,2229.000,11872.000,2108.000,9360.000,0.887669
22,10760,1800,2503.000,11015.000,2398.000,8484.000,0.602396
22,10760,1800,2617.000,11157.000,2513.000,8626.000,0.661317
22,10760,1800,2271.000,11875.000,2149.000,9363.000,0.490045
22,10760,1800,2824.000,10880.000,2734.000,8337.000,0.944007
22,10760,1800,2915.000,11859.000,2813.000,9331.000,0.902113
22,10760,1800,2535.000,10824.000,2400.000,8239.000,0.399278
22,10760,1800,2548.000,11085.000,2443.000,8555.000,0.909681
22,10760,1800,2212.000,11563.000,2077.000,9092.000,0.228903
22,10760,1800,2680.000,11164.000,2578.000,8631.000,0.895716
22,10760,1800,2263.000,11634.000,2144.000,9121.000,0.939015
22,10760,1800,2659.000,10944.000,2555.000,8416.000,0.900381
22,10760,1800,2173.000,11207.000,2048.000,8525.000,0.367293
22,10760,1800,2182.000,11871.000,2056.000,9361.000,0.817409
22,10760,1800,2701.000,10814.000,2547.000,8229.000,0.326555
22,10760,1800,1947.000,11430.000,1825.000,8913.000,0.681276
22,10760,1800,2879.000,11065.000,2787.000,8524.000,0.889402
22,10760,1800,2959.000,11111.000,2869.000,8569.000,0.892595
22,10760,1800,1935.000,11410.000,1814.000,8895.000,0.246253
22,10760,1800,2329.000,10883.000,2220.000,8353.000,0.644222
22,10760,1800,2658.000,11554.000,2549.000,9028.000,0.953207
22,10760,1800,2650.000,11157.000,2548.000,8625.000,0.935991
22,10760,1800,2624.000,10840.000,2526.000,8304.000,0.641345
22,10760,1800,2426.000,11160.000,2314.000,8636.000,0.945956
22,10760,1800,2067.000,11439.000,1942.000,8926.000,0.480078
22,10760,1800,2605.000,11646.000,2494.000,9124.000,0.371502
22,10760,1800,2158.000,10910.000,2048.000,8382.000,0.936381
22,10760,1800,2210.000,11042.000,2098.000,8517.000,0.945814
22,10760,1800,2430.000,10957.000,2222.000,8204.000,0.265054
22,10760,1800,2655.000,11698.000,2545.000,9174.000,0.954536
22,10760,1800,2809.000,11926.000,2720.000,9368.000,0.358972
22,10760,1800,2485.000,11715.000,2371.000,9196.000,0.777432
22,10760,1800,2861.000,11753.000,2758.000,9225.000,0.947558
22,10760,1800,2293.000,11930.000,2174.000,9420.000,0.624802
22,10760,1800,2885.000,11840.000,2782.000,9313.000,0.243573
22,10760,1800,2797.000,11432.000,2677.000,8910.000,0.784963
22,10760,1800,2607.000,11098.000,2515.000,8555.000,0.558086
22,10760,1800,2297.000,11932.000,2175.000,9424.000,0.594598
22,10760,1800,2899.000,11567.000,2798.000,9034.000,0.866346
22,10760,1800,2054.000,11274.000,1933.000,8755.000,0.942545
22,10760,1800,2131.000,11313.000,2013.000,8796.000,0.750347
22,10760,1800,2874.000,11101.000,2777.000,8558.000,0.950795
22,10760,1800,2149.000,11288.000,2031.000,8769.000,0.357710
22,10760,1800,2940.000,11132.000,2799.000,8559.000,0.462798
22,10760,1800,2861.000,11394.000,2762.000,8861.000,0.951519
22,10760,1800,2586.000,11138.000,2481.000,8608.000,0.804094
22,10760,1800,2902.000,11822.000,2800.000,9294.000,0.950425
22,10760,1800,2431.000,11851.000,2314.000,9334.000,0.947609
22,10760,1800,2793.000,11055.000,2698.000,8518.000,0.952896
22,10760,1800,2295.000,11394.000,2187.000,8874.000,0.876107
22,10760,1800,2178.000,11111.000,2063.000,8589.000,0.797682
22,10760,1800,2953.000,11642.000,2855.000,9109.000,0.950305
22,10760,1800,2417.000,11807.000,2300.000,9291.000,0.946261
22,10760,1800,2508.000,11126.000,2401.000,8599.000,0.942869
22,10760,1800,2610.000,10902.000,2516.000,8369.000,0.551487
22,10760,1800,2254.000,11419.000,2131.000,8904.000,0.542398
22,10760,1800,2988.000,11248.000,2899.000,8706.000,0.911742
22,10760,1800,2488.000,10985.000,2398.000,8447.000,0.213298
22,10760,1800,2935.000,11107.000,2847.000,8566.000,0.942299
22,10760,1800,2800.000,11247.000,2700.000,8712.000,0.414997
22,10760,1800,2428.000,10925.000,2350.000,8415.000,0.486468
22,10760,1800,1946.000,10864.000,1834.000,8334.000,0.275849
22,10760,1800,2322.000,10877.000,2199.000,8349.000,0.444846
22,10760,1800,2616.000,11657.000,2506.000,9135.000,0.953370
22,10760,1800,2838.000,11387.000,2739.000,8853.000,0.951344
22,10760,1800,2755.000,11418.000,2636.000,8881.000,0.504845
22,10760,1800,2235.000,10964.000,2125.000,8436.000,0.455613
22,10760,1800,2925.000,11735.000,2825.000,9206.000,0.950519
22,10760,1800,2746.000,10833.000,2653.000,8292.000,0.663735
22,10760,1800,2755.000,10998.000,2656.000,8465.000,0.402649
22,10760,1800,1973.000,11383.000,1834.000,8866.000,0.494795
22,10760,1800,2060.000,11109.000,1950.000,8587.000,0.560516
22,10760,1800,1929.000,11214.000,1798.000,8744.000,0.257564
22,10760,1800,2026.000,11605.000,1879.000,9078.000,0.307804
22,10760,1800,2653.000,11448.000,2545.000,8923.000,0.951328
22,10760,1800,2289.000,11631.000,2170.000,9117.000,0.934613
22,10760,1800,2280.000,11441.000,2160.000,8924.000,0.952717
22,10760,1800,2358.000,11561.000,2250.000,9042.000,0.771278
22,10760,1800,2157.000,11136.000,2047.000,8614.000,0.669878
22,10760,1800,2637.000,10948.000,2540.000,8421.000,0.823641
22,10760,1800,2520.000,11636.000,2407.000,9114.000,0.953905
22,10760,1800,2640.000,11401.000,2535.000,8787.000,0.231237
22,10760,1800,2881.000,11857.000,2778.000,9330.000,0.946664
22,10760,1800,2631.000,11942.000,2518.000,9426.000,0.594735
22,10760,1800,2071.000,11661.000,1949.000,9149.000,0.467509
22,10760,1800,2330.000,11405.000,2213.000,8887.000,0.829578
22,10760,1800,2243.000,11897.000,2120.000,9384.000,0.934137
22,10760,1800,2498.000,11304.000,2386.000,8782.000,0.941006
22,10760,1800,2902.000,11881.000,2800.000,9354.000,0.952463
22,10760,1800,2378.000,11274.000,2280.000,8763.000,0.758425
22,10760,1800,2437.000,11764.000,2320.000,9246.000,0.943083
22,10760,1800,2222.000,11666.000,2099.000,9153.000,0.518948
22,10760,1800,2895.000,11674.000,2794.000,9144.000,0.789627
22,10760,1800,2832.000,11854.000,2726.000,9288.000,0.246484
22,10760,1800,2580.000,11660.000,2468.000,9138.000,0.952127
22,10760,1800,2973.000,11483.000,2881.000,8947.000,0.897570
22,10760,1800,2392.000,10991.000,2282.000,8463.000,0.835131
22,10760,1800,2075.000,11099.000,1959.000,8576.000,0.250363
22,10760,1800,2003.000,11154.000,1874.000,8689.000,0.263498
22,10760,1800,2120.000,11687.000,1929.000,9099.000,0.216076
22,10760,1800,2694.000,11729.000,2588.000,9143.000,0.266686
22,10760,1800,2762.000,11761.000,2655.000,9235.000,0.949300
22,10760,1800,2768.000,10981.000,2673.000,8443.000,0.883531
22,10760,1800,2440.000,11066.000,2332.000,8538.000,0.893897
22,10760,1800,2970.000,10886.000,2884.000,8341.000,0.846942
22,10760,1800,2808.000,11007.000,2660.000,8454.000,0.353500
22,10760,1800,2348.000,11836.000,2245.000,9333.000,0.584547
22,10760,1800,2831.000,11035.000,2740.000,8501.000,0.568813
22,10760,1800,2442.000,10974.000,2255.000,8227.000,0.546409
22,10760,1800,1998.000,10886.000,1909.000,8397.000,0.441958
22,10760,1800,2297.000,11302.000,2191.000,8788.000,0.375874
22,10760,1800,2602.000,11942.000,2491.000,9423.000,0.953102
22,10760,1800,2330.000,11112.000,2218.000,8590.000,0.750010
22,10760,1800,2811.000,11347.000,2711.000,8815.000,0.954078
22,10760,1800,2284.000,11094.000,2188.000,8572.000,0.643750
22,10760,1800,2445.000,11044.000,2345.000,8527.000,0.622981
22,10760,1800,2951.000,10848.000,2861.000,8306.000,0.302903
22,10760,1800,2410.000,10893.000,2299.000,8391.000,0.385267
22,10760,1800,2535.000,11397.000,2397.000,8833.000,0.258502
22,10760,1800,2157.000,10963.000,2045.000,8436.000,0.842692
22,10760,1800,2927.000,10875.000,2858.000,8451.000,0.227275
22,10760,1800,2488.000,11616.000,2375.000,9095.000,0.943090
22,10760,1800,1925.000,11050.000,1763.000,8463.000,0.271844
22,10760,1800,2587.000,10817.000,2489.000,8281.000,0.430891
22,10760,1800,2870.000,11537.000,2842.000,8993.000,0.302390
22,10760,1800,2723.000,11209.000,2623.000,8676.000,0.916614
22,10760,1800,2913.000,11160.000,2790.000,8638.000,0.414418
22,10760,1800,2327.000,11942.000,2204.000,9428.000,0.663370
22,10760,1800,2983.000,11759.000,2859.000,9266.000,0.317636
22,10760,1800,2988.000,11139.000,2899.000,8597.000,0.949130
22,10760,1800,2847.000,11500.000,2744.000,8969.000,0.948240
22,10760,1800,2575.000,10902.000,2475.000,8369.000,0.606245
22,10760,1800,2927.000,11764.000,2831.000,9238.000,0.749607
22,10760,1800,2844.000,11722.000,2741.000,9196.000,0.926480
22,10760,1800,2820.000,11282.000,2723.000,8747.000,0.433735
22,10760,1800,2703.000,11584.000,2648.000,8971.000,0.257234
22,10760,1800,2821.000,11013.000,2708.000,8527.000,0.403869
22,10760,1800,2856.000,11569.000,2756.000,9038.000,0.712628
22,10760,1800,2314.000,11092.000,2200.000,8568.000,0.913159
22,10760,1800,2886.000,11001.000,2793.000,8461.000,0.933710
22,10760,1800,2508.000,11398.000,2399.000,8877.000,0.505188
22,10760,1800,2031.000,11175.000,1927.000,8648.000,0.749578
22,10760,1800,2837.000,11642.000,2738.000,9101.000,0.209201
22,10760,1800,2745.000,10943.000,2650.000,8405.000,0.257407
22,10760,1800,2730.000,10931.000,2571.000,8477.000,0.212073
22,10760,1800,2739.000,11745.000,2633.000,9220.000,0.950864
22,10760,1800,2255.000,10928.000,2145.000,8401.000,0.641459
22,10760,1800,2330.000,10774.000,2186.000,8222.000,0.304485
22,10760,1800,2578.000,11362.000,2468.000,8837.000,0.936882
22,10760,1800,2539.000,11185.000,2432.000,8657.000,0.838522
22,10760,1800,2941.000,11754.000,2841.000,9224.000,0.934342
22,10760,1800,2634.000,10923.000,2512.000,8367.000,0.616334
22,10760,1800,2972.000,11135.000,2883.000,8593.000,0.942152
22,10760,1800,2381.000,11016.000,2266.000,8479.000,0.570535
22,10760,1800,2364.000,11773.000,2220.000,9291.000,0.283600
22,10760,1800,2409.000,11782.000,2287.000,9260.000,0.701150
22,10760,1800,2030.000,11722.000,1906.000,9211.000,0.842057
22,10760,1800,2559.000,10904.000,2455.000,8371.000,0.445058
22,10760,1800,2198.000,11130.000,2091.000,8603.000,0.253882
22,10760,1800,2511.000,11386.000,2401.000,8862.000,0.953001
22,10760,1800,2793.000,11202.000,2654.000,8686.000,0.532415
22,10760,1800,2405.000,10921.000,2313.000,8365.000,0.266485
22,10760,1800,2605.000,11806.000,2491.000,9285.000,0.838491
22,10760,1800,2522.000,11709.000,2408.000,9189.000,0.950240
22,10760,1800,2975.000,11764.000,2878.000,9234.000,0.507769
22,10760,1800,2686.000,11621.000,2579.000,9095.000,0.810719
22,10760,1800,2310.000,11268.000,2194.000,8749.000,0.533796
22,10760,1800,2785.000,11599.000,2682.000,9069.000,0.954057
22,10760,1800,2999.000,10890.000,2902.000,8350.000,0.252152
22,10760,1800,2495.000,11666.000,2380.000,9146.000,0.906623
22,10760,1800,2666.000,11203.000,2557.000,8663.000,0.346952
22,10760,1800,2994.000,11525.000,2905.000,8989.000,0.654734
22,10760,1800,2375.000,11592.000,2258.000,9073.000,0.817250
22,10760,1800,2095.000,11112.000,1982.000,8591.000,0.844579
22,10760,1800,2166.000,10934.000,2041.000,8315.000,0.426549
22,10760,1800,2548.000,11748.000,2437.000,9240.000,0.752695
22,10760,1800,2917.000,11523.000,2855.000,9026.000,0.326970
22,10760,1800,2349.000,11941.000,2225.000,9429.000,0.950820
22,10760,1800,2949.000,11395.000,2856.000,8857.000,0.948715
22,10760,1800,2940.000,11001.000,2850.000,8459.000,0.445801
22,10760,1800,2668.000,10939.000,2571.000,8402.000,0.924214
22,10760,1800,2509.000,10862.000,2406.000,8328.000,0.913834
22,10760,1800,2185.000,11847.000,2023.000,9213.000,0.214114
22,10760,1800,2995.000,11110.000,2930.000,8581.000,0.431177
22,10760,1800,2689.000,11048.000,2589.000,8514.000,0.882068
22,10760,1800,2687.000,11134.000,2604.000,8532.000,0.259305
22,10760,1800,2415.000,11789.000,2298.000,9269.000,0.452537
22,10760,1800,2088.000,11828.000,1942.000,9261.000,0.321001
22,10760,1800,2778.000,10780.000,2716.000,8229.000,0.748354
22,10760,1800,2971.000,11762.000,2925.000,9207.000,0.310123
22,10760,1800,2127.000,10776.000,2019.000,8245.000,0.244143
22,10760,1800,2204.000,11697.000,2079.000,9184.000,0.905690
22,10760,1800,2681.000,10807.000,2558.000,8169.000,0.503408
22,10760,1800,2771.000,11235.000,2673.000,8700.000,0.546926
22,10760,1800,2351.000,10899.000,2244.000,8370.000,0.259697
22,10760,1800,2297.000,11900.000,2148.000,9412.000,0.300422
22,10760,1800,2642.000,11732.000,2532.000,9204.000,0.869062
22,10760,1800,2988.000,11777.000,2892.000,9249.000,0.953509
22,10760,1800,1943.000,11344.000,1805.000,8777.000,0.458521
22,10760,1800,2633.000,11734.000,2509.000,9191.000,0.213981
22,10760,1800,2834.000,11623.000,2732.000,9091.000,0.920003
22,10760,1800,2797.000,11292.000,2703.000,8762.000,0.562948
22,10760,1800,2740.000,10974.000,2698.000,8408.000,0.398704
22,10760,1800,2622.000,11198.000,2535.000,8651.000,0.337694
22,10760,1800,2699.000,11188.000,2598.000,8654.000,0.891471
22,10760,1800,2821.000,11033.000,2727.000,8493.000,0.892406
22,10760,1800,2063.000,11252.000,1943.000,8734.000,0.361351
22,10760,1800,1994.000,10887.000,1885.000,8358.000,0.469245
22,10760,1800,2895.000,10928.000,2759.000,8339.000,0.373814
22,10760,1800,2614.000,11115.000,2520.000,8582.000,0.922636
22,10760,1800,1974.000,11425.000,1861.000,8904.000,0.201204
22,10760,1800,2778.000,11439.000,2696.000,8900.000,0.201322
22,10760,1800,2787.000,11024.000,2693.000,8486.000,0.880036
22,10760,1800,2456.000,11701.000,2313.000,9187.000,0.278575
22,10760,1800,2543.000,11176.000,2436.000,8648.000,0.792253
22,10760,1800,2218.000,11084.000,2104.000,8561.000,0.950688
22,10760,1800,2048.000,11820.000,1932.000,9284.000,0.203212
22,10760,1800,2994.000,11830.000,2883.000,9327.000,0.353132
22,10760,1800,2742.000,11926.000,2628.000,9407.000,0.941634
22,10760,1800,2743.000,10829.000,2675.000,8274.000,0.502371
22,10760,1800,2581.000,11306.000,2473.000,8780.000,0.624833
22,10760,1800,2875.000,10889.000,2783.000,8343.000,0.470603
22,10760,1800,2260.000,11247.000,2143.000,8727.000,0.949403
22,10760,1800,2981.000,11161.000,2893.000,8619.000,0.901934
22,10760,1800,2640.000,11362.000,2534.000,8835.000,0.910258
22,10760,1800,1951.000,11293.000,1829.000,8760.000,0.213930
22,10760,1800,2082.000,11265.000,1962.000,8746.000,0.587989
22,10760,1800,2162.000,10802.000,2054.000,8271.000,0.768419
22,10760,1800,2714.000,11439.000,2601.000,8931.000,0.882531
22,10760,1800,2808.000,11446.000,2705.000,8913.000,0.851505
22,10760,1800,2295.000,11864.000,2173.000,9352.000,0.835895
22,10760,1800,2786.000,11074.000,2691.000,8538.000,0.800511
22,10760,1800,2538.000,11581.000,2455.000,9024.000,0.290245
22,10760,1800,2799.000,11243.000,2700.000,8708.000,0.825052
22,10760,1800,2172.000,11681.000,2048.000,9166.000,0.835470
22,10760,1800,2531.000,11329.000,2434.000,8805.000,0.668285
22,10760,1800,2015.000,11735.000,1888.000,9226.000,0.491608
22,10760,1800,2880.000,11678.000,2778.000,9148.000,0.952183
22,10760,1800,2711.000,11298.000,2608.000,8766.000,0.930353
22,10760,1800,2492.000,11166.000,2388.000,8640.000,0.588160
22,10760,1800,1935.000,11348.000,1796.000,8777.000,0.397117
22,10760,1800,2108.000,11731.000,1983.000,9219.000,0.947120
22,10760,1800,2635.000,11908.000,2472.000,9383.000,0.298520
22,10760,1800,2406.000,10807.000,2302.000,8273.000,0.617429
22,10760,1800,2879.000,10871.000,2790.000,8327.000,0.279293
22,10760,1800,2031.000,11706.000,1906.000,9195.000,0.825055
22,10760,1800,2869.000,11431.000,2770.000,8850.000,0.227878
22,10760,1800,2087.000,11387.000,1960.000,8897.000,0.202549
22,10760,1800,2861.000,11034.000,2768.000,8494.000,0.491757
22,10760,1800,2928.000,11101.000,2837.000,8558.000,0.948786
22,10760,1800,2939.000,10818.000,2889.000,8301.000,0.330445
22,10760,1800,2997.000,11160.000,2910.000,8617.000,0.846540
22,10760,1800,2987.000,11832.000,2888.000,9305.000,0.802522
23,10760,3000,3074.000,11377.000,2979.000,8839.000,0.802937
23,10760,3000,3052.000,11458.000,2919.000,8930.000,0.240803
23,10760,3000,3299.000,11333.000,3217.000,8788.000,0.942205
23,10760,3000,3275.000,11955.000,3191.000,9424.000,0.875055
23,10760,3000,3176.000,11935.000,3081.000,9403.000,0.943813
23,10760,3000,3598.000,10929.000,3533.000,8369.000,0.942086
23,10760,3000,3389.000,11385.000,3315.000,8864.000,0.321330
23,10760,3000,3739.000,10868.000,3693.000,8319.000,0.713450
23,10760,3000,3350.000,11079.000,3275.000,8527.000,0.942277
23,10760,3000,3489.000,11884.000,3398.000,9346.000,0.937843
23,10760,3000,3046.000,11326.000,2953.000,8786.000,0.607474
23,10760,3000,3928.000,11739.000,3872.000,9180.000,0.210542
23,10760,3000,3555.000,10770.000,3492.000,8198.000,0.213966
23,10760,3000,3960.000,11296.000,3884.000,8744.000,0.464793
23,10760,3000,3335.000,11044.000,3255.000,8493.000,0.481274
23,10760,3000,3980.000,11929.000,3897.000,9393.000,0.926942
23,10760,3000,3448.000,11425.000,3369.000,8880.000,0.944467
23,10760,3000,3019.000,11240.000,2930.000,8701.000,0.804575
23,10760,3000,3567.000,11284.000,3491.000,8735.000,0.944584
23,10760,3000,3409.000,11515.000,3325.000,8973.000,0.941903
23,10760,3000,3718.000,10974.000,3639.000,8389.000,0.336165
23,10760,3000,3073.000,11225.000,2984.000,8684.000,0.637690
23,10760,3000,3016.000,11489.000,2923.000,8954.000,0.915742
23,10760,3000,3775.000,10913.000,3746.000,8363.000,0.243558
23,10760,3000,3746.000,11327.000,3673.000,8777.000,0.563521
23,10760,3000,3217.000,11629.000,3127.000,9090.000,0.941288
23,10760,3000,3206.000,11497.000,3119.000,8956.000,0.940163
23,10760,3000,3724.000,10878.000,3670.000,8310.000,0.731803
23,10760,3000,3884.000,11126.000,3856.000,8554.000,0.254389
23,10760,3000,3464.000,11823.000,3370.000,9290.000,0.555790
23,10760,3000,3093.000,11466.000,3019.000,8941.000,0.778738
23,10760,3000,3165.000,11750.000,3070.000,9217.000,0.940770
23,10760,3000,3577.000,11511.000,3499.000,8966.000,0.942000
23,10760,3000,3245.000,11659.000,3155.000,9121.000,0.941833
23,10760,3000,3265.000,11522.000,3176.000,8983.000,0.938688
23,10760,3000,3664.000,11861.000,3579.000,9324.000,0.943716
23,10760,3000,3570.000,11069.000,3500.000,8515.000,0.945467
23,10760,3000,3346.000,11865.000,3255.000,9331.000,0.822401
23,10760,3000,3187.000,11360.000,3098.000,8820.000,0.926210
23,10760,3000,3483.000,11558.000,3401.000,9014.000,0.941605
23,10760,3000,3356.000,11199.000,3280.000,8650.000,0.941099
23,10760,3000,3020.000,11507.000,2926.000,8970.000,0.938545
23,10760,3000,3294.000,11640.000,3206.000,9101.000,0.941681
23,10760,3000,3157.000,11731.000,3065.000,9196.000,0.940699
23,10760,3000,3195.000,11838.000,3101.000,9304.000,0.941399
23,10760,3000,3501.000,11543.000,3420.000,8998.000,0.942302
23,10760,3000,3809.000,10991.000,3827.000,8440.000,0.215673
23,10760,3000,3227.000,11070.000,3150.000,8520.000,0.941494
23,10760,3000,3670.000,10893.000,3607.000,8332.000,0.939646
23,10760,3000,3341.000,11917.000,3248.000,9384.000,0.942036
23,10760,3000,3037.000,10777.000,2955.000,8227.000,0.895962
23,10760,3000,3081.000,11465.000,2989.000,8932.000,0.941666
23,10760,3000,3591.000,11124.000,3520.000,8569.000,0.887488
23,10760,3000,3036.000,11505.000,2942.000,8968.000,0.940461
23,10760,3000,3255.000,11831.000,3177.000,9298.000,0.560797
23,10760,3000,3702.000,11860.000,3618.000,9324.000,0.949399
23,10760,3000,3435.000,11421.000,3357.000,8876.000,0.919854
23,10760,3000,3057.000,11877.000,2959.000,9346.000,0.940445
23,10760,3000,3535.000,10937.000,3468.000,8378.000,0.941841
23,10760,3000,3275.000,10869.000,3201.000,8315.000,0.941812
23,10760,3000,3501.000,11337.000,3423.000,8790.000,0.944590
23,10760,3000,3009.000,11073.000,2923.000,8529.000,0.931126
23,10760,3000,3559.000,11066.000,3488.000,8509.000,0.924850
23,10760,3000,3292.000,11081.000,3209.000,8528.000,0.629131
23,10760,3000,3400.000,11544.000,3317.000,8999.000,0.831176
23,10760,3000,3561.000,10919.000,3495.000,8359.000,0.941249
23,10760,3000,3222.000,11363.000,3149.000,8831.000,0.790779
23,10760,3000,3939.000,11246.000,3903.000,8700.000,0.667033
23,10760,3000,3608.000,10899.000,3546.000,8338.000,0.695111
23,10760,3000,3656.000,10809.000,3594.000,8246.000,0.944717
23,10760,3000,3053.000,11408.000,2986.000,8860.000,0.303846
23,10760,3000,3027.000,11493.000,2934.000,8955.000,0.932746
23,10760,3000,3860.000,11886.000,3783.000,9330.000,0.490984
23,10760,3000,3144.000,10828.000,3082.000,8263.000,0.329029
23,10760,3000,3951.000,11298.000,3866.000,8745.000,0.464853
23,10760,3000,3478.000,11754.000,3394.000,9216.000,0.943214
23,10760,3000,3019.000,11265.000,2928.000,8723.000,0.937331
23,10760,3000,3699.000,11522.000,3623.000,8978.000,0.944717
23,10760,3000,3717.000,10863.000,3656.000,8301.000,0.804775
23,10760,3000,3289.000,10858.000,3214.000,8304.000,0.939082
23,10760,3000,3717.000,10802.000,3657.000,8239.000,0.944836
23,10760,3000,3663.000,11780.000,3579.000,9240.000,0.943912
23,10760,3000,3427.000,11125.000,3353.000,8573.000,0.865036
23,10760,3000,3388.000,11776.000,3299.000,9239.000,0.932808
23,10760,3000,3757.000,11317.000,3686.000,8768.000,0.621261
23,10760,3000,3181.000,11312.000,3116.000,8778.000,0.372133
23,10760,3000,3897.000,11121.000,3865.000,8561.000,0.253450
23,10760,3000,3960.000,11180.000,3894.000,8625.000,0.408164
23,10760,3000,3261.000,11578.000,3169.000,9039.000,0.685312
23,10760,3000,3094.000,11346.000,3002.000,8809.000,0.356887
23,10760,3000,3590.000,11231.000,3517.000,8680.000,0.928284
23,10760,3000,3398.000,11498.000,3315.000,8957.000,0.941482
23,10760,3000,3588.000,11030.000,3484.000,8459.000,0.338379
23,10760,3000,3371.000,11951.000,3279.000,9419.000,0.938776
23,10760,3000,3513.000,11100.000,3441.000,8546.000,0.941644
23,10760,3000,3403.000,11330.000,3323.000,8782.000,0.942055
23,10760,3000,3352.000,11214.000,3287.000,8673.000,0.307272
23,10760,3000,3519.000,11253.000,3445.000,8703.000,0.949636
23,10760,3000,3156.000,11579.000,3033.000,9014.000,0.223721
23,10760,3000,3578.000,11604.000,3498.000,9061.000,0.942208
23,10760,3000,3804.000,11655.000,3725.000,9110.000,0.894572
23,10760,3000,3530.000,10994.000,3462.000,8437.000,0.938915
23,10760,3000,3358.000,11744.000,3270.000,9207.000,0.940866
23,10760,3000,3346.000,11047.000,3272.000,8493.000,0.796415
23,10760,3000,3027.000,11665.000,2931.000,9131.000,0.937457
23,10760,3000,3268.000,11757.000,3178.000,9221.000,0.936987
23,10760,3000,3631.000,11609.000,3574.000,9067.000,0.467576
23,10760,3000,3061.000,11679.000,2966.000,9144.000,0.941194
23,10760,3000,3165.000,11273.000,3077.000,8733.000,0.282862
23,10760,3000,3165.000,11765.000,3072.000,9231.000,0.941171
23,10760,3000,3182.000,11284.000,3094.000,8742.000,0.903925
23,10760,3000,3102.000,11322.000,3020.000,8857.000,0.211561
23,10760,3000,3294.000,11742.000,3204.000,9205.000,0.935210
23,10760,3000,3180.000,11274.000,3092.000,8733.000,0.878575
23,10760,3000,3876.000,11323.000,3832.000,8735.000,0.209102
23,10760,3000,3883.000,11592.000,3810.000,9054.000,0.595688
23,10760,3000,3641.000,11899.000,3555.000,9362.000,0.943875
23,10760,3000,3329.000,11034.000,3254.000,8482.000,0.940776
23,10760,3000,3539.000,11695.000,3456.000,9157.000,0.941422
23,10760,3000,3358.000,11704.000,3270.000,9166.000,0.935644
23,10760,3000,3994.000,11375.000,3926.000,8826.000,0.700247
23,10760,3000,3949.000,11876.000,3866.000,9341.000,0.932381
23,10760,3000,3321.000,11781.000,3230.000,9245.000,0.941515
23,10760,3000,3425.000,10920.000,3356.000,8363.000,0.942054
23,10760,3000,3336.000,11871.000,3245.000,9337.000,0.420850
23,10760,3000,3476.000,11590.000,3394.000,9047.000,0.944414
23,10760,3000,3836.000,11771.000,3754.000,9230.000,0.342379
23,10760,3000,3229.000,11749.000,3137.000,9213.000,0.941028
23,10760,3000,3756.000,11034.000,3706.000,8518.000,0.258836
23,10760,3000,3445.000,11954.000,3353.000,9421.000,0.933375
23,10760,3000,3921.000,11936.000,3836.000,9402.000,0.942414
23,10760,3000,3068.000,11746.000,2973.000,9215.000,0.939379
23,10760,3000,3829.000,11502.000,3758.000,8955.000,0.941548
23,10760,3000,3627.000,11355.000,3546.000,8849.000,0.317979
23,10760,3000,3214.000,11750.000,3122.000,9215.000,0.941076
23,10760,3000,3285.000,11579.000,3197.000,9038.000,0.942572
23,10760,3000,3326.000,11896.000,3241.000,9355.000,0.722166
23,10760,3000,3197.000,11784.000,3105.000,9249.000,0.941718
23,10760,3000,3379.000,11668.000,3292.000,9129.000,0.940905
23,10760,3000,3554.000,11245.000,3458.000,8692.000,0.212823
23,10760,3000,3543.000,10882.000,3477.000,8322.000,0.689428
23,10760,3000,3053.000,11601.000,2959.000,9065.000,0.941082
23,10760,3000,3563.000,11793.000,3477.000,9254.000,0.941698
23,10760,3000,3276.000,10886.000,3203.000,8332.000,0.939541
23,10760,3000,3419.000,10842.000,3349.000,8284.000,0.930102
23,10760,3000,3279.000,11763.000,3187.000,9227.000,0.930830
23,10760,3000,3527.000,10917.000,3461.000,8357.000,0.941156
23,10760,3000,3015.000,11772.000,2934.000,9241.000,0.312251
23,10760,3000,3912.000,11907.000,3829.000,9374.000,0.594766
23,10760,3000,3497.000,11184.000,3423.000,8633.000,0.943247
23,10760,3000,3373.000,11457.000,3289.000,8913.000,0.941422
23,10760,3000,3369.000,10813.000,3299.000,8256.000,0.520641
23,10760,3000,3299.000,10843.000,3227.000,8288.000,0.941168
23,10760,3000,3288.000,10876.000,3222.000,8320.000,0.850384
23,10760,3000,3360.000,11313.000,3279.000,8768.000,0.687371
23,10760,3000,3554.000,11054.000,3484.000,8496.000,0.594280
23,10760,3000,3775.000,11554.000,3699.000,9008.000,0.928780
23,10760,3000,3466.000,11548.000,3383.000,9006.000,0.941554
23,10760,3000,3389.000,10923.000,3318.000,8367.000,0.936464
23,10760,3000,3159.000,11369.000,3067.000,8829.000,0.939845
23,10760,3000,3338.000,11055.000,3262.000,8503.000,0.940699
23,10760,3000,3215.000,11381.000,3146.000,8847.000,0.360868
23,10760,3000,3138.000,11246.000,3050.000,8704.000,0.941328
23,10760,3000,3495.000,11199.000,3420.000,8647.000,0.942592
23,10760,3000,3033.000,11678.000,2937.000,9143.000,0.939908
23,10760,3000,3020.000,11298.000,2922.000,8756.000,0.664599
23,10760,3000,3311.000,11880.000,3220.000,9345.000,0.936507
23,10760,3000,3092.000,11763.000,2997.000,9228.000,0.931884
23,10760,3000,3971.000,11647.000,3887.000,9109.000,0.362511
23,10760,3000,3635.000,11426.000,3558.000,8879.000,0.937046
23,10760,3000,3424.000,10893.000,3357.000,8339.000,0.899397
23,10760,3000,3180.000,11728.000,3087.000,9193.000,0.933739
23,10760,3000,3637.000,10771.000,3575.000,8207.000,0.588640
23,10760,3000,3346.000,11540.000,3260.000,8998.000,0.784034
23,10760,3000,3787.000,10801.000,3754.000,8269.000,0.231270
23,10760,3000,3889.000,11957.000,3805.000,9423.000,0.947797
23,10760,3000,3008.000,11279.000,2916.000,8736.000,0.922149
23,10760,3000,3044.000,11751.000,2946.000,9198.000,0.720590
23,10760,3000,3099.000,10795.000,3019.000,8245.000,0.937588
23,10760,3000,3490.000,11274.000,3420.000,8726.000,0.945943
23,10760,3000,3615.000,10874.000,3550.000,8312.000,0.940947
23,10760,3000,3572.000,11040.000,3507.000,8483.000,0.931527
23,10760,3000,3502.000,11282.000,3429.000,8734.000,0.941758
23,10760,3000,3492.000,11351.000,3414.000,8803.000,0.941659
23,10760,3000,3428.000,10952.000,3356.000,8395.000,0.941833
23,10760,3000,3145.000,11742.000,3054.000,9203.000,0.884379
23,10760,3000,3085.000,11721.000,2991.000,9187.000,0.856881
23,10760,3000,3357.000,10773.000,3288.000,8214.000,0.810477
23,10760,3000,3789.000,11862.000,3710.000,9324.000,0.946431
23,10760,3000,3649.000,11287.000,3585.000,8709.000,0.378198
23,10760,3000,3657.000,11878.000,3578.000,9309.000,0.870339
23,10760,3000,3501.000,11879.000,3444.000,9343.000,0.269467
23,10760,3000,3797.000,11796.000,3743.000,9241.000,0.337029
23,10760,3000,3752.000,10880.000,3684.000,8320.000,0.775593
23,10760,3000,3026.000,11083.000,2940.000,8538.000,0.934146
23,10760,3000,3291.000,11009.000,3215.000,8460.000,0.790619
23,10760,3000,3684.000,10792.000,3624.000,8229.000,0.934425
23,10760,3000,3461.000,11954.000,3369.000,9421.000,0.935106
23,10760,3000,4002.000,11623.000,3958.000,9080.000,0.601056
23,10760,3000,4039.000,11408.000,3914.000,8853.000,0.364106
23,10760,3000,3250.000,11537.000,3161.000,8997.000,0.940900
23,10760,3000,3126.000,11137.000,3043.000,8592.000,0.368871
23,10760,3000,3308.000,11850.000,3193.000,9309.000,0.731049
23,10760,3000,3863.000,11844.000,3780.000,9309.000,0.939058
23,10760,3000,3220.000,11502.000,3134.000,8955.000,0.919447
23,10760,3000,3043.000,11731.000,2959.000,9185.000,0.287583
23,10760,3000,3239.000,11648.000,3155.000,9112.000,0.897481
23,10760,3000,3234.000,11035.000,3155.000,8485.000,0.941596
23,10760,3000,3604.000,11482.000,3526.000,8936.000,0.943783
23,10760,3000,3470.000,11531.000,3388.000,8989.000,0.611634
23,10760,3000,3272.000,11084.000,3194.000,8534.000,0.941180
23,10760,3000,3199.000,10965.000,3119.000,8417.000,0.940700
23,10760,3000,3660.000,10836.000,3598.000,8275.000,0.623627
23,10760,3000,3265.000,11363.000,3191.000,8825.000,0.556190
23,10760,3000,3102.000,11802.000,3008.000,9269.000,0.941217
23,10760,3000,3227.000,11771.000,3135.000,9235.000,0.942031
23,10760,3000,3298.000,10912.000,3223.000,8359.000,0.507341
23,10760,3000,3640.000,11468.000,3574.000,8915.000,0.692809
23,10760,3000,3337.000,11115.000,3261.000,8564.000,0.940464
23,10760,3000,3979.000,11727.000,3903.000,9187.000,0.939616
23,10760,3000,3441.000,11867.000,3352.000,9332.000,0.941013
23,10760,3000,3826.000,11288.000,3781.000,8740.000,0.414701
23,10760,3000,3019.000,11293.000,2927.000,8750.000,0.721576
23,10760,3000,3885.000,10854.000,3844.000,8294.000,0.436648
23,10760,3000,3366.000,11211.000,3286.000,8660.000,0.542524
23,10760,3000,3234.000,11315.000,3148.000,8772.000,0.578410
23,10760,3000,3075.000,11737.000,2984.000,9201.000,0.938117
23,10760,3000,3120.000,11317.000,3036.000,8778.000,0.428466
23,10760,3000,3169.000,11484.000,3079.000,8945.000,0.940040
23,10760,3000,3320.000,10776.000,3252.000,8219.000,0.884615
23,10760,3000,3538.000,11511.000,3458.000,8968.000,0.948883
23,10760,3000,3211.000,11324.000,3125.000,8781.000,0.940153
23,10760,3000,3404.000,11538.000,3329.000,9000.000,0.372420
23,10760,3000,3391.000,11597.000,3306.000,9056.000,0.940887
23,10760,3000,3900.000,11684.000,3823.000,9145.000,0.358524
23,10760,3000,3626.000,10934.000,3531.000,8407.000,0.801985
23,10760,3000,3694.000,11384.000,3622.000,8834.000,0.923592
23,10760,3000,3422.000,11465.000,3340.000,8921.000,0.942425
23,10760,3000,3080.000,11695.000,2984.000,9160.000,0.940890
23,10760,3000,3268.000,11802.000,3176.000,9269.000,0.941383
23,10760,3000,3352.000,11758.000,3264.000,9221.000,0.940615
23,10760,3000,3595.000,11339.000,3532.000,8762.000,0.422509
23,10760,3000,3659.000,11472.000,3583.000,8925.000,0.371717
23,10760,3000,3396.000,10873.000,3326.000,8315.000,0.942290
23,10760,3000,3074.000,11058.000,2991.000,8513.000,0.908725
23,10760,3000,3015.000,11954.000,2914.000,9425.000,0.934594
23,10760,3000,3408.000,11653.000,3322.000,9112.000,0.940220
23,10760,3000,3839.000,11427.000,3805.000,8837.000,0.318572
23,10760,3000,3107.000,11334.000,3074.000,8787.000,0.386282
23,10760,3000,3110.000,11846.000,3014.000,9314.000,0.726202
23,10760,3000,3333.000,10983.000,3201.000,8388.000,0.534668
23,10760,3000,3299.000,11788.000,3207.000,9252.000,0.941293
23,10760,3000,3056.000,11505.000,2957.000,8921.000,0.216644
23,10760,3000,3518.000,11551.000,3437.000,9007.000,0.946300
23,10760,3000,3582.000,11657.000,3500.000,9116.000,0.941448
23,10760,3000,3536.000,11910.000,3447.000,9376.000,0.944195
23,10760,3000,3362.000,11600.000,3276.000,9060.000,0.938280
23,10760,3000,3440.000,10965.000,3371.000,8408.000,0.939975
23,10760,3000,3773.000,11756.000,3701.000,9200.000,0.283618
23,10760,3000,3678.000,10785.000,3618.000,8221.000,0.916258
23,10760,3000,3532.000,11499.000,3451.000,8954.000,0.941625
23,10760,3000,3754.000,11827.000,3672.000,9288.000,0.945402
23,10760,3000,3097.000,11659.000,3004.000,9123.000,0.939781
23,10760,3000,3310.000,11439.000,3225.000,8893.000,0.942894
23,10760,3000,3337.000,10776.000,3257.000,8203.000,0.459448
23,10760,3000,3221.000,11334.000,3134.000,8792.000,0.935969
23,10760,3000,3437.000,11378.000,3358.000,8832.000,0.942843
23,10760,3000,3620.000,11091.000,3550.000,8536.000,0.812248
23,10760,3000,3445.000,11415.000,3365.000,8868.000,0.915975
23,10760,3000,3128.000,11515.000,3050.000,8996.000,0.413475
23,10760,3000,3015.000,11081.000,2922.000,8544.000,0.765150
23,10760,3000,3066.000,11057.000,2980.000,8511.000,0.920618
23,10760,3000,3423.000,11239.000,3346.000,8689.000,0.942025
23,10760,3000,3710.000,10893.000,3639.000,8340.000,0.551078
23,10760,3000,3137.000,10785.000,3058.000,8234.000,0.920599
23,10760,3000,3204.000,11751.000,3112.000,9217.000,0.926487
23,10760,3000,3866.000,10829.000,3812.000,8270.000,0.329363
23,10760,3000,3481.000,10937.000,3413.000,8378.000,0.938392
23,10760,3000,3339.000,11084.000,3264.000,8531.000,0.941736
23,10760,3000,3253.000,11011.000,3174.000,8459.000,0.493297
23,10760,3000,3059.000,11058.000,2974.000,8512.000,0.935127
23,10760,3000,3527.000,11487.000,3449.000,8946.000,0.942242
23,10760,3000,3156.000,11202.000,3071.000,8658.000,0.916910
23,10760,3000,3346.000,11227.000,3268.000,8676.000,0.943357
23,10760,3000,3057.000,11525.000,2964.000,8990.000,0.585839
23,10760,3000,3743.000,11576.000,3684.000,9031.000,0.578678
23,10760,3000,3238.000,10888.000,3162.000,8336.000,0.681213
23,10760,3000,3929.000,11275.000,3888.000,8725.000,0.252213
23,10760,3000,3248.000,11193.000,3164.000,8646.000,0.941272
23,10760,3000,3244.000,11834.000,3150.000,9299.000,0.341490
23,10760,3000,3403.000,11840.000,3313.000,9304.000,0.938747
23,10760,3000,3316.000,11249.000,3236.000,8702.000,0.944549
23,10760,3000,3544.000,11068.000,3473.000,8513.000,0.940923
23,10760,3000,3600.000,11627.000,3520.000,9079.000,0.946513
23,10760,3000,3251.000,11842.000,3156.000,9308.000,0.901443
23,10760,3000,3717.000,10777.000,3660.000,8215.000,0.622801
23,10760,3000,3047.000,11842.000,2949.000,9310.000,0.521524
23,10760,3000,3094.000,10982.000,3009.000,8435.000,0.940858
23,10760,3000,3041.000,10815.000,2958.000,8267.000,0.921487
23,10760,3000,3191.000,11790.000,3026.000,9308.000,0.351833
23,10760,3000,3532.000,10844.000,3470.000,8282.000,0.855099
23,10760,3000,3213.000,10899.000,3135.000,8349.000,0.941684
23,10760,3000,3585.000,11219.000,3510.000,8667.000,0.949899
23,10760,3000,3058.000,11591.000,2965.000,9055.000,0.941856
23,10760,3000,3335.000,11227.000,3256.000,8674.000,0.843406
23,10760,3000,3442.000,11420.000,3363.000,8875.000,0.859062
23,10760,3000,3711.000,11673.000,3636.000,9094.000,0.214102
23,10760,3000,3445.000,10893.000,3383.000,8340.000,0.730568
23,10760,3000,3167.000,10996.000,3085.000,8448.000,0.900662
23,10760,3000,3359.000,11309.000,3279.000,8764.000,0.766920
23,10760,3000,3371.000,10902.000,3299.000,8346.000,0.940901
23,10760,3000,3340.000,11469.000,3265.000,8917.000,0.690245
23,10760,3000,3279.000,10842.000,3205.000,8288.000,0.935041
23,10760,3000,3694.000,10768.000,3632.000,8203.000,0.862306
23,10760,3000,3414.000,11495.000,3333.000,8945.000,0.940617
23,10760,3000,3417.000,11224.000,3340.000,8673.000,0.942304
23,10760,3000,3215.000,11674.000,3125.000,9137.000,0.938968
23,10760,3000,3782.000,10789.000,3724.000,8225.000,0.526215
23,10760,3000,3878.000,11252.000,3873.000,8697.000,0.491516
23,10760,3000,3326.000,11600.000,3239.000,9060.000,0.941550
23,10760,3000,3088.000,10908.000,3005.000,8361.000,0.470385
23,10760,3000,3061.000,11548.000,2981.000,9009.000,0.841991
23,10760,3000,3717.000,11741.000,3650.000,9212.000,0.526586
23,10760,3000,3321.000,11439.000,3237.000,8895.000,0.942150
23,10760,3000,3040.000,11409.000,2953.000,8884.000,0.504665
23,10760,3000,3239.000,10978.000,3159.000,8428.000,0.675287
23,10760,3000,4026.000,11781.000,3948.000,9240.000,0.887641
23,10760,3000,3297.000,11051.000,3218.000,8497.000,0.933554
23,10760,3000,3480.000,11263.000,3404.000,8714.000,0.945217
23,10760,3000,3335.000,11386.000,3254.000,8842.000,0.938845
23,10760,3000,3087.000,11083.000,3001.000,8536.000,0.941556
23,10760,3000,3310.000,11304.000,3228.000,8756.000,0.860971
23,10760,3000,3562.000,11598.000,3480.000,9054.000,0.942217
23,10760,3000,3039.000,11568.000,2944.000,9033.000,0.941986
23,10760,3000,3755.000,11553.000,3677.000,9008.000,0.762755
23,10760,3000,3339.000,10943.000,3306.000,8356.000,0.335314
25,11960,1800,2477.000,12749.000,2357.000,10236.000,0.905151
25,11960,1800,2673.000,12804.000,2558.000,10289.000,0.937108
25,11960,1800,2504.000,12225.000,2392.000,9719.000,0.529721
25,11960,1800,2979.000,12006.000,2838.000,9528.000,0.364067
25,11960,1800,2238.000,12401.000,2112.000,9891.000,0.808064
25,11960,1800,2161.000,12244.000,2035.000,9735.000,0.757902
25,11960,1800,2642.000,12396.000,2528.000,9878.000,0.808411
25,11960,1800,2267.000,12336.000,2143.000,9826.000,0.570049
25,11960,1800,2120.000,12449.000,1992.000,9943.000,0.898288
25,11960,1800,2679.000,12815.000,2564.000,10298.000,0.952040
25,11960,1800,2723.000,12292.000,2611.000,9773.000,0.688333
25,11960,1800,2569.000,12395.000,2453.000,9879.000,0.335402
25,11960,1800,2117.000,12471.000,1996.000,9954.000,0.535370
25,11960,1800,2832.000,12686.000,2722.000,10165.000,0.928899
25,11960,1800,2822.000,12492.000,2715.000,10005.000,0.821261
25,11960,1800,2485.000,12419.000,2366.000,9904.000,0.949186
25,11960,1800,2060.000,12732.000,1934.000,10236.000,0.480571
25,11960,1800,2757.000,12510.000,2644.000,9991.000,0.948129
25,11960,1800,2721.000,13139.000,2609.000,10619.000,0.669554
25,11960,1800,2876.000,12144.000,2770.000,9621.000,0.721156
25,11960,1800,2110.000,12012.000,1982.000,9504.000,0.529892
25,11960,1800,2014.000,12182.000,1727.000,9659.000,0.225234
25,11960,1800,2515.000,12220.000,2397.000,9704.000,0.325128
25,11960,1800,2646.000,12686.000,2531.000,10169.000,0.947648
25,11960,1800,2545.000,12126.000,2430.000,9610.000,0.943968
25,11960,1800,2122.000,12259.000,1995.000,9751.000,0.705351
25,11960,1800,2590.000,13133.000,2497.000,10621.000,0.808241
25,11960,1800,2936.000,12651.000,2830.000,10128.000,0.945381
25,11960,1800,2600.000,12937.000,2447.000,10420.000,0.683088
25,11960,1800,2421.000,12282.000,2317.000,9751.000,0.252804
25,11960,1800,2068.000,12161.000,1960.000,9650.000,0.845871
25,11960,1800,2130.000,12989.000,1996.000,10486.000,0.772559
25,11960,1800,2747.000,13015.000,2635.000,10495.000,0.949736
25,11960,1800,2831.000,12215.000,2843.000,9907.000,0.358091
25,11960,1800,2444.000,12341.000,2326.000,9826.000,0.328089
25,11960,1800,2905.000,12797.000,2797.000,10274.000,0.253042
25,11960,1800,2176.000,13148.000,2045.000,10645.000,0.949313
25,11960,1800,2371.000,12633.000,2248.000,10123.000,0.944456
25,11960,1800,2991.000,12002.000,2888.000,9473.000,0.908493
25,11960,1800,2708.000,12261.000,2597.000,9743.000,0.940175
25,11960,1800,2941.000,12212.000,2836.000,9689.000,0.900545
25,11960,1800,2294.000,12746.000,2179.000,10242.000,0.314896
25,11960,1800,2659.000,13004.000,2543.000,10486.000,0.904975
25,11960,1800,2455.000,12814.000,2378.000,10315.000,0.429892
25,11960,1800,1982.000,12721.000,1844.000,10223.000,0.577107
25,11960,1800,2605.000,12584.000,2490.000,10069.000,0.897908
25,11960,1800,2911.000,12732.000,2833.000,10211.000,0.847607
25,11960,1800,2380.000,12763.000,2212.000,10228.000,0.316414
25,11960,1800,2151.000,12237.000,2025.000,9730.000,0.396792
25,11960,1800,2614.000,12023.000,2500.000,9504.000,0.496400
25,11960,1800,2043.000,12390.000,1915.000,9884.000,0.861995
25,11960,1800,2866.000,12951.000,2754.000,10430.000,0.941884
25,11960,1800,2199.000,12453.000,2074.000,9945.000,0.938648
25,11960,1800,2240.000,12061.000,2116.000,9550.000,0.320277
25,11960,1800,2467.000,12684.000,2346.000,10170.000,0.218567
25,11960,1800,2240.000,12112.000,2116.000,9602.000,0.795831
25,11960,1800,2138.000,13009.000,2007.000,10506.000,0.946642
25,11960,1800,2247.000,12808.000,2118.000,10302.000,0.889581
25,11960,1800,2939.000,12954.000,2832.000,10431.000,0.944016
25,11960,1800,2598.000,12810.000,2481.000,10296.000,0.941009
25,11960,1800,2859.000,11987.000,2625.000,9472.000,0.372454
25,11960,1800,2523.000,12491.000,2406.000,9976.000,0.899592
25,11960,1800,2663.000,12541.000,2549.000,10023.000,0.947272
25,11960,1800,2821.000,12357.000,2712.000,9836.000,0.944126
25,11960,1800,2648.000,12255.000,2534.000,9736.000,0.715108
25,11960,1800,2599.000,12294.000,2483.000,9777.000,0.897573
25,11960,1800,2494.000,12605.000,2375.000,10090.000,0.947214
25,11960,1800,2798.000,12218.000,2661.000,9669.000,0.420239
25,11960,1800,2742.000,12713.000,2629.000,10194.000,0.942635
25,11960,1800,2557.000,12393.000,2440.000,9877.000,0.945774
25,11960,1800,2361.000,12347.000,2298.000,9825.000,0.338830
25,11960,1800,2876.000,12908.000,2767.000,10386.000,0.946922
25,11960,1800,2478.000,12059.000,2362.000,9544.000,0.415789
25,11960,1800,2060.000,12713.000,1932.000,10218.000,0.626184
25,11960,1800,2770.000,12459.000,2659.000,9940.000,0.933890
25,11960,1800,2705.000,12160.000,2646.000,9526.000,0.228160
25,11960,1800,2539.000,12687.000,2421.000,10174.000,0.943338
25,11960,1800,2613.000,12372.000,2500.000,9851.000,0.776894
25,11960,1800,2368.000,12496.000,2247.000,9986.000,0.940609
25,11960,1800,2023.000,12287.000,1885.000,9778.000,0.765720
25,11960,1800,2318.000,12023.000,2197.000,9509.000,0.626496
25,11960,1800,2309.000,12951.000,2184.000,10441.000,0.941460
25,11960,1800,1980.000,12345.000,1848.000,9841.000,0.816920
25,11960,1800,2656.000,12936.000,2542.000,10419.000,0.945814
25,11960,1800,2198.000,12387.000,2071.000,9878.000,0.948006
25,11960,1800,2729.000,12781.000,2614.000,10263.000,0.944519
25,11960,1800,2082.000,12304.000,1983.000,9808.000,0.755571
25,11960,1800,2842.000,13155.000,2731.000,10633.000,0.947645
25,11960,1800,2368.000,12607.000,2246.000,10095.000,0.946010
25,11960,1800,2836.000,12341.000,2638.000,9799.000,0.417761
25,11960,1800,2299.000,12322.000,2176.000,9811.000,0.386719
25,11960,1800,2622.000,12517.000,2507.000,10000.000,0.912976
25,11960,1800,2483.000,13080.000,2364.000,10566.000,0.224038
25,11960,1800,2656.000,12488.000,2542.000,9971.000,0.402454
25,11960,1800,2281.000,12438.000,2175.000,9921.000,0.383925
25,11960,1800,2141.000,12211.000,2049.000,9712.000,0.417169
25,11960,1800,2926.000,12982.000,2819.000,10457.000,0.904997
25,11960,1800,2468.000,12723.000,2347.000,10211.000,0.887343
25,11960,1800,2740.000,12039.000,2632.000,9518.000,0.387988
25,11960,1800,2256.000,12767.000,2142.000,10313.000,0.342576
25,11960,1800,2208.000,12470.000,2082.000,9961.000,0.940895
25,11960,1800,2076.000,12938.000,1941.000,10438.000,0.355562
25,11960,1800,2807.000,12106.000,2698.000,9582.000,0.776755
25,11960,1800,2071.000,12743.000,1996.000,10254.000,0.276852
25,11960,1800,2460.000,12750.000,2339.000,10238.000,0.932081
25,11960,1800,2304.000,12660.000,2141.000,10114.000,0.486467
25,11960,1800,2993.000,12993.000,2887.000,10468.000,0.798930
25,11960,1800,2218.000,12458.000,2094.000,9947.000,0.856191
25,11960,1800,2817.000,12981.000,2707.000,10459.000,0.950925
25,11960,1800,2730.000,12484.000,2632.000,9959.000,0.438786
25,11960,1800,2080.000,12460.000,1952.000,9955.000,0.860424
25,11960,1800,2477.000,12973.000,2356.000,10460.000,0.949615
25,11960,1800,2741.000,12868.000,2628.000,10349.000,0.898238
25,11960,1800,2474.000,12224.000,2377.000,9753.000,0.245546
25,11960,1800,2052.000,12434.000,1987.000,9831.000,0.221572
25,11960,1800,1949.000,12685.000,1811.000,10188.000,0.371287
25,11960,1800,2710.000,13011.000,2597.000,10491.000,0.952957
25,11960,1800,2279.000,12132.000,2156.000,9621.000,0.665697
25,11960,1800,2148.000,13086.000,2013.000,10583.000,0.559678
25,11960,1800,2678.000,12729.000,2563.000,10214.000,0.929558
25,11960,1800,2516.000,12259.000,2398.000,9744.000,0.815252
25,11960,1800,2165.000,12570.000,2037.000,10064.000,0.813016
25,11960,1800,2859.000,13094.000,2751.000,10572.000,0.942845
25,11960,1800,2705.000,12823.000,2590.000,10308.000,0.930177
25,11960,1800,2688.000,12271.000,2577.000,9753.000,0.839978
25,11960,1800,2418.000,12425.000,2300.000,9910.000,0.943966
25,11960,1800,2620.000,12475.000,2504.000,9959.000,0.927941
25,11960,1800,1994.000,13053.000,1855.000,10553.000,0.823124
25,11960,1800,2339.000,12938.000,2215.000,10428.000,0.287095
25,11960,1800,2694.000,12242.000,2582.000,9723.000,0.904126
25,11960,1800,2626.000,12703.000,2510.000,10189.000,0.941181
25,11960,1800,2119.000,13041.000,1984.000,10539.000,0.935279
25,11960,1800,2837.000,12171.000,2730.000,9648.000,0.509665
25,11960,1800,2253.000,12543.000,2127.000,10034.000,0.936787
25,11960,1800,2951.000,13138.000,2844.000,10614.000,0.937612
25,11960,1800,2381.000,12325.000,2210.000,9790.000,0.521606
25,11960,1800,2026.000,12159.000,1897.000,9653.000,0.261648
25,11960,1800,1930.000,12668.000,1792.000,10171.000,0.427725
25,11960,1800,2049.000,12808.000,1793.000,10243.000,0.458965
25,11960,1800,2738.000,12234.000,2627.000,9714.000,0.787878
25,11960,1800,2154.000,12591.000,2024.000,10085.000,0.914351
25,11960,1800,2788.000,12930.000,2647.000,10366.000,0.237689
25,11960,1800,1956.000,12577.000,1633.000,9792.000,0.280282
25,11960,1800,2159.000,12673.000,2028.000,10170.000,0.911111
25,11960,1800,2925.000,12248.000,2819.000,9724.000,0.946990
25,11960,1800,2896.000,13034.000,2788.000,10511.000,0.948945
25,11960,1800,2822.000,12757.000,2711.000,10236.000,0.803125
25,11960,1800,2599.000,12798.000,2436.000,10266.000,0.366836
25,11960,1800,2044.000,12376.000,1914.000,9871.000,0.790142
25,11960,1800,2069.000,12738.000,1947.000,10237.000,0.621005
25,11960,1800,2146.000,12667.000,2014.000,10163.000,0.912275
25,11960,1800,2046.000,12157.000,1938.000,9656.000,0.409122
25,11960,1800,2870.000,12267.000,2808.000,9720.000,0.615322
25,11960,1800,2327.000,12149.000,2206.000,9608.000,0.552853
25,11960,1800,2175.000,12578.000,2047.000,10073.000,0.725373
25,11960,1800,2414.000,12986.000,2316.000,10483.000,0.339419
25,11960,1800,2290.000,13087.000,2162.000,10579.000,0.684670
25,11960,1800,2331.000,12581.000,2207.000,10071.000,0.857901
25,11960,1800,2326.000,12896.000,2201.000,10384.000,0.949076
25,11960,1800,2670.000,12245.000,2557.000,9727.000,0.926583
25,11960,1800,1978.000,13051.000,1851.000,10443.000,0.411519
25,11960,1800,2017.000,13016.000,1879.000,10518.000,0.738857
25,11960,1800,2936.000,12804.000,2831.000,10280.000,0.329020
25,11960,1800,2115.000,13145.000,1979.000,10643.000,0.652810
25,11960,1800,2436.000,12264.000,2291.000,9760.000,0.664912
25,11960,1800,2373.000,12302.000,2251.000,9789.000,0.433454
25,11960,1800,2447.000,13114.000,2326.000,10602.000,0.951321
25,11960,1800,2326.000,12752.000,2221.000,10236.000,0.780547
25,11960,1800,2860.000,12484.000,2751.000,9963.000,0.828974
25,11960,1800,2599.000,13099.000,2483.000,10581.000,0.889454
25,11960,1800,2609.000,12703.000,2492.000,10187.000,0.939755
25,11960,1800,2554.000,12306.000,2455.000,9792.000,0.462938
25,11960,1800,2471.000,11996.000,2444.000,9532.000,0.214198
25,11960,1800,2862.000,12680.000,2803.000,10175.000,0.277042
25,11960,1800,2526.000,13136.000,2407.000,10620.000,0.949460
25,11960,1800,2524.000,13154.000,2369.000,10603.000,0.428397
25,11960,1800,2835.000,12666.000,2727.000,10146.000,0.694659
25,11960,1800,2267.000,12936.000,2142.000,10431.000,0.761545
25,11960,1800,2463.000,12618.000,2343.000,10106.000,0.937517
25,11960,1800,2701.000,12295.000,2589.000,9776.000,0.752022
25,11960,1800,2848.000,12394.000,2739.000,9872.000,0.878128
25,11960,1800,2104.000,12499.000,1975.000,9993.000,0.922087
25,11960,1800,2709.000,12404.000,2597.000,9886.000,0.912839
25,11960,1800,2283.000,12642.000,2159.000,10132.000,0.401328
25,11960,1800,2726.000,12378.000,2615.000,9859.000,0.883510
25,11960,1800,2516.000,12053.000,2445.000,9593.000,0.393422
25,11960,1800,2734.000,12946.000,2620.000,10427.000,0.946906
25,11960,1800,2257.000,13154.000,2166.000,10698.000,0.269746
25,11960,1800,2797.000,12957.000,2686.000,10438.000,0.922694
25,11960,1800,2177.000,12726.000,2045.000,10223.000,0.750146
25,11960,1800,2818.000,11993.000,2712.000,9469.000,0.438406
25,11960,1800,2915.000,12236.000,2821.000,9762.000,0.668327
25,11960,1800,2692.000,12833.000,2636.000,10340.000,0.270244
25,11960,1800,2004.000,12793.000,1867.000,10291.000,0.931505
25,11960,1800,2285.000,12869.000,2158.000,10362.000,0.241106
25,11960,1800,2183.000,13135.000,2052.000,10637.000,0.951034
25,11960,1800,2577.000,12658.000,2459.000,10142.000,0.942721
25,11960,1800,2498.000,12086.000,2382.000,9568.000,0.310126
25,11960,1800,2465.000,12646.000,2345.000,10133.000,0.926122
25,11960,1800,2930.000,12239.000,2825.000,9712.000,0.838338
25,11960,1800,2278.000,12425.000,2175.000,9912.000,0.407110
25,11960,1800,2957.000,12757.000,2849.000,10233.000,0.839618
25,11960,1800,2699.000,12394.000,2588.000,9875.000,0.926392
25,11960,1800,2104.000,13072.000,1971.000,10576.000,0.258463
25,11960,1800,2899.000,12365.000,2793.000,9842.000,0.948898
25,11960,1800,2828.000,12888.000,2653.000,10304.000,0.296188
25,11960,1800,2100.000,12985.000,2024.000,10412.000,0.220416
25,11960,1800,2883.000,12327.000,2774.000,9805.000,0.929896
25,11960,1800,2815.000,12952.000,2766.000,10434.000,0.388885
25,11960,1800,1948.000,12700.000,1861.000,10302.000,0.202949
25,11960,1800,2764.000,12647.000,2674.000,10157.000,0.694163
25,11960,1800,2062.000,12139.000,2054.000,9650.000,0.235700
25,11960,1800,2820.000,12337.000,2710.000,9816.000,0.657967
25,11960,1800,2494.000,12022.000,2441.000,9480.000,0.425664
25,11960,1800,2530.000,12367.000,2413.000,9852.000,0.927393
25,11960,1800,2640.000,12963.000,2490.000,10382.000,0.225737
25,11960,1800,2246.000,13090.000,2136.000,10584.000,0.633307
25,11960,1800,2182.000,12457.000,2044.000,9943.000,0.404440
25,11960,1800,2298.000,12879.000,2181.000,10397.000,0.256967
25,11960,1800,2112.000,12102.000,1985.000,9594.000,0.646765
25,11960,1800,2045.000,13054.000,1866.000,10554.000,0.283064
25,11960,1800,2752.000,12271.000,2639.000,9752.000,0.274492
25,11960,1800,2495.000,12557.000,2377.000,10045.000,0.926587
25,11960,1800,2077.000,12258.000,1949.000,9752.000,0.448795
25,11960,1800,2202.000,12842.000,2071.000,10338.000,0.692585
25,11960,1800,2514.000,13089.000,2369.000,10642.000,0.395455
25,11960,1800,2078.000,13090.000,1968.000,10613.000,0.421932
25,11960,1800,2454.000,12986.000,2306.000,10467.000,0.204986
25,11960,1800,2688.000,12487.000,2574.000,9969.000,0.876766
25,11960,1800,2902.000,12715.000,2819.000,10182.000,0.300315
25,11960,1800,2603.000,12200.000,2489.000,9682.000,0.364752
25,11960,1800,2863.000,13048.000,2756.000,10526.000,0.623580
25,11960,1800,2752.000,12796.000,2638.000,10278.000,0.950621
25,11960,1800,1963.000,12252.000,1832.000,9748.000,0.475770
25,11960,1800,2744.000,12973.000,2632.000,10454.000,0.886628
25,11960,1800,2564.000,12936.000,2428.000,10416.000,0.223011
25,11960,1800,2216.000,12323.000,2179.000,9873.000,0.415365
25,11960,1800,2467.000,12740.000,2331.000,10226.000,0.663258
25,11960,1800,2919.000,12036.000,2814.000,9510.000,0.678202
25,11960,1800,2740.000,12468.000,2626.000,9950.000,0.768898
25,11960,1800,2810.000,12351.000,2687.000,9832.000,0.610778
25,11960,1800,2735.000,12521.000,2624.000,10006.000,0.945889
25,11960,1800,2567.000,12480.000,2452.000,9965.000,0.945813
25,11960,1800,2042.000,12568.000,1955.000,10069.000,0.578384
25,11960,1800,2346.000,13025.000,2220.000,10515.000,0.949657
25,11960,1800,2217.000,12520.000,2105.000,10010.000,0.874775
25,11960,1800,2854.000,12912.000,2745.000,10387.000,0.698812
25,11960,1800,2163.000,12216.000,2039.000,9705.000,0.492742
25,11960,1800,2293.000,12997.000,2167.000,10489.000,0.946274
25,11960,1800,2832.000,12025.000,2694.000,9437.000,0.510768
25,11960,1800,2555.000,12231.000,2439.000,9715.000,0.596886
25,11960,1800,2931.000,12409.000,2824.000,9887.000,0.849452
25,11960,1800,2560.000,12356.000,2461.000,9835.000,0.446051
25,11960,1800,2056.000,12723.000,1868.000,10078.000,0.239533
25,11960,1800,2479.000,12436.000,2361.000,9922.000,0.900969
25,11960,1800,2641.000,12656.000,2525.000,10140.000,0.549597
25,11960,1800,1991.000,12787.000,1852.000,10293.000,0.469047
25,11960,1800,2108.000,12767.000,1940.000,10263.000,0.351320
25,11960,1800,2391.000,12756.000,2268.000,10245.000,0.616381
25,11960,1800,2151.000,12400.000,2001.000,9814.000,0.311308
25,11960,1800,2446.000,13079.000,2325.000,10567.000,0.643803
25,11960,1800,2768.000,12312.000,2656.000,9793.000,0.914627
25,11960,1800,2150.000,12617.000,2019.000,10113.000,0.699400
25,11960,1800,2320.000,12369.000,2236.000,9854.000,0.612053
25,11960,1800,2071.000,12540.000,1941.000,10036.000,0.606624
25,11960,1800,2517.000,12489.000,2397.000,9969.000,0.846624
25,11960,1800,2875.000,12353.000,2769.000,9831.000,0.755111
25,11960,1800,2275.000,12588.000,2149.000,10079.000,0.947372
25,11960,1800,2752.000,12466.000,2642.000,9946.000,0.925537
25,11960,1800,2864.000,12543.000,2823.000,10084.000,0.434140
25,11960,1800,2348.000,12473.000,2226.000,9961.000,0.944798
25,11960,1800,2523.000,12171.000,2593.000,9640.000,0.337037
25,11960,1800,2409.000,12246.000,2291.000,9733.000,0.401634
25,11960,1800,2239.000,12490.000,2085.000,9938.000,0.444033
25,11960,1800,2752.000,12034.000,2653.000,9511.000,0.493858
25,11960,1800,2727.000,12848.000,2614.000,10331.000,0.950079
25,11960,1800,2358.000,12947.000,2170.000,10408.000,0.267644
25,11960,1800,2129.000,12916.000,1945.000,10451.000,0.217066
25,11960,1800,2564.000,12279.000,2360.000,9770.000,0.307018
25,11960,1800,2044.000,13123.000,1919.000,10624.000,0.215755
25,11960,1800,2629.000,12443.000,2511.000,9928.000,0.503118
25,11960,1800,2414.000,12650.000,2291.000,10138.000,0.898685
25,11960,1800,1960.000,12889.000,1820.000,10392.000,0.438603
25,11960,1800,2099.000,12271.000,2046.000,9751.000,0.514826
25,11960,1800,2380.000,12539.000,2254.000,10106.000,0.362571
25,11960,1800,2989.000,12301.000,2918.000,9781.000,0.347311
25,11960,1800,2526.000,12633.000,2464.000,10174.000,0.411097
25,11960,1800,2768.000,12891.000,2655.000,10373.000,0.943250
25,11960,1800,2479.000,12512.000,2422.000,9970.000,0.251533
25,11960,1800,2923.000,12461.000,2836.000,9933.000,0.602499
25,11960,1800,2335.000,12369.000,2259.000,9873.000,0.284729
25,11960,1800,2432.000,12892.000,2311.000,10380.000,0.827359
25,11960,1800,1944.000,12412.000,1832.000,9904.000,0.202071
25,11960,1800,2575.000,12385.000,2486.000,9864.000,0.343528
25,11960,1800,2862.000,12917.000,2753.000,10395.000,0.945870
25,11960,1800,2099.000,13011.000,1966.000,10509.000,0.876183
25,11960,1800,2156.000,12313.000,2030.000,9806.000,0.259057
25,11960,1800,2581.000,13143.000,2487.000,10634.000,0.806732
25,11960,1800,2118.000,12299.000,1991.000,9794.000,0.768969
25,11960,1800,2495.000,12078.000,2380.000,9562.000,0.329198
25,11960,1800,2135.000,12883.000,2003.000,10382.000,0.807774
25,11960,1800,2242.000,13039.000,2115.000,10533.000,0.944224
25,11960,1800,2463.000,12754.000,2346.000,10245.000,0.913361
25,11960,1800,2668.000,12412.000,2556.000,9895.000,0.942741
25,11960,1800,2282.000,12853.000,2129.000,10337.000,0.642107
25,11960,1800,2293.000,12151.000,2156.000,9679.000,0.365446
25,11960,1800,2205.000,12827.000,2118.000,10320.000,0.421841
25,11960,1800,2964.000,12266.000,2857.000,9743.000,0.454824
25,11960,1800,2978.000,12313.000,2899.000,9787.000,0.930443
25,11960,1800,2386.000,12766.000,2260.000,10255.000,0.917085
25,11960,1800,2125.000,12869.000,1992.000,10368.000,0.931462
25,11960,1800,2307.000,12635.000,2182.000,10125.000,0.879279
25,11960,1800,2228.000,12575.000,2103.000,10067.000,0.937075
25,11960,1800,2801.000,13147.000,2691.000,10625.000,0.949986
25,11960,1800,2831.000,12703.000,2725.000,10187.000,0.493816
25,11960,1800,1981.000,12832.000,1711.000,10261.000,0.200503
25,11960,1800,2908.000,12667.000,2827.000,10152.000,0.294660
25,11960,1800,2103.000,12626.000,1969.000,10179.000,0.529975
25,11960,1800,2227.000,13079.000,2134.000,10616.000,0.506640
25,11960,1800,2776.000,13091.000,2665.000,10570.000,0.237864
25,11960,1800,2392.000,12767.000,2275.000,10252.000,0.422372
25,11960,1800,2356.000,12772.000,2219.000,10253.000,0.906981
25,11960,1800,2061.000,12263.000,2021.000,9843.000,0.314296
25,11960,1800,2543.000,12775.000,2421.000,10265.000,0.846363
25,11960,1800,2861.000,12739.000,2753.000,10218.000,0.941887
25,11960,1800,2182.000,12470.000,2156.000,9928.000,0.277686
25,11960,1800,2627.000,12695.000,2513.000,10177.000,0.851898
25,11960,1800,2982.000,12056.000,2898.000,9526.000,0.215555
25,11960,1800,2283.000,12191.000,2160.000,9680.000,0.601936
25,11960,1800,2499.000,12447.000,2381.000,9933.000,0.380021
25,11960,1800,2812.000,12021.000,2703.000,9498.000,0.810297
25,11960,1800,2196.000,12100.000,2071.000,9592.000,0.437144
25,11960,1800,1930.000,12575.000,1845.000,10082.000,0.319466
25,11960,1800,2257.000,13060.000,2116.000,10550.000,0.584819
25,11960,1800,2531.000,13144.000,2413.000,10629.000,0.950710
25,11960,1800,1999.000,13091.000,1858.000,10594.000,0.932864
25,11960,1800,2009.000,13121.000,1866.000,10672.000,0.485532
25,11960,1800,2796.000,12435.000,2685.000,9916.000,0.938970
25,11960,1800,2453.000,12318.000,2335.000,9782.000,0.280288
25,11960,1800,2814.000,12372.000,2706.000,9850.000,0.951414
25,11960,1800,2750.000,12319.000,2636.000,9852.000,0.252154
25,11960,1800,2511.000,12188.000,2382.000,9664.000,0.550155
25,11960,1800,2439.000,12101.000,2320.000,9586.000,0.546466
25,11960,1800,2760.000,12555.000,2650.000,10041.000,0.618272
25,11960,1800,2940.000,12575.000,2801.000,10097.000,0.278736
25,11960,1800,2953.000,12622.000,2863.000,10132.000,0.253908
25,11960,1800,2717.000,12923.000,2651.000,10401.000,0.360760
25,11960,1800,2515.000,13111.000,2396.000,10597.000,0.942405
25,11960,1800,2299.000,12983.000,2175.000,10472.000,0.762103
25,11960,1800,2166.000,11968.000,2146.000,9446.000,0.330936
25,11960,1800,2445.000,12676.000,2303.000,10117.000,0.350447
25,11960,1800,2821.000,12384.000,2713.000,9863.000,0.948087
25,11960,1800,2093.000,12458.000,1965.000,9951.000,0.815502
25,11960,1800,2752.000,12874.000,2638.000,10357.000,0.936676
25,11960,1800,2856.000,12485.000,2742.000,10026.000,0.343742
25,11960,1800,2848.000,12690.000,2738.000,10169.000,0.794025
25,11960,1800,2825.000,12206.000,2690.000,9695.000,0.287164
25,11960,1800,2161.000,13130.000,2029.000,10627.000,0.815083
25,11960,1800,2311.000,12998.000,2185.000,10488.000,0.934707
25,11960,1800,2590.000,12806.000,2470.000,10298.000,0.822143
25,11960,1800,2246.000,13126.000,2149.000,10626.000,0.795083
25,11960,1800,2249.000,11980.000,2120.000,9384.000,0.228964
25,11960,1800,2527.000,12805.000,2443.000,10300.000,0.262016
25,11960,1800,2292.000,12771.000,2200.000,10244.000,0.586260
25,11960,1800,2998.000,12765.000,2855.000,10215.000,0.345989
25,11960,1800,2102.000,13108.000,1966.000,10608.000,0.622466
25,11960,1800,2645.000,12409.000,2599.000,9920.000,0.604952
25,11960,1800,2435.000,12565.000,2314.000,10053.000,0.948162
26,11960,3000,3546.000,11972.000,2535.000,11325.000,0.265970
28,13160,1800,2794.000,14236.000,2717.000,11735.000,0.483540
28,13160,1800,2954.000,14355.000,2844.000,11839.000,0.695076
28,13160,1800,2798.000,14353.000,2688.000,11837.000,0.798021
28,13160,1800,2662.000,13994.000,2545.000,11481.000,0.911275
28,13160,1800,2963.000,13784.000,2853.000,11267.000,0.270744
28,13160,1800,2917.000,13765.000,2945.000,11253.000,0.347507
28,13160,1800,2634.000,13784.000,2515.000,11273.000,0.861398
28,13160,1800,2558.000,14166.000,2440.000,11653.000,0.840674
28,13160,1800,2982.000,13806.000,2872.000,11289.000,0.554508
28,13160,1800,2847.000,13844.000,2790.000,11286.000,0.376440
28,13160,1800,2729.000,14220.000,2617.000,11705.000,0.900208
28,13160,1800,2573.000,14272.000,2458.000,11758.000,0.448863
28,13160,1800,2760.000,13888.000,2646.000,11373.000,0.899654
28,13160,1800,2813.000,13959.000,2699.000,11442.000,0.349421
28,13160,1800,2507.000,13695.000,2388.000,11184.000,0.700089
28,13160,1800,2902.000,14175.000,2792.000,11660.000,0.261962
28,13160,1800,2793.000,13445.000,2646.000,10721.000,0.253672
28,13160,1800,2587.000,13317.000,2474.000,10800.000,0.370410
28,13160,1800,2333.000,14166.000,2210.000,11658.000,0.788691
28,13160,1800,2574.000,13300.000,2458.000,10780.000,0.733954
28,13160,1800,2219.000,14359.000,2094.000,11851.000,0.933067
28,13160,1800,2336.000,14210.000,2212.000,11701.000,0.886757
28,13160,1800,2380.000,14321.000,2259.000,11811.000,0.249363
28,13160,1800,2323.000,14279.000,2201.000,11771.000,0.752245
28,13160,1800,2517.000,13688.000,2399.000,11178.000,0.849856
28,13160,1800,2713.000,13811.000,2599.000,11297.000,0.893671
28,13160,1800,2021.000,14065.000,1885.000,11570.000,0.604074
28,13160,1800,2262.000,14194.000,2137.000,11688.000,0.868412
28,13160,1800,2402.000,13690.000,2277.000,11182.000,0.347955
28,13160,1800,2807.000,13705.000,2695.000,11189.000,0.937395
28,13160,1800,2487.000,14074.000,2367.000,11564.000,0.298693
28,13160,1800,2800.000,14037.000,2687.000,11521.000,0.586261
28,13160,1800,2755.000,13601.000,2642.000,11083.000,0.842168
28,13160,1800,2800.000,14020.000,2688.000,11507.000,0.695685
28,13160,1800,2838.000,13828.000,2725.000,11313.000,0.818928
28,13160,1800,2704.000,14266.000,2591.000,11751.000,0.696094
28,13160,1800,2837.000,13867.000,2724.000,11350.000,0.417037
28,13160,1800,2676.000,14292.000,2645.000,11751.000,0.478130
28,13160,1800,2934.000,14143.000,2894.000,11568.000,0.255268
28,13160,1800,2338.000,13725.000,2211.000,11220.000,0.693379
28,13160,1800,2435.000,13826.000,2313.000,11317.000,0.626290
28,13160,1800,2529.000,13847.000,2408.000,11335.000,0.906250
28,13160,1800,2312.000,14099.000,2187.000,11594.000,0.576925
28,13160,1800,2322.000,13943.000,2196.000,11437.000,0.756271
28,13160,1800,2777.000,13568.000,2665.000,11050.000,0.754840
28,13160,1800,1923.000,13903.000,1845.000,11325.000,0.639642
28,13160,1800,2233.000,13952.000,2103.000,11450.000,0.254035
28,13160,1800,2542.000,14209.000,2425.000,11696.000,0.904594
28,13160,1800,2056.000,13752.000,1916.000,11258.000,0.457300
28,13160,1800,2478.000,14283.000,2361.000,11771.000,0.757673
28,13160,1800,2763.000,13173.000,2665.000,10652.000,0.416334
28,13160,1800,2733.000,13948.000,2637.000,11383.000,0.272165
28,13160,1800,2423.000,14140.000,2333.000,11635.000,0.283200
28,13160,1800,2908.000,14237.000,2799.000,11721.000,0.789305
28,13160,1800,2443.000,13608.000,2322.000,11099.000,0.786674
28,13160,1800,2506.000,13302.000,2389.000,10784.000,0.416081
28,13160,1800,2322.000,13301.000,2197.000,10791.000,0.579897
28,13160,1800,2444.000,13693.000,2320.000,11182.000,0.581360
28,13160,1800,2480.000,14059.000,2376.000,11528.000,0.556049
28,13160,1800,2102.000,13946.000,2009.000,11468.000,0.711411
28,13160,1800,2082.000,13924.000,1945.000,11428.000,0.423363
28,13160,1800,2413.000,14012.000,2319.000,11529.000,0.304799
28,13160,1800,2103.000,14192.000,1969.000,11693.000,0.440035
28,13160,1800,2174.000,13994.000,2043.000,11493.000,0.308583
28,13160,1800,2306.000,13835.000,2179.000,11331.000,0.859208
28,13160,1800,2934.000,13770.000,2825.000,11252.000,0.673626
28,13160,1800,2582.000,13285.000,2468.000,10766.000,0.258497
28,13160,1800,2797.000,13967.000,2681.000,11452.000,0.630599
28,13160,1800,2453.000,13873.000,2325.000,11360.000,0.475324
28,13160,1800,2633.000,13240.000,2520.000,10721.000,0.205582
28,13160,1800,2097.000,13507.000,1958.000,11011.000,0.279192
28,13160,1800,2514.000,13750.000,2393.000,11239.000,0.876157
28,13160,1800,2759.000,13533.000,2645.000,11015.000,0.462516
28,13160,1800,2348.000,14162.000,2226.000,11653.000,0.681813
28,13160,1800,2769.000,14244.000,2657.000,11728.000,0.367715
28,13160,1800,2043.000,13495.000,1900.000,11001.000,0.886391
28,13160,1800,2913.000,13788.000,2802.000,11271.000,0.829686
28,13160,1800,2099.000,13976.000,2010.000,11574.000,0.348556
28,13160,1800,2426.000,13581.000,2324.000,11035.000,0.594998
28,13160,1800,2562.000,13931.000,2442.000,11415.000,0.944575
28,13160,1800,2227.000,14037.000,2098.000,11534.000,0.525721
28,13160,1800,2345.000,13683.000,2221.000,11178.000,0.732450
28,13160,1800,2046.000,14088.000,1910.000,11592.000,0.650271
28,13160,1800,2909.000,13401.000,2795.000,10888.000,0.358665
28,13160,1800,2429.000,13403.000,2308.000,10892.000,0.463104
28,13160,1800,2627.000,14126.000,2509.000,11613.000,0.847339
28,13160,1800,2183.000,13922.000,2051.000,11422.000,0.571839
28,13160,1800,2507.000,13675.000,2391.000,11164.000,0.394996
28,13160,1800,2744.000,13841.000,2630.000,11327.000,0.872752
28,13160,1800,2478.000,14045.000,2353.000,11535.000,0.412596
28,13160,1800,2223.000,14255.000,2096.000,11750.000,0.890653
28,13160,1800,2731.000,14112.000,2617.000,11597.000,0.718240
28,13160,1800,2637.000,14017.000,2602.000,11733.000,0.231502
28,13160,1800,2517.000,13731.000,2347.000,11301.000,0.321527
28,13160,1800,2668.000,13769.000,2550.000,11258.000,0.869312
28,13160,1800,2393.000,13841.000,2318.000,11373.000,0.288854
28,13160,1800,2626.000,13590.000,2507.000,10993.000,0.491813
28,13160,1800,2230.000,13987.000,2101.000,11485.000,0.855029
28,13160,1800,2198.000,13774.000,2065.000,11274.000,0.527115
28,13160,1800,2450.000,14215.000,2331.000,11705.000,0.505590
28,13160,1800,2872.000,13795.000,2763.000,11274.000,0.385597
28,13160,1800,2093.000,13831.000,2018.000,11486.000,0.244726
28,13160,1800,2909.000,13603.000,2799.000,11085.000,0.791047
28,13160,1800,2918.000,13913.000,2881.000,11443.000,0.253342
28,13160,1800,2646.000,14007.000,2531.000,11494.000,0.934159
28,13160,1800,2530.000,13899.000,2409.000,11388.000,0.864349
28,13160,1800,2727.000,13808.000,2614.000,11293.000,0.874002
28,13160,1800,2606.000,14155.000,2487.000,11581.000,0.612053
28,13160,1800,2099.000,13495.000,1965.000,10996.000,0.486769
28,13160,1800,2576.000,13325.000,2462.000,10808.000,0.268759
28,13160,1800,2367.000,13455.000,2243.000,10947.000,0.526488
28,13160,1800,2392.000,14107.000,2272.000,11599.000,0.569936
28,13160,1800,2331.000,13831.000,2204.000,11325.000,0.898192
28,13160,1800,2339.000,13639.000,2186.000,10968.000,0.222257
28,13160,1800,2976.000,13939.000,2962.000,11424.000,0.698805
28,13160,1800,2901.000,14149.000,2790.000,11632.000,0.752818
28,13160,1800,2336.000,14128.000,2213.000,11620.000,0.944362
28,13160,1800,1939.000,14121.000,1802.000,11628.000,0.274587
28,13160,1800,2288.000,13958.000,2159.000,11453.000,0.325341
28,13160,1800,2255.000,13501.000,2125.000,10996.000,0.709279
28,13160,1800,2843.000,14257.000,2795.000,11759.000,0.247252
28,13160,1800,2695.000,13904.000,2580.000,11391.000,0.812802
28,13160,1800,2751.000,13673.000,2606.000,11036.000,0.272952
28,13160,1800,2190.000,13792.000,2057.000,11292.000,0.629141
28,13160,1800,2482.000,13549.000,2364.000,10941.000,0.457916
28,13160,1800,2320.000,13248.000,2196.000,10738.000,0.409108
28,13160,1800,2123.000,13975.000,1991.000,11478.000,0.278134
28,13160,1800,2450.000,13896.000,2344.000,11383.000,0.313122
28,13160,1800,2687.000,13734.000,2570.000,11221.000,0.753855
28,13160,1800,2915.000,13200.000,2810.000,10677.000,0.299005
28,13160,1800,2411.000,14121.000,2309.000,11599.000,0.531963
28,13160,1800,2628.000,14104.000,2512.000,11592.000,0.937425
28,13160,1800,2301.000,13848.000,2318.000,11397.000,0.227245
28,13160,1800,2970.000,14071.000,2931.000,11583.000,0.238226
28,13160,1800,2496.000,13683.000,2381.000,11171.000,0.379941
28,13160,1800,2851.000,14338.000,2741.000,11821.000,0.615896
28,13160,1800,2097.000,14085.000,1978.000,11585.000,0.332686
28,13160,1800,2740.000,13882.000,2625.000,11368.000,0.912936
28,13160,1800,2859.000,13539.000,2813.000,10788.000,0.337092
28,13160,1800,2055.000,13894.000,1917.000,11400.000,0.744948
28,13160,1800,2256.000,13936.000,2127.000,11434.000,0.689711
28,13160,1800,2120.000,13985.000,1986.000,11489.000,0.633135
28,13160,1800,2402.000,13838.000,2274.000,11330.000,0.392687
28,13160,1800,2345.000,13743.000,2207.000,11177.000,0.214813
28,13160,1800,2486.000,14126.000,2366.000,11616.000,0.538983
28,13160,1800,2151.000,13985.000,2158.000,11447.000,0.315298
28,13160,1800,2180.000,13909.000,2031.000,11428.000,0.254729
28,13160,1800,2916.000,13664.000,2807.000,11147.000,0.713663
28,13160,1800,2499.000,13549.000,2382.000,11036.000,0.614145
28,13160,1800,2281.000,13981.000,2155.000,11477.000,0.914616
28,13160,1800,2140.000,13491.000,2006.000,10990.000,0.246516
28,13160,1800,2180.000,13952.000,2048.000,11451.000,0.570698
28,13160,1800,2486.000,13956.000,2366.000,11447.000,0.937175
28,13160,1800,2132.000,13781.000,1994.000,11284.000,0.463244
28,13160,1800,2394.000,13871.000,2330.000,11384.000,0.317067
28,13160,1800,2889.000,13768.000,2778.000,11252.000,0.879872
28,13160,1800,2724.000,13814.000,2623.000,11302.000,0.338934
28,13160,1800,2149.000,14296.000,2021.000,11792.000,0.645454
28,13160,1800,2322.000,14132.000,2198.000,11622.000,0.785171
28,13160,1800,2171.000,13358.000,2040.000,10854.000,0.410581
28,13160,1800,2248.000,13827.000,2118.000,11323.000,0.649213
28,13160,1800,2335.000,14189.000,2211.000,11682.000,0.461783
28,13160,1800,2764.000,14133.000,2651.000,11619.000,0.903020
28,13160,1800,2027.000,14088.000,1890.000,11592.000,0.756266
28,13160,1800,2176.000,13942.000,2045.000,11443.000,0.684936
28,13160,1800,2516.000,14153.000,2397.000,11641.000,0.837526
28,13160,1800,2296.000,14327.000,2175.000,11819.000,0.477723
28,13160,1800,2532.000,14211.000,2414.000,11696.000,0.825556
28,13160,1800,2793.000,14300.000,2782.000,11827.000,0.449277
28,13160,1800,2315.000,13748.000,2186.000,11244.000,0.466433
28,13160,1800,2490.000,13915.000,2370.000,11406.000,0.779670
28,13160,1800,2831.000,13585.000,2725.000,11000.000,0.211009
28,13160,1800,2551.000,13736.000,2430.000,11224.000,0.886745
28,13160,1800,2158.000,13953.000,2025.000,11453.000,0.205053
28,13160,1800,2417.000,13828.000,2293.000,11321.000,0.345694
28,13160,1800,2067.000,13899.000,1930.000,11397.000,0.350468
28,13160,1800,2543.000,13942.000,2425.000,11430.000,0.787931
28,13160,1800,2781.000,14037.000,2667.000,11522.000,0.920300
28,13160,1800,2775.000,14137.000,2662.000,11622.000,0.216279
28,13160,1800,2971.000,13683.000,2861.000,11166.000,0.825228
28,13160,1800,2595.000,13446.000,2482.000,10928.000,0.260602
28,13160,1800,2574.000,13313.000,2423.000,10740.000,0.435640
28,13160,1800,2423.000,14016.000,2280.000,11429.000,0.234684
28,13160,1800,2745.000,13570.000,2745.000,11002.000,0.229333
28,13160,1800,2195.000,14357.000,2070.000,11850.000,0.531033
28,13160,1800,2269.000,13676.000,2138.000,11175.000,0.860069
28,13160,1800,2531.000,13801.000,2355.000,11216.000,0.259697
28,13160,1800,2323.000,13734.000,2205.000,11202.000,0.387161
28,13160,1800,2288.000,13486.000,2160.000,10980.000,0.529205
28,13160,1800,2266.000,13743.000,2138.000,11242.000,0.778731
28,13160,1800,2688.000,13252.000,2575.000,10731.000,0.268818
28,13160,1800,2915.000,13825.000,2805.000,11309.000,0.262354
28,13160,1800,2285.000,13717.000,2154.000,11217.000,0.338085
28,13160,1800,2709.000,13871.000,2593.000,11356.000,0.778452
28,13160,1800,2698.000,13946.000,2584.000,11433.000,0.568358
28,13160,1800,2602.000,14323.000,2486.000,11810.000,0.396796
28,13160,1800,2792.000,13715.000,2741.000,11267.000,0.266341
28,13160,1800,2107.000,13987.000,1975.000,11490.000,0.673889
28,13160,1800,2106.000,13978.000,1967.000,11480.000,0.566262
28,13160,1800,2917.000,14218.000,2812.000,11697.000,0.441009
28,13160,1800,1951.000,13692.000,1846.000,11165.000,0.257979
28,13160,1800,2381.000,14070.000,2258.000,11562.000,0.942768
28,13160,1800,2784.000,14050.000,2671.000,11535.000,0.843822
28,13160,1800,2288.000,14258.000,2164.000,11751.000,0.555728
28,13160,1800,2188.000,13946.000,2053.000,11437.000,0.714940
28,13160,1800,2254.000,13913.000,2125.000,11411.000,0.285470
28,13160,1800,2628.000,14045.000,2514.000,11533.000,0.497184
28,13160,1800,2314.000,14195.000,2189.000,11687.000,0.920610
28,13160,1800,2191.000,14110.000,2045.000,11593.000,0.512112
28,13160,1800,2528.000,13372.000,2411.000,10856.000,0.256407
28,13160,1800,2090.000,13757.000,1974.000,11259.000,0.201158
28,13160,1800,2389.000,14021.000,2265.000,11514.000,0.894821
29,13160,3000,3861.000,13738.000,3289.000,12173.000,0.209997
29,13160,3000,3031.000,13204.000,4141.000,12559.000,0.364002
29,13160,3000,3968.000,13457.000,3748.000,11495.000,0.360993
30,13160,4200,4381.000,13595.000,4017.000,12538.000,0.335916
30,13160,4200,4209.000,13467.000,4141.000,12559.000,0.469882
30,13160,4200,4410.000,13291.000,4130.000,12328.000,0.213085
31,14360,1800,2943.000,14508.000,3020.000,12002.000,0.252439
33,14360,4200,4255.000,15507.000,4122.000,13034.000,0.278448
33,14360,4200,4272.000,15545.000,4107.000,13084.000,0.252227
33,14360,4200,4309.000,15393.000,4107.000,12773.000,0.235443
34,15560,1800,2495.000,15634.000,2717.000,14968.000,0.324612
34,15560,1800,2807.000,15677.000,3117.000,14378.000,0.246915
34,15560,1800,2713.000,15622.000,2978.000,14386.000,0.224620
34,15560,1800,2621.000,15607.000,2976.000,14371.000,0.234409
34,15560,1800,2677.000,15787.000,3010.000,13668.000,0.521561
34,15560,1800,2517.000,15821.000,2660.000,13221.000,0.222797
34,15560,1800,2721.000,15609.000,2786.000,14915.000,0.202418
34,15560,1800,2666.000,16189.000,2596.000,14551.000,0.281364
34,15560,1800,2662.000,15837.000,2942.000,13961.000,0.220658
36,15560,4200,4309.000,15569.000,4172.000,13096.000,0.291534
36,15560,4200,4215.000,15572.000,4080.000,13099.000,0.524380
36,15560,4200,4302.000,15576.000,4169.000,13102.000,0.513844
36,15560,4200,4230.000,15578.000,4095.000,13104.000,0.266053
36,15560,4200,4216.000,15595.000,4084.000,13122.000,0.313803
36,15560,4200,4342.000,15648.000,4207.000,13173.000,0.303540
36,15560,4200,4265.000,15685.000,4131.000,13212.000,0.623830
36,15560,4200,4279.000,15688.000,4141.000,13212.000,0.489683
36,15560,4200,4251.000,15702.000,4116.000,13229.000,0.857628
36,15560,4200,4304.000,15702.000,4195.000,13269.000,0.275162
36,15560,4200,4242.000,15706.000,4110.000,13234.000,0.854620
36,15560,4200,4325.000,15714.000,4192.000,13240.000,0.237908
36,15560,4200,4244.000,15723.000,4109.000,13249.000,0.726810
36,15560,4200,4279.000,15729.000,4127.000,13264.000,0.416738
36,15560,4200,4267.000,15749.000,4134.000,13277.000,0.735139
36,15560,4200,4276.000,15750.000,4142.000,13277.000,0.676166
36,15560,4200,4335.000,15752.000,4201.000,13279.000,0.245743
36,15560,4200,4244.000,15754.000,4075.000,13285.000,0.242722
36,15560,4200,4239.000,15756.000,4106.000,13282.000,0.400673
36,15560,4200,4315.000,15763.000,4185.000,13291.000,0.720509
36,15560,4200,4274.000,15766.000,4145.000,13294.000,0.408801
36,15560,4200,4215.000,15768.000,4105.000,13295.000,0.392200
36,15560,4200,4289.000,15775.000,4155.000,13303.000,0.244186
36,15560,4200,4280.000,15783.000,4156.000,13310.000,0.257214
36,15560,4200,4243.000,15784.000,4124.000,13312.000,0.411282
36,15560,4200,4258.000,15786.000,4138.000,13309.000,0.525870
36,15560,4200,4209.000,15790.000,4102.000,13309.000,0.202630
36,15560,4200,4288.000,15790.000,4153.000,13317.000,0.442408
36,15560,4200,4235.000,15796.000,4074.000,13317.000,0.286084
36,15560,4200,4209.000,15808.000,4074.000,13331.000,0.369122
36,15560,4200,4252.000,15820.000,4116.000,13348.000,0.874600
36,15560,4200,4342.000,15820.000,4210.000,13349.000,0.764312
36,15560,4200,4266.000,15834.000,4131.000,13362.000,0.845896
36,15560,4200,4250.000,15856.000,4158.000,13393.000,0.348104
36,15560,4200,4332.000,15897.000,4163.000,13348.000,0.312332
36,15560,4200,4233.000,15912.000,4093.000,13437.000,0.827069
36,15560,4200,4243.000,15918.000,4108.000,13442.000,0.888445
36,15560,4200,4291.000,15924.000,4169.000,13416.000,0.235060
36,15560,4200,4231.000,15926.000,4096.000,13452.000,0.856513
36,15560,4200,4263.000,15932.000,4129.000,13459.000,0.939739
36,15560,4200,4391.000,15932.000,4226.000,13423.000,0.318773
36,15560,4200,4393.000,15940.000,4226.000,13437.000,0.418198
36,15560,4200,4322.000,15941.000,4188.000,13469.000,0.677591
36,15560,4200,4357.000,15959.000,4236.000,13487.000,0.289178
36,15560,4200,4349.000,15965.000,4217.000,13493.000,0.429614
36,15560,4200,4321.000,15966.000,4188.000,13494.000,0.739767
36,15560,4200,4376.000,15971.000,4245.000,13493.000,0.235516
36,15560,4200,4208.000,15978.000,4073.000,13505.000,0.471131
36,15560,4200,4345.000,15978.000,4214.000,13505.000,0.356136
36,15560,4200,4271.000,15986.000,4137.000,13513.000,0.843523
36,15560,4200,4365.000,15991.000,4235.000,13518.000,0.481743
36,15560,4200,4343.000,15992.000,4210.000,13519.000,0.617643
36,15560,4200,4323.000,15994.000,4193.000,13523.000,0.421422
36,15560,4200,4335.000,15996.000,4199.000,13524.000,0.587852
36,15560,4200,4228.000,15997.000,4093.000,13525.000,0.396438
36,15560,4200,4338.000,16001.000,4207.000,13529.000,0.375760
36,15560,4200,4215.000,16013.000,4083.000,13542.000,0.223525
36,15560,4200,4286.000,16014.000,4148.000,13541.000,0.491869
36,15560,4200,4398.000,16014.000,4235.000,13507.000,0.717000
36,15560,4200,4226.000,16016.000,4087.000,13543.000,0.260073
36,15560,4200,4340.000,16018.000,4208.000,13544.000,0.893924
36,15560,4200,4353.000,16019.000,4221.000,13546.000,0.355966
36,15560,4200,4281.000,16027.000,4150.000,13555.000,0.504643
36,15560,4200,4255.000,16063.000,4122.000,13592.000,0.497393
36,15560,4200,4372.000,16066.000,4237.000,13592.000,0.631306
36,15560,4200,4319.000,16082.000,4185.000,13608.000,0.941999
36,15560,4200,4353.000,16102.000,4220.000,13630.000,0.730928
36,15560,4200,4334.000,16103.000,4189.000,13561.000,0.224794
36,15560,4200,4231.000,16130.000,4096.000,13659.000,0.717583
36,15560,4200,4246.000,16133.000,4112.000,13660.000,0.817925
36,15560,4200,4237.000,16139.000,4103.000,13666.000,0.789798
36,15560,4200,4309.000,16181.000,4174.000,13714.000,0.438026
36,15560,4200,4313.000,16183.000,4176.000,13710.000,0.632270
36,15560,4200,4309.000,16195.000,4174.000,13722.000,0.913711
36,15560,4200,4419.000,16200.000,4261.000,13729.000,0.538168
36,15560,4200,4300.000,16214.000,4170.000,13765.000,0.252256
36,15560,4200,4388.000,16215.000,4221.000,13758.000,0.387627
36,15560,4200,4267.000,16221.000,4149.000,13742.000,0.521824
36,15560,4200,4372.000,16227.000,4224.000,13778.000,0.407219
36,15560,4200,4221.000,16232.000,4084.000,13761.000,0.658452
36,15560,4200,4279.000,16246.000,4142.000,13774.000,0.793568
36,15560,4200,4359.000,16250.000,4208.000,13781.000,0.559601
36,15560,4200,4382.000,16251.000,4248.000,13778.000,0.736882
36,15560,4200,4401.000,16286.000,4247.000,13847.000,0.420712
36,15560,4200,4342.000,16312.000,4207.000,13841.000,0.650668
36,15560,4200,4268.000,16325.000,4131.000,13855.000,0.912083
36,15560,4200,4415.000,16335.000,4259.000,13861.000,0.305913
36,15560,4200,4371.000,16336.000,4222.000,13869.000,0.748527
36,15560,4200,4357.000,16340.000,4235.000,13865.000,0.834214
36,15560,4200,4248.000,16351.000,4109.000,13882.000,0.405421
36,15560,4200,4294.000,16352.000,4158.000,13882.000,0.746459
36,15560,4200,4374.000,16352.000,4240.000,13881.000,0.224152
36,15560,4200,4238.000,16353.000,4102.000,13886.000,0.824628
36,15560,4200,4428.000,16379.000,4277.000,13973.000,0.231287
36,15560,4200,4216.000,16445.000,4075.000,13976.000,0.627599
36,15560,4200,4365.000,16464.000,4213.000,13944.000,0.452113
36,15560,4200,4351.000,16466.000,4213.000,13996.000,0.880985
36,15560,4200,4372.000,16467.000,4233.000,13997.000,0.514687
36,15560,4200,4337.000,16474.000,4200.000,14003.000,0.884728
36,15560,4200,4286.000,16477.000,4158.000,14109.000,0.344468
36,15560,4200,4297.000,16479.000,4158.000,14010.000,0.445437
36,15560,4200,4342.000,16503.000,4250.000,13984.000,0.347106
36,15560,4200,4404.000,16504.000,4221.000,14025.000,0.295571
36,15560,4200,4407.000,16516.000,4267.000,14048.000,0.549617
36,15560,4200,4407.000,16530.000,4270.000,14061.000,0.520970
36,15560,4200,4321.000,16535.000,4185.000,14069.000,0.536462
36,15560,4200,4329.000,16540.000,4189.000,14073.000,0.903775
36,15560,4200,4244.000,16553.000,4100.000,14083.000,0.218138
36,15560,4200,4308.000,16558.000,4172.000,14079.000,0.708306
36,15560,4200,4266.000,16569.000,4126.000,14101.000,0.620939
36,15560,4200,4272.000,16576.000,4130.000,14102.000,0.248011
36,15560,4200,4337.000,16583.000,4196.000,14115.000,0.798896
36,15560,4200,4361.000,16583.000,4223.000,14116.000,0.767945
36,15560,4200,4236.000,16591.000,4094.000,14127.000,0.931615
36,15560,4200,4261.000,16598.000,4119.000,14132.000,0.828825
36,15560,4200,4302.000,16599.000,4162.000,14133.000,0.805387
36,15560,4200,4302.000,16603.000,4162.000,14138.000,0.358891
36,15560,4200,4299.000,16608.000,4159.000,14142.000,0.612131
36,15560,4200,4337.000,16618.000,4197.000,14152.000,0.605153
36,15560,4200,4314.000,16623.000,4175.000,14158.000,0.535388
36,15560,4200,4394.000,16625.000,4256.000,14158.000,0.509482
36,15560,4200,4318.000,16626.000,4174.000,14162.000,0.508706
36,15560,4200,4306.000,16628.000,4168.000,14163.000,0.572573
36,15560,4200,4318.000,16630.000,4166.000,14138.000,0.236251
36,15560,4200,4378.000,16632.000,4240.000,14166.000,0.368863
36,15560,4200,4382.000,16634.000,4244.000,14168.000,0.442427
36,15560,4200,4322.000,16636.000,4182.000,14169.000,0.525973
36,15560,4200,4411.000,16642.000,4272.000,14174.000,0.210441
36,15560,4200,4385.000,16666.000,4250.000,14201.000,0.461241
36,15560,4200,4393.000,16673.000,4253.000,14205.000,0.548112
36,15560,4200,4223.000,16683.000,4040.000,14206.000,0.278296
36,15560,4200,4341.000,16716.000,4203.000,14251.000,0.665919
36,15560,4200,4331.000,16723.000,4193.000,14259.000,0.440041
36,15560,4200,4335.000,16733.000,4202.000,14267.000,0.592006
36,15560,4200,4301.000,16734.000,4171.000,14265.000,0.611489
36,15560,4200,4322.000,16737.000,4182.000,14270.000,0.539437
36,15560,4200,4381.000,16742.000,4242.000,14274.000,0.332411
36,15560,4200,4369.000,16746.000,4230.000,14278.000,0.217754
36,15560,4200,4337.000,16757.000,4197.000,14290.000,0.277623
37,16760,1800,2359.000,17810.000,2210.000,15331.000,0.631871
37,16760,1800,2491.000,17710.000,2342.000,15232.000,0.204372
37,16760,1800,2172.000,17738.000,2020.000,15264.000,0.416697
37,16760,1800,2222.000,17719.000,2069.000,15243.000,0.508040
37,16760,1800,2367.000,17791.000,2218.000,15313.000,0.465742
37,16760,1800,2351.000,16875.000,2223.000,14395.000,0.203739
37,16760,1800,2060.000,17726.000,1906.000,15251.000,0.511840
37,16760,1800,2216.000,17694.000,2064.000,15219.000,0.539251
37,16760,1800,2166.000,17115.000,2015.000,14636.000,0.211848
37,16760,1800,2316.000,17547.000,2166.000,15069.000,0.635262
37,16760,1800,2442.000,17955.000,2293.000,15479.000,0.247228
37,16760,1800,2164.000,17365.000,2009.000,14889.000,0.452262
37,16760,1800,2015.000,17575.000,1867.000,15095.000,0.359238
37,16760,1800,2163.000,17422.000,2008.000,14946.000,0.674164
37,16760,1800,1986.000,17642.000,1829.000,15170.000,0.380262
37,16760,1800,2485.000,17400.000,2336.000,14921.000,0.333335
37,16760,1800,2447.000,17121.000,2289.000,14558.000,0.220697
37,16760,1800,2461.000,17417.000,2314.000,14937.000,0.306769
37,16760,1800,2330.000,16879.000,2186.000,14395.000,0.218537
37,16760,1800,2300.000,17404.000,2151.000,14925.000,0.359391
37,16760,1800,2119.000,17260.000,1964.000,14784.000,0.254784
37,16760,1800,2239.000,17664.000,2087.000,15187.000,0.545990
37,16760,1800,2414.000,17549.000,2271.000,15064.000,0.273223
37,16760,1800,2278.000,17339.000,2129.000,14861.000,0.407363
37,16760,1800,2095.000,17360.000,1900.000,14871.000,0.332629
37,16760,1800,2254.000,17200.000,2100.000,14721.000,0.245677
37,16760,1800,2290.000,17413.000,2135.000,14931.000,0.429643
37,16760,1800,2368.000,17642.000,2214.000,15185.000,0.288771
37,16760,1800,2112.000,17338.000,1959.000,14860.000,0.385505
37,16760,1800,2304.000,17460.000,2153.000,14985.000,0.449641
37,16760,1800,2209.000,17486.000,2057.000,15010.000,0.669160
37,16760,1800,2374.000,17041.000,2218.000,14421.000,0.209306
37,16760,1800,2394.000,17516.000,2235.000,15044.000,0.249149
37,16760,1800,2210.000,17400.000,2057.000,14923.000,0.419828
37,16760,1800,2424.000,17049.000,2277.000,14568.000,0.242648
37,16760,1800,2228.000,17649.000,2076.000,15174.000,0.568111
37,16760,1800,2346.000,16930.000,2201.000,14449.000,0.384810
37,16760,1800,2428.000,17547.000,2282.000,15071.000,0.444181
37,16760,1800,2288.000,17608.000,2139.000,15129.000,0.273127
37,16760,1800,2228.000,17791.000,2077.000,15314.000,0.631752
37,16760,1800,2411.000,17832.000,2263.000,15355.000,0.311449
37,16760,1800,2286.000,17395.000,2138.000,14917.000,0.615265
37,16760,1800,2347.000,17906.000,2197.000,15427.000,0.534295
37,16760,1800,2282.000,17376.000,2131.000,14896.000,0.687068
37,16760,1800,2417.000,17876.000,2208.000,15410.000,0.221273
37,16760,1800,2165.000,17132.000,2014.000,14650.000,0.278008
37,16760,1800,2360.000,17731.000,2212.000,15253.000,0.387803
37,16760,1800,1963.000,17629.000,1811.000,15155.000,0.264356
37,16760,1800,2216.000,17473.000,2063.000,14995.000,0.357056
37,16760,1800,2244.000,17130.000,2093.000,14650.000,0.201657
37,16760,1800,2179.000,17724.000,2026.000,15249.000,0.430580
37,16760,1800,2249.000,17138.000,2097.000,14663.000,0.318709
37,16760,1800,1968.000,17657.000,1811.000,15185.000,0.258411
37,16760,1800,2210.000,17289.000,2057.000,14813.000,0.560660
37,16760,1800,2555.000,17138.000,2410.000,14658.000,0.393171
37,16760,1800,2248.000,17431.000,2076.000,14957.000,0.289517
37,16760,1800,2335.000,16937.000,2188.000,14457.000,0.244400
37,16760,1800,2050.000,17734.000,1892.000,15259.000,0.391444
37,16760,1800,2346.000,17584.000,2260.000,15018.000,0.287022
37,16760,1800,2264.000,17601.000,2113.000,15123.000,0.701588
37,16760,1800,1920.000,17646.000,1800.000,15164.000,0.220828
37,16760,1800,2002.000,17591.000,1849.000,15119.000,0.267037
37,16760,1800,2110.000,17516.000,1954.000,15042.000,0.602466
37,16760,1800,2410.000,17439.000,2257.000,14962.000,0.205562
37,16760,1800,2075.000,17199.000,1920.000,14722.000,0.413736
37,16760,1800,2311.000,17562.000,2178.000,15150.000,0.323765
38,16760,3000,3845.000,17738.000,3785.000,15118.000,0.240845
38,16760,3000,4056.000,17763.000,4014.000,15409.000,0.257810
38,16760,3000,3833.000,17737.000,3650.000,14883.000,0.216737
38,16760,3000,4086.000,17661.000,4002.000,15173.000,0.243704
38,16760,3000,3989.000,17951.000,3948.000,15552.000,0.389916
38,16760,3000,4147.000,17591.000,4001.000,15132.000,0.218965
38,16760,3000,4080.000,17546.000,3980.000,15211.000,0.336289
38,16760,3000,4029.000,17803.000,3943.000,15361.000,0.323745
38,16760,3000,4121.000,17856.000,3978.000,15394.000,0.336469
38,16760,3000,4041.000,17808.000,3893.000,15350.000,0.431164
38,16760,3000,4124.000,17490.000,4110.000,15032.000,0.316426
38,16760,3000,3938.000,17642.000,3924.000,15231.000,0.232911
39,16760,4200,4298.000,17005.000,4158.000,14539.000,0.295164
39,16760,4200,4307.000,17014.000,4166.000,14548.000,0.260330
39,16760,4200,4359.000,17120.000,4219.000,14655.000,0.224066
39,16760,4200,4293.000,17169.000,4152.000,14704.000,0.330736
39,16760,4200,4298.000,17186.000,4156.000,14720.000,0.215696
39,16760,4200,4300.000,17244.000,4158.000,14779.000,0.304922
40,17960,1800,2464.000,18642.000,2337.000,16067.000,0.453437
40,17960,1800,2097.000,18771.000,1945.000,16298.000,0.243892
40,17960,1800,2212.000,18594.000,2075.000,16196.000,0.332042
40,17960,1800,2499.000,18763.000,2349.000,16294.000,0.447589
40,17960,1800,2261.000,18769.000,2110.000,16298.000,0.420662
40,17960,1800,2372.000,18523.000,2221.000,16049.000,0.384272
40,17960,1800,2156.000,18844.000,2003.000,16373.000,0.598141
40,17960,1800,2536.000,19137.000,2380.000,16668.000,0.221515
40,17960,1800,2578.000,18990.000,2425.000,16522.000,0.531615
40,17960,1800,2569.000,18610.000,2513.000,15955.000,0.207602
40,17960,1800,1959.000,19141.000,1796.000,16680.000,0.614161
40,17960,1800,2421.000,18659.000,2269.000,16188.000,0.468446
40,17960,1800,2209.000,18644.000,2083.000,16345.000,0.201942
40,17960,1800,2435.000,18757.000,2313.000,16171.000,0.202565
40,17960,1800,2481.000,18970.000,2329.000,16500.000,0.324113
40,17960,1800,2183.000,18692.000,2033.000,16219.000,0.475647
40,17960,1800,1898.000,19132.000,1866.000,16583.000,0.216264
40,17960,1800,2417.000,18366.000,2373.000,15917.000,0.240265
40,17960,1800,2368.000,18596.000,2218.000,16123.000,0.353409
40,17960,1800,2242.000,18866.000,2092.000,16354.000,0.275479
40,17960,1800,2461.000,18809.000,2310.000,16338.000,0.203622
40,17960,1800,2164.000,18589.000,2013.000,16115.000,0.671521
40,17960,1800,1962.000,18768.000,1830.000,16294.000,0.519948
40,17960,1800,2504.000,18525.000,2629.000,15749.000,0.227187
40,17960,1800,1990.000,18322.000,1833.000,15852.000,0.442107
40,17960,1800,2484.000,18766.000,2333.000,16296.000,0.496276
40,17960,1800,2295.000,19140.000,2139.000,16670.000,0.211711
40,17960,1800,2128.000,18326.000,1950.000,15911.000,0.313171
40,17960,1800,2377.000,18447.000,2229.000,15973.000,0.342376
40,17960,1800,2298.000,18860.000,2146.000,16388.000,0.200748
40,17960,1800,2417.000,18740.000,2266.000,16269.000,0.559719
40,17960,1800,2427.000,18741.000,2355.000,16193.000,0.470521
40,17960,1800,2050.000,19081.000,1891.000,16615.000,0.471044
40,17960,1800,2311.000,19144.000,2155.000,16677.000,0.407589
40,17960,1800,2248.000,18236.000,2202.000,16185.000,0.366456
40,17960,1800,1944.000,19073.000,1782.000,16610.000,0.309973
40,17960,1800,2052.000,18904.000,1897.000,16435.000,0.368354
40,17960,1800,2113.000,19035.000,1961.000,16573.000,0.410325
40,17960,1800,1992.000,18876.000,1893.000,16374.000,0.488385
40,17960,1800,2518.000,18887.000,2377.000,16419.000,0.321304
40,17960,1800,2295.000,18991.000,2141.000,16521.000,0.747145
40,17960,1800,2494.000,18772.000,2341.000,16301.000,0.522982
40,17960,1800,2387.000,18843.000,2230.000,16371.000,0.797543
40,17960,1800,2290.000,18737.000,2139.000,16265.000,0.684103
40,17960,1800,2157.000,18681.000,2007.000,16209.000,0.350428
40,17960,1800,2328.000,18947.000,2174.000,16477.000,0.587759
40,17960,1800,2028.000,19051.000,1899.000,16363.000,0.238793
40,17960,1800,2424.000,18757.000,2341.000,16201.000,0.294571
40,17960,1800,2371.000,18937.000,2218.000,16466.000,0.296335
40,17960,1800,2507.000,18906.000,2358.000,16433.000,0.296307
40,17960,1800,2515.000,18501.000,2440.000,16164.000,0.204826
40,17960,1800,2267.000,19031.000,2114.000,16561.000,0.431850
40,17960,1800,2137.000,18854.000,1984.000,16384.000,0.497287
40,17960,1800,2549.000,18621.000,2536.000,16033.000,0.200808
40,17960,1800,2136.000,18869.000,1981.000,16398.000,0.590568
40,17960,1800,2389.000,19071.000,2246.000,16604.000,0.323580
40,17960,1800,2168.000,18115.000,2018.000,15638.000,0.251390
40,17960,1800,2189.000,18877.000,2039.000,16408.000,0.803884
40,17960,1800,2486.000,19133.000,2331.000,16663.000,0.226899
40,17960,1800,2626.000,18453.000,2606.000,15766.000,0.283772
40,17960,1800,2318.000,19134.000,2163.000,16667.000,0.342298
40,17960,1800,2204.000,18674.000,2149.000,16211.000,0.272603
40,17960,1800,2304.000,18405.000,2224.000,15898.000,0.215428
40,17960,1800,2295.000,19118.000,2106.000,16677.000,0.259038
40,17960,1800,2386.000,18585.000,2236.000,16114.000,0.263492
40,17960,1800,1995.000,18856.000,1839.000,16388.000,0.508015
40,17960,1800,2047.000,18776.000,1899.000,16300.000,0.549885
40,17960,1800,2053.000,18787.000,1906.000,16318.000,0.501206
40,17960,1800,2367.000,19053.000,2205.000,16509.000,0.224328
40,17960,1800,2142.000,19035.000,2054.000,16512.000,0.361276
40,17960,1800,2074.000,19016.000,1917.000,16551.000,0.235056
40,17960,1800,1984.000,18762.000,1856.000,16550.000,0.504635
40,17960,1800,2023.000,18965.000,1910.000,16498.000,0.702766
40,17960,1800,2417.000,18840.000,2234.000,16396.000,0.284023
40,17960,1800,2321.000,18405.000,2264.000,15725.000,0.293311
41,17960,3000,3919.000,18255.000,3937.000,15814.000,0.392051
41,17960,3000,3852.000,18318.000,3894.000,15755.000,0.245244
41,17960,3000,3855.000,18338.000,3840.000,15794.000,0.394143
41,17960,3000,3825.000,18651.000,3684.000,16185.000,0.570170
41,17960,3000,3722.000,18710.000,3576.000,16246.000,0.219019
41,17960,3000,4062.000,18727.000,3930.000,16254.000,0.273476
41,17960,3000,4118.000,18693.000,3958.000,16299.000,0.471199
41,17960,3000,3897.000,18370.000,3866.000,15908.000,0.231076
41,17960,3000,3919.000,18365.000,3900.000,15913.000,0.346257
41,17960,3000,3934.000,18259.000,3956.000,15832.000,0.237037
41,17960,3000,3866.000,18282.000,3894.000,15776.000,0.675776
41,17960,3000,3861.000,18354.000,3850.000,15786.000,0.299979
41,17960,3000,4151.000,18604.000,4019.000,16133.000,0.247726
41,17960,3000,3797.000,18920.000,3655.000,16454.000,0.304234
41,17960,3000,3627.000,18866.000,3481.000,16402.000,0.368042
41,17960,3000,3924.000,18779.000,3787.000,16310.000,0.908396
41,17960,3000,3891.000,18865.000,3753.000,16397.000,0.657471
41,17960,3000,3625.000,18944.000,3477.000,16483.000,0.282569
41,17960,3000,4170.000,18333.000,4061.000,15914.000,0.378838
41,17960,3000,3970.000,19107.000,3835.000,16635.000,0.339410
41,17960,3000,3406.000,19045.000,3254.000,16584.000,0.290785
41,17960,3000,3622.000,18924.000,3487.000,16462.000,0.277573
41,17960,3000,3668.000,19154.000,3520.000,16693.000,0.220179
41,17960,3000,3668.000,18077.000,4177.000,17418.000,0.293912
41,17960,3000,3925.000,18757.000,3787.000,16291.000,0.430894
41,17960,3000,3749.000,18833.000,3606.000,16367.000,0.380936
41,17960,3000,4090.000,18500.000,3919.000,15948.000,0.316512
41,17960,3000,3773.000,18783.000,3662.000,16291.000,0.332599
41,17960,3000,4069.000,18754.000,3937.000,16282.000,0.290531
41,17960,3000,4107.000,18732.000,3938.000,16309.000,0.208611
41,17960,3000,4120.000,18588.000,3883.000,16063.000,0.229950
41,17960,3000,3806.000,18853.000,3664.000,16386.000,0.308120
41,17960,3000,3655.000,18410.000,3677.000,15888.000,0.275971
41,17960,3000,4110.000,18812.000,3980.000,16336.000,0.311946
41,17960,3000,3794.000,18721.000,3652.000,16255.000,0.493428
41,17960,3000,3702.000,18157.000,3844.000,15619.000,0.201003
41,17960,3000,4182.000,18488.000,4048.000,16018.000,0.358425
41,17960,3000,3737.000,18248.000,3812.000,15663.000,0.285428
41,17960,3000,4078.000,18852.000,3947.000,16378.000,0.638648
41,17960,3000,3852.000,18219.000,3934.000,15627.000,0.382510
41,17960,3000,3900.000,18886.000,3761.000,16417.000,0.750784
41,17960,3000,3698.000,18044.000,3884.000,15433.000,0.236337
41,17960,3000,3832.000,18758.000,3717.000,16291.000,0.523644
41,17960,3000,3874.000,18237.000,3930.000,15783.000,0.284486
41,17960,3000,3817.000,18193.000,3808.000,15673.000,0.309093
41,17960,3000,3721.000,18166.000,3823.000,15673.000,0.260727
41,17960,3000,3877.000,19027.000,3736.000,16560.000,0.512357
41,17960,3000,3917.000,18741.000,3780.000,16271.000,0.817906
41,17960,3000,3742.000,18429.000,3713.000,15694.000,0.202128
41,17960,3000,3692.000,18166.000,3834.000,15622.000,0.477460
41,17960,3000,3875.000,18932.000,3734.000,16463.000,0.521091
41,17960,3000,3981.000,18659.000,3894.000,16146.000,0.290848
41,17960,3000,4196.000,18966.000,3988.000,16534.000,0.219407
41,17960,3000,4159.000,19119.000,3876.000,16695.000,0.230081
41,17960,3000,4157.000,18327.000,4024.000,15857.000,0.394256
41,17960,3000,3872.000,18655.000,3733.000,16188.000,0.643104
41,17960,3000,3904.000,18754.000,3767.000,16281.000,0.465593
41,17960,3000,3896.000,19056.000,3757.000,16589.000,0.237724
41,17960,3000,3732.000,18353.000,3682.000,15693.000,0.218387
41,17960,3000,3847.000,18299.000,3875.000,15770.000,0.308775
41,17960,3000,3830.000,18194.000,3896.000,15605.000,0.530483
41,17960,3000,4090.000,19128.000,3859.000,16562.000,0.201353
41,17960,3000,3848.000,18327.000,3802.000,15829.000,0.202893
41,17960,3000,4179.000,18744.000,3949.000,16343.000,0.205260
41,17960,3000,4115.000,18393.000,4085.000,15884.000,0.214789
41,17960,3000,3831.000,18938.000,3690.000,16472.000,0.235058
41,17960,3000,3431.000,18220.000,3576.000,15595.000,0.213521
41,17960,3000,3636.000,18631.000,3571.000,16098.000,0.311980
41,17960,3000,4079.000,18479.000,3965.000,15996.000,0.495595
41,17960,3000,3891.000,19151.000,3753.000,16681.000,0.559392
41,17960,3000,3984.000,18277.000,3954.000,15800.000,0.212541
41,17960,3000,3833.000,19032.000,3693.000,16565.000,0.258972
41,17960,3000,3869.000,19048.000,3729.000,16581.000,0.447242
41,17960,3000,3387.000,18361.000,3493.000,15614.000,0.215402
41,17960,3000,3652.000,19137.000,3506.000,16516.000,0.217744
41,17960,3000,3635.000,18962.000,3488.000,16499.000,0.365738
41,17960,3000,3859.000,18547.000,3717.000,16081.000,0.213336
41,17960,3000,3709.000,18225.000,3830.000,15640.000,0.245350
41,17960,3000,3770.000,18851.000,3627.000,16385.000,0.248414
41,17960,3000,4036.000,18220.000,4058.000,15793.000,0.214178
41,17960,3000,3940.000,18091.000,4081.000,15587.000,0.269689
41,17960,3000,3851.000,18556.000,3718.000,15979.000,0.353556
41,17960,3000,3958.000,18137.000,4065.000,15425.000,0.236131
41,17960,3000,4042.000,18215.000,3982.000,15736.000,0.229566
41,17960,3000,3728.000,18403.000,3687.000,15907.000,0.236488
41,17960,3000,4025.000,18743.000,3890.000,16279.000,0.205073
41,17960,3000,3666.000,18768.000,3519.000,16307.000,0.265451
41,17960,3000,4050.000,18690.000,3896.000,16307.000,0.431464
41,17960,3000,3789.000,18884.000,3649.000,16419.000,0.216022
41,17960,3000,3822.000,18890.000,3681.000,16422.000,0.507182
41,17960,3000,3859.000,18155.000,3974.000,15661.000,0.418181
41,17960,3000,3662.000,18515.000,3557.000,16055.000,0.217571
41,17960,3000,3706.000,18939.000,3560.000,16477.000,0.264739
41,17960,3000,3778.000,19009.000,3636.000,16543.000,0.287923
41,17960,3000,3733.000,18193.000,3887.000,15589.000,0.277048
41,17960,3000,4039.000,18536.000,3928.000,16038.000,0.239955
41,17960,3000,4170.000,18322.000,4037.000,15853.000,0.432200
41,17960,3000,4028.000,18615.000,3904.000,16141.000,0.479606
41,17960,3000,3910.000,18779.000,3772.000,16310.000,0.652924
41,17960,3000,4007.000,18439.000,3933.000,15938.000,0.611171
41,17960,3000,4118.000,18484.000,3980.000,15924.000,0.219275
42,17960,4200,4277.000,18240.000,4380.000,17412.000,0.211794
43,19160,1800,2805.000,20344.000,2641.000,17890.000,0.249752
43,19160,1800,2653.000,20111.000,2491.000,17655.000,0.350011
43,19160,1800,2588.000,20043.000,2424.000,17591.000,0.241298
43,19160,1800,2782.000,20154.000,2766.000,17670.000,0.201594
43,19160,1800,2458.000,20106.000,2257.000,17579.000,0.229034
43,19160,1800,2495.000,20147.000,2330.000,17693.000,0.416765
43,19160,1800,2663.000,20275.000,2498.000,17821.000,0.535835
43,19160,1800,2605.000,20035.000,2418.000,17521.000,0.306421
43,19160,1800,2309.000,20333.000,2150.000,17880.000,0.292389
43,19160,1800,2202.000,20311.000,2030.000,17862.000,0.265334
43,19160,1800,2567.000,20066.000,2404.000,17609.000,0.288084
43,19160,1800,2551.000,20336.000,2385.000,17884.000,0.396745
43,19160,1800,2630.000,20288.000,2464.000,17834.000,0.447211
43,19160,1800,2221.000,20352.000,2066.000,17903.000,0.262464
43,19160,1800,2623.000,20272.000,2458.000,17819.000,0.595061
43,19160,1800,2590.000,20133.000,2425.000,17677.000,0.364128
43,19160,1800,2405.000,19721.000,2241.000,17267.000,0.229797
44,19160,3000,4188.000,20306.000,4083.000,17817.000,0.505485
44,19160,3000,3400.000,19718.000,3292.000,17247.000,0.422824
44,19160,3000,3487.000,20030.000,3328.000,17578.000,0.840929
44,19160,3000,4020.000,20194.000,3876.000,17671.000,0.345073
44,19160,3000,3955.000,19655.000,3820.000,17184.000,0.754111
44,19160,3000,4067.000,20123.000,3936.000,17650.000,0.713718
44,19160,3000,3565.000,20194.000,3411.000,17739.000,0.417491
44,19160,3000,3661.000,19305.000,3510.000,16845.000,0.411999
44,19160,3000,3669.000,19293.000,3592.000,16756.000,0.225222
44,19160,3000,4154.000,20124.000,3934.000,17622.000,0.202571
44,19160,3000,3342.000,20048.000,3178.000,17600.000,0.542619
44,19160,3000,3624.000,20064.000,3470.000,17609.000,0.719466
44,19160,3000,3794.000,19997.000,3648.000,17536.000,0.718870
44,19160,3000,3498.000,19477.000,3342.000,17022.000,0.460883
44,19160,3000,3532.000,20344.000,3379.000,17888.000,0.386600
44,19160,3000,3191.000,20167.000,3172.000,17594.000,0.407079
44,19160,3000,4174.000,19777.000,4050.000,17299.000,0.678215
44,19160,3000,3485.000,19576.000,3344.000,17123.000,0.406311
44,19160,3000,3535.000,19343.000,3383.000,16886.000,0.421566
44,19160,3000,3698.000,19719.000,3547.000,17262.000,0.690487
44,19160,3000,3499.000,20329.000,3372.000,17874.000,0.388886
44,19160,3000,3578.000,20193.000,3426.000,17737.000,0.451128
44,19160,3000,3099.000,20270.000,2900.000,17690.000,0.233603
44,19160,3000,3970.000,20292.000,3836.000,17820.000,0.583073
44,19160,3000,3568.000,19453.000,3414.000,16999.000,0.600300
44,19160,3000,3551.000,19439.000,3396.000,16989.000,0.522980
44,19160,3000,3959.000,19835.000,3822.000,17366.000,0.650675
44,19160,3000,4140.000,19975.000,4011.000,17491.000,0.475565
44,19160,3000,3185.000,20077.000,3022.000,17632.000,0.206139
44,19160,3000,3457.000,19674.000,3296.000,17224.000,0.469982
44,19160,3000,3402.000,19415.000,3137.000,16915.000,0.203421
44,19160,3000,4117.000,20299.000,3986.000,17824.000,0.794922
44,19160,3000,3298.000,19849.000,3134.000,17400.000,0.259669
44,19160,3000,4107.000,20077.000,3997.000,17489.000,0.529095
44,19160,3000,3755.000,19335.000,3609.000,16874.000,0.340507
44,19160,3000,3435.000,20201.000,3275.000,17751.000,0.593400
44,19160,3000,3895.000,20283.000,3761.000,17693.000,0.283096
44,19160,3000,4076.000,19605.000,4015.000,17234.000,0.283919
44,19160,3000,4077.000,20053.000,3946.000,17580.000,0.709734
44,19160,3000,3512.000,19469.000,3355.000,17071.000,0.227310
44,19160,3000,3680.000,19217.000,3533.000,16758.000,0.312451
44,19160,3000,4087.000,19743.000,3957.000,17268.000,0.501550
44,19160,3000,3627.000,19377.000,3475.000,16919.000,0.445107
44,19160,3000,3335.000,20040.000,3185.000,17590.000,0.371559
44,19160,3000,3422.000,20242.000,3263.000,17791.000,0.664656
44,19160,3000,3356.000,19688.000,3121.000,17133.000,0.281977
44,19160,3000,3545.000,19334.000,3401.000,16777.000,0.564292
44,19160,3000,3837.000,19871.000,3692.000,17409.000,0.292923
44,19160,3000,3602.000,20264.000,3450.000,17810.000,0.366643
44,19160,3000,4166.000,20179.000,3997.000,17809.000,0.469029
44,19160,3000,3585.000,19773.000,3427.000,17321.000,0.803300
44,19160,3000,4118.000,19458.000,4062.000,16803.000,0.587381
44,19160,3000,3420.000,19453.000,3269.000,17000.000,0.259747
44,19160,3000,3830.000,19984.000,3686.000,17521.000,0.759633
44,19160,3000,4171.000,20088.000,4044.000,17611.000,0.603116
44,19160,3000,3298.000,19571.000,3137.000,17119.000,0.277875
44,19160,3000,3805.000,19920.000,3737.000,17347.000,0.225391
44,19160,3000,3831.000,20037.000,3646.000,17555.000,0.275320
44,19160,3000,3594.000,20147.000,3449.000,17681.000,0.326097
44,19160,3000,3623.000,20270.000,3470.000,17812.000,0.686485
44,19160,3000,4099.000,20069.000,3971.000,17596.000,0.804665
44,19160,3000,4099.000,20083.000,3974.000,17608.000,0.547358
44,19160,3000,3962.000,19505.000,3827.000,17035.000,0.223105
44,19160,3000,4000.000,20039.000,3865.000,17568.000,0.819643
44,19160,3000,4098.000,20222.000,3968.000,17747.000,0.907973
44,19160,3000,4144.000,20208.000,4016.000,17732.000,0.843888
44,19160,3000,4073.000,20160.000,3945.000,17685.000,0.597117
44,19160,3000,3543.000,19352.000,3388.000,16787.000,0.237441
44,19160,3000,4095.000,20057.000,3966.000,17581.000,0.474189
44,19160,3000,3901.000,20312.000,3755.000,17957.000,0.291126
44,19160,3000,3496.000,20019.000,3339.000,17564.000,0.876550
44,19160,3000,4121.000,19953.000,3993.000,17477.000,0.631231
44,19160,3000,3619.000,20090.000,3466.000,17634.000,0.597954
44,19160,3000,3937.000,19952.000,3799.000,17485.000,0.629875
44,19160,3000,3975.000,19987.000,3836.000,17518.000,0.237223
44,19160,3000,3605.000,19918.000,3449.000,17466.000,0.261751
44,19160,3000,3130.000,19787.000,2973.000,17282.000,0.204763
44,19160,3000,4111.000,19769.000,3929.000,17234.000,0.299460
44,19160,3000,4095.000,20236.000,3966.000,17760.000,0.409201
44,19160,3000,3668.000,19208.000,3521.000,16749.000,0.305420
44,19160,3000,4124.000,19978.000,3996.000,17504.000,0.311348
44,19160,3000,3306.000,19834.000,3144.000,17385.000,0.239200
44,19160,3000,3234.000,20260.000,3071.000,17810.000,0.329541
44,19160,3000,3383.000,20135.000,3348.000,17751.000,0.240189
44,19160,3000,3512.000,20036.000,3356.000,17584.000,0.432685
44,19160,3000,3334.000,20120.000,3193.000,17598.000,0.418560
44,19160,3000,3539.000,19513.000,3301.000,16927.000,0.376062
44,19160,3000,3518.000,19486.000,3361.000,17033.000,0.347649
44,19160,3000,3597.000,20211.000,3444.000,17754.000,0.712017
44,19160,3000,3873.000,19917.000,3731.000,17452.000,0.517037
44,19160,3000,3339.000,19680.000,3142.000,17212.000,0.312246
44,19160,3000,3554.000,19535.000,3397.000,17080.000,0.440857
44,19160,3000,3835.000,19385.000,3693.000,16920.000,0.205388
44,19160,3000,3760.000,19650.000,3611.000,17190.000,0.292855
44,19160,3000,3361.000,20147.000,3198.000,17699.000,0.791055
44,19160,3000,3790.000,20289.000,3647.000,17824.000,0.337044
44,19160,3000,3314.000,19542.000,3153.000,17090.000,0.234440
44,19160,3000,4034.000,20073.000,3911.000,17541.000,0.725255
44,19160,3000,3660.000,19593.000,3506.000,17136.000,0.367339
44,19160,3000,3585.000,19837.000,3430.000,17384.000,0.829705
44,19160,3000,4144.000,19710.000,4032.000,17228.000,0.453055
44,19160,3000,3851.000,19894.000,3707.000,17430.000,0.302711
44,19160,3000,3657.000,19717.000,3539.000,17223.000,0.519730
44,19160,3000,3455.000,19881.000,3296.000,17431.000,0.318096
44,19160,3000,4083.000,20100.000,3952.000,17627.000,0.624182
44,19160,3000,3657.000,19562.000,3525.000,17053.000,0.323798
44,19160,3000,4105.000,19716.000,3998.000,17078.000,0.200551
44,19160,3000,3454.000,19664.000,3160.000,17153.000,0.207848
44,19160,3000,3495.000,19439.000,3342.000,16984.000,0.245445
44,19160,3000,3623.000,20253.000,3456.000,17798.000,0.792060
44,19160,3000,3896.000,20301.000,3784.000,17883.000,0.480483
44,19160,3000,4164.000,19403.000,4042.000,16923.000,0.366096
44,19160,3000,3316.000,20049.000,3154.000,17601.000,0.290047
44,19160,3000,4076.000,19575.000,4012.000,17115.000,0.215195
44,19160,3000,3976.000,20310.000,3842.000,17837.000,0.715097
44,19160,3000,4152.000,19975.000,4025.000,17499.000,0.703915
44,19160,3000,4192.000,19573.000,4055.000,17193.000,0.305569
44,19160,3000,3928.000,20356.000,3717.000,17844.000,0.249493
44,19160,3000,3996.000,20315.000,3863.000,17842.000,0.759651
44,19160,3000,3730.000,19835.000,3586.000,17376.000,0.207823
44,19160,3000,3789.000,20192.000,3625.000,17565.000,0.447870
44,19160,3000,4041.000,19677.000,3911.000,17203.000,0.709021
44,19160,3000,3486.000,20020.000,3324.000,17568.000,0.497201
44,19160,3000,4137.000,20321.000,4006.000,17703.000,0.361196
44,19160,3000,4129.000,19929.000,4043.000,17415.000,0.345728
44,19160,3000,4099.000,20094.000,3970.000,17619.000,0.568564
44,19160,3000,3508.000,19733.000,3348.000,17282.000,0.406793
44,19160,3000,4018.000,20014.000,3878.000,17485.000,0.454396
44,19160,3000,3982.000,19832.000,3914.000,17363.000,0.206931
44,19160,3000,3939.000,19920.000,3778.000,17368.000,0.311223
44,19160,3000,3437.000,20008.000,3277.000,17557.000,0.517753
44,19160,3000,4002.000,19333.000,3870.000,16858.000,0.441538
44,19160,3000,3442.000,20028.000,3283.000,17579.000,0.662278
44,19160,3000,4180.000,19899.000,4069.000,17342.000,0.230518
44,19160,3000,3948.000,19954.000,3812.000,17483.000,0.587273
44,19160,3000,3702.000,19958.000,3634.000,17448.000,0.668425
44,19160,3000,4178.000,19738.000,4163.000,17197.000,0.301136
44,19160,3000,3961.000,19938.000,3822.000,17469.000,0.333664
44,19160,3000,3507.000,20319.000,3358.000,17871.000,0.365841
44,19160,3000,4024.000,19640.000,3884.000,17130.000,0.385154
44,19160,3000,3617.000,19582.000,3436.000,17133.000,0.353491
44,19160,3000,3966.000,19711.000,3826.000,17193.000,0.480610
44,19160,3000,3516.000,20025.000,3530.000,17585.000,0.289518
44,19160,3000,3810.000,20003.000,3665.000,17540.000,0.661824
44,19160,3000,3638.000,20096.000,3488.000,17637.000,0.678123
44,19160,3000,3416.000,20320.000,3101.000,17713.000,0.308972
44,19160,3000,4157.000,19412.000,4034.000,16934.000,0.219732
44,19160,3000,3861.000,19507.000,3711.000,17113.000,0.245752
44,19160,3000,4102.000,20038.000,3880.000,17538.000,0.207496
44,19160,3000,3711.000,19903.000,3557.000,17349.000,0.428261
44,19160,3000,3609.000,19483.000,3520.000,17064.000,0.460979
44,19160,3000,4046.000,19776.000,3827.000,17175.000,0.220280
44,19160,3000,4166.000,19792.000,4042.000,17317.000,0.642956
44,19160,3000,3941.000,20321.000,3853.000,17857.000,0.376178
44,19160,3000,3774.000,20124.000,3750.000,17619.000,0.309046
44,19160,3000,3829.000,19323.000,3687.000,16857.000,0.234752
44,19160,3000,3808.000,19880.000,3659.000,17420.000,0.729327
44,19160,3000,3983.000,20094.000,3870.000,17559.000,0.262960
44,19160,3000,3666.000,20123.000,3518.000,17666.000,0.392756
44,19160,3000,4132.000,20003.000,4004.000,17527.000,0.793424
44,19160,3000,3999.000,19665.000,3945.000,17246.000,0.267735
44,19160,3000,3767.000,19619.000,3703.000,17180.000,0.309792
44,19160,3000,3264.000,20256.000,3055.000,17568.000,0.245296
44,19160,3000,3562.000,19690.000,3404.000,17238.000,0.256893
44,19160,3000,3575.000,19903.000,3420.000,17449.000,0.488918
44,19160,3000,4045.000,20007.000,3957.000,17534.000,0.342039
44,19160,3000,3736.000,20100.000,3601.000,17618.000,0.430259
44,19160,3000,3832.000,19552.000,3616.000,17066.000,0.436615
44,19160,3000,3571.000,20265.000,3417.000,17809.000,0.559311
44,19160,3000,3452.000,19921.000,3291.000,17471.000,0.265759
44,19160,3000,4014.000,20119.000,3880.000,17647.000,0.201368
44,19160,3000,4019.000,19904.000,3886.000,17432.000,0.690110
44,19160,3000,4074.000,19957.000,3907.000,17516.000,0.308864
45,19160,4200,4380.000,19568.000,4269.000,17079.000,0.255241
45,19160,4200,4433.000,19643.000,4320.000,17256.000,0.378891
45,19160,4200,4549.000,19689.000,4410.000,17237.000,0.215741
45,19160,4200,4291.000,19727.000,4173.000,17244.000,0.240723
45,19160,4200,4486.000,19729.000,4377.000,17238.000,0.544997
45,19160,4200,4291.000,19731.000,4174.000,17248.000,0.361364
45,19160,4200,4288.000,19757.000,4169.000,17274.000,0.300317
45,19160,4200,4392.000,19779.000,4275.000,17295.000,0.365905
45,19160,4200,4356.000,19799.000,4239.000,17316.000,0.702285
45,19160,4200,4325.000,19811.000,4206.000,17329.000,0.440896
45,19160,4200,4338.000,19816.000,4220.000,17333.000,0.556735
45,19160,4200,4423.000,19823.000,4308.000,17338.000,0.438222
45,19160,4200,4258.000,19851.000,4142.000,17373.000,0.250011
45,19160,4200,4373.000,19883.000,4256.000,17400.000,0.325785
45,19160,4200,4336.000,19898.000,4231.000,17419.000,0.564339
45,19160,4200,4353.000,19902.000,4248.000,17414.000,0.290189
45,19160,4200,4269.000,19921.000,4148.000,17440.000,0.325854
45,19160,4200,4274.000,19931.000,4149.000,17455.000,0.240132
45,19160,4200,4286.000,19934.000,4167.000,17452.000,0.453741
45,19160,4200,4390.000,19937.000,4273.000,17458.000,0.403005
45,19160,4200,4397.000,19967.000,4280.000,17482.000,0.754995
45,19160,4200,4376.000,19970.000,4259.000,17487.000,0.417996
45,19160,4200,4377.000,19974.000,4260.000,17491.000,0.296582
45,19160,4200,4411.000,19975.000,4294.000,17490.000,0.203335
45,19160,4200,4379.000,19979.000,4261.000,17495.000,0.502926
45,19160,4200,4327.000,19981.000,4207.000,17499.000,0.618210
45,19160,4200,4328.000,19987.000,4208.000,17503.000,0.646297
45,19160,4200,4487.000,19992.000,4369.000,17389.000,0.260749
45,19160,4200,4552.000,19998.000,4443.000,17509.000,0.230111
45,19160,4200,4450.000,20028.000,4330.000,17542.000,0.319237
45,19160,4200,4457.000,20033.000,4339.000,17550.000,0.388332
45,19160,4200,4423.000,20060.000,4307.000,17574.000,0.829319
45,19160,4200,4463.000,20073.000,4350.000,17586.000,0.467936
45,19160,4200,4539.000,20134.000,4428.000,17646.000,0.249769
45,19160,4200,4511.000,20141.000,4397.000,17658.000,0.237725
45,19160,4200,4299.000,20142.000,4177.000,17661.000,0.618513
45,19160,4200,4255.000,20144.000,4131.000,17664.000,0.260691
45,19160,4200,4551.000,20146.000,4441.000,17657.000,0.573108
45,19160,4200,4287.000,20161.000,4164.000,17682.000,0.632028
45,19160,4200,4358.000,20161.000,4239.000,17677.000,0.221861
45,19160,4200,4354.000,20186.000,4236.000,17705.000,0.666286
45,19160,4200,4355.000,20190.000,4235.000,17709.000,0.723725
45,19160,4200,4363.000,20194.000,4246.000,17712.000,0.584737
45,19160,4200,4485.000,20195.000,4371.000,17708.000,0.302180
45,19160,4200,4418.000,20244.000,4302.000,17760.000,0.252509
45,19160,4200,4418.000,20248.000,4303.000,17764.000,0.691138
45,19160,4200,4340.000,20264.000,4220.000,17784.000,0.556061
45,19160,4200,4400.000,20269.000,4284.000,17787.000,0.488657
45,19160,4200,4414.000,20272.000,4294.000,17721.000,0.235875
45,19160,4200,4270.000,20277.000,4147.000,17796.000,0.274662
45,19160,4200,4619.000,20279.000,4488.000,17797.000,0.343227
45,19160,4200,4360.000,20280.000,4242.000,17799.000,0.772079
45,19160,4200,4496.000,20289.000,4383.000,17803.000,0.355506
45,19160,4200,4300.000,20292.000,4179.000,17812.000,0.304671
45,19160,4200,4268.000,20296.000,4146.000,17816.000,0.580001
45,19160,4200,4401.000,20297.000,4286.000,17814.000,0.525533
45,19160,4200,4503.000,20297.000,4391.000,17809.000,0.862447
45,19160,4200,4390.000,20303.000,4272.000,17818.000,0.604842
45,19160,4200,4402.000,20303.000,4287.000,17818.000,0.502081
45,19160,4200,4555.000,20304.000,4455.000,17815.000,0.398127
45,19160,4200,4429.000,20305.000,4313.000,17821.000,0.815664
45,19160,4200,4391.000,20308.000,4274.000,17824.000,0.800735
45,19160,4200,4552.000,20317.000,4442.000,17829.000,0.761007
45,19160,4200,4318.000,20320.000,4199.000,17839.000,0.361204
45,19160,4200,4567.000,20320.000,4458.000,17832.000,0.769729
45,19160,4200,4444.000,20328.000,4329.000,17842.000,0.784001
45,19160,4200,4275.000,20333.000,4155.000,17851.000,0.459208
45,19160,4200,4339.000,20339.000,4220.000,17857.000,0.619608
45,19160,4200,4583.000,20344.000,4475.000,17854.000,0.564050
45,19160,4200,4558.000,20345.000,4431.000,17846.000,0.268705
46,20360,1800,2696.000,21229.000,2548.000,18784.000,0.927364
46,20360,1800,2200.000,20500.000,2031.000,18052.000,0.226286
46,20360,1800,2625.000,21041.000,2459.000,18587.000,0.910164
46,20360,1800,2662.000,21264.000,2496.000,18812.000,0.934647
46,20360,1800,2068.000,20477.000,1895.000,18025.000,0.870955
46,20360,1800,2581.000,21416.000,2416.000,18966.000,0.769929
46,20360,1800,2986.000,20602.000,2841.000,18255.000,0.224145
46,20360,1800,2596.000,21067.000,2431.000,18614.000,0.814489
46,20360,1800,2179.000,20856.000,2010.000,18405.000,0.808164
46,20360,1800,2330.000,20920.000,2162.000,18468.000,0.853197
46,20360,1800,2248.000,20516.000,2078.000,18066.000,0.386489
46,20360,1800,2321.000,21408.000,2124.000,18937.000,0.222702
46,20360,1800,2624.000,21020.000,2458.000,18569.000,0.581567
46,20360,1800,2264.000,20522.000,2094.000,18071.000,0.634847
46,20360,1800,2481.000,20774.000,2344.000,18273.000,0.203423
46,20360,1800,2240.000,21343.000,2070.000,18894.000,0.941686
46,20360,1800,2527.000,20827.000,2369.000,18376.000,0.617401
46,20360,1800,2286.000,20588.000,2118.000,18138.000,0.837336
46,20360,1800,2812.000,21181.000,2648.000,18728.000,0.930527
46,20360,1800,2930.000,21323.000,2811.000,18867.000,0.265560
46,20360,1800,2423.000,20968.000,2282.000,18514.000,0.705069
46,20360,1800,2727.000,20984.000,2577.000,18530.000,0.644322
46,20360,1800,2475.000,20781.000,2314.000,18324.000,0.436799
46,20360,1800,2762.000,21466.000,2601.000,19017.000,0.565567
46,20360,1800,2336.000,20952.000,2166.000,18502.000,0.888491
46,20360,1800,2246.000,21313.000,2077.000,18863.000,0.938553
46,20360,1800,2287.000,20568.000,2117.000,18116.000,0.569212
46,20360,1800,2604.000,21018.000,2472.000,18572.000,0.741261
46,20360,1800,1910.000,21023.000,1735.000,18576.000,0.838066
46,20360,1800,1882.000,21009.000,1709.000,18563.000,0.493785
46,20360,1800,2875.000,21437.000,2719.000,18987.000,0.445794
46,20360,1800,2787.000,21058.000,2700.000,18760.000,0.240362
46,20360,1800,2965.000,21367.000,2840.000,18913.000,0.413057
46,20360,1800,2409.000,21273.000,2242.000,18822.000,0.653768
46,20360,1800,2903.000,20600.000,2740.000,18147.000,0.299187
46,20360,1800,2089.000,20896.000,1918.000,18445.000,0.323892
46,20360,1800,2990.000,21208.000,2827.000,18758.000,0.787584
46,20360,1800,2951.000,20855.000,2674.000,18429.000,0.351372
46,20360,1800,2600.000,21035.000,2447.000,18582.000,0.820202
46,20360,1800,2825.000,21169.000,2661.000,18719.000,0.752492
46,20360,1800,2586.000,21257.000,2397.000,18737.000,0.399580
46,20360,1800,2470.000,20909.000,2284.000,18590.000,0.208248
46,20360,1800,2228.000,21346.000,2058.000,18898.000,0.943212
46,20360,1800,2210.000,20639.000,2041.000,18187.000,0.925978
46,20360,1800,2345.000,20558.000,2176.000,18108.000,0.467594
46,20360,1800,2270.000,20874.000,2107.000,18499.000,0.459716
46,20360,1800,2027.000,20941.000,1854.000,18493.000,0.797325
46,20360,1800,2840.000,21138.000,2677.000,18686.000,0.892464
46,20360,1800,2544.000,21155.000,2379.000,18701.000,0.505879
46,20360,1800,2453.000,21050.000,2363.000,18668.000,0.248450
46,20360,1800,2675.000,20747.000,2481.000,18351.000,0.459235
46,20360,1800,2640.000,21543.000,2491.000,19087.000,0.867535
46,20360,1800,2284.000,20374.000,2131.000,17916.000,0.258683
46,20360,1800,1901.000,21031.000,1726.000,18584.000,0.619210
46,20360,1800,2360.000,20976.000,2193.000,18523.000,0.841770
46,20360,1800,2413.000,20391.000,2245.000,17939.000,0.236853
46,20360,1800,2259.000,20703.000,2071.000,18266.000,0.664941
46,20360,1800,2100.000,20639.000,1930.000,18187.000,0.684578
46,20360,1800,2116.000,21454.000,1919.000,19000.000,0.399560
46,20360,1800,2281.000,20843.000,2112.000,18390.000,0.939130
46,20360,1800,2445.000,21542.000,2280.000,19091.000,0.832490
46,20360,1800,2138.000,21049.000,1992.000,18604.000,0.334222
46,20360,1800,2227.000,20644.000,2058.000,18193.000,0.883699
46,20360,1800,2272.000,20600.000,2104.000,18150.000,0.646842
46,20360,1800,2425.000,20709.000,2237.000,18097.000,0.493991
46,20360,1800,2670.000,20480.000,2506.000,18025.000,0.247457
46,20360,1800,2751.000,21066.000,2587.000,18614.000,0.686512
46,20360,1800,2806.000,20413.000,2860.000,17919.000,0.212948
46,20360,1800,2335.000,20748.000,2165.000,18298.000,0.295786
46,20360,1800,2699.000,20630.000,2539.000,18175.000,0.358143
46,20360,1800,2128.000,21315.000,1955.000,18869.000,0.948107
46,20360,1800,2989.000,20854.000,2823.000,18402.000,0.698504
46,20360,1800,2777.000,21468.000,2616.000,19015.000,0.669148
46,20360,1800,2325.000,21066.000,2185.000,18729.000,0.508404
46,20360,1800,2739.000,21483.000,2578.000,19030.000,0.894565
46,20360,1800,2518.000,20836.000,2398.000,18375.000,0.728437
46,20360,1800,2542.000,21491.000,2388.000,19030.000,0.850850
46,20360,1800,2367.000,20530.000,2199.000,18081.000,0.870632
46,20360,1800,2441.000,20857.000,2274.000,18407.000,0.656741
46,20360,1800,1904.000,21011.000,1728.000,18561.000,0.711335
46,20360,1800,2598.000,21547.000,2435.000,19094.000,0.915872
46,20360,1800,2197.000,20969.000,2028.000,18518.000,0.932247
46,20360,1800,2254.000,20596.000,2072.000,18157.000,0.342672
46,20360,1800,1965.000,21038.000,1706.000,18503.000,0.235807
46,20360,1800,2906.000,20859.000,2758.000,18410.000,0.490151
46,20360,1800,2832.000,21155.000,2668.000,18704.000,0.926139
46,20360,1800,2453.000,21084.000,2226.000,18686.000,0.286580
46,20360,1800,2770.000,21480.000,2614.000,19024.000,0.702468
46,20360,1800,2458.000,20956.000,2420.000,18499.000,0.334648
46,20360,1800,2224.000,21488.000,2070.000,19030.000,0.749922
46,20360,1800,2333.000,21049.000,2167.000,18596.000,0.946074
46,20360,1800,2614.000,20489.000,2450.000,18035.000,0.587107
46,20360,1800,2716.000,20669.000,2553.000,18215.000,0.392910
46,20360,1800,2707.000,21021.000,2541.000,18569.000,0.431662
46,20360,1800,2294.000,20608.000,2124.000,18157.000,0.746353
46,20360,1800,2707.000,20617.000,2593.000,18168.000,0.355448
46,20360,1800,2570.000,20380.000,2407.000,17927.000,0.410256
46,20360,1800,2651.000,21556.000,2492.000,19108.000,0.539059
46,20360,1800,2463.000,21147.000,2298.000,18693.000,0.780416
46,20360,1800,2846.000,21371.000,2683.000,18919.000,0.712973
46,20360,1800,1999.000,21551.000,1824.000,19110.000,0.516808
46,20360,1800,2750.000,21030.000,2531.000,18507.000,0.461788
46,20360,1800,2728.000,20808.000,2562.000,18356.000,0.461775
46,20360,1800,2441.000,21236.000,2288.000,18782.000,0.837414
46,20360,1800,2752.000,21481.000,2590.000,19027.000,0.902314
46,20360,1800,2416.000,20712.000,2305.000,18246.000,0.419361
46,20360,1800,2480.000,20629.000,2312.000,18178.000,0.258472
46,20360,1800,2583.000,20819.000,2418.000,18368.000,0.386152
46,20360,1800,2810.000,21364.000,2646.000,18913.000,0.937748
46,20360,1800,2377.000,20778.000,2207.000,18325.000,0.805889
46,20360,1800,1924.000,20895.000,1750.000,18449.000,0.667618
46,20360,1800,2909.000,20921.000,2745.000,18470.000,0.756782
46,20360,1800,2352.000,21179.000,2193.000,18753.000,0.254250
46,20360,1800,2183.000,20388.000,2013.000,17938.000,0.319628
46,20360,1800,1945.000,21060.000,1864.000,18579.000,0.414132
46,20360,1800,2451.000,21345.000,2284.000,18894.000,0.951168
46,20360,1800,2478.000,21359.000,2313.000,18908.000,0.938826
46,20360,1800,2518.000,21208.000,2352.000,18756.000,0.694892
46,20360,1800,2359.000,20957.000,2192.000,18505.000,0.947504
46,20360,1800,2694.000,20609.000,2531.000,18157.000,0.353772
46,20360,1800,2866.000,21463.000,2704.000,19008.000,0.847115
46,20360,1800,1949.000,20912.000,1774.000,18467.000,0.584033
46,20360,1800,1912.000,20447.000,1747.000,18003.000,0.461188
46,20360,1800,2050.000,21086.000,1876.000,18639.000,0.828920
46,20360,1800,2808.000,21426.000,2647.000,18973.000,0.912095
46,20360,1800,2116.000,20580.000,1856.000,18039.000,0.222223
46,20360,1800,2522.000,21021.000,2356.000,18566.000,0.941206
46,20360,1800,2855.000,21439.000,2691.000,18991.000,0.687204
46,20360,1800,2570.000,21049.000,2423.000,18588.000,0.623990
46,20360,1800,2284.000,21281.000,2115.000,18832.000,0.822767
46,20360,1800,2417.000,21232.000,2251.000,18780.000,0.602930
46,20360,1800,2253.000,20532.000,2079.000,18086.000,0.321732
46,20360,1800,2348.000,21350.000,2181.000,18900.000,0.943354
46,20360,1800,2461.000,20528.000,2293.000,18076.000,0.588981
46,20360,1800,2031.000,21254.000,1853.000,18810.000,0.549428
46,20360,1800,2160.000,20663.000,1990.000,18214.000,0.882905
46,20360,1800,2699.000,21187.000,2533.000,18734.000,0.330593
46,20360,1800,2716.000,20455.000,2553.000,18001.000,0.270044
46,20360,1800,2788.000,21495.000,2623.000,18907.000,0.253444
46,20360,1800,2902.000,21189.000,2737.000,18737.000,0.868269
46,20360,1800,2317.000,21469.000,2149.000,19020.000,0.926264
46,20360,1800,1905.000,20842.000,1743.000,18395.000,0.374235
46,20360,1800,2403.000,20688.000,2234.000,18238.000,0.684735
46,20360,1800,2321.000,20444.000,2151.000,17993.000,0.288615
46,20360,1800,2438.000,21220.000,2274.000,18768.000,0.949856
46,20360,1800,2371.000,21039.000,2204.000,18586.000,0.862548
46,20360,1800,2070.000,20820.000,1901.000,18371.000,0.736043
46,20360,1800,2955.000,21012.000,2795.000,18567.000,0.804838
46,20360,1800,2618.000,21032.000,2465.000,18579.000,0.667195
46,20360,1800,2443.000,20953.000,2269.000,18512.000,0.483006
46,20360,1800,2368.000,20666.000,2197.000,18215.000,0.890160
46,20360,1800,2149.000,20917.000,1980.000,18465.000,0.532817
46,20360,1800,2249.000,21527.000,2080.000,19079.000,0.327058
46,20360,1800,2585.000,21019.000,2431.000,18567.000,0.451192
46,20360,1800,2321.000,21371.000,2153.000,18922.000,0.946333
46,20360,1800,2738.000,21355.000,2575.000,18902.000,0.897725
46,20360,1800,2381.000,21055.000,2237.000,18646.000,0.286611
46,20360,1800,2417.000,21253.000,2251.000,18800.000,0.827040
46,20360,1800,2339.000,21070.000,2158.000,18613.000,0.315029
46,20360,1800,2230.000,21192.000,2060.000,18742.000,0.920547
46,20360,1800,2334.000,21273.000,2166.000,18823.000,0.948292
46,20360,1800,2673.000,21205.000,2551.000,18816.000,0.208138
46,20360,1800,2785.000,21291.000,2661.000,18782.000,0.652513
46,20360,1800,2078.000,20598.000,1907.000,18145.000,0.279649
46,20360,1800,2498.000,20592.000,2331.000,18138.000,0.457416
46,20360,1800,2295.000,20596.000,2126.000,18146.000,0.667656
46,20360,1800,2441.000,21127.000,2275.000,18673.000,0.745145
46,20360,1800,2631.000,21552.000,2485.000,19094.000,0.777281
46,20360,1800,2070.000,20763.000,1899.000,18311.000,0.902768
46,20360,1800,2302.000,20529.000,2131.000,18080.000,0.729183
46,20360,1800,2244.000,20608.000,2095.000,18168.000,0.579777
46,20360,1800,2342.000,20983.000,2176.000,18528.000,0.935633
46,20360,1800,2585.000,21330.000,2423.000,18878.000,0.210721
46,20360,1800,2975.000,21044.000,2812.000,18591.000,0.756600
46,20360,1800,2380.000,21396.000,2257.000,18972.000,0.438023
46,20360,1800,2766.000,20539.000,2606.000,18111.000,0.203311
46,20360,1800,2403.000,20621.000,2235.000,18171.000,0.930113
46,20360,1800,2782.000,21248.000,2620.000,18800.000,0.367837
46,20360,1800,2183.000,21248.000,2010.000,18800.000,0.936091
46,20360,1800,2373.000,20857.000,2206.000,18404.000,0.272458
46,20360,1800,2080.000,20469.000,1910.000,18020.000,0.809417
46,20360,1800,2116.000,21314.000,1942.000,18869.000,0.883480
46,20360,1800,2127.000,20512.000,2021.000,17987.000,0.232032
46,20360,1800,2069.000,20455.000,1916.000,18042.000,0.600844
46,20360,1800,2351.000,20540.000,2169.000,18093.000,0.389891
46,20360,1800,2894.000,20855.000,2744.000,18491.000,0.322859
46,20360,1800,2965.000,21161.000,2801.000,18710.000,0.891750
46,20360,1800,2563.000,21057.000,2421.000,18550.000,0.286857
46,20360,1800,2831.000,21206.000,2668.000,18752.000,0.760818
46,20360,1800,2354.000,20988.000,2187.000,18536.000,0.946620
46,20360,1800,2492.000,21245.000,2326.000,18793.000,0.913910
46,20360,1800,1939.000,21096.000,1717.000,18703.000,0.397740
46,20360,1800,1930.000,20468.000,1754.000,18021.000,0.316489
46,20360,1800,2149.000,21037.000,1963.000,18537.000,0.435152
46,20360,1800,2051.000,20489.000,1928.000,18079.000,0.344808
46,20360,1800,2934.000,20979.000,2768.000,18528.000,0.826623
46,20360,1800,2554.000,20384.000,2389.000,17930.000,0.334382
46,20360,1800,2365.000,21447.000,2153.000,18959.000,0.358833
46,20360,1800,2634.000,20836.000,2470.000,18392.000,0.321067
46,20360,1800,2978.000,21138.000,2816.000,18689.000,0.758053
46,20360,1800,1941.000,20500.000,1764.000,18055.000,0.256497
46,20360,1800,2366.000,21015.000,2198.000,18562.000,0.936308
46,20360,1800,2116.000,20781.000,1946.000,18331.000,0.902843
46,20360,1800,2407.000,20856.000,2240.000,18404.000,0.804691
46,20360,1800,2476.000,21426.000,2310.000,18974.000,0.590203
46,20360,1800,2569.000,21368.000,2406.000,18915.000,0.950075
46,20360,1800,2130.000,21389.000,1955.000,18945.000,0.736515
46,20360,1800,2673.000,21151.000,2493.000,18654.000,0.287253
46,20360,1800,2602.000,20745.000,2430.000,18294.000,0.370575
46,20360,1800,2987.000,21394.000,2913.000,18786.000,0.308131
46,20360,1800,2912.000,20884.000,2744.000,18430.000,0.245328
46,20360,1800,1886.000,20439.000,1711.000,17993.000,0.349442
46,20360,1800,2166.000,20830.000,1996.000,18378.000,0.782318
46,20360,1800,2829.000,21144.000,2664.000,18690.000,0.774057
46,20360,1800,2992.000,20895.000,2822.000,18445.000,0.282545
46,20360,1800,2329.000,20559.000,2174.000,18054.000,0.253389
46,20360,1800,2687.000,21045.000,2524.000,18593.000,0.544398
46,20360,1800,2244.000,21193.000,2073.000,18745.000,0.952558
46,20360,1800,1942.000,20517.000,1767.000,18071.000,0.456140
46,20360,1800,2743.000,21255.000,2584.000,18805.000,0.304993
46,20360,1800,2119.000,21053.000,1985.000,18663.000,0.367792
46,20360,1800,2200.000,21468.000,2028.000,19021.000,0.952546
46,20360,1800,1880.000,21281.000,1699.000,18844.000,0.374532
46,20360,1800,2189.000,21290.000,2017.000,18842.000,0.951330
46,20360,1800,2270.000,20533.000,2099.000,18083.000,0.418071
46,20360,1800,2757.000,21299.000,2590.000,18845.000,0.310277
46,20360,1800,2682.000,20577.000,2491.000,18273.000,0.290425
46,20360,1800,2679.000,20960.000,2535.000,18523.000,0.592402
46,20360,1800,2444.000,21258.000,2280.000,18804.000,0.426152
46,20360,1800,2042.000,21555.000,1865.000,19111.000,0.926920
46,20360,1800,2294.000,20431.000,2108.000,17995.000,0.478263
46,20360,1800,2482.000,21399.000,2314.000,18949.000,0.534270
46,20360,1800,2375.000,20824.000,2236.000,18379.000,0.221541
46,20360,1800,2004.000,21499.000,1827.000,19056.000,0.319413
46,20360,1800,2521.000,20423.000,2334.000,18043.000,0.602270
46,20360,1800,2304.000,20909.000,2136.000,18459.000,0.228129
46,20360,1800,2352.000,20979.000,2186.000,18527.000,0.925352
46,20360,1800,2554.000,21085.000,2390.000,18632.000,0.946445
46,20360,1800,2317.000,20985.000,2233.000,18582.000,0.341627
46,20360,1800,2194.000,20935.000,2025.000,18484.000,0.896362
46,20360,1800,2063.000,21146.000,1884.000,18699.000,0.835187
46,20360,1800,2148.000,20655.000,1989.000,18200.000,0.880588
46,20360,1800,2382.000,21299.000,2215.000,18847.000,0.377657
46,20360,1800,2773.000,20922.000,2611.000,18471.000,0.313267
46,20360,1800,2752.000,20875.000,2556.000,18378.000,0.320589
46,20360,1800,2365.000,21289.000,2203.000,18826.000,0.780766
46,20360,1800,2687.000,21026.000,2522.000,18574.000,0.839046
46,20360,1800,2151.000,21167.000,1997.000,18717.000,0.943685
46,20360,1800,2832.000,21129.000,2669.000,18678.000,0.461951
46,20360,1800,2031.000,21235.000,1818.000,18745.000,0.424479
46,20360,1800,2294.000,20994.000,2096.000,18617.000,0.399334
46,20360,1800,2067.000,20463.000,1898.000,18013.000,0.537136
46,20360,1800,2233.000,21304.000,2053.000,18883.000,0.702560
46,20360,1800,2049.000,21060.000,1875.000,18613.000,0.925442
46,20360,1800,2907.000,21262.000,2743.000,18812.000,0.944143
46,20360,1800,2851.000,21189.000,2701.000,18742.000,0.617212
46,20360,1800,2627.000,20848.000,2468.000,18388.000,0.439549
46,20360,1800,2635.000,21038.000,2471.000,18586.000,0.922322
46,20360,1800,2575.000,20816.000,2402.000,18413.000,0.842223
46,20360,1800,2322.000,20894.000,2152.000,18442.000,0.471130
46,20360,1800,2115.000,21026.000,1978.000,18568.000,0.505589
46,20360,1800,2343.000,20504.000,2130.000,17983.000,0.212249
46,20360,1800,2987.000,20930.000,2822.000,18481.000,0.610422
46,20360,1800,2287.000,21466.000,2119.000,19017.000,0.947901
46,20360,1800,2367.000,20464.000,2196.000,18014.000,0.359185
46,20360,1800,2065.000,21504.000,1891.000,19060.000,0.291016
46,20360,1800,2066.000,21081.000,1894.000,18633.000,0.918919
46,20360,1800,2140.000,20631.000,1993.000,18265.000,0.246579
46,20360,1800,2215.000,21344.000,2045.000,18897.000,0.894220
46,20360,1800,2830.000,21422.000,2667.000,18971.000,0.932494
46,20360,1800,2233.000,21317.000,2064.000,18868.000,0.952576
46,20360,1800,2105.000,20616.000,1973.000,18180.000,0.480236
46,20360,1800,2365.000,21546.000,2213.000,19007.000,0.251876
46,20360,1800,2369.000,20734.000,2197.000,18282.000,0.630462
46,20360,1800,2151.000,20665.000,1982.000,18210.000,0.822458
46,20360,1800,2673.000,20999.000,2508.000,18546.000,0.879643
46,20360,1800,2764.000,20952.000,2665.000,18505.000,0.231609
46,20360,1800,2491.000,20511.000,2347.000,18067.000,0.423755
46,20360,1800,2877.000,21548.000,2780.000,19150.000,0.215013
46,20360,1800,2360.000,21086.000,2171.000,18677.000,0.558510
46,20360,1800,2594.000,20796.000,2462.000,18360.000,0.575675
46,20360,1800,2412.000,21443.000,2259.000,18951.000,0.428584
46,20360,1800,1911.000,20683.000,1717.000,18239.000,0.221817
46,20360,1800,2287.000,20466.000,2115.000,18017.000,0.602651
46,20360,1800,1929.000,21294.000,1746.000,18854.000,0.433983
46,20360,1800,2991.000,21147.000,2828.000,18697.000,0.722701
46,20360,1800,2455.000,20596.000,2404.000,18211.000,0.282759
46,20360,1800,2148.000,21020.000,2008.000,18574.000,0.554001
46,20360,1800,2540.000,20589.000,2431.000,18218.000,0.201840
46,20360,1800,1972.000,20767.000,1796.000,18322.000,0.495251
46,20360,1800,2467.000,20967.000,2301.000,18515.000,0.768774
46,20360,1800,2666.000,21418.000,2503.000,18965.000,0.884906
46,20360,1800,2198.000,20730.000,2043.000,18251.000,0.831362
46,20360,1800,1927.000,20454.000,1754.000,18009.000,0.515425
46,20360,1800,2828.000,20868.000,2648.000,18409.000,0.281551
46,20360,1800,2181.000,20614.000,2011.000,18163.000,0.552448
46,20360,1800,2973.000,21209.000,2806.000,18758.000,0.764204
46,20360,1800,2526.000,21297.000,2361.000,18845.000,0.783256
46,20360,1800,2689.000,21388.000,2551.000,18881.000,0.828038
46,20360,1800,2308.000,21264.000,2138.000,18813.000,0.519493
46,20360,1800,2389.000,20639.000,2219.000,18187.000,0.615178
46,20360,1800,2596.000,20755.000,2431.000,18300.000,0.855431
46,20360,1800,2483.000,20895.000,2356.000,18421.000,0.345507
46,20360,1800,2206.000,20786.000,2038.000,18333.000,0.854533
46,20360,1800,2053.000,21249.000,1876.000,18806.000,0.396469
46,20360,1800,2080.000,20819.000,1909.000,18371.000,0.494372
46,20360,1800,2762.000,21063.000,2597.000,18614.000,0.258847
46,20360,1800,2237.000,21541.000,2053.000,19041.000,0.572176
46,20360,1800,1890.000,20456.000,1716.000,18009.000,0.273545
46,20360,1800,2076.000,20679.000,1989.000,18182.000,0.226030
46,20360,1800,2722.000,21212.000,2509.000,18706.000,0.273412
46,20360,1800,2931.000,20890.000,2733.000,18446.000,0.403724
46,20360,1800,2413.000,21148.000,2247.000,18696.000,0.550796
46,20360,1800,2477.000,20899.000,2313.000,18446.000,0.835382
46,20360,1800,2062.000,20992.000,1890.000,18542.000,0.738356
46,20360,1800,2068.000,20467.000,1898.000,18017.000,0.588600
46,20360,1800,2073.000,20968.000,1936.000,18512.000,0.498115
46,20360,1800,2328.000,21550.000,2159.000,19100.000,0.466567
46,20360,1800,2834.000,21015.000,2668.000,18561.000,0.926248
46,20360,1800,2513.000,21228.000,2307.000,18717.000,0.317332
46,20360,1800,2856.000,21066.000,2663.000,18526.000,0.643291
46,20360,1800,2252.000,21241.000,2079.000,18735.000,0.297911
46,20360,1800,2889.000,21477.000,2755.000,18999.000,0.293231
46,20360,1800,2391.000,21269.000,2224.000,18820.000,0.559103
46,20360,1800,2814.000,20785.000,2650.000,18335.000,0.686749
46,20360,1800,2948.000,20847.000,2808.000,18481.000,0.262638
46,20360,1800,2230.000,21523.000,2060.000,19074.000,0.351880
46,20360,1800,2071.000,20463.000,1902.000,18013.000,0.569299
46,20360,1800,1993.000,20684.000,1838.000,18288.000,0.580630
46,20360,1800,2261.000,20888.000,2091.000,18437.000,0.606329
46,20360,1800,2463.000,21212.000,2296.000,18759.000,0.918737
46,20360,1800,2429.000,21505.000,2268.000,19043.000,0.349974
46,20360,1800,2149.000,21312.000,1976.000,18862.000,0.765641
46,20360,1800,2087.000,20384.000,1914.000,17934.000,0.655897
46,20360,1800,2242.000,20902.000,2073.000,18451.000,0.920483
46,20360,1800,2511.000,20762.000,2345.000,18309.000,0.201460
46,20360,1800,2312.000,20980.000,2150.000,18533.000,0.817851
46,20360,1800,2493.000,21321.000,2330.000,18870.000,0.270099
46,20360,1800,2474.000,20463.000,2388.000,17957.000,0.216966
46,20360,1800,2417.000,21370.000,2320.000,18919.000,0.632744
46,20360,1800,2273.000,21423.000,2104.000,18973.000,0.942114
46,20360,1800,2936.000,21192.000,2771.000,18742.000,0.489225
46,20360,1800,2473.000,20959.000,2329.000,18507.000,0.438905
46,20360,1800,2481.000,21074.000,2333.000,18617.000,0.442870
46,20360,1800,2724.000,21447.000,2612.000,18947.000,0.400270
46,20360,1800,2618.000,20594.000,2453.000,18141.000,0.419736
46,20360,1800,2403.000,21319.000,2239.000,18869.000,0.921567
46,20360,1800,2293.000,20389.000,2128.000,17930.000,0.237886
46,20360,1800,2842.000,21005.000,2586.000,18422.000,0.251248
46,20360,1800,2237.000,20767.000,2090.000,18250.000,0.234008
46,20360,1800,2058.000,21071.000,1898.000,18614.000,0.262445
46,20360,1800,2472.000,20893.000,2265.000,18438.000,0.493498
46,20360,1800,1988.000,21231.000,1811.000,18791.000,0.377996
46,20360,1800,1891.000,21094.000,1631.000,18710.000,0.232818
46,20360,1800,2227.000,20823.000,2059.000,18370.000,0.339788
46,20360,1800,2162.000,21550.000,1955.000,19097.000,0.778198
46,20360,1800,1898.000,20777.000,1720.000,18333.000,0.502709
46,20360,1800,2191.000,20965.000,2030.000,18660.000,0.257494
46,20360,1800,2005.000,21291.000,1827.000,18849.000,0.577374
46,20360,1800,2006.000,20595.000,1831.000,18146.000,0.216629
46,20360,1800,2987.000,21146.000,2823.000,18591.000,0.247406
46,20360,1800,2215.000,21340.000,2044.000,18893.000,0.721506
46,20360,1800,1990.000,21486.000,1820.000,19044.000,0.567998
46,20360,1800,2989.000,21056.000,2785.000,18692.000,0.603813
46,20360,1800,2373.000,20585.000,2204.000,18134.000,0.488195
46,20360,1800,2733.000,21264.000,2585.000,18809.000,0.515882
46,20360,1800,2300.000,20661.000,2133.000,18208.000,0.862797
46,20360,1800,2556.000,21173.000,2391.000,18721.000,0.892273
46,20360,1800,2116.000,20655.000,1956.000,18060.000,0.602569
46,20360,1800,2508.000,21347.000,2343.000,18895.000,0.474262
46,20360,1800,2508.000,20835.000,2303.000,18456.000,0.284079
46,20360,1800,2487.000,21096.000,2323.000,18643.000,0.895668
46,20360,1800,2737.000,21432.000,2592.000,18899.000,0.343086
46,20360,1800,2080.000,20814.000,1911.000,18362.000,0.876779
46,20360,1800,2725.000,21208.000,2559.000,18756.000,0.623105
46,20360,1800,2176.000,21059.000,2005.000,18614.000,0.360982
46,20360,1800,2175.000,20899.000,1982.000,18481.000,0.900148
46,20360,1800,2759.000,21325.000,2667.000,18870.000,0.366063
46,20360,1800,2498.000,21511.000,2377.000,19039.000,0.687809
46,20360,1800,2931.000,20923.000,2766.000,18472.000,0.473747
46,20360,1800,2056.000,20546.000,1903.000,18095.000,0.453760
46,20360,1800,2278.000,21497.000,2109.000,19045.000,0.927745
46,20360,1800,2253.000,20536.000,2058.000,18074.000,0.318323
46,20360,1800,2094.000,20971.000,1960.000,18521.000,0.409163
46,20360,1800,2279.000,21244.000,2110.000,18794.000,0.890958
46,20360,1800,2545.000,20746.000,2325.000,18305.000,0.333302
46,20360,1800,2187.000,21199.000,2040.000,18764.000,0.582500
46,20360,1800,2411.000,21111.000,2262.000,18615.000,0.484474
46,20360,1800,2149.000,21486.000,1977.000,19041.000,0.931036
46,20360,1800,2245.000,20504.000,2079.000,18055.000,0.399718
46,20360,1800,1904.000,21144.000,1718.000,18734.000,0.843991
46,20360,1800,2104.000,20659.000,1968.000,18162.000,0.245332
46,20360,1800,2153.000,20476.000,2052.000,17935.000,0.290563
46,20360,1800,2201.000,20413.000,2031.000,17963.000,0.380868
46,20360,1800,2145.000,21010.000,1992.000,18558.000,0.853661
46,20360,1800,2746.000,21241.000,2582.000,18789.000,0.492394
46,20360,1800,2260.000,21204.000,2092.000,18755.000,0.953404
46,20360,1800,2556.000,21038.000,2397.000,18567.000,0.473659
46,20360,1800,2750.000,20628.000,2585.000,18169.000,0.264466
46,20360,1800,1886.000,21423.000,1689.000,19255.000,0.212594
46,20360,1800,2038.000,21013.000,1946.000,18573.000,0.452474
46,20360,1800,2074.000,21190.000,1907.000,18620.000,0.338203
46,20360,1800,2214.000,21301.000,2060.000,18854.000,0.828827
46,20360,1800,2636.000,20518.000,2491.000,17926.000,0.302098
46,20360,1800,2576.000,21389.000,2411.000,18935.000,0.946878
46,20360,1800,2160.000,20962.000,1986.000,18512.000,0.544472
46,20360,1800,2400.000,20591.000,2224.000,18148.000,0.284558
46,20360,1800,2488.000,21439.000,2323.000,18988.000,0.948674
46,20360,1800,2407.000,21516.000,2240.000,19067.000,0.257914
46,20360,1800,1909.000,20436.000,1732.000,17988.000,0.203264
47,20360,3000,3273.000,21256.000,3114.000,18804.000,0.277087
48,20360,4200,4538.000,20469.000,4426.000,17982.000,0.226101
48,20360,4200,4287.000,20499.000,4163.000,18019.000,0.208852
49,21560,1800,2270.000,21594.000,2101.000,19145.000,0.870661
49,21560,1800,1872.000,22536.000,1652.000,20088.000,0.203017
49,21560,1800,2548.000,21672.000,2502.000,19092.000,0.266612
49,21560,1800,2134.000,21985.000,1963.000,19537.000,0.650503
49,21560,1800,2390.000,22537.000,2268.000,20092.000,0.274922
49,21560,1800,2810.000,21813.000,2655.000,19399.000,0.200348
49,21560,1800,2618.000,22149.000,2459.000,19692.000,0.731123
49,21560,1800,2245.000,22346.000,2076.000,19897.000,0.292997
49,21560,1800,2673.000,22194.000,2516.000,19738.000,0.835174
49,21560,1800,2233.000,22628.000,2083.000,20129.000,0.249517
49,21560,1800,2298.000,22233.000,2129.000,19785.000,0.455381
49,21560,1800,2691.000,21584.000,2530.000,19130.000,0.670563
49,21560,1800,1996.000,21719.000,1823.000,19273.000,0.338993
49,21560,1800,2075.000,21877.000,1903.000,19429.000,0.912767
49,21560,1800,2056.000,22594.000,1883.000,20149.000,0.622641
49,21560,1800,2853.000,22377.000,2704.000,19911.000,0.913928
49,21560,1800,2128.000,22113.000,1956.000,19667.000,0.824156
49,21560,1800,2191.000,22288.000,2032.000,19835.000,0.296352
49,21560,1800,2410.000,21717.000,2243.000,19266.000,0.429246
49,21560,1800,2773.000,22757.000,2628.000,20286.000,0.587278
49,21560,1800,1999.000,22261.000,1824.000,19814.000,0.458520
49,21560,1800,1909.000,22444.000,1734.000,20000.000,0.265120
49,21560,1800,1934.000,22066.000,1760.000,19621.000,0.239957
49,21560,1800,2795.000,22628.000,2649.000,20159.000,0.811952
49,21560,1800,2887.000,22147.000,2736.000,19684.000,0.873221
49,21560,1800,2211.000,22217.000,2041.000,19770.000,0.719322
49,21560,1800,2585.000,21932.000,2415.000,19289.000,0.269628
49,21560,1800,2834.000,22042.000,2680.000,19581.000,0.475510
49,21560,1800,2659.000,22179.000,2502.000,19721.000,0.802069
49,21560,1800,1978.000,21717.000,1805.000,19273.000,0.270870
49,21560,1800,2407.000,22146.000,2243.000,19704.000,0.270441
49,21560,1800,2838.000,21684.000,2683.000,19224.000,0.768658
49,21560,1800,2103.000,22219.000,1930.000,19773.000,0.723271
49,21560,1800,2014.000,21656.000,1840.000,19213.000,0.783729
49,21560,1800,2866.000,22150.000,2714.000,19688.000,0.866633
49,21560,1800,1946.000,22301.000,1742.000,19869.000,0.429468
49,21560,1800,2548.000,21888.000,2388.000,19432.000,0.807177
49,21560,1800,1966.000,21914.000,1805.000,19464.000,0.274218
49,21560,1800,2501.000,22371.000,2349.000,19878.000,0.439905
49,21560,1800,2426.000,22694.000,2271.000,20231.000,0.467158
49,21560,1800,2264.000,22069.000,2095.000,19622.000,0.629491
49,21560,1800,2738.000,22528.000,2588.000,20061.000,0.718493
49,21560,1800,2402.000,22399.000,2239.000,19945.000,0.474380
49,21560,1800,2848.000,22538.000,2718.000,20059.000,0.313398
49,21560,1800,2995.000,22335.000,2851.000,19866.000,0.736180
49,21560,1800,2629.000,22015.000,2473.000,19593.000,0.614791
49,21560,1800,1962.000,22546.000,1788.000,20101.000,0.445480
49,21560,1800,2849.000,22176.000,2696.000,19713.000,0.794519
49,21560,1800,2661.000,22632.000,2512.000,20165.000,0.323753
49,21560,1800,2937.000,22699.000,2873.000,20249.000,0.218581
49,21560,1800,2464.000,22176.000,2299.000,19723.000,0.446274
49,21560,1800,2748.000,21717.000,2590.000,19261.000,0.830200
49,21560,1800,1922.000,22172.000,1748.000,19727.000,0.677746
49,21560,1800,2674.000,22477.000,2522.000,20011.000,0.721112
49,21560,1800,2763.000,22531.000,2615.000,20064.000,0.717109
49,21560,1800,2636.000,21571.000,2614.000,19024.000,0.229104
49,21560,1800,2306.000,22522.000,2145.000,20071.000,0.410851
49,21560,1800,2467.000,22616.000,2311.000,20155.000,0.257055
49,21560,1800,2141.000,22060.000,1970.000,19614.000,0.781654
49,21560,1800,2745.000,21982.000,2562.000,19523.000,0.217165
49,21560,1800,2366.000,22688.000,2208.000,20230.000,0.272179
49,21560,1800,2414.000,21993.000,2248.000,19541.000,0.208404
49,21560,1800,2156.000,22409.000,1986.000,19962.000,0.333729
49,21560,1800,1936.000,22141.000,1762.000,19695.000,0.444805
49,21560,1800,2448.000,22269.000,2304.000,19810.000,0.576652
49,21560,1800,2979.000,21806.000,2829.000,19342.000,0.782450
49,21560,1800,2062.000,21832.000,1890.000,19384.000,0.757449
49,21560,1800,2171.000,22290.000,2013.000,19842.000,0.873641
49,21560,1800,2328.000,22017.000,2162.000,19568.000,0.738584
49,21560,1800,2667.000,22488.000,2515.000,20022.000,0.813126
49,21560,1800,2601.000,22550.000,2443.000,20086.000,0.308306
49,21560,1800,2614.000,22525.000,2465.000,20061.000,0.588063
49,21560,1800,2380.000,22264.000,2213.000,19813.000,0.493837
49,21560,1800,2784.000,22646.000,2637.000,20176.000,0.741157
49,21560,1800,2656.000,21638.000,2487.000,19186.000,0.331339
49,21560,1800,2274.000,22030.000,2104.000,19582.000,0.284305
49,21560,1800,2050.000,21711.000,1878.000,19266.000,0.728781
49,21560,1800,2245.000,22160.000,2075.000,19712.000,0.804714
49,21560,1800,2798.000,22669.000,2654.000,20199.000,0.485773
49,21560,1800,2803.000,21786.000,2596.000,19358.000,0.286982
49,21560,1800,2673.000,21625.000,2514.000,19170.000,0.389010
49,21560,1800,2248.000,21976.000,2080.000,19528.000,0.223482
49,21560,1800,2215.000,22622.000,2047.000,20171.000,0.493472
49,21560,1800,2565.000,21925.000,2419.000,19473.000,0.778759
49,21560,1800,2393.000,22384.000,2228.000,19930.000,0.601317
49,21560,1800,2359.000,22242.000,2191.000,19794.000,0.773999
49,21560,1800,2673.000,22235.000,2494.000,19828.000,0.239360
49,21560,1800,2558.000,22553.000,2403.000,20090.000,0.642993
49,21560,1800,2409.000,21896.000,2244.000,19445.000,0.617831
49,21560,1800,2402.000,21633.000,2237.000,19184.000,0.290213
49,21560,1800,2135.000,22204.000,1963.000,19758.000,0.490025
49,21560,1800,2631.000,22093.000,2472.000,19637.000,0.718684
49,21560,1800,1872.000,22355.000,1649.000,19849.000,0.257818
49,21560,1800,1939.000,21671.000,1764.000,19228.000,0.778880
49,21560,1800,1885.000,21627.000,1554.000,19055.000,0.207843
49,21560,1800,2609.000,22537.000,2457.000,20075.000,0.539340
49,21560,1800,2263.000,22534.000,2097.000,20083.000,0.228780
49,21560,1800,2180.000,22472.000,2012.000,20024.000,0.761319
49,21560,1800,2308.000,22219.000,2140.000,19771.000,0.661184
49,21560,1800,2066.000,22205.000,1892.000,19759.000,0.657497
49,21560,1800,2528.000,21655.000,2491.000,19087.000,0.265145
49,21560,1800,2660.000,22083.000,2501.000,19625.000,0.893235
49,21560,1800,2754.000,22749.000,2611.000,20284.000,0.388247
49,21560,1800,2574.000,22178.000,2413.000,19722.000,0.338461
49,21560,1800,1974.000,21923.000,1802.000,19476.000,0.511238
49,21560,1800,2500.000,22248.000,2355.000,19797.000,0.246749
49,21560,1800,2302.000,22365.000,2136.000,19914.000,0.704287
49,21560,1800,2080.000,22487.000,1964.000,19965.000,0.205861
49,21560,1800,2370.000,22215.000,2240.000,19745.000,0.374480
49,21560,1800,1919.000,22138.000,1746.000,19693.000,0.287302
49,21560,1800,2592.000,22660.000,2458.000,20204.000,0.424091
49,21560,1800,2114.000,22740.000,1937.000,20289.000,0.237265
49,21560,1800,2904.000,22397.000,2703.000,19952.000,0.548866
49,21560,1800,2812.000,21894.000,2657.000,19433.000,0.372691
49,21560,1800,2373.000,22139.000,2206.000,19688.000,0.556206
49,21560,1800,2655.000,22476.000,2502.000,20014.000,0.701728
49,21560,1800,2314.000,21973.000,2147.000,19524.000,0.483263
49,21560,1800,2740.000,21621.000,2581.000,19166.000,0.484026
49,21560,1800,2166.000,22456.000,1996.000,20008.000,0.484271
49,21560,1800,2247.000,21801.000,2094.000,19361.000,0.530308
49,21560,1800,2688.000,21625.000,2527.000,19171.000,0.399176
49,21560,1800,2688.000,21939.000,2531.000,19480.000,0.707269
49,21560,1800,2750.000,21708.000,2593.000,19249.000,0.602399
49,21560,1800,2663.000,21659.000,2502.000,19205.000,0.564327
49,21560,1800,1979.000,22032.000,1837.000,19578.000,0.604609
49,21560,1800,1876.000,22366.000,1702.000,19920.000,0.367976
49,21560,1800,2210.000,21588.000,2040.000,19140.000,0.345658
49,21560,1800,2575.000,21858.000,2382.000,19442.000,0.703658
49,21560,1800,2883.000,21835.000,2728.000,19374.000,0.741472
49,21560,1800,1930.000,21727.000,1757.000,19284.000,0.270220
49,21560,1800,2109.000,21735.000,2016.000,19261.000,0.263127
49,21560,1800,2789.000,22448.000,2645.000,19981.000,0.498276
49,21560,1800,2863.000,21806.000,2710.000,19345.000,0.896941
49,21560,1800,2100.000,21589.000,1901.000,19072.000,0.231221
49,21560,1800,2188.000,22611.000,2021.000,20160.000,0.248746
49,21560,1800,2554.000,22071.000,2393.000,19615.000,0.412548
49,21560,1800,2383.000,22061.000,2221.000,19613.000,0.545678
49,21560,1800,2478.000,22555.000,2384.000,20118.000,0.216064
49,21560,1800,1907.000,22188.000,1736.000,19744.000,0.432764
49,21560,1800,2637.000,21664.000,2476.000,19209.000,0.523271
49,21560,1800,2350.000,21822.000,2181.000,19373.000,0.528119
49,21560,1800,2114.000,22098.000,1949.000,19658.000,0.551570
49,21560,1800,2343.000,21940.000,2177.000,19490.000,0.237267
49,21560,1800,2176.000,22300.000,2023.000,19855.000,0.550901
49,21560,1800,1924.000,21574.000,1865.000,19111.000,0.218336
49,21560,1800,2817.000,22292.000,2667.000,19829.000,0.758731
49,21560,1800,1915.000,21973.000,1740.000,19530.000,0.696970
49,21560,1800,1929.000,22128.000,1755.000,19682.000,0.853671
49,21560,1800,2750.000,21790.000,2593.000,19331.000,0.635150
49,21560,1800,2267.000,22162.000,2095.000,19715.000,0.268015
49,21560,1800,2984.000,21766.000,2858.000,19286.000,0.574431
49,21560,1800,2341.000,22707.000,2190.000,20252.000,0.577140
49,21560,1800,2655.000,21726.000,2494.000,19272.000,0.214204
49,21560,1800,2341.000,21615.000,2257.000,18972.000,0.243194
49,21560,1800,2196.000,21604.000,2117.000,19074.000,0.421296
49,21560,1800,1980.000,21906.000,1809.000,19464.000,0.574699
49,21560,1800,2130.000,22240.000,1958.000,19794.000,0.660235
49,21560,1800,2185.000,22327.000,2015.000,19881.000,0.548351
49,21560,1800,2603.000,21864.000,2439.000,19409.000,0.314454
49,21560,1800,2940.000,22530.000,2794.000,20061.000,0.347153
49,21560,1800,2688.000,22420.000,2535.000,19958.000,0.369381
49,21560,1800,2721.000,22205.000,2565.000,19746.000,0.633384
49,21560,1800,2608.000,21626.000,2446.000,19173.000,0.755198
49,21560,1800,2841.000,22673.000,2697.000,20204.000,0.538838
49,21560,1800,2037.000,21656.000,1863.000,19213.000,0.326625
49,21560,1800,2983.000,22280.000,2836.000,19813.000,0.774037
49,21560,1800,2331.000,22117.000,2163.000,19667.000,0.662295
49,21560,1800,2569.000,22544.000,2415.000,20079.000,0.485003
49,21560,1800,2764.000,22559.000,2615.000,20093.000,0.370174
49,21560,1800,2235.000,22317.000,2065.000,19869.000,0.618217
49,21560,1800,1886.000,22574.000,1692.000,20080.000,0.275057
49,21560,1800,2484.000,22229.000,2336.000,19797.000,0.322518
49,21560,1800,2270.000,21924.000,2101.000,19475.000,0.258941
49,21560,1800,2760.000,22477.000,2607.000,20012.000,0.681963
49,21560,1800,2300.000,22505.000,2120.000,20050.000,0.255906
49,21560,1800,2197.000,22244.000,2026.000,19798.000,0.476809
49,21560,1800,2733.000,22175.000,2577.000,19715.000,0.318471
49,21560,1800,2407.000,22195.000,2204.000,19767.000,0.676965
49,21560,1800,2423.000,21767.000,2216.000,19357.000,0.620137
49,21560,1800,1945.000,22478.000,1755.000,20095.000,0.291871
49,21560,1800,2694.000,21644.000,2535.000,19187.000,0.393346
49,21560,1800,2857.000,22166.000,2734.000,19666.000,0.264588
49,21560,1800,2124.000,21940.000,1956.000,19483.000,0.211499
49,21560,1800,2785.000,21725.000,2629.000,19267.000,0.453618
49,21560,1800,2951.000,22263.000,2803.000,19797.000,0.834145
49,21560,1800,2519.000,21679.000,2378.000,19222.000,0.508633
49,21560,1800,1955.000,22339.000,1782.000,19894.000,0.576390
49,21560,1800,2752.000,22544.000,2604.000,20078.000,0.661066
49,21560,1800,2593.000,21962.000,2457.000,19424.000,0.403853
49,21560,1800,2364.000,22347.000,2197.000,19894.000,0.658059
49,21560,1800,2136.000,21605.000,1965.000,19072.000,0.221855
49,21560,1800,2272.000,21688.000,2101.000,19240.000,0.756478
49,21560,1800,2859.000,22582.000,2712.000,20113.000,0.482218
49,21560,1800,2708.000,22559.000,2567.000,20094.000,0.205965
49,21560,1800,2618.000,21876.000,2479.000,19450.000,0.279831
49,21560,1800,2524.000,22197.000,2355.000,19734.000,0.591389
49,21560,1800,2854.000,22385.000,2703.000,19921.000,0.638528
49,21560,1800,2834.000,22129.000,2663.000,19643.000,0.271209
49,21560,1800,2219.000,22031.000,2050.000,19583.000,0.569835
49,21560,1800,2186.000,22250.000,1972.000,19734.000,0.275400
49,21560,1800,2802.000,22150.000,2647.000,19689.000,0.200979
49,21560,1800,2809.000,22368.000,2659.000,19903.000,0.633527
49,21560,1800,2613.000,21991.000,2451.000,19535.000,0.287564
49,21560,1800,2488.000,22012.000,2348.000,19556.000,0.232913
49,21560,1800,2611.000,22672.000,2492.000,20177.000,0.370666
49,21560,1800,2739.000,21908.000,2582.000,19450.000,0.853325
49,21560,1800,2197.000,22293.000,2033.000,19845.000,0.327596
49,21560,1800,2788.000,22432.000,2638.000,19966.000,0.903780
49,21560,1800,2782.000,21869.000,2625.000,19409.000,0.449848
49,21560,1800,2148.000,21827.000,1979.000,19376.000,0.385444
49,21560,1800,2599.000,22538.000,2447.000,20072.000,0.552909
49,21560,1800,2342.000,22033.000,2173.000,19584.000,0.910696
49,21560,1800,2098.000,22387.000,1851.000,19937.000,0.319673
49,21560,1800,1998.000,22493.000,1824.000,20048.000,0.616541
49,21560,1800,2087.000,22139.000,1965.000,19686.000,0.226309
49,21560,1800,2267.000,22551.000,2101.000,20097.000,0.389010
49,21560,1800,2236.000,22063.000,2065.000,19616.000,0.208911
49,21560,1800,2841.000,22120.000,2689.000,19659.000,0.327152
49,21560,1800,2845.000,22563.000,2614.000,20108.000,0.294196
49,21560,1800,1986.000,22473.000,1810.000,20026.000,0.431574
49,21560,1800,2043.000,22160.000,1870.000,19716.000,0.647191
49,21560,1800,2073.000,21829.000,1902.000,19381.000,0.792897
49,21560,1800,2524.000,22246.000,2362.000,19790.000,0.571978
49,21560,1800,2698.000,22497.000,2547.000,20032.000,0.840515
49,21560,1800,2413.000,21704.000,2236.000,19334.000,0.323305
49,21560,1800,2196.000,22037.000,2088.000,19578.000,0.319765
49,21560,1800,2293.000,22037.000,2123.000,19589.000,0.216809
49,21560,1800,2979.000,22428.000,2833.000,19959.000,0.783696
49,21560,1800,2547.000,22673.000,2324.000,20282.000,0.252592
49,21560,1800,2511.000,21616.000,2348.000,19162.000,0.647113
49,21560,1800,2910.000,21745.000,2655.000,19299.000,0.236897
49,21560,1800,2075.000,21670.000,1902.000,19302.000,0.316465
49,21560,1800,2862.000,22144.000,2710.000,19683.000,0.616811
49,21560,1800,1990.000,22265.000,1728.000,19892.000,0.374104
49,21560,1800,2449.000,21626.000,2283.000,19176.000,0.487167
49,21560,1800,1976.000,22046.000,1802.000,19600.000,0.873867
49,21560,1800,2935.000,21718.000,2783.000,19258.000,0.609625
49,21560,1800,2680.000,21662.000,2519.000,19207.000,0.281596
49,21560,1800,2754.000,22518.000,2602.000,20052.000,0.607754
49,21560,1800,2071.000,22483.000,1900.000,20043.000,0.477797
49,21560,1800,2094.000,22147.000,1949.000,19693.000,0.410933
49,21560,1800,2533.000,22242.000,2372.000,19787.000,0.522021
49,21560,1800,1942.000,21571.000,1764.000,19131.000,0.265841
49,21560,1800,2604.000,22518.000,2452.000,20054.000,0.447794
49,21560,1800,2659.000,22112.000,2499.000,19655.000,0.660099
49,21560,1800,2763.000,22733.000,2609.000,20269.000,0.298345
49,21560,1800,2112.000,22439.000,1960.000,19966.000,0.266481
49,21560,1800,2404.000,21831.000,2238.000,19381.000,0.751794
49,21560,1800,2749.000,21712.000,2584.000,19255.000,0.267730
49,21560,1800,2541.000,21687.000,2504.000,19111.000,0.380172
49,21560,1800,2507.000,22075.000,2382.000,19542.000,0.251509
49,21560,1800,2232.000,21776.000,2064.000,19329.000,0.513969
49,21560,1800,2403.000,21887.000,2241.000,19435.000,0.334543
49,21560,1800,2542.000,21821.000,2378.000,19369.000,0.332044
49,21560,1800,2192.000,22258.000,2019.000,19812.000,0.532916
49,21560,1800,1988.000,21716.000,1814.000,19272.000,0.379565
49,21560,1800,2887.000,22569.000,2740.000,20101.000,0.622048
49,21560,1800,1936.000,22137.000,1763.000,19689.000,0.503269
49,21560,1800,2141.000,21720.000,2007.000,19274.000,0.238664
49,21560,1800,2367.000,22509.000,2204.000,20052.000,0.465864
49,21560,1800,2091.000,21731.000,1811.000,19283.000,0.238924
49,21560,1800,2094.000,22483.000,1907.000,20033.000,0.210820
49,21560,1800,2957.000,22497.000,2811.000,20029.000,0.908855
49,21560,1800,2615.000,22313.000,2458.000,19853.000,0.461756
49,21560,1800,2996.000,22498.000,2850.000,20026.000,0.744070
49,21560,1800,2948.000,22604.000,2805.000,20134.000,0.664625
49,21560,1800,2740.000,22502.000,2590.000,20036.000,0.700493
49,21560,1800,2196.000,22603.000,2031.000,20151.000,0.201449
49,21560,1800,2931.000,22207.000,2782.000,19742.000,0.451935
49,21560,1800,2108.000,22221.000,1936.000,19776.000,0.648218
49,21560,1800,2081.000,22228.000,1921.000,19703.000,0.247640
49,21560,1800,2519.000,22357.000,2401.000,19925.000,0.284736
49,21560,1800,2560.000,22697.000,2408.000,20232.000,0.538555
49,21560,1800,2027.000,21993.000,1814.000,19525.000,0.215350
49,21560,1800,1869.000,22351.000,1694.000,19907.000,0.297284
49,21560,1800,2178.000,22619.000,2011.000,20169.000,0.339984
49,21560,1800,2932.000,22335.000,2786.000,19872.000,0.632028
49,21560,1800,2151.000,22186.000,1982.000,19738.000,0.862141
49,21560,1800,2287.000,22143.000,2172.000,19746.000,0.263199
49,21560,1800,2662.000,22469.000,2510.000,20004.000,0.440281
49,21560,1800,2140.000,21825.000,1975.000,19376.000,0.310867
49,21560,1800,2158.000,21837.000,1988.000,19387.000,0.733309
49,21560,1800,1918.000,22192.000,1745.000,19746.000,0.561194
49,21560,1800,2975.000,22674.000,2833.000,20202.000,0.467226
49,21560,1800,2616.000,22254.000,2451.000,19797.000,0.608577
49,21560,1800,2391.000,21869.000,2223.000,19421.000,0.563687
49,21560,1800,2330.000,21820.000,2164.000,19370.000,0.388503
49,21560,1800,2177.000,22348.000,2007.000,19901.000,0.274826
49,21560,1800,2574.000,22534.000,2421.000,20069.000,0.575788
49,21560,1800,2359.000,22703.000,2207.000,20235.000,0.208721
49,21560,1800,2571.000,22416.000,2445.000,19925.000,0.477727
49,21560,1800,2102.000,22091.000,1929.000,19643.000,0.592301
49,21560,1800,2275.000,21570.000,2107.000,19121.000,0.631124
49,21560,1800,2353.000,22748.000,2222.000,20288.000,0.248495
49,21560,1800,2983.000,22128.000,2837.000,19663.000,0.594807
49,21560,1800,2935.000,22386.000,2793.000,19902.000,0.497429
49,21560,1800,1929.000,22194.000,1756.000,19749.000,0.578043
49,21560,1800,2794.000,21636.000,2638.000,19180.000,0.496728
49,21560,1800,2182.000,21816.000,2022.000,19368.000,0.390926
49,21560,1800,2389.000,22577.000,2264.000,20042.000,0.381677
49,21560,1800,2974.000,22311.000,2827.000,19845.000,0.548769
49,21560,1800,2114.000,22721.000,1939.000,20274.000,0.384974
49,21560,1800,2909.000,22457.000,2756.000,19930.000,0.505311
49,21560,1800,2059.000,21708.000,1927.000,19241.000,0.314935
49,21560,1800,2683.000,21809.000,2525.000,19352.000,0.381676
49,21560,1800,2111.000,22217.000,1940.000,19775.000,0.289277
49,21560,1800,2703.000,22220.000,2547.000,19760.000,0.472479
49,21560,1800,2181.000,21709.000,2050.000,19156.000,0.202021
49,21560,1800,2065.000,22518.000,1893.000,20074.000,0.719320
49,21560,1800,2952.000,22736.000,2812.000,20262.000,0.569489
49,21560,1800,2998.000,22662.000,2895.000,20179.000,0.207302
49,21560,1800,2214.000,21811.000,2044.000,19362.000,0.239898
49,21560,1800,2333.000,21767.000,2165.000,19318.000,0.262318
49,21560,1800,2516.000,22406.000,2358.000,19949.000,0.584852
49,21560,1800,2546.000,22365.000,2424.000,19882.000,0.201864
49,21560,1800,1986.000,21909.000,1815.000,19462.000,0.377544
49,21560,1800,1898.000,22193.000,1731.000,19758.000,0.393277
49,21560,1800,2039.000,22263.000,1879.000,19819.000,0.342920
49,21560,1800,2955.000,22318.000,2808.000,19852.000,0.905757
49,21560,1800,2230.000,22345.000,2061.000,19895.000,0.584684
49,21560,1800,2183.000,22271.000,2020.000,19822.000,0.718204
49,21560,1800,2752.000,21763.000,2647.000,19243.000,0.480926
50,21560,3000,4117.000,22661.000,4024.000,20163.000,0.606622
50,21560,3000,3387.000,22342.000,3251.000,19870.000,0.283633
50,21560,3000,4096.000,22414.000,3983.000,19924.000,0.859330
50,21560,3000,3909.000,22238.000,3785.000,19756.000,0.243008
50,21560,3000,3802.000,22427.000,3682.000,19942.000,0.215805
50,21560,3000,4062.000,22604.000,3951.000,20113.000,0.841628
50,21560,3000,4029.000,22664.000,3917.000,20173.000,0.881521
50,21560,3000,3326.000,22402.000,3190.000,19928.000,0.250995
50,21560,3000,3623.000,22743.000,3499.000,20257.000,0.566620
50,21560,3000,3956.000,22362.000,3836.000,19877.000,0.338736
50,21560,3000,4080.000,22427.000,3968.000,19938.000,0.552268
50,21560,3000,4100.000,22653.000,3991.000,20161.000,0.740306
50,21560,3000,3968.000,22561.000,3852.000,20070.000,0.866017
50,21560,3000,4064.000,22739.000,3954.000,20247.000,0.722430
50,21560,3000,4094.000,22450.000,3981.000,19960.000,0.928968
50,21560,3000,3968.000,22741.000,3856.000,20250.000,0.909696
50,21560,3000,3890.000,22292.000,3739.000,19770.000,0.255354
50,21560,3000,3295.000,22426.000,3157.000,19951.000,0.729518
50,21560,3000,4129.000,22758.000,4022.000,20264.000,0.469521
50,21560,3000,3111.000,22473.000,2970.000,20000.000,0.292981
50,21560,3000,3829.000,22353.000,3707.000,19871.000,0.565892
50,21560,3000,3683.000,22606.000,3561.000,20121.000,0.928339
50,21560,3000,3950.000,22568.000,3838.000,20081.000,0.681456
50,21560,3000,3901.000,22515.000,3783.000,20028.000,0.864458
50,21560,3000,3722.000,22449.000,3599.000,19965.000,0.691777
50,21560,3000,3091.000,22328.000,2984.000,20024.000,0.202903
50,21560,3000,3344.000,22395.000,3206.000,19920.000,0.649225
50,21560,3000,3267.000,22552.000,3129.000,20074.000,0.740442
50,21560,3000,4013.000,22612.000,3900.000,20123.000,0.864443
50,21560,3000,3249.000,22465.000,3111.000,19990.000,0.481426
50,21560,3000,3287.000,22270.000,3147.000,19719.000,0.234373
50,21560,3000,3248.000,22493.000,3111.000,20018.000,0.685097
50,21560,3000,3146.000,22427.000,3006.000,19955.000,0.393219
50,21560,3000,3848.000,22471.000,3728.000,19985.000,0.707783
50,21560,3000,3805.000,22449.000,3682.000,19962.000,0.604420
50,21560,3000,3439.000,22706.000,3312.000,20223.000,0.843032
50,21560,3000,3791.000,22645.000,3673.000,20156.000,0.942599
50,21560,3000,3395.000,22352.000,3270.000,19924.000,0.694785
50,21560,3000,3266.000,22541.000,3130.000,20066.000,0.706061
50,21560,3000,4118.000,22647.000,4008.000,20155.000,0.832757
50,21560,3000,3381.000,22354.000,3260.000,19861.000,0.235314
50,21560,3000,3079.000,22447.000,2924.000,19959.000,0.204983
50,21560,3000,3729.000,22519.000,3609.000,20034.000,0.727995
50,21560,3000,4187.000,22701.000,4083.000,20208.000,0.328936
50,21560,3000,3665.000,22237.000,3532.000,19762.000,0.655426
50,21560,3000,3102.000,22451.000,2919.000,19928.000,0.378759
50,21560,3000,3528.000,22483.000,3399.000,20001.000,0.596109
50,21560,3000,4182.000,22754.000,4021.000,20277.000,0.315945
50,21560,3000,3232.000,22750.000,3093.000,20274.000,0.338936
50,21560,3000,3262.000,22466.000,3125.000,19991.000,0.218648
50,21560,3000,3778.000,22703.000,3661.000,20214.000,0.930284
50,21560,3000,4011.000,22481.000,3907.000,19987.000,0.841332
50,21560,3000,3280.000,22726.000,3192.000,20206.000,0.267939
50,21560,3000,3906.000,22379.000,3778.000,19863.000,0.253225
50,21560,3000,3936.000,21689.000,3747.000,19401.000,0.200313
50,21560,3000,3916.000,22271.000,3793.000,19788.000,0.413247
50,21560,3000,3683.000,22201.000,3550.000,19728.000,0.223165
50,21560,3000,3685.000,22484.000,3559.000,20000.000,0.939266
50,21560,3000,3605.000,22746.000,3485.000,20259.000,0.915956
50,21560,3000,3367.000,22360.000,3280.000,19914.000,0.231600
50,21560,3000,3590.000,22711.000,3469.000,20223.000,0.514834
50,21560,3000,3428.000,22272.000,3290.000,19800.000,0.407139
50,21560,3000,4101.000,22514.000,3992.000,20023.000,0.473314
50,21560,3000,3488.000,22150.000,3308.000,19683.000,0.452295
50,21560,3000,3525.000,22508.000,3395.000,20029.000,0.470928
50,21560,3000,3291.000,22626.000,3158.000,20149.000,0.600618
50,21560,3000,3893.000,22359.000,3771.000,19875.000,0.889144
50,21560,3000,3827.000,22448.000,3707.000,19963.000,0.730151
50,21560,3000,3126.000,22384.000,2985.000,19913.000,0.515355
50,21560,3000,3164.000,22721.000,3028.000,20245.000,0.633805
50,21560,3000,3334.000,22407.000,3206.000,19933.000,0.649278
50,21560,3000,3682.000,22726.000,3565.000,20238.000,0.923085
50,21560,3000,4189.000,22255.000,4075.000,19767.000,0.777120
50,21560,3000,3082.000,22470.000,2956.000,19994.000,0.311088
50,21560,3000,4119.000,22250.000,4004.000,19764.000,0.905234
50,21560,3000,3866.000,22701.000,3749.000,20210.000,0.754147
50,21560,3000,3499.000,22571.000,3372.000,20090.000,0.919225
50,21560,3000,3138.000,22418.000,2997.000,19947.000,0.301361
50,21560,3000,4097.000,22226.000,3983.000,19742.000,0.480906
50,21560,3000,4129.000,22470.000,4018.000,19979.000,0.857619
50,21560,3000,3856.000,22456.000,3735.000,19972.000,0.624037
50,21560,3000,3276.000,22615.000,3142.000,20137.000,0.325977
50,21560,3000,4164.000,22617.000,4056.000,20124.000,0.887263
50,21560,3000,4097.000,22309.000,3981.000,19822.000,0.687735
50,21560,3000,4165.000,22259.000,4062.000,19770.000,0.201196
50,21560,3000,3772.000,22688.000,3656.000,20198.000,0.706807
50,21560,3000,3841.000,22676.000,3726.000,20188.000,0.885393
50,21560,3000,4133.000,22672.000,4027.000,20175.000,0.386323
50,21560,3000,3678.000,22710.000,3558.000,20222.000,0.895620
50,21560,3000,3860.000,22701.000,3718.000,20229.000,0.317605
50,21560,3000,3403.000,22342.000,3269.000,19868.000,0.540031
50,21560,3000,4081.000,22239.000,3963.000,19754.000,0.829412
50,21560,3000,3549.000,22404.000,3416.000,19918.000,0.277874
50,21560,3000,4183.000,22503.000,4073.000,20011.000,0.763692
50,21560,3000,3888.000,22593.000,3772.000,20102.000,0.571975
50,21560,3000,3829.000,22429.000,3706.000,19939.000,0.533962
50,21560,3000,4116.000,22493.000,4005.000,20001.000,0.448429
50,21560,3000,3479.000,22053.000,3334.000,19587.000,0.395628
50,21560,3000,3933.000,22340.000,3812.000,19855.000,0.768126
50,21560,3000,4104.000,22424.000,3992.000,19933.000,0.656225
50,21560,3000,4142.000,22416.000,4030.000,19925.000,0.863095
50,21560,3000,4108.000,22132.000,3990.000,19649.000,0.391094
50,21560,3000,3365.000,22629.000,3235.000,20150.000,0.699723
50,21560,3000,3203.000,22211.000,3063.000,19739.000,0.479868
50,21560,3000,3839.000,22460.000,3695.000,19952.000,0.235294
50,21560,3000,3521.000,22598.000,3391.000,20117.000,0.880055
50,21560,3000,3997.000,22188.000,3900.000,19692.000,0.286275
50,21560,3000,4099.000,22175.000,3987.000,19731.000,0.215180
50,21560,3000,4195.000,22753.000,4090.000,20258.000,0.847945
50,21560,3000,3144.000,22590.000,3006.000,20116.000,0.669405
50,21560,3000,3823.000,22576.000,3705.000,20087.000,0.899739
50,21560,3000,3206.000,22413.000,3066.000,19939.000,0.205082
50,21560,3000,3372.000,22297.000,3234.000,19823.000,0.308907
50,21560,3000,3935.000,22385.000,3816.000,19899.000,0.904444
50,21560,3000,3024.000,22606.000,2884.000,20135.000,0.439166
50,21560,3000,3688.000,22705.000,3569.000,20217.000,0.914213
50,21560,3000,3119.000,22616.000,2981.000,20142.000,0.404524
50,21560,3000,3016.000,22488.000,2868.000,20018.000,0.258452
50,21560,3000,3513.000,22562.000,3385.000,20080.000,0.672254
50,21560,3000,3815.000,22240.000,3688.000,19761.000,0.761033
50,21560,3000,4051.000,22649.000,3938.000,20157.000,0.893600
50,21560,3000,3536.000,22401.000,3405.000,19924.000,0.680096
50,21560,3000,3936.000,22482.000,3806.000,19986.000,0.677658
50,21560,3000,4085.000,22351.000,3969.000,19864.000,0.905861
50,21560,3000,3012.000,22721.000,2934.000,20224.000,0.371123
50,21560,3000,3804.000,22681.000,3687.000,20191.000,0.557749
50,21560,3000,4050.000,22430.000,3916.000,19953.000,0.322019
50,21560,3000,3785.000,22232.000,3658.000,19755.000,0.522723
50,21560,3000,4168.000,22406.000,4058.000,19915.000,0.644361
50,21560,3000,3758.000,22348.000,3633.000,19866.000,0.750424
50,21560,3000,3682.000,22422.000,3585.000,19922.000,0.235497
50,21560,3000,3707.000,22570.000,3585.000,20084.000,0.698089
50,21560,3000,3873.000,22503.000,3756.000,20016.000,0.493070
50,21560,3000,3699.000,22712.000,3579.000,20224.000,0.564772
50,21560,3000,3864.000,22538.000,3745.000,20052.000,0.937780
50,21560,3000,3870.000,22573.000,3751.000,20086.000,0.948055
50,21560,3000,4112.000,22166.000,3995.000,19681.000,0.373801
50,21560,3000,3614.000,22681.000,3492.000,20195.000,0.283310
50,21560,3000,3428.000,22682.000,3304.000,20205.000,0.361803
50,21560,3000,4105.000,22692.000,3996.000,20200.000,0.763702
50,21560,3000,3913.000,22697.000,3800.000,20206.000,0.499229
50,21560,3000,3915.000,22680.000,3802.000,20189.000,0.568060
50,21560,3000,4131.000,22678.000,4022.000,20187.000,0.474617
50,21560,3000,3864.000,22604.000,3747.000,20115.000,0.556305
50,21560,3000,3855.000,22179.000,3736.000,19697.000,0.404025
50,21560,3000,3253.000,22558.000,3127.000,20087.000,0.459237
50,21560,3000,3884.000,21896.000,3751.000,19425.000,0.219153
50,21560,3000,3698.000,22701.000,3582.000,20212.000,0.594557
50,21560,3000,4094.000,22666.000,4003.000,20179.000,0.285852
50,21560,3000,3119.000,22258.000,2977.000,19786.000,0.371921
50,21560,3000,3093.000,22101.000,2949.000,19633.000,0.396050
50,21560,3000,3568.000,22705.000,3446.000,20218.000,0.785479
50,21560,3000,3546.000,22409.000,3420.000,19927.000,0.594612
50,21560,3000,3272.000,22410.000,3193.000,19916.000,0.219248
50,21560,3000,3935.000,22261.000,3812.000,19779.000,0.557685
50,21560,3000,3858.000,22623.000,3742.000,20135.000,0.935792
50,21560,3000,3296.000,22651.000,3166.000,20171.000,0.730904
50,21560,3000,3207.000,22566.000,3069.000,20091.000,0.728763
50,21560,3000,3154.000,22406.000,3014.000,19933.000,0.759189
50,21560,3000,3989.000,22307.000,3835.000,19867.000,0.353067
50,21560,3000,3899.000,22692.000,3784.000,20202.000,0.826774
50,21560,3000,3288.000,22506.000,3161.000,20038.000,0.754825
50,21560,3000,3421.000,22470.000,3288.000,19994.000,0.464349
50,21560,3000,3589.000,22557.000,3459.000,20084.000,0.813021
50,21560,3000,3545.000,22397.000,3415.000,20026.000,0.227792
50,21560,3000,3979.000,22583.000,3866.000,20093.000,0.946698
50,21560,3000,4066.000,22350.000,3928.000,19889.000,0.546761
50,21560,3000,4097.000,22679.000,3987.000,20185.000,0.503294
50,21560,3000,4126.000,22496.000,4012.000,20005.000,0.409243
50,21560,3000,3883.000,22706.000,3771.000,20220.000,0.598536
50,21560,3000,3607.000,22696.000,3485.000,20210.000,0.734207
50,21560,3000,4190.000,22738.000,4034.000,20245.000,0.345806
50,21560,3000,3120.000,22404.000,2977.000,19933.000,0.491140
50,21560,3000,3114.000,22518.000,2973.000,20045.000,0.295458
50,21560,3000,3060.000,22630.000,2930.000,20165.000,0.232215
50,21560,3000,3884.000,22757.000,3776.000,20265.000,0.238560
50,21560,3000,4158.000,22260.000,4044.000,19782.000,0.391801
50,21560,3000,3419.000,22340.000,3281.000,19867.000,0.789351
50,21560,3000,4135.000,22639.000,4026.000,20147.000,0.694172
50,21560,3000,3225.000,22403.000,3086.000,19930.000,0.665666
50,21560,3000,3577.000,22738.000,3459.000,20247.000,0.573349
50,21560,3000,3113.000,22537.000,2975.000,20064.000,0.462225
50,21560,3000,4082.000,22253.000,3963.000,19768.000,0.501817
50,21560,3000,3603.000,21747.000,3457.000,19288.000,0.242601
50,21560,3000,3034.000,22661.000,2892.000,20188.000,0.533681
50,21560,3000,3573.000,22702.000,3458.000,20215.000,0.570480
50,21560,3000,4185.000,22275.000,4072.000,19787.000,0.611372
50,21560,3000,3897.000,22724.000,3762.000,20230.000,0.457955
50,21560,3000,3670.000,22566.000,3561.000,20113.000,0.568809
50,21560,3000,3546.000,22671.000,3422.000,20186.000,0.511457
50,21560,3000,3088.000,22124.000,2943.000,19656.000,0.347542
50,21560,3000,3651.000,22457.000,3504.000,20017.000,0.399417
50,21560,3000,4126.000,22492.000,4017.000,19997.000,0.449312
50,21560,3000,3734.000,22276.000,3606.000,19798.000,0.242316
50,21560,3000,3959.000,22658.000,3846.000,20168.000,0.938808
50,21560,3000,3930.000,22015.000,3800.000,19537.000,0.238873
50,21560,3000,3918.000,22589.000,3801.000,20101.000,0.343576
50,21560,3000,3892.000,22455.000,3773.000,19970.000,0.825369
50,21560,3000,3946.000,22705.000,3832.000,20215.000,0.904492
50,21560,3000,3546.000,22141.000,3406.000,19673.000,0.319066
50,21560,3000,3288.000,22462.000,3148.000,19974.000,0.654138
50,21560,3000,4195.000,22480.000,4058.000,19945.000,0.361881
50,21560,3000,3970.000,22576.000,3855.000,20086.000,0.827043
50,21560,3000,3567.000,22019.000,3410.000,19560.000,0.273555
50,21560,3000,3025.000,22660.000,2885.000,20187.000,0.582322
50,21560,3000,4090.000,22506.000,3978.000,20015.000,0.884930
50,21560,3000,3800.000,22681.000,3683.000,20193.000,0.430990
50,21560,3000,3888.000,22213.000,3738.000,19743.000,0.351617
50,21560,3000,3609.000,22386.000,3481.000,19907.000,0.447473
50,21560,3000,4121.000,22442.000,3994.000,19943.000,0.443105
50,21560,3000,3143.000,22292.000,2999.000,19820.000,0.748220
50,21560,3000,3255.000,22479.000,3118.000,20002.000,0.553504
50,21560,3000,3939.000,22132.000,3815.000,19653.000,0.321681
50,21560,3000,3039.000,22662.000,2901.000,20186.000,0.441251
50,21560,3000,3392.000,22556.000,3260.000,20078.000,0.296412
50,21560,3000,3965.000,21855.000,3834.000,19384.000,0.269091
50,21560,3000,3915.000,22735.000,3774.000,20254.000,0.304496
50,21560,3000,3983.000,22659.000,3870.000,20169.000,0.675538
50,21560,3000,4020.000,22577.000,3905.000,20085.000,0.758915
50,21560,3000,3908.000,22414.000,3788.000,19929.000,0.479076
50,21560,3000,3877.000,22642.000,3761.000,20153.000,0.943696
50,21560,3000,3572.000,22708.000,3421.000,20263.000,0.397987
50,21560,3000,4076.000,22302.000,3959.000,19816.000,0.690069
50,21560,3000,4121.000,22369.000,4008.000,19880.000,0.523393
50,21560,3000,3943.000,21666.000,3637.000,19265.000,0.232857
50,21560,3000,3702.000,22465.000,3577.000,19983.000,0.511711
50,21560,3000,4048.000,22511.000,3935.000,20021.000,0.870917
50,21560,3000,3914.000,22456.000,3768.000,19918.000,0.269924
51,21560,4200,4238.000,22709.000,4706.000,20965.000,0.231452
52,22760,1800,2471.000,23379.000,2387.000,20952.000,0.213880
52,22760,1800,2158.000,23634.000,2000.000,21174.000,0.939661
52,22760,1800,2600.000,22936.000,2543.000,20404.000,0.208604
52,22760,1800,2005.000,23871.000,1848.000,21410.000,0.590930
52,22760,1800,2280.000,23494.000,2127.000,21033.000,0.723627
52,22760,1800,2558.000,22913.000,2595.000,20321.000,0.247409
52,22760,1800,2395.000,23613.000,2246.000,21146.000,0.941043
52,22760,1800,2286.000,23541.000,2132.000,21077.000,0.759552
52,22760,1800,2323.000,23213.000,2252.000,20811.000,0.282325
52,22760,1800,2197.000,23437.000,2039.000,20977.000,0.330998
52,22760,1800,2804.000,23469.000,2664.000,20995.000,0.936963
52,22760,1800,2180.000,23339.000,2022.000,20881.000,0.575908
52,22760,1800,2254.000,23481.000,2114.000,21018.000,0.435523
52,22760,1800,2628.000,23845.000,2496.000,21362.000,0.747948
52,22760,1800,2331.000,23188.000,2177.000,20732.000,0.263568
52,22760,1800,2041.000,23210.000,1878.000,20756.000,0.629494
52,22760,1800,2103.000,23899.000,1978.000,21432.000,0.489015
52,22760,1800,2715.000,23877.000,2587.000,21388.000,0.945981
52,22760,1800,2269.000,23514.000,2125.000,21047.000,0.292621
52,22760,1800,2540.000,23831.000,2402.000,21349.000,0.634017
52,22760,1800,1963.000,23575.000,1593.000,20998.000,0.235397
52,22760,1800,1886.000,23510.000,1583.000,21157.000,0.253781
52,22760,1800,2210.000,23110.000,1986.000,20516.000,0.231768
52,22760,1800,2002.000,23278.000,1851.000,20823.000,0.374144
52,22760,1800,2663.000,23155.000,2353.000,20665.000,0.234319
52,22760,1800,2771.000,23937.000,2603.000,21435.000,0.296229
52,22760,1800,2104.000,23882.000,1966.000,21407.000,0.800117
52,22760,1800,2455.000,23086.000,2323.000,20603.000,0.352080
52,22760,1800,2346.000,23114.000,2253.000,20581.000,0.209118
52,22760,1800,2103.000,23557.000,1943.000,21100.000,0.871047
52,22760,1800,2499.000,23013.000,2334.000,20564.000,0.259757
52,22760,1800,2381.000,23194.000,2246.000,20693.000,0.375485
52,22760,1800,2151.000,23287.000,1992.000,20832.000,0.769730
52,22760,1800,2981.000,23623.000,2857.000,21133.000,0.812636
52,22760,1800,1959.000,23377.000,1807.000,20913.000,0.372603
52,22760,1800,2112.000,23172.000,1950.000,20718.000,0.647874
52,22760,1800,2161.000,23278.000,2004.000,20821.000,0.607091
52,22760,1800,2069.000,23211.000,1908.000,20759.000,0.486568
52,22760,1800,2509.000,23797.000,2379.000,21333.000,0.245166
52,22760,1800,2172.000,23310.000,2040.000,20889.000,0.227889
52,22760,1800,2515.000,23363.000,2362.000,20903.000,0.548654
52,22760,1800,2032.000,23305.000,1870.000,20851.000,0.678231
52,22760,1800,1935.000,23152.000,1771.000,20699.000,0.477487
52,22760,1800,2936.000,23675.000,2811.000,21184.000,0.792294
52,22760,1800,2245.000,23540.000,2088.000,21078.000,0.784829
52,22760,1800,2980.000,23602.000,2865.000,21124.000,0.350142
52,22760,1800,2910.000,23707.000,2784.000,21216.000,0.951383
52,22760,1800,2040.000,23519.000,1878.000,21061.000,0.491949
52,22760,1800,2076.000,23480.000,1942.000,21141.000,0.379127
52,22760,1800,2430.000,23889.000,2290.000,21412.000,0.937397
52,22760,1800,1962.000,23176.000,1755.000,20731.000,0.211030
52,22760,1800,2157.000,23306.000,1998.000,20849.000,0.443932
52,22760,1800,2410.000,23505.000,2224.000,21067.000,0.212228
52,22760,1800,2172.000,23755.000,2016.000,21293.000,0.921567
52,22760,1800,2972.000,23561.000,2845.000,21073.000,0.243005
52,22760,1800,2373.000,23621.000,2181.000,21128.000,0.415509
52,22760,1800,2766.000,23703.000,2661.000,21229.000,0.596813
52,22760,1800,2050.000,23326.000,1887.000,20870.000,0.578196
52,22760,1800,2175.000,23241.000,2016.000,20785.000,0.277900
52,22760,1800,1995.000,23899.000,1838.000,21437.000,0.726199
52,22760,1800,2116.000,23537.000,1957.000,21077.000,0.335028
52,22760,1800,2518.000,23417.000,2366.000,20958.000,0.492062
52,22760,1800,2952.000,23674.000,2830.000,21182.000,0.923789
52,22760,1800,2121.000,23574.000,1963.000,21115.000,0.799523
52,22760,1800,2890.000,23846.000,2769.000,21351.000,0.927248
52,22760,1800,2499.000,23372.000,2345.000,20913.000,0.417192
52,22760,1800,2802.000,23881.000,2679.000,21388.000,0.834794
52,22760,1800,2578.000,23655.000,2435.000,21178.000,0.590093
52,22760,1800,2639.000,23804.000,2509.000,21303.000,0.405125
52,22760,1800,2140.000,23939.000,1928.000,21497.000,0.514668
52,22760,1800,2597.000,23886.000,2456.000,21405.000,0.403731
52,22760,1800,2909.000,23862.000,2788.000,21367.000,0.904075
52,22760,1800,2176.000,23216.000,2017.000,20759.000,0.471498
52,22760,1800,2440.000,22849.000,2491.000,20201.000,0.376725
52,22760,1800,2775.000,23786.000,2647.000,21297.000,0.582060
52,22760,1800,2167.000,23656.000,1983.000,21240.000,0.364158
52,22760,1800,2995.000,23958.000,2893.000,21452.000,0.849530
52,22760,1800,2388.000,23549.000,2226.000,21123.000,0.548979
52,22760,1800,2679.000,23805.000,2547.000,21348.000,0.502497
52,22760,1800,2544.000,22951.000,2628.000,20379.000,0.250793
52,22760,1800,1926.000,23223.000,1514.000,20580.000,0.245491
52,22760,1800,2071.000,23623.000,1911.000,21165.000,0.943060
52,22760,1800,2651.000,23888.000,2480.000,21439.000,0.211814
52,22760,1800,2998.000,23594.000,2874.000,21102.000,0.928102
52,22760,1800,2328.000,22883.000,2265.000,20333.000,0.222519
52,22760,1800,2551.000,23730.000,2413.000,21249.000,0.239949
52,22760,1800,2497.000,23724.000,2352.000,21252.000,0.896936
52,22760,1800,2359.000,23831.000,2179.000,21341.000,0.647690
52,22760,1800,2931.000,23869.000,2810.000,21373.000,0.948272
52,22760,1800,2737.000,23753.000,2562.000,21325.000,0.253255
52,22760,1800,2636.000,23710.000,2499.000,21230.000,0.519271
52,22760,1800,2006.000,23684.000,1846.000,21227.000,0.828851
52,22760,1800,2320.000,23731.000,2170.000,21265.000,0.904649
52,22760,1800,2322.000,23664.000,2170.000,21198.000,0.789214
52,22760,1800,2194.000,23281.000,2060.000,20930.000,0.214926
52,22760,1800,2143.000,23510.000,1984.000,21051.000,0.933295
52,22760,1800,2436.000,23932.000,2206.000,21456.000,0.336111
52,22760,1800,2513.000,23701.000,2371.000,21226.000,0.383066
52,22760,1800,2222.000,23294.000,1999.000,20788.000,0.290997
52,22760,1800,2094.000,23576.000,1936.000,21111.000,0.506927
52,22760,1800,1905.000,23892.000,1747.000,21432.000,0.486673
52,22760,1800,2143.000,23239.000,1984.000,20784.000,0.647535
52,22760,1800,2633.000,23912.000,2501.000,21427.000,0.869134
52,22760,1800,2204.000,23487.000,2046.000,21027.000,0.811849
52,22760,1800,2280.000,23324.000,2125.000,20864.000,0.745521
52,22760,1800,2870.000,23851.000,2749.000,21357.000,0.516639
52,22760,1800,2696.000,23797.000,2566.000,21310.000,0.754168
52,22760,1800,2917.000,23789.000,2794.000,21296.000,0.505299
52,22760,1800,2492.000,23782.000,2304.000,21300.000,0.386743
52,22760,1800,2402.000,23926.000,2267.000,21472.000,0.308542
52,22760,1800,2544.000,23895.000,2408.000,21413.000,0.837455
52,22760,1800,2024.000,23695.000,1864.000,21238.000,0.898210
52,22760,1800,1939.000,23352.000,1777.000,20896.000,0.262094
52,22760,1800,2768.000,23507.000,2629.000,21031.000,0.737091
52,22760,1800,2729.000,23673.000,2608.000,21196.000,0.870592
52,22760,1800,2620.000,23467.000,2473.000,20998.000,0.569701
52,22760,1800,2245.000,23505.000,2108.000,21054.000,0.279540
52,22760,1800,2770.000,23749.000,2653.000,21271.000,0.672186
52,22760,1800,2188.000,23323.000,2030.000,20864.000,0.737729
52,22760,1800,2068.000,23924.000,1915.000,21457.000,0.678884
52,22760,1800,2102.000,23319.000,1940.000,20863.000,0.664126
52,22760,1800,2644.000,23876.000,2503.000,21386.000,0.500705
52,22760,1800,2459.000,23574.000,2313.000,21103.000,0.602976
52,22760,1800,1998.000,23366.000,1861.000,20865.000,0.248823
52,22760,1800,2956.000,23401.000,2908.000,20916.000,0.274198
52,22760,1800,2507.000,23739.000,2386.000,21306.000,0.288223
52,22760,1800,2199.000,23327.000,2120.000,20919.000,0.207217
52,22760,1800,1914.000,23299.000,1752.000,20845.000,0.404651
52,22760,1800,2477.000,23902.000,2339.000,21423.000,0.771247
52,22760,1800,2072.000,23230.000,1910.000,20776.000,0.625058
52,22760,1800,2742.000,23721.000,2650.000,21239.000,0.454421
52,22760,1800,1917.000,23864.000,1711.000,21514.000,0.501676
52,22760,1800,1935.000,23492.000,1748.000,21119.000,0.266405
52,22760,1800,2051.000,23839.000,1895.000,21377.000,0.934827
52,22760,1800,2574.000,23385.000,2421.000,20925.000,0.206971
52,22760,1800,2468.000,23588.000,2320.000,21117.000,0.832965
52,22760,1800,1926.000,23294.000,1669.000,20900.000,0.232569
52,22760,1800,2549.000,23847.000,2414.000,21365.000,0.330468
52,22760,1800,2259.000,23955.000,2113.000,21483.000,0.523456
52,22760,1800,2638.000,23663.000,2591.000,21207.000,0.252173
52,22760,1800,1990.000,23300.000,1775.000,20751.000,0.275477
52,22760,1800,2890.000,23880.000,2769.000,21384.000,0.511067
52,22760,1800,2699.000,23388.000,2550.000,20925.000,0.814840
52,22760,1800,2075.000,23359.000,1915.000,20903.000,0.926931
52,22760,1800,2422.000,23878.000,2279.000,21406.000,0.619402
52,22760,1800,1922.000,23366.000,1662.000,20914.000,0.208690
52,22760,1800,2759.000,23885.000,2587.000,21441.000,0.204413
52,22760,1800,1921.000,23933.000,1690.000,21583.000,0.252681
52,22760,1800,2326.000,23807.000,2241.000,21377.000,0.215261
52,22760,1800,2048.000,23920.000,1863.000,21455.000,0.661513
52,22760,1800,2979.000,23770.000,2856.000,21274.000,0.763049
52,22760,1800,2587.000,23888.000,2463.000,21348.000,0.399260
52,22760,1800,1970.000,23368.000,1726.000,20876.000,0.406944
52,22760,1800,2776.000,23823.000,2655.000,21341.000,0.315345
52,22760,1800,2582.000,23539.000,2453.000,21049.000,0.388325
52,22760,1800,2926.000,23577.000,2785.000,21095.000,0.275950
52,22760,1800,2736.000,23693.000,2623.000,21199.000,0.406882
52,22760,1800,1889.000,23616.000,1591.000,21031.000,0.243385
52,22760,1800,2104.000,23524.000,1926.000,21065.000,0.583682
52,22760,1800,1920.000,23347.000,1755.000,20897.000,0.323138
52,22760,1800,2979.000,23651.000,2855.000,21161.000,0.946685
52,22760,1800,2674.000,23937.000,2545.000,21448.000,0.797285
52,22760,1800,2176.000,23583.000,2018.000,21124.000,0.228770
52,22760,1800,2510.000,23607.000,2393.000,21178.000,0.399090
52,22760,1800,2995.000,23431.000,2896.000,20981.000,0.326215
52,22760,1800,2792.000,23899.000,2680.000,21408.000,0.589982
52,22760,1800,2816.000,23413.000,2682.000,20983.000,0.200860
52,22760,1800,2397.000,23744.000,2230.000,21212.000,0.291925
52,22760,1800,2002.000,23206.000,1839.000,20754.000,0.264954
52,22760,1800,2051.000,23525.000,1906.000,21068.000,0.325033
52,22760,1800,2025.000,23801.000,1826.000,21381.000,0.265715
52,22760,1800,2062.000,23474.000,1902.000,21018.000,0.404425
52,22760,1800,1996.000,23743.000,1758.000,21192.000,0.515078
52,22760,1800,2106.000,23636.000,1949.000,21176.000,0.924170
52,22760,1800,2828.000,23941.000,2705.000,21448.000,0.949822
52,22760,1800,2713.000,23860.000,2583.000,21369.000,0.940176
52,22760,1800,2809.000,23859.000,2684.000,21366.000,0.857173
52,22760,1800,2543.000,23679.000,2420.000,21209.000,0.664325
52,22760,1800,2131.000,23446.000,1973.000,20986.000,0.637789
52,22760,1800,2763.000,23679.000,2652.000,21184.000,0.257203
52,22760,1800,2553.000,23812.000,2413.000,21335.000,0.643631
52,22760,1800,2590.000,23901.000,2457.000,21416.000,0.729207
52,22760,1800,2084.000,23461.000,1861.000,20974.000,0.278749
52,22760,1800,2767.000,23696.000,2664.000,21201.000,0.565117
52,22760,1800,2313.000,23670.000,2165.000,21209.000,0.685767
52,22760,1800,2442.000,22870.000,2240.000,20273.000,0.222868
52,22760,1800,2080.000,23890.000,1942.000,21421.000,0.400180
52,22760,1800,1916.000,23592.000,1703.000,21173.000,0.313426
52,22760,1800,2092.000,23899.000,1879.000,21449.000,0.249130
52,22760,1800,2007.000,23396.000,1798.000,20922.000,0.382239
52,22760,1800,2124.000,23436.000,1965.000,20977.000,0.749121
52,22760,1800,2055.000,23047.000,1898.000,20524.000,0.263554
52,22760,1800,2188.000,23234.000,2050.000,20772.000,0.690829
52,22760,1800,2483.000,23738.000,2337.000,21263.000,0.806092
52,22760,1800,2108.000,23449.000,1960.000,21000.000,0.565125
52,22760,1800,2371.000,23554.000,2238.000,21083.000,0.314161
52,22760,1800,2542.000,23883.000,2397.000,21398.000,0.403373
52,22760,1800,2050.000,23267.000,1857.000,20835.000,0.422417
52,22760,1800,2844.000,23599.000,2725.000,21119.000,0.319674
52,22760,1800,2208.000,23735.000,2054.000,21272.000,0.267213
52,22760,1800,2236.000,23786.000,2138.000,21279.000,0.263601
52,22760,1800,2314.000,23764.000,2123.000,21249.000,0.217953
52,22760,1800,2177.000,23190.000,2030.000,20733.000,0.229799
52,22760,1800,2164.000,23291.000,2023.000,20833.000,0.242066
52,22760,1800,2040.000,23344.000,1819.000,20880.000,0.226210
52,22760,1800,2640.000,23769.000,2473.000,21209.000,0.262758
52,22760,1800,2036.000,23473.000,1876.000,21015.000,0.262904
52,22760,1800,2319.000,23384.000,2166.000,20922.000,0.392100
52,22760,1800,2558.000,23500.000,2409.000,21022.000,0.742720
52,22760,1800,2646.000,23783.000,2459.000,21310.000,0.428624
52,22760,1800,2246.000,23469.000,2089.000,21009.000,0.352401
52,22760,1800,1968.000,23636.000,1726.000,21160.000,0.377174
52,22760,1800,2459.000,23597.000,2314.000,21127.000,0.796323
52,22760,1800,1916.000,23193.000,1489.000,20537.000,0.220750
52,22760,1800,2130.000,23451.000,1972.000,20995.000,0.816380
52,22760,1800,2871.000,23840.000,2733.000,21351.000,0.663588
52,22760,1800,2079.000,23794.000,1923.000,21332.000,0.249112
52,22760,1800,2056.000,23225.000,1894.000,20773.000,0.560702
52,22760,1800,2000.000,23594.000,1839.000,21138.000,0.226786
52,22760,1800,2812.000,23927.000,2689.000,21433.000,0.516278
52,22760,1800,2526.000,23886.000,2391.000,21407.000,0.744622
52,22760,1800,2332.000,23646.000,2174.000,21180.000,0.466386
52,22760,1800,2458.000,23753.000,2333.000,21277.000,0.367530
52,22760,1800,2424.000,23657.000,2276.000,21188.000,0.226876
52,22760,1800,2402.000,23625.000,2252.000,21157.000,0.946270
52,22760,1800,1941.000,23953.000,1771.000,21489.000,0.268535
52,22760,1800,2204.000,23309.000,2046.000,20851.000,0.507412
52,22760,1800,1956.000,23839.000,1797.000,21379.000,0.397863
52,22760,1800,2059.000,23289.000,1800.000,20728.000,0.293935
52,22760,1800,2653.000,23839.000,2504.000,21353.000,0.331191
52,22760,1800,2263.000,23650.000,2110.000,21187.000,0.235557
52,22760,1800,2864.000,23892.000,2742.000,21398.000,0.444631
52,22760,1800,2721.000,23362.000,2635.000,20951.000,0.362397
52,22760,1800,2107.000,23441.000,1948.000,20986.000,0.527264
52,22760,1800,2472.000,23923.000,2313.000,21451.000,0.624709
52,22760,1800,2623.000,23896.000,2489.000,21408.000,0.875182
52,22760,1800,2149.000,23136.000,1987.000,20679.000,0.438481
52,22760,1800,2858.000,23775.000,2701.000,21250.000,0.407870
52,22760,1800,2318.000,23496.000,2156.000,21043.000,0.244214
52,22760,1800,2108.000,23485.000,1950.000,21028.000,0.938586
53,22760,3000,3414.000,23566.000,3298.000,21071.000,0.950653
53,22760,3000,3328.000,23417.000,3245.000,20923.000,0.285348
53,22760,3000,3913.000,23452.000,3808.000,20952.000,0.953183
53,22760,3000,3892.000,22806.000,3820.000,20309.000,0.878026
53,22760,3000,4060.000,22804.000,3978.000,20301.000,0.908609
53,22760,3000,3583.000,23575.000,3487.000,21071.000,0.243996
53,22760,3000,4013.000,23093.000,3906.000,20597.000,0.952755
53,22760,3000,4024.000,23090.000,3918.000,20594.000,0.950161
53,22760,3000,3784.000,23621.000,3677.000,21120.000,0.933630
53,22760,3000,3153.000,23078.000,3024.000,20596.000,0.496078
53,22760,3000,3997.000,23363.000,3924.000,20872.000,0.386493
53,22760,3000,3883.000,23425.000,3776.000,20926.000,0.952179
53,22760,3000,3537.000,23692.000,3425.000,21195.000,0.934804
53,22760,3000,3265.000,23436.000,3151.000,20944.000,0.326205
53,22760,3000,3259.000,23812.000,3143.000,21316.000,0.571201
53,22760,3000,3508.000,23706.000,3399.000,21207.000,0.945976
53,22760,3000,3632.000,23420.000,3520.000,20925.000,0.935965
53,22760,3000,3268.000,22772.000,3247.000,20299.000,0.373619
53,22760,3000,3645.000,22779.000,3461.000,20203.000,0.245378
53,22760,3000,3970.000,23638.000,3871.000,21133.000,0.951993
53,22760,3000,3569.000,23120.000,3498.000,20681.000,0.283575
53,22760,3000,3816.000,23250.000,3724.000,20759.000,0.810341
53,22760,3000,4130.000,23494.000,4035.000,20988.000,0.951079
53,22760,3000,3239.000,23795.000,3195.000,21287.000,0.237160
53,22760,3000,3582.000,23301.000,3487.000,20802.000,0.512811
53,22760,3000,3559.000,23104.000,3442.000,20614.000,0.878517
53,22760,3000,3572.000,23286.000,3457.000,20792.000,0.548081
53,22760,3000,3997.000,22852.000,3886.000,20360.000,0.943393
53,22760,3000,3673.000,23060.000,3557.000,20571.000,0.946723
53,22760,3000,4006.000,23231.000,3903.000,20733.000,0.950920
53,22760,3000,3569.000,23071.000,3451.000,20582.000,0.814884
53,22760,3000,4000.000,22936.000,3949.000,20423.000,0.211899
53,22760,3000,4132.000,23750.000,4044.000,21237.000,0.952550
53,22760,3000,3523.000,23393.000,3421.000,20881.000,0.268206
53,22760,3000,3999.000,23109.000,3892.000,20611.000,0.435259
53,22760,3000,4011.000,23179.000,3908.000,20681.000,0.949727
53,22760,3000,3082.000,23651.000,3011.000,21160.000,0.573319
53,22760,3000,3690.000,22848.000,3572.000,20360.000,0.574105
53,22760,3000,4189.000,22986.000,4088.000,20486.000,0.924538
53,22760,3000,4186.000,23869.000,4101.000,21353.000,0.948478
53,22760,3000,3427.000,23261.000,3308.000,20770.000,0.729003
53,22760,3000,4171.000,23880.000,4084.000,21364.000,0.951873
53,22760,3000,3076.000,23427.000,2950.000,20941.000,0.405047
53,22760,3000,4022.000,23483.000,3922.000,20980.000,0.567786
53,22760,3000,3908.000,22831.000,3820.000,20404.000,0.399153
53,22760,3000,3377.000,23842.000,3274.000,21342.000,0.501283
53,22760,3000,3984.000,23355.000,3886.000,20866.000,0.822447
53,22760,3000,3809.000,22800.000,3695.000,20310.000,0.635860
53,22760,3000,3609.000,22771.000,3490.000,20282.000,0.841828
53,22760,3000,3931.000,23458.000,3829.000,20958.000,0.834372
53,22760,3000,3064.000,23484.000,2934.000,20984.000,0.389826
53,22760,3000,4089.000,23125.000,3986.000,20624.000,0.794890
53,22760,3000,3941.000,22822.000,3797.000,20340.000,0.552767
53,22760,3000,4013.000,22815.000,3942.000,20346.000,0.326701
53,22760,3000,3431.000,22900.000,3308.000,20414.000,0.749674
53,22760,3000,3468.000,23264.000,3351.000,20773.000,0.892459
53,22760,3000,3917.000,22904.000,3805.000,20413.000,0.945000
53,22760,3000,3120.000,23058.000,2991.000,20574.000,0.522308
53,22760,3000,3701.000,22846.000,3583.000,20356.000,0.666765
53,22760,3000,3912.000,22813.000,3831.000,20294.000,0.253184
53,22760,3000,3354.000,23469.000,3307.000,20932.000,0.210137
53,22760,3000,3787.000,22844.000,3671.000,20354.000,0.726818
53,22760,3000,3093.000,23641.000,3037.000,21135.000,0.672986
53,22760,3000,3483.000,23266.000,3366.000,20771.000,0.940037
53,22760,3000,3304.000,23949.000,3190.000,21450.000,0.880843
53,22760,3000,3497.000,23211.000,3380.000,20721.000,0.737602
53,22760,3000,3494.000,23679.000,3383.000,21184.000,0.937879
53,22760,3000,3102.000,22895.000,2965.000,20418.000,0.456956
53,22760,3000,3534.000,23821.000,3423.000,21324.000,0.947928
53,22760,3000,4079.000,23625.000,3984.000,21119.000,0.953004
53,22760,3000,3673.000,23428.000,3562.000,20934.000,0.948578
53,22760,3000,3897.000,22888.000,3784.000,20397.000,0.243573
53,22760,3000,3512.000,23212.000,3394.000,20720.000,0.943369
53,22760,3000,3843.000,22768.000,3729.000,20277.000,0.739624
53,22760,3000,3876.000,23038.000,3765.000,20546.000,0.933242
53,22760,3000,3767.000,22899.000,3722.000,20370.000,0.485291
53,22760,3000,4001.000,22772.000,3889.000,20280.000,0.848891
53,22760,3000,3634.000,23892.000,3526.000,21391.000,0.948776
53,22760,3000,3961.000,23648.000,3870.000,21147.000,0.906441
53,22760,3000,3250.000,22957.000,3121.000,20475.000,0.243660
53,22760,3000,3475.000,23641.000,3358.000,21146.000,0.773127
53,22760,3000,4163.000,23012.000,4061.000,20514.000,0.777659
53,22760,3000,3707.000,23949.000,3603.000,21446.000,0.954518
53,22760,3000,3355.000,23586.000,3238.000,21091.000,0.936284
53,22760,3000,4026.000,23236.000,3922.000,20738.000,0.949970
53,22760,3000,3277.000,23437.000,3225.000,20949.000,0.830938
53,22760,3000,4057.000,22857.000,3947.000,20365.000,0.896326
53,22760,3000,3507.000,23674.000,3395.000,21176.000,0.943713
53,22760,3000,3343.000,23618.000,3228.000,21123.000,0.943496
53,22760,3000,3776.000,23223.000,3639.000,20714.000,0.444605
53,22760,3000,3517.000,23663.000,3404.000,21165.000,0.944633
53,22760,3000,3311.000,23932.000,3197.000,21434.000,0.851630
53,22760,3000,3521.000,23113.000,3401.000,20622.000,0.601326
53,22760,3000,3195.000,23196.000,3069.000,20712.000,0.645786
53,22760,3000,3025.000,23802.000,2904.000,21306.000,0.497817
53,22760,3000,3656.000,23366.000,3543.000,20872.000,0.951900
53,22760,3000,4129.000,22797.000,4021.000,20304.000,0.888371
53,22760,3000,3459.000,23658.000,3346.000,21162.000,0.360076
53,22760,3000,3687.000,23026.000,3569.000,20536.000,0.850439
53,22760,3000,3816.000,22783.000,3706.000,20293.000,0.827319
53,22760,3000,3652.000,22790.000,3532.000,20302.000,0.824890
53,22760,3000,3682.000,23041.000,3565.000,20551.000,0.514089
53,22760,3000,3842.000,23366.000,3734.000,20868.000,0.954252
53,22760,3000,3778.000,23148.000,3666.000,20656.000,0.951138
53,22760,3000,3356.000,23576.000,3262.000,21004.000,0.218180
53,22760,3000,3522.000,23698.000,3412.000,21194.000,0.924678
53,22760,3000,3287.000,23443.000,3164.000,20957.000,0.476828
53,22760,3000,4000.000,22886.000,3889.000,20393.000,0.655655
53,22760,3000,3642.000,23436.000,3531.000,20941.000,0.820992
53,22760,3000,3999.000,22808.000,3902.000,20323.000,0.696590
53,22760,3000,3381.000,23534.000,3263.000,21040.000,0.944206
53,22760,3000,4099.000,23116.000,4007.000,20619.000,0.582454
53,22760,3000,3551.000,23471.000,3438.000,20976.000,0.939318
53,22760,3000,4140.000,22803.000,4036.000,20302.000,0.500530
53,22760,3000,3155.000,23665.000,2989.000,21095.000,0.470532
53,22760,3000,3391.000,23603.000,3277.000,21107.000,0.905572
53,22760,3000,3693.000,22960.000,3576.000,20471.000,0.948020
53,22760,3000,4001.000,23244.000,3897.000,20747.000,0.947889
53,22760,3000,3125.000,23536.000,3003.000,21044.000,0.728327
53,22760,3000,3606.000,23617.000,3498.000,21119.000,0.345535
53,22760,3000,3289.000,23782.000,3218.000,21262.000,0.287887
53,22760,3000,3952.000,23656.000,3851.000,21151.000,0.948205
53,22760,3000,4067.000,23953.000,3981.000,21436.000,0.895481
53,22760,3000,4127.000,22944.000,4023.000,20448.000,0.861129
53,22760,3000,3420.000,23553.000,3303.000,21058.000,0.950795
53,22760,3000,4054.000,23445.000,3955.000,20941.000,0.468193
53,22760,3000,3807.000,23466.000,3714.000,20968.000,0.806338
53,22760,3000,3478.000,22829.000,3421.000,20263.000,0.636208
53,22760,3000,3553.000,23699.000,3443.000,21201.000,0.570793
53,22760,3000,4046.000,22993.000,3901.000,20494.000,0.246271
53,22760,3000,3668.000,22793.000,3551.000,20306.000,0.809219
53,22760,3000,3194.000,23593.000,3074.000,21101.000,0.210800
53,22760,3000,4056.000,23723.000,3962.000,21214.000,0.939927
53,22760,3000,4059.000,23182.000,3955.000,20682.000,0.899375
53,22760,3000,3127.000,23086.000,3010.000,20590.000,0.560891
53,22760,3000,3592.000,22904.000,3472.000,20416.000,0.927308
53,22760,3000,4022.000,23854.000,3929.000,21340.000,0.220392
53,22760,3000,3338.000,23885.000,3220.000,21390.000,0.650024
53,22760,3000,3946.000,23387.000,3843.000,20887.000,0.882687
53,22760,3000,3921.000,23509.000,3820.000,21007.000,0.931228
53,22760,3000,3980.000,23431.000,3877.000,20928.000,0.923555
53,22760,3000,3812.000,23480.000,3705.000,20981.000,0.955517
53,22760,3000,3196.000,23621.000,3076.000,21127.000,0.607978
53,22760,3000,3134.000,23061.000,3004.000,20578.000,0.404847
53,22760,3000,3858.000,23117.000,3748.000,20625.000,0.946248
53,22760,3000,3184.000,23848.000,3068.000,21352.000,0.408717
53,22760,3000,3271.000,23443.000,3225.000,20965.000,0.237983
53,22760,3000,3485.000,22822.000,3331.000,20258.000,0.851170
53,22760,3000,3988.000,23236.000,3885.000,20738.000,0.949436
53,22760,3000,4166.000,22920.000,4079.000,20420.000,0.846284
53,22760,3000,3589.000,23621.000,3480.000,21124.000,0.717840
53,22760,3000,3965.000,23857.000,3870.000,21347.000,0.851148
53,22760,3000,4129.000,22768.000,4021.000,20277.000,0.941133
53,22760,3000,4021.000,23118.000,3916.000,20622.000,0.929646
53,22760,3000,3825.000,22871.000,3741.000,20375.000,0.894467
53,22760,3000,4027.000,23404.000,3926.000,20902.000,0.573061
53,22760,3000,3398.000,23068.000,3348.000,20523.000,0.258418
53,22760,3000,3557.000,23273.000,3442.000,20781.000,0.916114
53,22760,3000,3703.000,23417.000,3592.000,20921.000,0.946996
53,22760,3000,3376.000,23579.000,3259.000,21084.000,0.941219
53,22760,3000,3374.000,23251.000,3254.000,20760.000,0.940742
53,22760,3000,4058.000,23846.000,3966.000,21333.000,0.901774
53,22760,3000,3451.000,23299.000,3334.000,20808.000,0.685205
53,22760,3000,4030.000,23069.000,3932.000,20573.000,0.920647
53,22760,3000,4154.000,23873.000,4067.000,21359.000,0.949794
53,22760,3000,3347.000,23128.000,3225.000,20639.000,0.929339
53,22760,3000,3687.000,22877.000,3526.000,20290.000,0.385894
53,22760,3000,3331.000,23095.000,3208.000,20608.000,0.775420
53,22760,3000,3845.000,22807.000,3776.000,20265.000,0.405785
53,22760,3000,3169.000,23766.000,3117.000,21238.000,0.280905
53,22760,3000,3924.000,22968.000,3813.000,20476.000,0.867164
53,22760,3000,3272.000,23923.000,3157.000,21424.000,0.769588
53,22760,3000,3983.000,23615.000,3883.000,21110.000,0.951269
53,22760,3000,3572.000,23600.000,3462.000,21104.000,0.741685
53,22760,3000,3267.000,22930.000,3106.000,20427.000,0.595098
53,22760,3000,3361.000,23057.000,3239.000,20569.000,0.823568
53,22760,3000,4082.000,23756.000,3991.000,21245.000,0.952903
53,22760,3000,3874.000,22776.000,3802.000,20304.000,0.458545
53,22760,3000,3925.000,23517.000,3823.000,21015.000,0.915302
53,22760,3000,3831.000,23125.000,3720.000,20633.000,0.951777
53,22760,3000,4107.000,23118.000,4006.000,20615.000,0.704516
53,22760,3000,3204.000,23239.000,3093.000,20718.000,0.206023
53,22760,3000,3557.000,22951.000,3437.000,20463.000,0.937517
53,22760,3000,3401.000,23050.000,3309.000,20585.000,0.470498
53,22760,3000,3254.000,23074.000,3128.000,20591.000,0.828112
53,22760,3000,3063.000,23938.000,2946.000,21441.000,0.537056
53,22760,3000,3804.000,23095.000,3691.000,20606.000,0.926380
53,22760,3000,3500.000,23697.000,3388.000,21200.000,0.930849
53,22760,3000,3999.000,23000.000,3890.000,20506.000,0.949052
53,22760,3000,3975.000,23737.000,3878.000,21229.000,0.910615
53,22760,3000,4100.000,23677.000,4006.000,21166.000,0.948579
53,22760,3000,3599.000,22820.000,3479.000,20333.000,0.241839
53,22760,3000,3872.000,23420.000,3767.000,20921.000,0.951543
53,22760,3000,4100.000,23128.000,3998.000,20629.000,0.854466
53,22760,3000,4089.000,23360.000,3989.000,20858.000,0.947067
53,22760,3000,3141.000,23199.000,3013.000,20714.000,0.247651
53,22760,3000,3713.000,23028.000,3598.000,20538.000,0.405095
53,22760,3000,3694.000,22916.000,3578.000,20426.000,0.494568
53,22760,3000,3723.000,23317.000,3614.000,20821.000,0.947610
53,22760,3000,3763.000,23436.000,3653.000,20938.000,0.895668
53,22760,3000,3404.000,23835.000,3289.000,21337.000,0.922620
53,22760,3000,3244.000,23425.000,3124.000,20933.000,0.628285
53,22760,3000,3903.000,23447.000,3799.000,20948.000,0.778764
53,22760,3000,3659.000,23023.000,3542.000,20533.000,0.630783
53,22760,3000,3504.000,23651.000,3391.000,21154.000,0.943714
53,22760,3000,3566.000,23562.000,3470.000,21066.000,0.595090
53,22760,3000,3492.000,23228.000,3373.000,20738.000,0.944094
53,22760,3000,3518.000,23075.000,3400.000,20586.000,0.934921
53,22760,3000,3188.000,23220.000,3062.000,20733.000,0.316002
53,22760,3000,3109.000,23806.000,3009.000,21302.000,0.411095
53,22760,3000,3741.000,22856.000,3626.000,20365.000,0.261563
53,22760,3000,3300.000,23688.000,3184.000,21193.000,0.678667
53,22760,3000,3818.000,23457.000,3716.000,20955.000,0.695845
53,22760,3000,3458.000,22950.000,3337.000,20462.000,0.845645
53,22760,3000,3911.000,23044.000,3800.000,20611.000,0.208021
53,22760,3000,3238.000,23415.000,3117.000,20923.000,0.358764
53,22760,3000,3447.000,23250.000,3330.000,20759.000,0.837976
53,22760,3000,4124.000,23800.000,4035.000,21286.000,0.952554
53,22760,3000,3926.000,23329.000,3819.000,20831.000,0.787379
53,22760,3000,3513.000,23517.000,3398.000,21022.000,0.939301
53,22760,3000,3150.000,23102.000,3016.000,20491.000,0.260240
53,22760,3000,3440.000,23729.000,3326.000,21233.000,0.822385
53,22760,3000,3636.000,22967.000,3517.000,20479.000,0.932407
53,22760,3000,3147.000,23216.000,3034.000,20693.000,0.762713
53,22760,3000,3685.000,23686.000,3576.000,21186.000,0.923535
53,22760,3000,3524.000,23568.000,3410.000,21072.000,0.942189
53,22760,3000,3865.000,22789.000,3774.000,20254.000,0.476611
53,22760,3000,3933.000,23387.000,3832.000,20888.000,0.779203
53,22760,3000,3974.000,22904.000,3865.000,20413.000,0.634466
53,22760,3000,3803.000,22930.000,3762.000,20473.000,0.522582
53,22760,3000,3909.000,23535.000,3806.000,21032.000,0.950410
53,22760,3000,3359.000,23037.000,3236.000,20550.000,0.867787
53,22760,3000,4132.000,23275.000,4032.000,20775.000,0.940639
53,22760,3000,3875.000,23332.000,3768.000,20835.000,0.947854
53,22760,3000,3373.000,23126.000,3251.000,20636.000,0.934966
53,22760,3000,4014.000,23008.000,3907.000,20514.000,0.950229
53,22760,3000,3147.000,23471.000,3025.000,20981.000,0.910224
53,22760,3000,4018.000,23078.000,3925.000,20584.000,0.918559
53,22760,3000,3258.000,22921.000,3127.000,20438.000,0.833254
53,22760,3000,3438.000,23745.000,3325.000,21247.000,0.946566
53,22760,3000,3282.000,23520.000,3167.000,20974.000,0.346944
53,22760,3000,3310.000,23116.000,3186.000,20629.000,0.774447
53,22760,3000,3632.000,23685.000,3515.000,21156.000,0.370956
53,22760,3000,3906.000,23273.000,3798.000,20776.000,0.946915
53,22760,3000,3444.000,23275.000,3327.000,20786.000,0.613163
53,22760,3000,3762.000,22794.000,3646.000,20305.000,0.535266
53,22760,3000,3929.000,23398.000,3825.000,20899.000,0.948417
53,22760,3000,3519.000,23429.000,3403.000,20969.000,0.414512
53,22760,3000,3544.000,23660.000,3433.000,21162.000,0.545813
53,22760,3000,3908.000,23144.000,3811.000,20656.000,0.713731
53,22760,3000,3691.000,23499.000,3583.000,21003.000,0.925740
53,22760,3000,3495.000,23248.000,3377.000,20756.000,0.792724
53,22760,3000,3828.000,22792.000,3722.000,20301.000,0.638783
53,22760,3000,4105.000,23914.000,4018.000,21398.000,0.947865
53,22760,3000,4182.000,22917.000,4062.000,20424.000,0.502415
53,22760,3000,4010.000,22791.000,3902.000,20301.000,0.873276
53,22760,3000,4159.000,23404.000,4055.000,20906.000,0.763990
53,22760,3000,3360.000,23080.000,3255.000,20519.000,0.461201
53,22760,3000,3817.000,22998.000,3704.000,20507.000,0.944097
53,22760,3000,3111.000,23346.000,2986.000,20858.000,0.281047
53,22760,3000,3171.000,23182.000,3045.000,20698.000,0.696591
53,22760,3000,4139.000,23422.000,4043.000,20917.000,0.940943
53,22760,3000,3720.000,23086.000,3605.000,20595.000,0.879152
53,22760,3000,3922.000,23132.000,3799.000,20650.000,0.217883
53,22760,3000,3259.000,23566.000,3140.000,21072.000,0.240800
53,22760,3000,3311.000,23293.000,3190.000,20803.000,0.625060
53,22760,3000,3474.000,23255.000,3357.000,20763.000,0.943862
53,22760,3000,4019.000,23143.000,3914.000,20647.000,0.928353
53,22760,3000,4066.000,22771.000,3950.000,20313.000,0.650890
53,22760,3000,3475.000,23743.000,3355.000,21265.000,0.425360
53,22760,3000,3673.000,23593.000,3566.000,21094.000,0.802694
53,22760,3000,3358.000,23048.000,3233.000,20557.000,0.649080
53,22760,3000,3119.000,23335.000,2974.000,20770.000,0.201537
53,22760,3000,3388.000,23889.000,3275.000,21390.000,0.869437
53,22760,3000,3555.000,23078.000,3438.000,20589.000,0.913707
53,22760,3000,3590.000,22783.000,3470.000,20296.000,0.579910
53,22760,3000,3199.000,23705.000,3081.000,21210.000,0.220874
53,22760,3000,3930.000,23501.000,3828.000,20998.000,0.426201
53,22760,3000,3734.000,23034.000,3619.000,20543.000,0.913509
53,22760,3000,4087.000,23235.000,3986.000,20736.000,0.949811
53,22760,3000,3299.000,23911.000,3220.000,21354.000,0.393769
53,22760,3000,3432.000,23212.000,3312.000,20722.000,0.937362
53,22760,3000,4034.000,23548.000,3935.000,21043.000,0.948804
53,22760,3000,3845.000,23600.000,3743.000,21041.000,0.270491
53,22760,3000,4113.000,22829.000,4007.000,20337.000,0.204214
53,22760,3000,4145.000,23798.000,4057.000,21284.000,0.762830
53,22760,3000,3184.000,23372.000,3061.000,20883.000,0.930113
53,22760,3000,3553.000,23581.000,3443.000,21089.000,0.622379
53,22760,3000,3540.000,23706.000,3429.000,21207.000,0.948817
53,22760,3000,4175.000,23322.000,4079.000,20819.000,0.437925
53,22760,3000,3336.000,23376.000,3288.000,20895.000,0.416901
53,22760,3000,3407.000,23141.000,3287.000,20652.000,0.862544
53,22760,3000,3974.000,23274.000,3868.000,20776.000,0.949629
53,22760,3000,3486.000,23207.000,3376.000,20717.000,0.369827
53,22760,3000,3945.000,23621.000,3841.000,21121.000,0.938693
53,22760,3000,3497.000,22801.000,3407.000,20278.000,0.825613
53,22760,3000,3925.000,23481.000,3823.000,20979.000,0.953629
53,22760,3000,3800.000,23239.000,3705.000,20739.000,0.514049
53,22760,3000,4125.000,23000.000,4022.000,20504.000,0.950198
53,22760,3000,3614.000,22894.000,3469.000,20223.000,0.200303
53,22760,3000,3839.000,23287.000,3730.000,20792.000,0.955013
53,22760,3000,3687.000,22787.000,3511.000,20273.000,0.422090
53,22760,3000,4027.000,23587.000,3930.000,21087.000,0.869022
53,22760,3000,3229.000,23580.000,3110.000,21088.000,0.702504
53,22760,3000,3729.000,22899.000,3613.000,20409.000,0.945412
53,22760,3000,3832.000,22793.000,3723.000,20305.000,0.371010
53,22760,3000,3910.000,23938.000,3814.000,21429.000,0.947876
53,22760,3000,3771.000,23861.000,3668.000,21357.000,0.934641
53,22760,3000,3925.000,23427.000,3821.000,20927.000,0.952281
53,22760,3000,3194.000,23183.000,3069.000,20697.000,0.801582
53,22760,3000,3643.000,22799.000,3485.000,20210.000,0.260124
53,22760,3000,3993.000,23223.000,3892.000,20726.000,0.950998
53,22760,3000,3836.000,22794.000,3687.000,20191.000,0.259717
53,22760,3000,3902.000,23298.000,3794.000,20801.000,0.950730
53,22760,3000,3223.000,23415.000,3102.000,20925.000,0.474102
53,22760,3000,3451.000,23397.000,3335.000,20904.000,0.947823
53,22760,3000,4027.000,23255.000,3922.000,20758.000,0.949153
53,22760,3000,3190.000,23457.000,3068.000,20967.000,0.244951
53,22760,3000,3672.000,22815.000,3554.000,20326.000,0.654026
53,22760,3000,3235.000,23654.000,3118.000,21158.000,0.688332
53,22760,3000,3489.000,23832.000,3377.000,21335.000,0.349081
53,22760,3000,3636.000,23686.000,3523.000,21186.000,0.385848
53,22760,3000,3602.000,23627.000,3492.000,21130.000,0.908735
53,22760,3000,3183.000,23268.000,3059.000,20780.000,0.743147
53,22760,3000,3020.000,23910.000,2903.000,21411.000,0.410651
53,22760,3000,3120.000,23091.000,2997.000,20605.000,0.496761
53,22760,3000,3205.000,23775.000,3089.000,21278.000,0.294222
53,22760,3000,3521.000,22981.000,3404.000,20493.000,0.881235
53,22760,3000,3828.000,23090.000,3718.000,20601.000,0.727466
53,22760,3000,3059.000,23605.000,2966.000,21123.000,0.248962
53,22760,3000,4177.000,23083.000,4077.000,20582.000,0.948569
53,22760,3000,3399.000,23323.000,3285.000,20830.000,0.631314
53,22760,3000,3792.000,23606.000,3686.000,21105.000,0.736876
53,22760,3000,3407.000,23279.000,3306.000,20782.000,0.436325
53,22760,3000,3814.000,23456.000,3711.000,20960.000,0.627731
53,22760,3000,3998.000,23102.000,3892.000,20607.000,0.595311
53,22760,3000,3837.000,23036.000,3725.000,20544.000,0.696422
53,22760,3000,3992.000,23324.000,3885.000,20847.000,0.255939
53,22760,3000,3924.000,23280.000,3818.000,20781.000,0.950182
53,22760,3000,3780.000,23467.000,3674.000,20970.000,0.828864
53,22760,3000,3596.000,22890.000,3542.000,20426.000,0.241492
53,22760,3000,3197.000,23498.000,3077.000,21008.000,0.343667
53,22760,3000,4189.000,23071.000,4089.000,20571.000,0.936944
53,22760,3000,4086.000,23959.000,4001.000,21437.000,0.413046
53,22760,3000,3368.000,23822.000,3239.000,21323.000,0.416242
53,22760,3000,3149.000,23175.000,3022.000,20691.000,0.766109
53,22760,3000,3082.000,23357.000,2955.000,20873.000,0.241767
53,22760,3000,3149.000,23744.000,3032.000,21248.000,0.604280
53,22760,3000,3278.000,23048.000,3167.000,20549.000,0.337603
53,22760,3000,3690.000,23285.000,3578.000,20791.000,0.225300
53,22760,3000,4192.000,23011.000,4092.000,20513.000,0.947709
53,22760,3000,4006.000,23167.000,3898.000,20671.000,0.947455
53,22760,3000,3128.000,23140.000,3011.000,20617.000,0.620424
53,22760,3000,3404.000,23495.000,3283.000,21004.000,0.589104
53,22760,3000,4102.000,23404.000,3972.000,20877.000,0.343281
53,22760,3000,3447.000,23332.000,3328.000,20839.000,0.748171
53,22760,3000,3557.000,23017.000,3438.000,20529.000,0.910517
53,22760,3000,3518.000,23199.000,3399.000,20708.000,0.906846
53,22760,3000,4199.000,23850.000,4114.000,21333.000,0.800329
53,22760,3000,3534.000,23424.000,3404.000,20933.000,0.493720
53,22760,3000,4103.000,23453.000,4007.000,20947.000,0.939149
53,22760,3000,3500.000,23175.000,3381.000,20685.000,0.765030
53,22760,3000,3538.000,23545.000,3425.000,21050.000,0.855283
53,22760,3000,3731.000,23383.000,3619.000,20887.000,0.738743
53,22760,3000,3872.000,23280.000,3762.000,20782.000,0.952288
53,22760,3000,3180.000,23193.000,3056.000,20703.000,0.492581
53,22760,3000,3199.000,23680.000,3070.000,21205.000,0.565943
53,22760,3000,3357.000,22892.000,3224.000,20326.000,0.485225
53,22760,3000,4093.000,23636.000,3999.000,21127.000,0.922127
53,22760,3000,3556.000,22785.000,3459.000,20247.000,0.237868
53,22760,3000,3557.000,23554.000,3463.000,21054.000,0.378616
53,22760,3000,3709.000,23376.000,3598.000,20881.000,0.935412
53,22760,3000,3996.000,23813.000,3905.000,21309.000,0.415083
53,22760,3000,3403.000,23191.000,3282.000,20702.000,0.850051
53,22760,3000,3413.000,23260.000,3293.000,20770.000,0.827912
53,22760,3000,4156.000,23248.000,4057.000,20746.000,0.924108
53,22760,3000,3878.000,22774.000,3800.000,20290.000,0.365159
53,22760,3000,3460.000,22839.000,3355.000,20343.000,0.919561
53,22760,3000,3223.000,23290.000,3078.000,20755.000,0.397625
53,22760,3000,4152.000,23101.000,4051.000,20599.000,0.923184
53,22760,3000,3975.000,23232.000,3868.000,20735.000,0.949732
53,22760,3000,4012.000,23270.000,3907.000,20773.000,0.949651
53,22760,3000,4145.000,22935.000,4047.000,20450.000,0.384687
53,22760,3000,3074.000,23809.000,2982.000,21338.000,0.217833
53,22760,3000,3727.000,22872.000,3625.000,20389.000,0.548108
53,22760,3000,3430.000,23092.000,3309.000,20604.000,0.574664
53,22760,3000,3578.000,23274.000,3471.000,20792.000,0.595369
53,22760,3000,3531.000,23604.000,3429.000,21103.000,0.235062
53,22760,3000,3746.000,23080.000,3631.000,20589.000,0.427215
53,22760,3000,3438.000,23420.000,3323.000,20925.000,0.811540
53,22760,3000,3360.000,23952.000,3249.000,21453.000,0.943544
53,22760,3000,3216.000,22916.000,3088.000,20436.000,0.258992
53,22760,3000,3579.000,23899.000,3470.000,21398.000,0.924548
53,22760,3000,3814.000,23524.000,3670.000,21010.000,0.202983
53,22760,3000,3236.000,23214.000,3113.000,20726.000,0.485156
53,22760,3000,3340.000,23923.000,3186.000,21412.000,0.284125
53,22760,3000,3933.000,22885.000,3821.000,20392.000,0.659896
53,22760,3000,3180.000,23163.000,3053.000,20678.000,0.677039
53,22760,3000,3190.000,23629.000,3070.000,21133.000,0.616778
53,22760,3000,3588.000,23274.000,3478.000,20776.000,0.807229
53,22760,3000,3798.000,23618.000,3693.000,21119.000,0.622682
53,22760,3000,3857.000,23039.000,3747.000,20549.000,0.927230
53,22760,3000,3813.000,23061.000,3701.000,20568.000,0.522150
53,22760,3000,3045.000,23484.000,2919.000,20995.000,0.444000
53,22760,3000,4168.000,23276.000,4070.000,20773.000,0.693553
53,22760,3000,3089.000,23063.000,2977.000,20591.000,0.257101
53,22760,3000,3951.000,23554.000,3859.000,21037.000,0.393243
53,22760,3000,3964.000,23077.000,3861.000,20580.000,0.704750
53,22760,3000,3938.000,23509.000,3839.000,21010.000,0.659584
53,22760,3000,3167.000,23278.000,3049.000,20795.000,0.507852
53,22760,3000,3747.000,23436.000,3638.000,20939.000,0.779971
53,22760,3000,4042.000,23223.000,3938.000,20725.000,0.749987
53,22760,3000,3637.000,23576.000,3537.000,21073.000,0.895634
53,22760,3000,3795.000,23256.000,3699.000,20756.000,0.824194
53,22760,3000,3032.000,23571.000,2949.000,20993.000,0.212829
53,22760,3000,4118.000,23121.000,4015.000,20622.000,0.930409
53,22760,3000,4162.000,23214.000,4063.000,20712.000,0.946534
53,22760,3000,3549.000,23691.000,3437.000,21192.000,0.833004
53,22760,3000,3270.000,23359.000,3151.000,20866.000,0.685426
53,22760,3000,3553.000,22860.000,3455.000,20317.000,0.314873
53,22760,3000,3184.000,23616.000,3081.000,21185.000,0.312771
53,22760,3000,3733.000,23219.000,3621.000,20727.000,0.211753
53,22760,3000,3828.000,23201.000,3717.000,20706.000,0.908163
53,22760,3000,3732.000,22978.000,3622.000,20489.000,0.479945
53,22760,3000,3422.000,23092.000,3303.000,20602.000,0.511129
53,22760,3000,3672.000,23833.000,3566.000,21335.000,0.760584
53,22760,3000,3974.000,23688.000,3883.000,21179.000,0.528734
53,22760,3000,3394.000,22877.000,3268.000,20393.000,0.914064
53,22760,3000,4120.000,22962.000,4020.000,20468.000,0.518772
53,22760,3000,3221.000,23941.000,3105.000,21444.000,0.802271
53,22760,3000,3195.000,23617.000,3076.000,21122.000,0.338643
53,22760,3000,4144.000,23531.000,4066.000,21040.000,0.379475
53,22760,3000,3447.000,23146.000,3329.000,20658.000,0.876165
53,22760,3000,4027.000,23181.000,3937.000,20688.000,0.555656
53,22760,3000,3441.000,23565.000,3327.000,21070.000,0.945015
53,22760,3000,4168.000,22785.000,4061.000,20291.000,0.323367
53,22760,3000,3997.000,23729.000,3901.000,21222.000,0.952704
53,22760,3000,4011.000,23478.000,3911.000,20975.000,0.601331
53,22760,3000,3986.000,23823.000,3906.000,21321.000,0.581830
53,22760,3000,3473.000,23271.000,3348.000,20682.000,0.222805
53,22760,3000,3302.000,23300.000,3187.000,20810.000,0.687217
53,22760,3000,3325.000,23372.000,3247.000,20864.000,0.443039
53,22760,3000,3924.000,23812.000,3826.000,21305.000,0.916102
53,22760,3000,3798.000,23180.000,3685.000,20687.000,0.929996
53,22760,3000,3187.000,23119.000,3058.000,20636.000,0.952054
53,22760,3000,3942.000,23389.000,3839.000,20894.000,0.460222
53,22760,3000,3308.000,23327.000,3218.000,20842.000,0.803201
