tile_id,tile_row,tile_col,ohrc_x,ohrc_y,nac_x,nac_y,confidence
13,7160,1800,2437.0,7581.0,2427.0,4946.0,0.934444
13,7160,1800,2543.0,7916.0,2536.0,5279.0,0.946182
13,7160,1800,2684.0,7517.0,2681.0,4876.0,0.588444
13,7160,1800,2843.0,7904.0,2841.0,5265.0,0.932746
13,7160,1800,2997.0,8201.0,2991.0,5569.0,0.937258
13,7160,1800,2142.0,7758.0,2125.0,5128.0,0.944943
13,7160,1800,1994.0,7620.0,1969.0,4995.0,0.892033
13,7160,1800,2863.0,8160.0,2855.0,5526.0,0.933066
13,7160,1800,2239.0,7809.0,2224.0,5177.0,0.949271
13,7160,1800,2472.0,7770.0,2464.0,5133.0,0.937151
13,7160,1800,2427.0,7960.0,2419.0,5325.0,0.91086
13,7160,1800,2687.0,7370.0,2687.0,4725.0,0.848059
13,7160,1800,2930.0,7322.0,2938.0,4674.0,0.412798
13,7160,1800,2039.0,7868.0,2018.0,5241.0,0.43444
13,7160,1800,2215.0,7842.0,2199.0,5212.0,0.732477
13,7160,1800,2992.0,8228.0,2986.0,5596.0,0.947757
13,7160,1800,2270.0,7961.0,2253.0,5332.0,0.857516
13,7160,1800,2836.0,7425.0,2854.0,4770.0,0.613334
13,7160,1800,2760.0,8059.0,2751.0,5421.0,0.921939
13,7160,1800,2927.0,7681.0,2930.0,5038.0,0.942446
13,7160,1800,2954.0,7481.0,2959.0,4836.0,0.938707
13,7160,1800,2557.0,7922.0,2550.0,5285.0,0.658813
13,7160,1800,2946.0,8202.0,2939.0,5569.0,0.947276
13,7160,1800,2982.0,7738.0,2988.0,5095.0,0.878266
13,7160,1800,2380.0,7521.0,2368.0,4886.0,0.940281
13,7160,1800,2505.0,7771.0,2498.0,5133.0,0.820389
13,7160,1800,2410.0,8018.0,2399.0,5385.0,0.877432
13,7160,1800,2609.0,7440.0,2603.0,4801.0,0.885038
13,7160,1800,2936.0,7788.0,2939.0,5145.0,0.791394
13,7160,1800,2862.0,8201.0,2856.0,5568.0,0.556851
13,7160,1800,2522.0,7448.0,2515.0,4809.0,0.859069
13,7160,1800,2945.0,7709.0,2947.0,5067.0,0.907237
13,7160,1800,2109.0,7598.0,2088.0,4969.0,0.921499
13,7160,1800,2489.0,7781.0,2486.0,5143.0,0.910926
13,7160,1800,2942.0,7820.0,2943.0,5178.0,0.919085
13,7160,1800,2223.0,8026.0,2204.0,5397.0,0.940188
13,7160,1800,2923.0,7698.0,2929.0,5052.0,0.533386
13,7160,1800,2572.0,7652.0,2567.0,5013.0,0.795626
13,7160,1800,2067.0,8150.0,2043.0,5529.0,0.507855
13,7160,1800,2208.0,7827.0,2190.0,5194.0,0.95565
13,7160,1800,2446.0,7422.0,2437.0,4785.0,0.532643
13,7160,1800,2434.0,7701.0,2424.0,5065.0,0.950106
13,7160,1800,2176.0,7543.0,2158.0,4913.0,0.901473
13,7160,1800,2300.0,7868.0,2285.0,5236.0,0.941514
13,7160,1800,2173.0,7950.0,2155.0,5323.0,0.651893
13,7160,1800,2607.0,8186.0,2590.0,5553.0,0.884566
13,7160,1800,2835.0,7629.0,2836.0,4987.0,0.909174
13,7160,1800,2884.0,8055.0,2879.0,5419.0,0.841423
13,7160,1800,2998.0,7621.0,3004.0,4977.0,0.921567
13,7160,1800,2320.0,7346.0,2307.0,4712.0,0.94183
13,7160,1800,2448.0,7588.0,2439.0,4952.0,0.945298
13,7160,1800,2481.0,7768.0,2479.0,5126.0,0.857018
13,7160,1800,2468.0,7951.0,2459.0,5315.0,0.951677
13,7160,1800,2539.0,7717.0,2532.0,5079.0,0.736831
13,7160,1800,2981.0,7761.0,2986.0,5118.0,0.807865
13,7160,1800,2284.0,7864.0,2270.0,5233.0,0.949803
13,7160,1800,2945.0,7833.0,2945.0,5193.0,0.884013
13,7160,1800,2520.0,8106.0,2506.0,5474.0,0.765487
13,7160,1800,2545.0,8035.0,2535.0,5401.0,0.411227
13,7160,1800,2160.0,7868.0,2143.0,5238.0,0.662741
13,7160,1800,2374.0,7505.0,2362.0,4870.0,0.95121
13,7160,1800,2869.0,7579.0,2879.0,4933.0,0.894356
13,7160,1800,2310.0,7528.0,2300.0,4896.0,0.88511
13,7160,1800,2658.0,7504.0,2666.0,4865.0,0.902763
13,7160,1800,2402.0,7765.0,2393.0,5127.0,0.953679
13,7160,1800,2823.0,7647.0,2817.0,5004.0,0.824168
13,7160,1800,2917.0,7905.0,2924.0,5267.0,0.905511
13,7160,1800,2387.0,7794.0,2379.0,5158.0,0.948609
13,7160,1800,2010.0,7844.0,1988.0,5217.0,0.643407
13,7160,1800,1966.0,7695.0,1942.0,5070.0,0.78818
13,7160,1800,1960.0,7774.0,1939.0,5148.0,0.563059
13,7160,1800,2000.0,8095.0,1974.0,5471.0,0.887798
13,7160,1800,2198.0,7920.0,2180.0,5292.0,0.95061
13,7160,1800,2684.0,7633.0,2680.0,4994.0,0.940837
13,7160,1800,2427.0,8019.0,2416.0,5386.0,0.903229
13,7160,1800,2209.0,7951.0,2189.0,5324.0,0.902118
13,7160,1800,2735.0,7553.0,2735.0,4910.0,0.857795
13,7160,1800,2909.0,7899.0,2910.0,5260.0,0.876
13,7160,1800,2373.0,7483.0,2361.0,4848.0,0.847182
13,7160,1800,2137.0,7768.0,2120.0,5139.0,0.949802
13,7160,1800,2253.0,7415.0,2237.0,4783.0,0.928554
13,7160,1800,2788.0,7578.0,2788.0,4937.0,0.879248
13,7160,1800,2976.0,7664.0,2979.0,5021.0,0.53875
13,7160,1800,2430.0,7811.0,2422.0,5176.0,0.93021
13,7160,1800,2477.0,7721.0,2469.0,5085.0,0.923756
13,7160,1800,2722.0,7899.0,2716.0,5263.0,0.827815
13,7160,1800,2206.0,7901.0,2188.0,5272.0,0.948529
13,7160,1800,2322.0,8204.0,2305.0,5579.0,0.646303
13,7160,1800,2608.0,7481.0,2603.0,4841.0,0.704727
13,7160,1800,2126.0,7754.0,2108.0,5124.0,0.934071
13,7160,1800,2293.0,8166.0,2272.0,5539.0,0.919368
13,7160,1800,2188.0,7833.0,2172.0,5201.0,0.585333
13,7160,1800,2135.0,7476.0,2115.0,4848.0,0.457003
13,7160,1800,2997.0,7743.0,3004.0,5101.0,0.739495
13,7160,1800,2466.0,7911.0,2458.0,5275.0,0.945552
13,7160,1800,2004.0,8131.0,1978.0,5509.0,0.941716
13,7160,1800,2503.0,8067.0,2491.0,5435.0,0.929048
13,7160,1800,2584.0,7493.0,2578.0,4854.0,0.480517
13,7160,1800,2018.0,7988.0,1994.0,5366.0,0.953088
13,7160,1800,2681.0,7763.0,2673.0,5124.0,0.921124
13,7160,1800,2605.0,7505.0,2616.0,4868.0,0.564256
13,7160,1800,2938.0,7806.0,2940.0,5167.0,0.799964
13,7160,1800,2045.0,7636.0,2023.0,5010.0,0.947579
13,7160,1800,2551.0,7422.0,2546.0,4785.0,0.580453
13,7160,1800,2355.0,8162.0,2337.0,5536.0,0.939403
13,7160,1800,2154.0,8043.0,2134.0,5416.0,0.522743
13,7160,1800,2696.0,7597.0,2693.0,4956.0,0.937329
13,7160,1800,2110.0,8170.0,2086.0,5547.0,0.867656
13,7160,1800,2255.0,7961.0,2236.0,5331.0,0.940329
13,7160,1800,2495.0,7918.0,2486.0,5283.0,0.944613
13,7160,1800,2149.0,7432.0,2132.0,4800.0,0.570216
13,7160,1800,2904.0,7833.0,2905.0,5193.0,0.790359
13,7160,1800,2071.0,7835.0,2052.0,5206.0,0.789322
13,7160,1800,2327.0,8130.0,2311.0,5502.0,0.783896
13,7160,1800,2126.0,7772.0,2108.0,5141.0,0.952711
13,7160,1800,2662.0,7540.0,2659.0,4899.0,0.921329
13,7160,1800,2655.0,7975.0,2650.0,5338.0,0.944336
13,7160,1800,2347.0,7731.0,2337.0,5099.0,0.949941
13,7160,1800,2545.0,7751.0,2538.0,5113.0,0.952634
13,7160,1800,2384.0,7726.0,2376.0,5089.0,0.947251
13,7160,1800,2966.0,7801.0,2967.0,5160.0,0.921654
13,7160,1800,1994.0,7651.0,1970.0,5024.0,0.441218
13,7160,1800,2684.0,7705.0,2680.0,5065.0,0.950047
13,7160,1800,2186.0,8208.0,2164.0,5585.0,0.94457
13,7160,1800,2979.0,7704.0,2982.0,5064.0,0.834883
13,7160,1800,2955.0,7368.0,2962.0,4718.0,0.467578
13,7160,1800,2693.0,7437.0,2695.0,4793.0,0.35064
13,7160,1800,2102.0,7681.0,2079.0,5051.0,0.511536
13,7160,1800,2420.0,7945.0,2410.0,5310.0,0.945072
13,7160,1800,2870.0,7417.0,2874.0,4772.0,0.331924
13,7160,1800,2242.0,7923.0,2224.0,5293.0,0.95245
13,7160,1800,2052.0,7838.0,2032.0,5209.0,0.914923
13,7160,1800,2394.0,8073.0,2380.0,5442.0,0.950985
13,7160,1800,2055.0,7560.0,2033.0,4933.0,0.943507
13,7160,1800,1981.0,7535.0,1957.0,4911.0,0.472341
13,7160,1800,2476.0,7497.0,2467.0,4861.0,0.693528
13,7160,1800,2361.0,7592.0,2349.0,4959.0,0.588222
13,7160,1800,2615.0,8037.0,2607.0,5401.0,0.952776
13,7160,1800,2647.0,7478.0,2642.0,4837.0,0.914929
13,7160,1800,2991.0,7628.0,2997.0,4982.0,0.884519
13,7160,1800,2470.0,7822.0,2462.0,5184.0,0.927883
13,7160,1800,2589.0,7216.0,2590.0,4569.0,0.312813
13,7160,1800,2253.0,7865.0,2238.0,5235.0,0.938022
13,7160,1800,2196.0,8126.0,2175.0,5500.0,0.321842
13,7160,1800,2092.0,7890.0,2070.0,5261.0,0.895989
13,7160,1800,2304.0,7541.0,2291.0,4908.0,0.487563
13,7160,1800,2883.0,7559.0,2890.0,4913.0,0.546155
13,7160,1800,2044.0,7854.0,2023.0,5226.0,0.872891
13,7160,1800,2309.0,7611.0,2296.0,4978.0,0.949365
13,7160,1800,2671.0,7976.0,2666.0,5337.0,0.875806
13,7160,1800,2952.0,8310.0,2944.0,5678.0,0.930477
13,7160,1800,2152.0,7776.0,2132.0,5145.0,0.918348
13,7160,1800,1980.0,7773.0,1959.0,5145.0,0.798563
13,7160,1800,2915.0,7505.0,2920.0,4859.0,0.586989
13,7160,1800,2336.0,7835.0,2325.0,5202.0,0.768921
13,7160,1800,2320.0,7490.0,2308.0,4855.0,0.492437
13,7160,1800,2340.0,7695.0,2329.0,5059.0,0.938188
13,7160,1800,2034.0,8124.0,2009.0,5501.0,0.940896
13,7160,1800,2956.0,8295.0,2948.0,5664.0,0.923258
13,7160,1800,2621.0,7486.0,2616.0,4846.0,0.498521
13,7160,1800,2583.0,7797.0,2576.0,5158.0,0.76716
13,7160,1800,2183.0,8045.0,2164.0,5417.0,0.937966
13,7160,1800,2987.0,8088.0,2984.0,5451.0,0.916543
13,7160,1800,2899.0,7797.0,2900.0,5157.0,0.9407
13,7160,1800,2398.0,7699.0,2389.0,5063.0,0.879657
13,7160,1800,2231.0,7663.0,2215.0,5031.0,0.947938
13,7160,1800,2244.0,8121.0,2224.0,5494.0,0.88062
13,7160,1800,2874.0,7755.0,2873.0,5114.0,0.946913
13,7160,1800,2662.0,7589.0,2658.0,4949.0,0.92381
13,7160,1800,2190.0,7930.0,2168.0,5298.0,0.947617
13,7160,1800,2670.0,7522.0,2666.0,4882.0,0.863038
13,7160,1800,2176.0,7598.0,2158.0,4968.0,0.939479
13,7160,1800,2846.0,8263.0,2838.0,5633.0,0.308529
13,7160,1800,1979.0,7647.0,1956.0,5018.0,0.533667
13,7160,1800,2701.0,7363.0,2705.0,4719.0,0.749621
13,7160,1800,2660.0,7702.0,2656.0,5064.0,0.641699
13,7160,1800,2009.0,7574.0,1986.0,4949.0,0.687574
13,7160,1800,2064.0,8053.0,2040.0,5429.0,0.873952
13,7160,1800,2568.0,8043.0,2558.0,5409.0,0.947601
13,7160,1800,2512.0,7301.0,2506.0,4660.0,0.846134
13,7160,1800,2019.0,7825.0,1998.0,5197.0,0.880594
13,7160,1800,2741.0,7585.0,2739.0,4944.0,0.898755
13,7160,1800,2003.0,8023.0,1983.0,5401.0,0.775902
13,7160,1800,2367.0,7581.0,2355.0,4947.0,0.906059
13,7160,1800,2405.0,7530.0,2395.0,4895.0,0.359513
13,7160,1800,2737.0,7284.0,2739.0,4637.0,0.37847
13,7160,1800,2334.0,8051.0,2319.0,5422.0,0.948977
13,7160,1800,1968.0,7771.0,1950.0,5157.0,0.709822
13,7160,1800,2124.0,7951.0,2103.0,5323.0,0.799433
13,7160,1800,2622.0,7631.0,2619.0,4980.0,0.787491
13,7160,1800,2814.0,7550.0,2815.0,4908.0,0.798013
13,7160,1800,2340.0,7377.0,2326.0,4741.0,0.929053
13,7160,1800,2607.0,7540.0,2600.0,4901.0,0.929124
13,7160,1800,2322.0,7391.0,2309.0,4759.0,0.740284
13,7160,1800,2909.0,7687.0,2910.0,5051.0,0.511223
13,7160,1800,2031.0,7839.0,2010.0,5212.0,0.846804
13,7160,1800,2735.0,7722.0,2734.0,5081.0,0.681439
13,7160,1800,2265.0,7869.0,2254.0,5233.0,0.57139
13,7160,1800,2945.0,7406.0,2952.0,4757.0,0.318868
13,7160,1800,2783.0,7842.0,2779.0,5205.0,0.936861
13,7160,1800,2729.0,7674.0,2726.0,5032.0,0.879805
13,7160,1800,2932.0,7721.0,2933.0,5078.0,0.747172
13,7160,1800,2943.0,7947.0,2942.0,5309.0,0.941491
13,7160,1800,2900.0,7906.0,2899.0,5268.0,0.850493
13,7160,1800,2917.0,7892.0,2918.0,5251.0,0.518689
13,7160,1800,2350.0,7795.0,2338.0,5161.0,0.954616
13,7160,1800,2239.0,7882.0,2223.0,5250.0,0.945709
13,7160,1800,2547.0,7813.0,2542.0,5176.0,0.904514
13,7160,1800,2608.0,7426.0,2604.0,4784.0,0.65912
14,7160,3000,3270.0,7693.0,3285.0,5042.0,0.310502
14,7160,3000,3230.0,8193.0,3232.0,5555.0,0.862518
14,7160,3000,3213.0,8029.0,3219.0,5386.0,0.739177
14,7160,3000,3409.0,7705.0,3429.0,5053.0,0.333337
14,7160,3000,3300.0,7689.0,3316.0,5037.0,0.461261
14,7160,3000,3144.0,8045.0,3145.0,5405.0,0.667892
14,7160,3000,3095.0,8101.0,3094.0,5465.0,0.416541
19,9560,1800,2952.0,10193.0,2884.0,7622.0,0.468962
19,9560,1800,2708.0,10218.0,2628.0,7662.0,0.769676
19,9560,1800,2883.0,10440.0,2803.0,7885.0,0.926758
19,9560,1800,2702.0,10231.0,2623.0,7675.0,0.71258
19,9560,1800,2169.0,10743.0,2073.0,8216.0,0.472105
19,9560,1800,2824.0,10684.0,2735.0,8138.0,0.945303
19,9560,1800,2846.0,10633.0,2760.0,8086.0,0.546264
19,9560,1800,2852.0,10250.0,2773.0,7694.0,0.565005
19,9560,1800,2815.0,9904.0,2750.0,7330.0,0.505205
19,9560,1800,2738.0,10566.0,2668.0,8015.0,0.673846
19,9560,1800,2841.0,10232.0,2763.0,7674.0,0.759977
19,9560,1800,2630.0,10718.0,2558.0,8169.0,0.771138
19,9560,1800,2933.0,10204.0,2861.0,7644.0,0.855101
19,9560,1800,2951.0,10570.0,2871.0,8016.0,0.944583
19,9560,1800,2833.0,9621.0,2782.0,7034.0,0.306285
19,9560,1800,2753.0,10756.0,2662.0,8214.0,0.944881
19,9560,1800,2522.0,9893.0,2446.0,7331.0,0.3294
19,9560,1800,2633.0,10170.0,2561.0,7608.0,0.654958
19,9560,1800,2762.0,10123.0,2687.0,7562.0,0.318399
19,9560,1800,2915.0,10540.0,2833.0,7989.0,0.946287
19,9560,1800,2402.0,10340.0,2335.0,7793.0,0.797072
19,9560,1800,2243.0,10077.0,2157.0,7525.0,0.386623
19,9560,1800,2838.0,10448.0,2755.0,7896.0,0.627178
19,9560,1800,2900.0,10595.0,2814.0,8046.0,0.895528
19,9560,1800,2860.0,10216.0,2783.0,7657.0,0.444943
19,9560,1800,2978.0,10576.0,2897.0,8024.0,0.912191
19,9560,1800,2895.0,10584.0,2822.0,8023.0,0.774584
19,9560,1800,2827.0,10554.0,2740.0,8005.0,0.648193
19,9560,1800,2865.0,10047.0,2797.0,7480.0,0.773694
19,9560,1800,2817.0,10247.0,2735.0,7686.0,0.465158
19,9560,1800,2949.0,9932.0,2891.0,7354.0,0.704441
19,9560,1800,2838.0,10661.0,2750.0,8115.0,0.947735
19,9560,1800,2940.0,10569.0,2858.0,8018.0,0.925689
19,9560,1800,2640.0,10737.0,2565.0,8187.0,0.367022
19,9560,1800,2811.0,10088.0,2752.0,7524.0,0.456845
19,9560,1800,2305.0,10538.0,2223.0,7992.0,0.903992
19,9560,1800,2847.0,10528.0,2762.0,7978.0,0.880898
19,9560,1800,2853.0,10680.0,2766.0,8134.0,0.753031
19,9560,1800,2735.0,10053.0,2660.0,7491.0,0.315213
19,9560,1800,2718.0,10096.0,2639.0,7536.0,0.338256
19,9560,1800,2589.0,10072.0,2526.0,7515.0,0.574624
19,9560,1800,2712.0,10194.0,2632.0,7636.0,0.843998
19,9560,1800,2681.0,10212.0,2599.0,7657.0,0.787357
19,9560,1800,2922.0,9836.0,2868.0,7254.0,0.30849
19,9560,1800,2558.0,10064.0,2478.0,7507.0,0.455087
19,9560,1800,2887.0,10653.0,2801.0,8105.0,0.429679
19,9560,1800,2699.0,10158.0,2618.0,7600.0,0.836613
19,9560,1800,2643.0,10520.0,2563.0,7977.0,0.860987
19,9560,1800,2990.0,10412.0,2914.0,7855.0,0.897268
19,9560,1800,2628.0,10160.0,2560.0,7596.0,0.714693
19,9560,1800,2999.0,10375.0,2925.0,7815.0,0.552243
19,9560,1800,2983.0,10620.0,2902.0,8070.0,0.514594
19,9560,1800,2712.0,10240.0,2632.0,7686.0,0.608529
19,9560,1800,2222.0,10354.0,2130.0,7808.0,0.4693
19,9560,1800,2991.0,9943.0,2927.0,7367.0,0.615011
19,9560,1800,2896.0,10269.0,2818.0,7710.0,0.943023
19,9560,1800,2932.0,10438.0,2862.0,7884.0,0.832361
19,9560,1800,2990.0,10687.0,2924.0,8137.0,0.829559
19,9560,1800,2630.0,10084.0,2551.0,7524.0,0.437155
19,9560,1800,2336.0,10162.0,2261.0,7607.0,0.662574
19,9560,1800,2789.0,10094.0,2714.0,7531.0,0.388931
19,9560,1800,2649.0,10058.0,2570.0,7496.0,0.529329
19,9560,1800,2958.0,10692.0,2874.0,8141.0,0.916807
19,9560,1800,2594.0,9980.0,2516.0,7418.0,0.412944
19,9560,1800,2794.0,10067.0,2720.0,7502.0,0.309849
19,9560,1800,2872.0,10129.0,2802.0,7566.0,0.817159
19,9560,1800,2723.0,10227.0,2644.0,7671.0,0.305351
19,9560,1800,2945.0,10705.0,2858.0,8158.0,0.949734
20,9560,3000,3766.0,10353.0,3715.0,7780.0,0.936697
20,9560,3000,3322.0,9907.0,3274.0,7324.0,0.907244
20,9560,3000,3637.0,10505.0,3581.0,7936.0,0.940647
20,9560,3000,3608.0,9753.0,3569.0,7163.0,0.840753
20,9560,3000,3280.0,9811.0,3241.0,7220.0,0.381146
20,9560,3000,3245.0,10277.0,3185.0,7707.0,0.809304
20,9560,3000,3416.0,10543.0,3353.0,7977.0,0.937635
20,9560,3000,3889.0,10490.0,3836.0,7919.0,0.943692
20,9560,3000,3230.0,9919.0,3181.0,7335.0,0.937542
20,9560,3000,3876.0,10084.0,3831.0,7504.0,0.371151
20,9560,3000,3324.0,9957.0,3276.0,7373.0,0.936351
20,9560,3000,3277.0,9830.0,3234.0,7241.0,0.879139
20,9560,3000,3719.0,10630.0,3658.0,8065.0,0.845591
20,9560,3000,3924.0,10723.0,3868.0,8158.0,0.949409
20,9560,3000,3285.0,9861.0,3240.0,7273.0,0.93508
20,9560,3000,3485.0,9786.0,3443.0,7195.0,0.495644
20,9560,3000,3339.0,10548.0,3273.0,7984.0,0.940388
20,9560,3000,3631.0,10652.0,3569.0,8089.0,0.943017
20,9560,3000,3240.0,9900.0,3183.0,7320.0,0.529988
20,9560,3000,3441.0,10018.0,3395.0,7428.0,0.700772
20,9560,3000,3206.0,10721.0,3146.0,8156.0,0.653391
20,9560,3000,3924.0,10632.0,3869.0,8065.0,0.901212
20,9560,3000,3537.0,10581.0,3478.0,8015.0,0.932769
20,9560,3000,3252.0,9926.0,3196.0,7350.0,0.592696
20,9560,3000,3611.0,9724.0,3574.0,7134.0,0.627302
20,9560,3000,3800.0,10124.0,3750.0,7550.0,0.720639
20,9560,3000,3455.0,10337.0,3398.0,7766.0,0.941436
20,9560,3000,3280.0,10066.0,3226.0,7487.0,0.763221
20,9560,3000,3617.0,10649.0,3559.0,8079.0,0.941934
20,9560,3000,3872.0,10742.0,3817.0,8177.0,0.93785
20,9560,3000,3273.0,10095.0,3219.0,7518.0,0.898028
20,9560,3000,3050.0,9960.0,2994.0,7382.0,0.921292
20,9560,3000,3363.0,10411.0,3306.0,7843.0,0.938809
20,9560,3000,3666.0,10302.0,3623.0,7725.0,0.940216
20,9560,3000,3378.0,10029.0,3327.0,7449.0,0.933045
20,9560,3000,3771.0,10278.0,3721.0,7702.0,0.930816
20,9560,3000,3730.0,9786.0,3693.0,7196.0,0.718447
20,9560,3000,3606.0,10695.0,3542.0,8128.0,0.518649
20,9560,3000,3449.0,10182.0,3397.0,7604.0,0.940111
20,9560,3000,3447.0,10070.0,3397.0,7489.0,0.939319
20,9560,3000,3652.0,10738.0,3592.0,8174.0,0.938577
20,9560,3000,3409.0,10531.0,3346.0,7966.0,0.926603
20,9560,3000,3377.0,10207.0,3322.0,7631.0,0.898731
20,9560,3000,3897.0,10345.0,3849.0,7773.0,0.92664
20,9560,3000,3208.0,10668.0,3135.0,8112.0,0.938557
20,9560,3000,3273.0,10008.0,3222.0,7427.0,0.938052
20,9560,3000,3496.0,10210.0,3445.0,7632.0,0.941661
20,9560,3000,3387.0,10410.0,3328.0,7842.0,0.94428
20,9560,3000,3435.0,10321.0,3379.0,7751.0,0.942765
20,9560,3000,3859.0,10244.0,3811.0,7668.0,0.94338
20,9560,3000,3421.0,9826.0,3381.0,7237.0,0.375243
20,9560,3000,3906.0,10602.0,3854.0,8036.0,0.928732
20,9560,3000,3924.0,10681.0,3867.0,8117.0,0.913157
20,9560,3000,3809.0,10500.0,3759.0,7929.0,0.942392
20,9560,3000,3284.0,10113.0,3230.0,7537.0,0.939584
20,9560,3000,3812.0,10662.0,3753.0,8101.0,0.940337
20,9560,3000,3038.0,10662.0,2958.0,8110.0,0.407888
20,9560,3000,3216.0,9809.0,3171.0,7221.0,0.777734
20,9560,3000,3336.0,10180.0,3290.0,7606.0,0.923222
20,9560,3000,3707.0,10379.0,3652.0,7809.0,0.937845
20,9560,3000,3060.0,10306.0,3001.0,7744.0,0.477834
20,9560,3000,3195.0,9833.0,3151.0,7247.0,0.789607
20,9560,3000,3625.0,10515.0,3568.0,7946.0,0.94242
20,9560,3000,3246.0,10692.0,3169.0,8129.0,0.92914
20,9560,3000,3847.0,10067.0,3802.0,7485.0,0.63575
20,9560,3000,3724.0,9793.0,3686.0,7203.0,0.617002
20,9560,3000,3730.0,9850.0,3696.0,7258.0,0.672511
20,9560,3000,3403.0,9930.0,3358.0,7347.0,0.921556
20,9560,3000,3664.0,10061.0,3622.0,7476.0,0.444252
20,9560,3000,3532.0,9694.0,3494.0,7104.0,0.618909
20,9560,3000,3612.0,9798.0,3573.0,7210.0,0.330738
20,9560,3000,3804.0,10513.0,3751.0,7944.0,0.940848
20,9560,3000,3790.0,10331.0,3737.0,7756.0,0.940665
20,9560,3000,3807.0,9931.0,3764.0,7347.0,0.518403
20,9560,3000,3824.0,10036.0,3778.0,7454.0,0.803557
20,9560,3000,3496.0,9772.0,3455.0,7182.0,0.394937
20,9560,3000,3687.0,10366.0,3635.0,7792.0,0.938532
20,9560,3000,3800.0,10574.0,3743.0,8009.0,0.945239
20,9560,3000,3259.0,9765.0,3218.0,7174.0,0.866855
20,9560,3000,3803.0,10431.0,3743.0,7848.0,0.414134
20,9560,3000,3350.0,10097.0,3298.0,7519.0,0.942577
20,9560,3000,3730.0,10597.0,3668.0,8035.0,0.896033
20,9560,3000,3407.0,10260.0,3352.0,7686.0,0.94
20,9560,3000,3058.0,9976.0,3001.0,7398.0,0.932285
20,9560,3000,3414.0,9859.0,3370.0,7271.0,0.864725
20,9560,3000,3475.0,10741.0,3410.0,8179.0,0.940546
20,9560,3000,3162.0,9853.0,3114.0,7268.0,0.93786
20,9560,3000,3364.0,10098.0,3314.0,7518.0,0.931543
20,9560,3000,3065.0,10353.0,3005.0,7791.0,0.932964
20,9560,3000,3223.0,10280.0,3164.0,7709.0,0.61852
20,9560,3000,3294.0,10037.0,3241.0,7458.0,0.936585
20,9560,3000,3037.0,9588.0,2997.0,6992.0,0.572216
20,9560,3000,3359.0,10684.0,3290.0,8122.0,0.939945
20,9560,3000,3672.0,10329.0,3620.0,7756.0,0.940718
20,9560,3000,3434.0,9953.0,3387.0,7366.0,0.918999
20,9560,3000,3262.0,10286.0,3211.0,7712.0,0.460162
20,9560,3000,3296.0,9971.0,3246.0,7389.0,0.940008
20,9560,3000,3702.0,10337.0,3649.0,7763.0,0.941494
20,9560,3000,3269.0,10068.0,3215.0,7492.0,0.66023
20,9560,3000,3729.0,9688.0,3696.0,7096.0,0.375069
20,9560,3000,3078.0,10296.0,3009.0,7730.0,0.806701
20,9560,3000,3775.0,10423.0,3724.0,7851.0,0.931976
20,9560,3000,3618.0,10370.0,3564.0,7797.0,0.942956
20,9560,3000,3775.0,10030.0,3733.0,7447.0,0.790895
20,9560,3000,3483.0,10205.0,3431.0,7629.0,0.940631
20,9560,3000,3927.0,10609.0,3873.0,8039.0,0.882697
20,9560,3000,3080.0,10666.0,3001.0,8111.0,0.77443
20,9560,3000,3229.0,10300.0,3170.0,7728.0,0.937376
20,9560,3000,3425.0,10020.0,3381.0,7440.0,0.935539
20,9560,3000,3604.0,10551.0,3546.0,7983.0,0.942256
20,9560,3000,3453.0,10024.0,3403.0,7444.0,0.926707
20,9560,3000,3894.0,10633.0,3841.0,8068.0,0.85975
20,9560,3000,3222.0,10431.0,3157.0,7864.0,0.673877
20,9560,3000,3058.0,9699.0,3015.0,7105.0,0.412669
20,9560,3000,3270.0,9866.0,3230.0,7283.0,0.931308
20,9560,3000,3465.0,9631.0,3427.0,7039.0,0.398786
20,9560,3000,3722.0,10431.0,3668.0,7860.0,0.940046
20,9560,3000,3336.0,9940.0,3289.0,7355.0,0.93572
20,9560,3000,3592.0,9855.0,3550.0,7270.0,0.301618
20,9560,3000,3298.0,10075.0,3245.0,7496.0,0.939749
20,9560,3000,3352.0,9946.0,3308.0,7363.0,0.857477
20,9560,3000,3644.0,10541.0,3586.0,7973.0,0.939363
20,9560,3000,3788.0,10128.0,3732.0,7531.0,0.481111
20,9560,3000,3614.0,10338.0,3564.0,7759.0,0.921307
20,9560,3000,3514.0,10684.0,3452.0,8120.0,0.948646
20,9560,3000,3753.0,10369.0,3700.0,7797.0,0.939543
20,9560,3000,3606.0,10639.0,3543.0,8075.0,0.941083
20,9560,3000,3607.0,10595.0,3544.0,8024.0,0.875578
20,9560,3000,3245.0,10087.0,3189.0,7511.0,0.690216
20,9560,3000,3640.0,10757.0,3579.0,8192.0,0.706497
20,9560,3000,3012.0,10109.0,2945.0,7540.0,0.937703
20,9560,3000,3335.0,9927.0,3289.0,7343.0,0.880816
20,9560,3000,3776.0,10366.0,3724.0,7790.0,0.417718
20,9560,3000,3383.0,9914.0,3337.0,7329.0,0.785811
20,9560,3000,3885.0,10340.0,3836.0,7767.0,0.887775
20,9560,3000,3428.0,10091.0,3379.0,7511.0,0.879966
20,9560,3000,3679.0,10034.0,3635.0,7452.0,0.812136
20,9560,3000,3540.0,10726.0,3477.0,8163.0,0.939423
20,9560,3000,3509.0,9943.0,3462.0,7357.0,0.937078
20,9560,3000,3087.0,9812.0,3040.0,7225.0,0.865269
20,9560,3000,3622.0,10713.0,3560.0,8150.0,0.941267
20,9560,3000,3310.0,10073.0,3256.0,7497.0,0.888389
20,9560,3000,3364.0,9909.0,3317.0,7325.0,0.935134
20,9560,3000,3178.0,10237.0,3116.0,7666.0,0.93557
20,9560,3000,3395.0,10736.0,3328.0,8176.0,0.940215
20,9560,3000,3646.0,10517.0,3589.0,7945.0,0.944051
20,9560,3000,3531.0,10380.0,3479.0,7809.0,0.495548
20,9560,3000,3522.0,10565.0,3463.0,7999.0,0.789339
20,9560,3000,3739.0,10338.0,3691.0,7764.0,0.900588
20,9560,3000,3412.0,10512.0,3350.0,7947.0,0.919872
20,9560,3000,3620.0,9864.0,3579.0,7277.0,0.827658
20,9560,3000,3318.0,10162.0,3264.0,7585.0,0.941146
20,9560,3000,3319.0,10177.0,3271.0,7609.0,0.933706
20,9560,3000,3334.0,10195.0,3280.0,7622.0,0.940067
20,9560,3000,3145.0,10271.0,3073.0,7699.0,0.788996
20,9560,3000,3761.0,10430.0,3709.0,7858.0,0.937038
20,9560,3000,3320.0,10640.0,3259.0,8071.0,0.744128
20,9560,3000,3354.0,9932.0,3315.0,7349.0,0.938599
20,9560,3000,3094.0,10419.0,3023.0,7861.0,0.931467
20,9560,3000,3359.0,10431.0,3297.0,7864.0,0.933516
20,9560,3000,3328.0,10015.0,3272.0,7431.0,0.913814
20,9560,3000,3555.0,9805.0,3514.0,7216.0,0.321493
20,9560,3000,3264.0,9809.0,3220.0,7221.0,0.678591
20,9560,3000,3549.0,9915.0,3505.0,7329.0,0.939617
20,9560,3000,3295.0,10239.0,3238.0,7666.0,0.876096
20,9560,3000,3079.0,10740.0,3000.0,8190.0,0.898181
20,9560,3000,3598.0,9761.0,3560.0,7173.0,0.627522
20,9560,3000,3604.0,9861.0,3564.0,7273.0,0.933086
20,9560,3000,3655.0,10640.0,3595.0,8075.0,0.942133
20,9560,3000,3237.0,9889.0,3190.0,7304.0,0.931106
20,9560,3000,3639.0,10083.0,3593.0,7498.0,0.714902
20,9560,3000,3368.0,10399.0,3309.0,7831.0,0.936458
20,9560,3000,3256.0,10533.0,3189.0,7971.0,0.937714
20,9560,3000,3588.0,10609.0,3527.0,8045.0,0.918031
20,9560,3000,3276.0,9710.0,3231.0,7125.0,0.538046
20,9560,3000,3364.0,10179.0,3311.0,7601.0,0.940942
20,9560,3000,3233.0,9815.0,3190.0,7226.0,0.922611
20,9560,3000,3346.0,10492.0,3281.0,7927.0,0.934396
20,9560,3000,3398.0,10524.0,3342.0,7954.0,0.830507
20,9560,3000,3207.0,9761.0,3164.0,7169.0,0.583829
20,9560,3000,3745.0,10069.0,3701.0,7487.0,0.782604
20,9560,3000,3253.0,9898.0,3206.0,7312.0,0.851062
20,9560,3000,3551.0,10559.0,3492.0,7993.0,0.535144
20,9560,3000,3578.0,10418.0,3522.0,7848.0,0.940981
20,9560,3000,3321.0,10731.0,3251.0,8172.0,0.93619
20,9560,3000,3794.0,10682.0,3733.0,8119.0,0.94635
20,9560,3000,3683.0,9871.0,3644.0,7279.0,0.709205
20,9560,3000,3188.0,10719.0,3114.0,8163.0,0.929714
20,9560,3000,3619.0,10073.0,3572.0,7490.0,0.769854
20,9560,3000,3791.0,10478.0,3739.0,7908.0,0.396071
20,9560,3000,3496.0,10569.0,3433.0,8007.0,0.840084
20,9560,3000,3165.0,10400.0,3097.0,7836.0,0.934398
20,9560,3000,3126.0,10036.0,3069.0,7458.0,0.925172
20,9560,3000,3019.0,9700.0,2974.0,7111.0,0.606411
20,9560,3000,3301.0,10422.0,3237.0,7856.0,0.939443
20,9560,3000,3069.0,10469.0,2992.0,7910.0,0.935895
20,9560,3000,3314.0,9808.0,3271.0,7219.0,0.937043
20,9560,3000,3157.0,9969.0,3104.0,7389.0,0.930672
20,9560,3000,3887.0,10447.0,3832.0,7871.0,0.501485
20,9560,3000,3414.0,10225.0,3361.0,7651.0,0.930972
20,9560,3000,3319.0,10332.0,3259.0,7759.0,0.931866
20,9560,3000,3457.0,10080.0,3414.0,7498.0,0.919697
20,9560,3000,3511.0,10477.0,3452.0,7908.0,0.941244
20,9560,3000,3066.0,10341.0,3007.0,7780.0,0.600727
20,9560,3000,3081.0,10367.0,3012.0,7803.0,0.912508
20,9560,3000,3539.0,10683.0,3477.0,8120.0,0.94426
20,9560,3000,3531.0,10711.0,3469.0,8147.0,0.941439
20,9560,3000,3487.0,10587.0,3426.0,8022.0,0.775055
20,9560,3000,3343.0,10449.0,3279.0,7882.0,0.931185
20,9560,3000,3100.0,10345.0,3032.0,7781.0,0.352679
20,9560,3000,3303.0,9946.0,3254.0,7363.0,0.940575
20,9560,3000,3622.0,10571.0,3569.0,8007.0,0.331643
20,9560,3000,3662.0,10201.0,3611.0,7626.0,0.940363
20,9560,3000,3237.0,10683.0,3155.0,8121.0,0.757567
20,9560,3000,3143.0,10129.0,3081.0,7557.0,0.840328
20,9560,3000,3012.0,10721.0,2930.0,8171.0,0.920332
20,9560,3000,3737.0,9943.0,3697.0,7357.0,0.38937
20,9560,3000,3403.0,10359.0,3345.0,7785.0,0.93462
20,9560,3000,3272.0,9896.0,3226.0,7312.0,0.929138
20,9560,3000,3911.0,10574.0,3859.0,8003.0,0.931234
20,9560,3000,3319.0,10216.0,3262.0,7638.0,0.919025
20,9560,3000,3289.0,10286.0,3229.0,7715.0,0.939108
20,9560,3000,3471.0,10047.0,3422.0,7466.0,0.935364
20,9560,3000,3401.0,9663.0,3361.0,7076.0,0.387946
20,9560,3000,3369.0,10216.0,3317.0,7637.0,0.48633
20,9560,3000,3746.0,10221.0,3696.0,7646.0,0.595362
20,9560,3000,3588.0,9597.0,3551.0,7006.0,0.399615
20,9560,3000,3638.0,10696.0,3578.0,8133.0,0.868268
20,9560,3000,3717.0,10329.0,3666.0,7753.0,0.526535
20,9560,3000,3327.0,10649.0,3268.0,8080.0,0.667949
20,9560,3000,3444.0,9934.0,3402.0,7350.0,0.927553
20,9560,3000,3267.0,10286.0,3211.0,7720.0,0.508056
20,9560,3000,3512.0,10176.0,3463.0,7598.0,0.919007
20,9560,3000,3793.0,10710.0,3734.0,8147.0,0.948723
20,9560,3000,3016.0,10623.0,2938.0,8071.0,0.924505
20,9560,3000,3649.0,10469.0,3591.0,7894.0,0.860941
20,9560,3000,3448.0,10589.0,3386.0,8022.0,0.938801
20,9560,3000,3401.0,10221.0,3348.0,7646.0,0.929261
20,9560,3000,3732.0,10377.0,3679.0,7803.0,0.922088
20,9560,3000,3039.0,10538.0,2960.0,7984.0,0.508372
20,9560,3000,3391.0,10237.0,3337.0,7660.0,0.851864
20,9560,3000,3175.0,9807.0,3129.0,7218.0,0.428255
20,9560,3000,3183.0,10402.0,3115.0,7839.0,0.936939
20,9560,3000,3251.0,10009.0,3199.0,7434.0,0.810206
20,9560,3000,3879.0,10139.0,3830.0,7560.0,0.450457
20,9560,3000,3855.0,10510.0,3803.0,7939.0,0.940323
20,9560,3000,3331.0,10652.0,3265.0,8096.0,0.850246
20,9560,3000,3275.0,10720.0,3206.0,8163.0,0.931082
20,9560,3000,3615.0,9762.0,3583.0,7169.0,0.644243
22,10760,1800,2355.0,11863.0,2235.0,9347.0,0.549407
22,10760,1800,2627.0,11100.0,2541.0,8566.0,0.552442
22,10760,1800,2016.0,11696.0,1893.0,9184.0,0.847408
22,10760,1800,2804.0,11493.0,2703.0,8962.0,0.954479
22,10760,1800,2687.0,11636.0,2579.0,9110.0,0.81816
22,10760,1800,2919.0,11450.0,2823.0,8915.0,0.784872
22,10760,1800,2682.0,11549.0,2575.0,9023.0,0.950536
22,10760,1800,2460.0,11799.0,2345.0,9281.0,0.938385
22,10760,1800,2862.0,11788.0,2759.0,9261.0,0.936374
22,10760,1800,2987.0,11482.0,2894.0,8944.0,0.951905
22,10760,1800,2837.0,11018.0,2745.0,8478.0,0.829741
22,10760,1800,2383.0,11808.0,2267.0,9292.0,0.950111
22,10760,1800,2938.0,11781.0,2837.0,9253.0,0.434747
22,10760,1800,2043.0,10940.0,1938.0,8413.0,0.916319
22,10760,1800,2892.0,10873.0,2815.0,8326.0,0.907431
22,10760,1800,2667.0,11639.0,2562.0,9104.0,0.567381
22,10760,1800,2093.0,10803.0,2002.0,8268.0,0.617785
22,10760,1800,2331.0,11324.0,2233.0,8786.0,0.480125
22,10760,1800,2612.0,11400.0,2504.0,8873.0,0.936838
22,10760,1800,2983.0,11748.0,2900.0,9221.0,0.648037
22,10760,1800,2610.0,11769.0,2498.0,9247.0,0.954645
22,10760,1800,2618.0,11085.0,2517.0,8551.0,0.769827
22,10760,1800,2963.0,10857.0,2879.0,8310.0,0.858269
22,10760,1800,2960.0,11706.0,2861.0,9173.0,0.950004
22,10760,1800,2806.0,11018.0,2715.0,8475.0,0.376693
22,10760,1800,2863.0,11624.0,2761.0,9093.0,0.950561
22,10760,1800,2752.0,11543.0,2646.0,9014.0,0.637065
22,10760,1800,2406.0,11850.0,2289.0,9334.0,0.951008
22,10760,1800,2671.0,11650.0,2569.0,9130.0,0.75189
22,10760,1800,2842.0,11035.0,2750.0,8493.0,0.792136
22,10760,1800,2882.0,11813.0,2779.0,9285.0,0.949928
22,10760,1800,2997.0,11171.0,2909.0,8628.0,0.914955
22,10760,1800,2319.0,11906.0,2200.0,9391.0,0.951377
22,10760,1800,2770.0,10999.0,2676.0,8459.0,0.941943
22,10760,1800,2995.0,10841.0,2911.0,8293.0,0.844567
22,10760,1800,2948.0,11462.0,2852.0,8926.0,0.469499
22,10760,1800,2514.0,11801.0,2403.0,9283.0,0.922711
22,10760,1800,2309.0,11324.0,2214.0,8805.0,0.480719
22,10760,1800,2452.0,11957.0,2334.0,9440.0,0.846166
22,10760,1800,2462.0,11900.0,2345.0,9383.0,0.953233
22,10760,1800,2655.0,11632.0,2546.0,9107.0,0.388604
22,10760,1800,2910.0,11834.0,2808.0,9307.0,0.948996
22,10760,1800,2888.0,10923.0,2800.0,8380.0,0.663922
22,10760,1800,2519.0,11812.0,2406.0,9293.0,0.93949
22,10760,1800,2918.0,11756.0,2821.0,9226.0,0.724779
22,10760,1800,2571.0,11739.0,2459.0,9218.0,0.950182
22,10760,1800,2956.0,11626.0,2862.0,9093.0,0.40592
22,10760,1800,2404.0,11195.0,2317.0,8667.0,0.375314
22,10760,1800,2792.0,11127.0,2697.0,8591.0,0.951103
22,10760,1800,2985.0,11416.0,2893.0,8878.0,0.941587
22,10760,1800,2659.0,11475.0,2551.0,8947.0,0.432877
22,10760,1800,2573.0,11809.0,2461.0,9288.0,0.95541
22,10760,1800,2530.0,11809.0,2420.0,9289.0,0.943523
22,10760,1800,2578.0,11759.0,2466.0,9237.0,0.95472
22,10760,1800,2675.0,11617.0,2568.0,9092.0,0.890508
22,10760,1800,2671.0,11559.0,2564.0,9034.0,0.909835
22,10760,1800,2935.0,11344.0,2842.0,8807.0,0.933984
22,10760,1800,2674.0,11758.0,2564.0,9233.0,0.954774
22,10760,1800,2841.0,10984.0,2750.0,8443.0,0.725899
22,10760,1800,2593.0,10891.0,2503.0,8354.0,0.93561
22,10760,1800,2307.0,11389.0,2201.0,8863.0,0.827825
22,10760,1800,2665.0,11951.0,2553.0,9430.0,0.95251
22,10760,1800,2267.0,11938.0,2143.0,9425.0,0.936903
22,10760,1800,2941.0,10845.0,2856.0,8299.0,0.896517
22,10760,1800,2575.0,11841.0,2462.0,9323.0,0.933643
22,10760,1800,2606.0,11816.0,2489.0,9295.0,0.785567
22,10760,1800,2403.0,11865.0,2284.0,9350.0,0.946707
22,10760,1800,2889.0,11959.0,2794.0,9422.0,0.80058
22,10760,1800,2855.0,11282.0,2759.0,8744.0,0.952401
22,10760,1800,2991.0,11932.0,2890.0,9404.0,0.902624
22,10760,1800,2693.0,11600.0,2586.0,9073.0,0.954917
22,10760,1800,2979.0,11935.0,2876.0,9407.0,0.880049
22,10760,1800,2157.0,11209.0,2053.0,8688.0,0.63843
22,10760,1800,2630.0,11721.0,2519.0,9198.0,0.952381
22,10760,1800,2229.0,11872.0,2108.0,9360.0,0.887669
22,10760,1800,2271.0,11875.0,2149.0,9363.0,0.490045
22,10760,1800,2824.0,10880.0,2734.0,8337.0,0.944007
22,10760,1800,2915.0,11859.0,2813.0,9331.0,0.902113
22,10760,1800,2680.0,11164.0,2578.0,8631.0,0.895716
22,10760,1800,2879.0,11065.0,2787.0,8524.0,0.889402
22,10760,1800,2959.0,11111.0,2869.0,8569.0,0.892595
22,10760,1800,2658.0,11554.0,2549.0,9028.0,0.953207
22,10760,1800,2650.0,11157.0,2548.0,8625.0,0.935991
22,10760,1800,2605.0,11646.0,2494.0,9124.0,0.371502
22,10760,1800,2655.0,11698.0,2545.0,9174.0,0.954536
22,10760,1800,2485.0,11715.0,2371.0,9196.0,0.777432
22,10760,1800,2861.0,11753.0,2758.0,9225.0,0.947558
22,10760,1800,2293.0,11930.0,2174.0,9420.0,0.624802
22,10760,1800,2607.0,11098.0,2515.0,8555.0,0.558086
22,10760,1800,2297.0,11932.0,2175.0,9424.0,0.594598
22,10760,1800,2899.0,11567.0,2798.0,9034.0,0.866346
22,10760,1800,2874.0,11101.0,2777.0,8558.0,0.950795
22,10760,1800,2861.0,11394.0,2762.0,8861.0,0.951519
22,10760,1800,2902.0,11822.0,2800.0,9294.0,0.950425
22,10760,1800,2431.0,11851.0,2314.0,9334.0,0.947609
22,10760,1800,2793.0,11055.0,2698.0,8518.0,0.952896
22,10760,1800,2295.0,11394.0,2187.0,8874.0,0.876107
22,10760,1800,2953.0,11642.0,2855.0,9109.0,0.950305
22,10760,1800,2417.0,11807.0,2300.0,9291.0,0.946261
22,10760,1800,2610.0,10902.0,2516.0,8369.0,0.551487
22,10760,1800,2988.0,11248.0,2899.0,8706.0,0.911742
22,10760,1800,2935.0,11107.0,2847.0,8566.0,0.942299
22,10760,1800,2800.0,11247.0,2700.0,8712.0,0.414997
22,10760,1800,2616.0,11657.0,2506.0,9135.0,0.95337
22,10760,1800,2838.0,11387.0,2739.0,8853.0,0.951344
22,10760,1800,2925.0,11735.0,2825.0,9206.0,0.950519
22,10760,1800,2746.0,10833.0,2653.0,8292.0,0.663735
22,10760,1800,2060.0,11109.0,1950.0,8587.0,0.560516
22,10760,1800,2358.0,11561.0,2250.0,9042.0,0.771278
22,10760,1800,2520.0,11636.0,2407.0,9114.0,0.953905
22,10760,1800,2881.0,11857.0,2778.0,9330.0,0.946664
22,10760,1800,2631.0,11942.0,2518.0,9426.0,0.594735
22,10760,1800,2243.0,11897.0,2120.0,9384.0,0.934137
22,10760,1800,2902.0,11881.0,2800.0,9354.0,0.952463
22,10760,1800,2437.0,11764.0,2320.0,9246.0,0.943083
22,10760,1800,2895.0,11674.0,2794.0,9144.0,0.789627
22,10760,1800,2580.0,11660.0,2468.0,9138.0,0.952127
22,10760,1800,2973.0,11483.0,2881.0,8947.0,0.89757
22,10760,1800,2762.0,11761.0,2655.0,9235.0,0.9493
22,10760,1800,2768.0,10981.0,2673.0,8443.0,0.883531
22,10760,1800,2970.0,10886.0,2884.0,8341.0,0.846942
22,10760,1800,2831.0,11035.0,2740.0,8501.0,0.568813
22,10760,1800,2602.0,11942.0,2491.0,9423.0,0.953102
22,10760,1800,2811.0,11347.0,2711.0,8815.0,0.954078
22,10760,1800,2284.0,11094.0,2188.0,8572.0,0.64375
22,10760,1800,2488.0,11616.0,2375.0,9095.0,0.94309
22,10760,1800,2723.0,11209.0,2623.0,8676.0,0.916614
22,10760,1800,2327.0,11942.0,2204.0,9428.0,0.66337
22,10760,1800,2988.0,11139.0,2899.0,8597.0,0.94913
22,10760,1800,2847.0,11500.0,2744.0,8969.0,0.94824
22,10760,1800,2927.0,11764.0,2831.0,9238.0,0.749607
22,10760,1800,2844.0,11722.0,2741.0,9196.0,0.92648
22,10760,1800,2820.0,11282.0,2723.0,8747.0,0.433735
22,10760,1800,2856.0,11569.0,2756.0,9038.0,0.712628
22,10760,1800,2886.0,11001.0,2793.0,8461.0,0.93371
22,10760,1800,2031.0,11175.0,1927.0,8648.0,0.749578
22,10760,1800,2739.0,11745.0,2633.0,9220.0,0.950864
22,10760,1800,2941.0,11754.0,2841.0,9224.0,0.934342
22,10760,1800,2972.0,11135.0,2883.0,8593.0,0.942152
22,10760,1800,2605.0,11806.0,2491.0,9285.0,0.838491
22,10760,1800,2522.0,11709.0,2408.0,9189.0,0.95024
22,10760,1800,2975.0,11764.0,2878.0,9234.0,0.507769
22,10760,1800,2686.0,11621.0,2579.0,9095.0,0.810719
22,10760,1800,2785.0,11599.0,2682.0,9069.0,0.954057
22,10760,1800,2495.0,11666.0,2380.0,9146.0,0.906623
22,10760,1800,2994.0,11525.0,2905.0,8989.0,0.654734
22,10760,1800,2949.0,11395.0,2856.0,8857.0,0.948715
22,10760,1800,2940.0,11001.0,2850.0,8459.0,0.445801
22,10760,1800,2668.0,10939.0,2571.0,8402.0,0.924214
22,10760,1800,2415.0,11789.0,2298.0,9269.0,0.452537
22,10760,1800,2771.0,11235.0,2673.0,8700.0,0.546926
22,10760,1800,2642.0,11732.0,2532.0,9204.0,0.869062
22,10760,1800,2988.0,11777.0,2892.0,9249.0,0.953509
22,10760,1800,2834.0,11623.0,2732.0,9091.0,0.920003
22,10760,1800,2797.0,11292.0,2703.0,8762.0,0.562948
22,10760,1800,2622.0,11198.0,2535.0,8651.0,0.337694
22,10760,1800,2699.0,11188.0,2598.0,8654.0,0.891471
22,10760,1800,2821.0,11033.0,2727.0,8493.0,0.892406
22,10760,1800,2614.0,11115.0,2520.0,8582.0,0.922636
22,10760,1800,2787.0,11024.0,2693.0,8486.0,0.880036
22,10760,1800,2742.0,11926.0,2628.0,9407.0,0.941634
22,10760,1800,2743.0,10829.0,2675.0,8274.0,0.502371
22,10760,1800,2875.0,10889.0,2783.0,8343.0,0.470603
22,10760,1800,2981.0,11161.0,2893.0,8619.0,0.901934
22,10760,1800,2640.0,11362.0,2534.0,8835.0,0.910258
22,10760,1800,2808.0,11446.0,2705.0,8913.0,0.851505
22,10760,1800,2295.0,11864.0,2173.0,9352.0,0.835895
22,10760,1800,2786.0,11074.0,2691.0,8538.0,0.800511
22,10760,1800,2799.0,11243.0,2700.0,8708.0,0.825052
22,10760,1800,2531.0,11329.0,2434.0,8805.0,0.668285
22,10760,1800,2880.0,11678.0,2778.0,9148.0,0.952183
22,10760,1800,2711.0,11298.0,2608.0,8766.0,0.930353
22,10760,1800,2861.0,11034.0,2768.0,8494.0,0.491757
22,10760,1800,2928.0,11101.0,2837.0,8558.0,0.948786
22,10760,1800,2997.0,11160.0,2910.0,8617.0,0.84654
22,10760,1800,2987.0,11832.0,2888.0,9305.0,0.802522
23,10760,3000,3074.0,11377.0,2979.0,8839.0,0.802937
23,10760,3000,3299.0,11333.0,3217.0,8788.0,0.942205
23,10760,3000,3275.0,11955.0,3191.0,9424.0,0.875055
23,10760,3000,3176.0,11935.0,3081.0,9403.0,0.943813
23,10760,3000,3598.0,10929.0,3533.0,8369.0,0.942086
23,10760,3000,3350.0,11079.0,3275.0,8527.0,0.942277
23,10760,3000,3489.0,11884.0,3398.0,9346.0,0.937843
23,10760,3000,3046.0,11326.0,2953.0,8786.0,0.607474
23,10760,3000,3960.0,11296.0,3884.0,8744.0,0.464793
23,10760,3000,3335.0,11044.0,3255.0,8493.0,0.481274
23,10760,3000,3980.0,11929.0,3897.0,9393.0,0.926942
23,10760,3000,3448.0,11425.0,3369.0,8880.0,0.944467
23,10760,3000,3019.0,11240.0,2930.0,8701.0,0.804575
23,10760,3000,3567.0,11284.0,3491.0,8735.0,0.944584
23,10760,3000,3409.0,11515.0,3325.0,8973.0,0.941903
23,10760,3000,3073.0,11225.0,2984.0,8684.0,0.63769
23,10760,3000,3016.0,11489.0,2923.0,8954.0,0.915742
23,10760,3000,3746.0,11327.0,3673.0,8777.0,0.563521
23,10760,3000,3217.0,11629.0,3127.0,9090.0,0.941288
23,10760,3000,3206.0,11497.0,3119.0,8956.0,0.940163
23,10760,3000,3724.0,10878.0,3670.0,8310.0,0.731803
23,10760,3000,3464.0,11823.0,3370.0,9290.0,0.55579
23,10760,3000,3165.0,11750.0,3070.0,9217.0,0.94077
23,10760,3000,3577.0,11511.0,3499.0,8966.0,0.942
23,10760,3000,3245.0,11659.0,3155.0,9121.0,0.941833
23,10760,3000,3265.0,11522.0,3176.0,8983.0,0.938688
23,10760,3000,3664.0,11861.0,3579.0,9324.0,0.943716
23,10760,3000,3570.0,11069.0,3500.0,8515.0,0.945467
23,10760,3000,3346.0,11865.0,3255.0,9331.0,0.822401
23,10760,3000,3187.0,11360.0,3098.0,8820.0,0.92621
23,10760,3000,3483.0,11558.0,3401.0,9014.0,0.941605
23,10760,3000,3356.0,11199.0,3280.0,8650.0,0.941099
23,10760,3000,3020.0,11507.0,2926.0,8970.0,0.938545
23,10760,3000,3294.0,11640.0,3206.0,9101.0,0.941681
23,10760,3000,3157.0,11731.0,3065.0,9196.0,0.940699
23,10760,3000,3195.0,11838.0,3101.0,9304.0,0.941399
23,10760,3000,3501.0,11543.0,3420.0,8998.0,0.942302
23,10760,3000,3227.0,11070.0,3150.0,8520.0,0.941494
23,10760,3000,3670.0,10893.0,3607.0,8332.0,0.939646
23,10760,3000,3341.0,11917.0,3248.0,9384.0,0.942036
23,10760,3000,3037.0,10777.0,2955.0,8227.0,0.895962
23,10760,3000,3081.0,11465.0,2989.0,8932.0,0.941666
23,10760,3000,3591.0,11124.0,3520.0,8569.0,0.887488
23,10760,3000,3036.0,11505.0,2942.0,8968.0,0.940461
23,10760,3000,3702.0,11860.0,3618.0,9324.0,0.949399
23,10760,3000,3435.0,11421.0,3357.0,8876.0,0.919854
23,10760,3000,3057.0,11877.0,2959.0,9346.0,0.940445
23,10760,3000,3535.0,10937.0,3468.0,8378.0,0.941841
23,10760,3000,3275.0,10869.0,3201.0,8315.0,0.941812
23,10760,3000,3501.0,11337.0,3423.0,8790.0,0.94459
23,10760,3000,3009.0,11073.0,2923.0,8529.0,0.931126
23,10760,3000,3559.0,11066.0,3488.0,8509.0,0.92485
23,10760,3000,3292.0,11081.0,3209.0,8528.0,0.629131
23,10760,3000,3400.0,11544.0,3317.0,8999.0,0.831176
23,10760,3000,3561.0,10919.0,3495.0,8359.0,0.941249
23,10760,3000,3608.0,10899.0,3546.0,8338.0,0.695111
23,10760,3000,3656.0,10809.0,3594.0,8246.0,0.944717
23,10760,3000,3027.0,11493.0,2934.0,8955.0,0.932746
23,10760,3000,3860.0,11886.0,3783.0,9330.0,0.490984
23,10760,3000,3951.0,11298.0,3866.0,8745.0,0.464853
23,10760,3000,3478.0,11754.0,3394.0,9216.0,0.943214
23,10760,3000,3019.0,11265.0,2928.0,8723.0,0.937331
23,10760,3000,3699.0,11522.0,3623.0,8978.0,0.944717
23,10760,3000,3717.0,10863.0,3656.0,8301.0,0.804775
23,10760,3000,3289.0,10858.0,3214.0,8304.0,0.939082
23,10760,3000,3717.0,10802.0,3657.0,8239.0,0.944836
23,10760,3000,3663.0,11780.0,3579.0,9240.0,0.943912
23,10760,3000,3427.0,11125.0,3353.0,8573.0,0.865036
23,10760,3000,3388.0,11776.0,3299.0,9239.0,0.932808
23,10760,3000,3757.0,11317.0,3686.0,8768.0,0.621261
23,10760,3000,3960.0,11180.0,3894.0,8625.0,0.408164
23,10760,3000,3261.0,11578.0,3169.0,9039.0,0.685312
23,10760,3000,3094.0,11346.0,3002.0,8809.0,0.356887
23,10760,3000,3590.0,11231.0,3517.0,8680.0,0.928284
23,10760,3000,3398.0,11498.0,3315.0,8957.0,0.941482
23,10760,3000,3371.0,11951.0,3279.0,9419.0,0.938776
23,10760,3000,3513.0,11100.0,3441.0,8546.0,0.941644
23,10760,3000,3403.0,11330.0,3323.0,8782.0,0.942055
23,10760,3000,3519.0,11253.0,3445.0,8703.0,0.949636
23,10760,3000,3578.0,11604.0,3498.0,9061.0,0.942208
23,10760,3000,3804.0,11655.0,3725.0,9110.0,0.894572
23,10760,3000,3530.0,10994.0,3462.0,8437.0,0.938915
23,10760,3000,3358.0,11744.0,3270.0,9207.0,0.940866
23,10760,3000,3346.0,11047.0,3272.0,8493.0,0.796415
23,10760,3000,3027.0,11665.0,2931.0,9131.0,0.937457
23,10760,3000,3268.0,11757.0,3178.0,9221.0,0.936987
23,10760,3000,3061.0,11679.0,2966.0,9144.0,0.941194
23,10760,3000,3165.0,11765.0,3072.0,9231.0,0.941171
23,10760,3000,3182.0,11284.0,3094.0,8742.0,0.903925
23,10760,3000,3294.0,11742.0,3204.0,9205.0,0.93521
23,10760,3000,3180.0,11274.0,3092.0,8733.0,0.878575
23,10760,3000,3641.0,11899.0,3555.0,9362.0,0.943875
23,10760,3000,3329.0,11034.0,3254.0,8482.0,0.940776
23,10760,3000,3539.0,11695.0,3456.0,9157.0,0.941422
23,10760,3000,3358.0,11704.0,3270.0,9166.0,0.935644
23,10760,3000,3994.0,11375.0,3926.0,8826.0,0.700247
23,10760,3000,3321.0,11781.0,3230.0,9245.0,0.941515
23,10760,3000,3425.0,10920.0,3356.0,8363.0,0.942054
23,10760,3000,3336.0,11871.0,3245.0,9337.0,0.42085
23,10760,3000,3476.0,11590.0,3394.0,9047.0,0.944414
23,10760,3000,3836.0,11771.0,3754.0,9230.0,0.342379
23,10760,3000,3229.0,11749.0,3137.0,9213.0,0.941028
23,10760,3000,3445.0,11954.0,3353.0,9421.0,0.933375
23,10760,3000,3921.0,11936.0,3836.0,9402.0,0.942414
23,10760,3000,3068.0,11746.0,2973.0,9215.0,0.939379
23,10760,3000,3829.0,11502.0,3758.0,8955.0,0.941548
23,10760,3000,3214.0,11750.0,3122.0,9215.0,0.941076
23,10760,3000,3285.0,11579.0,3197.0,9038.0,0.942572
23,10760,3000,3326.0,11896.0,3241.0,9355.0,0.722166
23,10760,3000,3197.0,11784.0,3105.0,9249.0,0.941718
23,10760,3000,3379.0,11668.0,3292.0,9129.0,0.940905
23,10760,3000,3543.0,10882.0,3477.0,8322.0,0.689428
23,10760,3000,3053.0,11601.0,2959.0,9065.0,0.941082
23,10760,3000,3563.0,11793.0,3477.0,9254.0,0.941698
23,10760,3000,3276.0,10886.0,3203.0,8332.0,0.939541
23,10760,3000,3419.0,10842.0,3349.0,8284.0,0.930102
23,10760,3000,3279.0,11763.0,3187.0,9227.0,0.93083
23,10760,3000,3527.0,10917.0,3461.0,8357.0,0.941156
23,10760,3000,3497.0,11184.0,3423.0,8633.0,0.943247
23,10760,3000,3373.0,11457.0,3289.0,8913.0,0.941422
23,10760,3000,3369.0,10813.0,3299.0,8256.0,0.520641
23,10760,3000,3299.0,10843.0,3227.0,8288.0,0.941168
23,10760,3000,3288.0,10876.0,3222.0,8320.0,0.850384
23,10760,3000,3360.0,11313.0,3279.0,8768.0,0.687371
23,10760,3000,3554.0,11054.0,3484.0,8496.0,0.59428
23,10760,3000,3775.0,11554.0,3699.0,9008.0,0.92878
23,10760,3000,3466.0,11548.0,3383.0,9006.0,0.941554
23,10760,3000,3389.0,10923.0,3318.0,8367.0,0.936464
23,10760,3000,3159.0,11369.0,3067.0,8829.0,0.939845
23,10760,3000,3338.0,11055.0,3262.0,8503.0,0.940699
23,10760,3000,3138.0,11246.0,3050.0,8704.0,0.941328
23,10760,3000,3495.0,11199.0,3420.0,8647.0,0.942592
23,10760,3000,3033.0,11678.0,2937.0,9143.0,0.939908
23,10760,3000,3020.0,11298.0,2922.0,8756.0,0.664599
23,10760,3000,3311.0,11880.0,3220.0,9345.0,0.936507
23,10760,3000,3092.0,11763.0,2997.0,9228.0,0.931884
23,10760,3000,3635.0,11426.0,3558.0,8879.0,0.937046
23,10760,3000,3424.0,10893.0,3357.0,8339.0,0.899397
23,10760,3000,3180.0,11728.0,3087.0,9193.0,0.933739
23,10760,3000,3637.0,10771.0,3575.0,8207.0,0.58864
23,10760,3000,3346.0,11540.0,3260.0,8998.0,0.784034
23,10760,3000,3889.0,11957.0,3805.0,9423.0,0.947797
23,10760,3000,3008.0,11279.0,2916.0,8736.0,0.922149
23,10760,3000,3099.0,10795.0,3019.0,8245.0,0.937588
23,10760,3000,3490.0,11274.0,3420.0,8726.0,0.945943
23,10760,3000,3615.0,10874.0,3550.0,8312.0,0.940947
23,10760,3000,3572.0,11040.0,3507.0,8483.0,0.931527
23,10760,3000,3502.0,11282.0,3429.0,8734.0,0.941758
23,10760,3000,3492.0,11351.0,3414.0,8803.0,0.941659
23,10760,3000,3428.0,10952.0,3356.0,8395.0,0.941833
23,10760,3000,3145.0,11742.0,3054.0,9203.0,0.884379
23,10760,3000,3085.0,11721.0,2991.0,9187.0,0.856881
23,10760,3000,3357.0,10773.0,3288.0,8214.0,0.810477
23,10760,3000,3789.0,11862.0,3710.0,9324.0,0.946431
23,10760,3000,3752.0,10880.0,3684.0,8320.0,0.775593
23,10760,3000,3026.0,11083.0,2940.0,8538.0,0.934146
23,10760,3000,3291.0,11009.0,3215.0,8460.0,0.790619
23,10760,3000,3684.0,10792.0,3624.0,8229.0,0.934425
23,10760,3000,3461.0,11954.0,3369.0,9421.0,0.935106
23,10760,3000,3250.0,11537.0,3161.0,8997.0,0.9409
23,10760,3000,3126.0,11137.0,3043.0,8592.0,0.368871
23,10760,3000,3863.0,11844.0,3780.0,9309.0,0.939058
23,10760,3000,3220.0,11502.0,3134.0,8955.0,0.919447
23,10760,3000,3239.0,11648.0,3155.0,9112.0,0.897481
23,10760,3000,3234.0,11035.0,3155.0,8485.0,0.941596
23,10760,3000,3604.0,11482.0,3526.0,8936.0,0.943783
23,10760,3000,3470.0,11531.0,3388.0,8989.0,0.611634
23,10760,3000,3272.0,11084.0,3194.0,8534.0,0.94118
23,10760,3000,3199.0,10965.0,3119.0,8417.0,0.9407
23,10760,3000,3660.0,10836.0,3598.0,8275.0,0.623627
23,10760,3000,3265.0,11363.0,3191.0,8825.0,0.55619
23,10760,3000,3102.0,11802.0,3008.0,9269.0,0.941217
23,10760,3000,3227.0,11771.0,3135.0,9235.0,0.942031
23,10760,3000,3298.0,10912.0,3223.0,8359.0,0.507341
23,10760,3000,3337.0,11115.0,3261.0,8564.0,0.940464
23,10760,3000,3441.0,11867.0,3352.0,9332.0,0.941013
23,10760,3000,3019.0,11293.0,2927.0,8750.0,0.721576
23,10760,3000,3366.0,11211.0,3286.0,8660.0,0.542524
23,10760,3000,3234.0,11315.0,3148.0,8772.0,0.57841
23,10760,3000,3075.0,11737.0,2984.0,9201.0,0.938117
23,10760,3000,3120.0,11317.0,3036.0,8778.0,0.428466
23,10760,3000,3169.0,11484.0,3079.0,8945.0,0.94004
23,10760,3000,3320.0,10776.0,3252.0,8219.0,0.884615
23,10760,3000,3538.0,11511.0,3458.0,8968.0,0.948883
23,10760,3000,3211.0,11324.0,3125.0,8781.0,0.940153
23,10760,3000,3404.0,11538.0,3329.0,9000.0,0.37242
23,10760,3000,3391.0,11597.0,3306.0,9056.0,0.940887
23,10760,3000,3694.0,11384.0,3622.0,8834.0,0.923592
23,10760,3000,3422.0,11465.0,3340.0,8921.0,0.942425
23,10760,3000,3080.0,11695.0,2984.0,9160.0,0.94089
23,10760,3000,3268.0,11802.0,3176.0,9269.0,0.941383
23,10760,3000,3352.0,11758.0,3264.0,9221.0,0.940615
23,10760,3000,3659.0,11472.0,3583.0,8925.0,0.371717
23,10760,3000,3396.0,10873.0,3326.0,8315.0,0.94229
23,10760,3000,3074.0,11058.0,2991.0,8513.0,0.908725
23,10760,3000,3015.0,11954.0,2914.0,9425.0,0.934594
23,10760,3000,3408.0,11653.0,3322.0,9112.0,0.94022
23,10760,3000,3110.0,11846.0,3014.0,9314.0,0.726202
23,10760,3000,3299.0,11788.0,3207.0,9252.0,0.941293
23,10760,3000,3518.0,11551.0,3437.0,9007.0,0.9463
23,10760,3000,3582.0,11657.0,3500.0,9116.0,0.941448
23,10760,3000,3536.0,11910.0,3447.0,9376.0,0.944195
23,10760,3000,3362.0,11600.0,3276.0,9060.0,0.93828
23,10760,3000,3440.0,10965.0,3371.0,8408.0,0.939975
23,10760,3000,3678.0,10785.0,3618.0,8221.0,0.916258
23,10760,3000,3532.0,11499.0,3451.0,8954.0,0.941625
23,10760,3000,3754.0,11827.0,3672.0,9288.0,0.945402
23,10760,3000,3097.0,11659.0,3004.0,9123.0,0.939781
23,10760,3000,3310.0,11439.0,3225.0,8893.0,0.942894
23,10760,3000,3337.0,10776.0,3257.0,8203.0,0.459448
23,10760,3000,3221.0,11334.0,3134.0,8792.0,0.935969
23,10760,3000,3437.0,11378.0,3358.0,8832.0,0.942843
23,10760,3000,3620.0,11091.0,3550.0,8536.0,0.812248
23,10760,3000,3445.0,11415.0,3365.0,8868.0,0.915975
23,10760,3000,3066.0,11057.0,2980.0,8511.0,0.920618
23,10760,3000,3423.0,11239.0,3346.0,8689.0,0.942025
23,10760,3000,3710.0,10893.0,3639.0,8340.0,0.551078
23,10760,3000,3137.0,10785.0,3058.0,8234.0,0.920599
23,10760,3000,3204.0,11751.0,3112.0,9217.0,0.926487
23,10760,3000,3481.0,10937.0,3413.0,8378.0,0.938392
23,10760,3000,3339.0,11084.0,3264.0,8531.0,0.941736
23,10760,3000,3253.0,11011.0,3174.0,8459.0,0.493297
23,10760,3000,3059.0,11058.0,2974.0,8512.0,0.935127
23,10760,3000,3527.0,11487.0,3449.0,8946.0,0.942242
23,10760,3000,3156.0,11202.0,3071.0,8658.0,0.91691
23,10760,3000,3346.0,11227.0,3268.0,8676.0,0.943357
23,10760,3000,3057.0,11525.0,2964.0,8990.0,0.585839
23,10760,3000,3238.0,10888.0,3162.0,8336.0,0.681213
23,10760,3000,3248.0,11193.0,3164.0,8646.0,0.941272
23,10760,3000,3244.0,11834.0,3150.0,9299.0,0.34149
23,10760,3000,3403.0,11840.0,3313.0,9304.0,0.938747
23,10760,3000,3316.0,11249.0,3236.0,8702.0,0.944549
23,10760,3000,3544.0,11068.0,3473.0,8513.0,0.940923
23,10760,3000,3600.0,11627.0,3520.0,9079.0,0.946513
23,10760,3000,3251.0,11842.0,3156.0,9308.0,0.901443
23,10760,3000,3717.0,10777.0,3660.0,8215.0,0.622801
23,10760,3000,3047.0,11842.0,2949.0,9310.0,0.521524
23,10760,3000,3094.0,10982.0,3009.0,8435.0,0.940858
23,10760,3000,3041.0,10815.0,2958.0,8267.0,0.921487
23,10760,3000,3532.0,10844.0,3470.0,8282.0,0.855099
23,10760,3000,3213.0,10899.0,3135.0,8349.0,0.941684
23,10760,3000,3585.0,11219.0,3510.0,8667.0,0.949899
23,10760,3000,3058.0,11591.0,2965.0,9055.0,0.941856
23,10760,3000,3335.0,11227.0,3256.0,8674.0,0.843406
23,10760,3000,3442.0,11420.0,3363.0,8875.0,0.859062
23,10760,3000,3445.0,10893.0,3383.0,8340.0,0.730568
23,10760,3000,3167.0,10996.0,3085.0,8448.0,0.900662
23,10760,3000,3359.0,11309.0,3279.0,8764.0,0.76692
23,10760,3000,3371.0,10902.0,3299.0,8346.0,0.940901
23,10760,3000,3340.0,11469.0,3265.0,8917.0,0.690245
23,10760,3000,3279.0,10842.0,3205.0,8288.0,0.935041
23,10760,3000,3694.0,10768.0,3632.0,8203.0,0.862306
23,10760,3000,3414.0,11495.0,3333.0,8945.0,0.940617
23,10760,3000,3417.0,11224.0,3340.0,8673.0,0.942304
23,10760,3000,3215.0,11674.0,3125.0,9137.0,0.938968
23,10760,3000,3782.0,10789.0,3724.0,8225.0,0.526215
23,10760,3000,3326.0,11600.0,3239.0,9060.0,0.94155
23,10760,3000,3088.0,10908.0,3005.0,8361.0,0.470385
23,10760,3000,3061.0,11548.0,2981.0,9009.0,0.841991
23,10760,3000,3321.0,11439.0,3237.0,8895.0,0.94215
23,10760,3000,3239.0,10978.0,3159.0,8428.0,0.675287
23,10760,3000,4026.0,11781.0,3948.0,9240.0,0.887641
23,10760,3000,3297.0,11051.0,3218.0,8497.0,0.933554
23,10760,3000,3480.0,11263.0,3404.0,8714.0,0.945217
23,10760,3000,3335.0,11386.0,3254.0,8842.0,0.938845
23,10760,3000,3087.0,11083.0,3001.0,8536.0,0.941556
23,10760,3000,3310.0,11304.0,3228.0,8756.0,0.860971
23,10760,3000,3562.0,11598.0,3480.0,9054.0,0.942217
23,10760,3000,3039.0,11568.0,2944.0,9033.0,0.941986
23,10760,3000,3755.0,11553.0,3677.0,9008.0,0.762755
25,11960,1800,2477.0,12749.0,2357.0,10236.0,0.905151
25,11960,1800,2673.0,12804.0,2558.0,10289.0,0.937108
25,11960,1800,2504.0,12225.0,2392.0,9719.0,0.529721
25,11960,1800,2238.0,12401.0,2112.0,9891.0,0.808064
25,11960,1800,2161.0,12244.0,2035.0,9735.0,0.757902
25,11960,1800,2642.0,12396.0,2528.0,9878.0,0.808411
25,11960,1800,2267.0,12336.0,2143.0,9826.0,0.570049
25,11960,1800,2120.0,12449.0,1992.0,9943.0,0.898288
25,11960,1800,2679.0,12815.0,2564.0,10298.0,0.95204
25,11960,1800,2723.0,12292.0,2611.0,9773.0,0.688333
25,11960,1800,2569.0,12395.0,2453.0,9879.0,0.335402
25,11960,1800,2832.0,12686.0,2722.0,10165.0,0.928899
25,11960,1800,2485.0,12419.0,2366.0,9904.0,0.949186
25,11960,1800,2060.0,12732.0,1934.0,10236.0,0.480571
25,11960,1800,2757.0,12510.0,2644.0,9991.0,0.948129
25,11960,1800,2876.0,12144.0,2770.0,9621.0,0.721156
25,11960,1800,2515.0,12220.0,2397.0,9704.0,0.325128
25,11960,1800,2646.0,12686.0,2531.0,10169.0,0.947648
25,11960,1800,2545.0,12126.0,2430.0,9610.0,0.943968
25,11960,1800,2122.0,12259.0,1995.0,9751.0,0.705351
25,11960,1800,2936.0,12651.0,2830.0,10128.0,0.945381
25,11960,1800,2068.0,12161.0,1960.0,9650.0,0.845871
25,11960,1800,2130.0,12989.0,1996.0,10486.0,0.772559
25,11960,1800,2444.0,12341.0,2326.0,9826.0,0.328089
25,11960,1800,2176.0,13148.0,2045.0,10645.0,0.949313
25,11960,1800,2371.0,12633.0,2248.0,10123.0,0.944456
25,11960,1800,2991.0,12002.0,2888.0,9473.0,0.908493
25,11960,1800,2708.0,12261.0,2597.0,9743.0,0.940175
25,11960,1800,2941.0,12212.0,2836.0,9689.0,0.900545
25,11960,1800,2294.0,12746.0,2179.0,10242.0,0.314896
25,11960,1800,1982.0,12721.0,1844.0,10223.0,0.577107
25,11960,1800,2605.0,12584.0,2490.0,10069.0,0.897908
25,11960,1800,2151.0,12237.0,2025.0,9730.0,0.396792
25,11960,1800,2614.0,12023.0,2500.0,9504.0,0.4964
25,11960,1800,2043.0,12390.0,1915.0,9884.0,0.861995
25,11960,1800,2866.0,12951.0,2754.0,10430.0,0.941884
25,11960,1800,2199.0,12453.0,2074.0,9945.0,0.938648
25,11960,1800,2240.0,12061.0,2116.0,9550.0,0.320277
25,11960,1800,2240.0,12112.0,2116.0,9602.0,0.795831
25,11960,1800,2138.0,13009.0,2007.0,10506.0,0.946642
25,11960,1800,2247.0,12808.0,2118.0,10302.0,0.889581
25,11960,1800,2598.0,12810.0,2481.0,10296.0,0.941009
25,11960,1800,2523.0,12491.0,2406.0,9976.0,0.899592
25,11960,1800,2663.0,12541.0,2549.0,10023.0,0.947272
25,11960,1800,2821.0,12357.0,2712.0,9836.0,0.944126
25,11960,1800,2648.0,12255.0,2534.0,9736.0,0.715108
25,11960,1800,2599.0,12294.0,2483.0,9777.0,0.897573
25,11960,1800,2494.0,12605.0,2375.0,10090.0,0.947214
25,11960,1800,2742.0,12713.0,2629.0,10194.0,0.942635
25,11960,1800,2557.0,12393.0,2440.0,9877.0,0.945774
25,11960,1800,2478.0,12059.0,2362.0,9544.0,0.415789
25,11960,1800,2060.0,12713.0,1932.0,10218.0,0.626184
25,11960,1800,2770.0,12459.0,2659.0,9940.0,0.93389
25,11960,1800,2539.0,12687.0,2421.0,10174.0,0.943338
25,11960,1800,2613.0,12372.0,2500.0,9851.0,0.776894
25,11960,1800,2368.0,12496.0,2247.0,9986.0,0.940609
25,11960,1800,2318.0,12023.0,2197.0,9509.0,0.626496
25,11960,1800,2309.0,12951.0,2184.0,10441.0,0.94146
25,11960,1800,1980.0,12345.0,1848.0,9841.0,0.81692
25,11960,1800,2656.0,12936.0,2542.0,10419.0,0.945814
25,11960,1800,2198.0,12387.0,2071.0,9878.0,0.948006
25,11960,1800,2729.0,12781.0,2614.0,10263.0,0.944519
25,11960,1800,2368.0,12607.0,2246.0,10095.0,0.94601
25,11960,1800,2299.0,12322.0,2176.0,9811.0,0.386719
25,11960,1800,2622.0,12517.0,2507.0,10000.0,0.912976
25,11960,1800,2656.0,12488.0,2542.0,9971.0,0.402454
25,11960,1800,2468.0,12723.0,2347.0,10211.0,0.887343
25,11960,1800,2740.0,12039.0,2632.0,9518.0,0.387988
25,11960,1800,2208.0,12470.0,2082.0,9961.0,0.940895
25,11960,1800,2076.0,12938.0,1941.0,10438.0,0.355562
25,11960,1800,2807.0,12106.0,2698.0,9582.0,0.776755
25,11960,1800,2460.0,12750.0,2339.0,10238.0,0.932081
25,11960,1800,2218.0,12458.0,2094.0,9947.0,0.856191
25,11960,1800,2080.0,12460.0,1952.0,9955.0,0.860424
25,11960,1800,2477.0,12973.0,2356.0,10460.0,0.949615
25,11960,1800,2741.0,12868.0,2628.0,10349.0,0.898238
25,11960,1800,1949.0,12685.0,1811.0,10188.0,0.371287
25,11960,1800,2279.0,12132.0,2156.0,9621.0,0.665697
25,11960,1800,2148.0,13086.0,2013.0,10583.0,0.559678
25,11960,1800,2678.0,12729.0,2563.0,10214.0,0.929558
25,11960,1800,2516.0,12259.0,2398.0,9744.0,0.815252
25,11960,1800,2165.0,12570.0,2037.0,10064.0,0.813016
25,11960,1800,2705.0,12823.0,2590.0,10308.0,0.930177
25,11960,1800,2688.0,12271.0,2577.0,9753.0,0.839978
25,11960,1800,2418.0,12425.0,2300.0,9910.0,0.943966
25,11960,1800,2620.0,12475.0,2504.0,9959.0,0.927941
25,11960,1800,1994.0,13053.0,1855.0,10553.0,0.823124
25,11960,1800,2694.0,12242.0,2582.0,9723.0,0.904126
25,11960,1800,2626.0,12703.0,2510.0,10189.0,0.941181
25,11960,1800,2119.0,13041.0,1984.0,10539.0,0.935279
25,11960,1800,2837.0,12171.0,2730.0,9648.0,0.509665
25,11960,1800,2253.0,12543.0,2127.0,10034.0,0.936787
25,11960,1800,1930.0,12668.0,1792.0,10171.0,0.427725
25,11960,1800,2738.0,12234.0,2627.0,9714.0,0.787878
25,11960,1800,2154.0,12591.0,2024.0,10085.0,0.914351
25,11960,1800,2159.0,12673.0,2028.0,10170.0,0.911111
25,11960,1800,2925.0,12248.0,2819.0,9724.0,0.94699
25,11960,1800,2822.0,12757.0,2711.0,10236.0,0.803125
25,11960,1800,2044.0,12376.0,1914.0,9871.0,0.790142
25,11960,1800,2069.0,12738.0,1947.0,10237.0,0.621005
25,11960,1800,2146.0,12667.0,2014.0,10163.0,0.912275
25,11960,1800,2046.0,12157.0,1938.0,9656.0,0.409122
25,11960,1800,2175.0,12578.0,2047.0,10073.0,0.725373
25,11960,1800,2290.0,13087.0,2162.0,10579.0,0.68467
25,11960,1800,2331.0,12581.0,2207.0,10071.0,0.857901
25,11960,1800,2326.0,12896.0,2201.0,10384.0,0.949076
25,11960,1800,2670.0,12245.0,2557.0,9727.0,0.926583
25,11960,1800,2017.0,13016.0,1879.0,10518.0,0.738857
25,11960,1800,2115.0,13145.0,1979.0,10643.0,0.65281
25,11960,1800,2373.0,12302.0,2251.0,9789.0,0.433454
25,11960,1800,2860.0,12484.0,2751.0,9963.0,0.828974
25,11960,1800,2609.0,12703.0,2492.0,10187.0,0.939755
25,11960,1800,2554.0,12306.0,2455.0,9792.0,0.462938
25,11960,1800,2835.0,12666.0,2727.0,10146.0,0.694659
25,11960,1800,2267.0,12936.0,2142.0,10431.0,0.761545
25,11960,1800,2463.0,12618.0,2343.0,10106.0,0.937517
25,11960,1800,2701.0,12295.0,2589.0,9776.0,0.752022
25,11960,1800,2848.0,12394.0,2739.0,9872.0,0.878128
25,11960,1800,2104.0,12499.0,1975.0,9993.0,0.922087
25,11960,1800,2709.0,12404.0,2597.0,9886.0,0.912839
25,11960,1800,2283.0,12642.0,2159.0,10132.0,0.401328
25,11960,1800,2726.0,12378.0,2615.0,9859.0,0.88351
25,11960,1800,2177.0,12726.0,2045.0,10223.0,0.750146
25,11960,1800,2818.0,11993.0,2712.0,9469.0,0.438406
25,11960,1800,2004.0,12793.0,1867.0,10291.0,0.931505
25,11960,1800,2183.0,13135.0,2052.0,10637.0,0.951034
25,11960,1800,2577.0,12658.0,2459.0,10142.0,0.942721
25,11960,1800,2498.0,12086.0,2382.0,9568.0,0.310126
25,11960,1800,2465.0,12646.0,2345.0,10133.0,0.926122
25,11960,1800,2930.0,12239.0,2825.0,9712.0,0.838338
25,11960,1800,2957.0,12757.0,2849.0,10233.0,0.839618
25,11960,1800,2699.0,12394.0,2588.0,9875.0,0.926392
25,11960,1800,2899.0,12365.0,2793.0,9842.0,0.948898
25,11960,1800,2883.0,12327.0,2774.0,9805.0,0.929896
25,11960,1800,2820.0,12337.0,2710.0,9816.0,0.657967
25,11960,1800,2530.0,12367.0,2413.0,9852.0,0.927393
25,11960,1800,2112.0,12102.0,1985.0,9594.0,0.646765
25,11960,1800,2495.0,12557.0,2377.0,10045.0,0.926587
25,11960,1800,2077.0,12258.0,1949.0,9752.0,0.448795
25,11960,1800,2202.0,12842.0,2071.0,10338.0,0.692585
25,11960,1800,2688.0,12487.0,2574.0,9969.0,0.876766
25,11960,1800,2603.0,12200.0,2489.0,9682.0,0.364752
25,11960,1800,2752.0,12796.0,2638.0,10278.0,0.950621
25,11960,1800,1963.0,12252.0,1832.0,9748.0,0.47577
25,11960,1800,2919.0,12036.0,2814.0,9510.0,0.678202
25,11960,1800,2740.0,12468.0,2626.0,9950.0,0.768898
25,11960,1800,2810.0,12351.0,2687.0,9832.0,0.610778
25,11960,1800,2735.0,12521.0,2624.0,10006.0,0.945889
25,11960,1800,2567.0,12480.0,2452.0,9965.0,0.945813
25,11960,1800,2346.0,13025.0,2220.0,10515.0,0.949657
25,11960,1800,2217.0,12520.0,2105.0,10010.0,0.874775
25,11960,1800,2163.0,12216.0,2039.0,9705.0,0.492742
25,11960,1800,2293.0,12997.0,2167.0,10489.0,0.946274
25,11960,1800,2555.0,12231.0,2439.0,9715.0,0.596886
25,11960,1800,2931.0,12409.0,2824.0,9887.0,0.849452
25,11960,1800,2479.0,12436.0,2361.0,9922.0,0.900969
25,11960,1800,2641.0,12656.0,2525.0,10140.0,0.549597
25,11960,1800,1991.0,12787.0,1852.0,10293.0,0.469047
25,11960,1800,2391.0,12756.0,2268.0,10245.0,0.616381
25,11960,1800,2768.0,12312.0,2656.0,9793.0,0.914627
25,11960,1800,2150.0,12617.0,2019.0,10113.0,0.6994
25,11960,1800,2071.0,12540.0,1941.0,10036.0,0.606624
25,11960,1800,2517.0,12489.0,2397.0,9969.0,0.846624
25,11960,1800,2875.0,12353.0,2769.0,9831.0,0.755111
25,11960,1800,2275.0,12588.0,2149.0,10079.0,0.947372
25,11960,1800,2752.0,12466.0,2642.0,9946.0,0.925537
25,11960,1800,2348.0,12473.0,2226.0,9961.0,0.944798
25,11960,1800,2409.0,12246.0,2291.0,9733.0,0.401634
25,11960,1800,2752.0,12034.0,2653.0,9511.0,0.493858
25,11960,1800,2727.0,12848.0,2614.0,10331.0,0.950079
25,11960,1800,2629.0,12443.0,2511.0,9928.0,0.503118
25,11960,1800,2414.0,12650.0,2291.0,10138.0,0.898685
25,11960,1800,1960.0,12889.0,1820.0,10392.0,0.438603
25,11960,1800,2768.0,12891.0,2655.0,10373.0,0.94325
25,11960,1800,2432.0,12892.0,2311.0,10380.0,0.827359
25,11960,1800,2099.0,13011.0,1966.0,10509.0,0.876183
25,11960,1800,2118.0,12299.0,1991.0,9794.0,0.768969
25,11960,1800,2495.0,12078.0,2380.0,9562.0,0.329198
25,11960,1800,2135.0,12883.0,2003.0,10382.0,0.807774
25,11960,1800,2242.0,13039.0,2115.0,10533.0,0.944224
25,11960,1800,2463.0,12754.0,2346.0,10245.0,0.913361
25,11960,1800,2668.0,12412.0,2556.0,9895.0,0.942741
25,11960,1800,2964.0,12266.0,2857.0,9743.0,0.454824
25,11960,1800,2386.0,12766.0,2260.0,10255.0,0.917085
25,11960,1800,2125.0,12869.0,1992.0,10368.0,0.931462
25,11960,1800,2307.0,12635.0,2182.0,10125.0,0.879279
25,11960,1800,2228.0,12575.0,2103.0,10067.0,0.937075
25,11960,1800,2831.0,12703.0,2725.0,10187.0,0.493816
25,11960,1800,2392.0,12767.0,2275.0,10252.0,0.422372
25,11960,1800,2543.0,12775.0,2421.0,10265.0,0.846363
25,11960,1800,2861.0,12739.0,2753.0,10218.0,0.941887
25,11960,1800,2627.0,12695.0,2513.0,10177.0,0.851898
25,11960,1800,2283.0,12191.0,2160.0,9680.0,0.601936
25,11960,1800,2499.0,12447.0,2381.0,9933.0,0.380021
25,11960,1800,2812.0,12021.0,2703.0,9498.0,0.810297
25,11960,1800,2196.0,12100.0,2071.0,9592.0,0.437144
25,11960,1800,1999.0,13091.0,1858.0,10594.0,0.932864
25,11960,1800,2796.0,12435.0,2685.0,9916.0,0.93897
25,11960,1800,2814.0,12372.0,2706.0,9850.0,0.951414
25,11960,1800,2439.0,12101.0,2320.0,9586.0,0.546466
25,11960,1800,2760.0,12555.0,2650.0,10041.0,0.618272
25,11960,1800,2821.0,12384.0,2713.0,9863.0,0.948087
25,11960,1800,2093.0,12458.0,1965.0,9951.0,0.815502
25,11960,1800,2752.0,12874.0,2638.0,10357.0,0.936676
25,11960,1800,2848.0,12690.0,2738.0,10169.0,0.794025
25,11960,1800,2161.0,13130.0,2029.0,10627.0,0.815083
25,11960,1800,2311.0,12998.0,2185.0,10488.0,0.934707
25,11960,1800,2590.0,12806.0,2470.0,10298.0,0.822143
25,11960,1800,2102.0,13108.0,1966.0,10608.0,0.622466
25,11960,1800,2435.0,12565.0,2314.0,10053.0,0.948162
28,13160,1800,2043.0,13495.0,1900.0,11001.0,0.886391
36,15560,4200,4308.0,16558.0,4172.0,14079.0,0.708306
41,17960,3000,3825.0,18651.0,3684.0,16185.0,0.57017
41,17960,3000,3797.0,18920.0,3655.0,16454.0,0.304234
41,17960,3000,3627.0,18866.0,3481.0,16402.0,0.368042
41,17960,3000,3924.0,18779.0,3787.0,16310.0,0.908396
41,17960,3000,3891.0,18865.0,3753.0,16397.0,0.657471
41,17960,3000,3970.0,19107.0,3835.0,16635.0,0.33941
41,17960,3000,3925.0,18757.0,3787.0,16291.0,0.430894
41,17960,3000,3749.0,18833.0,3606.0,16367.0,0.380936
41,17960,3000,3806.0,18853.0,3664.0,16386.0,0.30812
41,17960,3000,4110.0,18812.0,3980.0,16336.0,0.311946
41,17960,3000,3794.0,18721.0,3652.0,16255.0,0.493428
41,17960,3000,4182.0,18488.0,4048.0,16018.0,0.358425
41,17960,3000,4078.0,18852.0,3947.0,16378.0,0.638648
41,17960,3000,3900.0,18886.0,3761.0,16417.0,0.750784
41,17960,3000,3877.0,19027.0,3736.0,16560.0,0.512357
41,17960,3000,3917.0,18741.0,3780.0,16271.0,0.817906
41,17960,3000,3875.0,18932.0,3734.0,16463.0,0.521091
41,17960,3000,4157.0,18327.0,4024.0,15857.0,0.394256
41,17960,3000,3872.0,18655.0,3733.0,16188.0,0.643104
41,17960,3000,3904.0,18754.0,3767.0,16281.0,0.465593
41,17960,3000,3891.0,19151.0,3753.0,16681.0,0.559392
41,17960,3000,3869.0,19048.0,3729.0,16581.0,0.447242
41,17960,3000,3635.0,18962.0,3488.0,16499.0,0.365738
41,17960,3000,3822.0,18890.0,3681.0,16422.0,0.507182
41,17960,3000,4170.0,18322.0,4037.0,15853.0,0.4322
41,17960,3000,3910.0,18779.0,3772.0,16310.0,0.652924
43,19160,1800,2653.0,20111.0,2491.0,17655.0,0.350011
43,19160,1800,2495.0,20147.0,2330.0,17693.0,0.416765
43,19160,1800,2663.0,20275.0,2498.0,17821.0,0.535835
43,19160,1800,2551.0,20336.0,2385.0,17884.0,0.396745
43,19160,1800,2630.0,20288.0,2464.0,17834.0,0.447211
43,19160,1800,2623.0,20272.0,2458.0,17819.0,0.595061
43,19160,1800,2590.0,20133.0,2425.0,17677.0,0.364128
44,19160,3000,3955.0,19655.0,3820.0,17184.0,0.754111
44,19160,3000,4067.0,20123.0,3936.0,17650.0,0.713718
44,19160,3000,3661.0,19305.0,3510.0,16845.0,0.411999
44,19160,3000,3794.0,19997.0,3648.0,17536.0,0.71887
44,19160,3000,3498.0,19477.0,3342.0,17022.0,0.460883
44,19160,3000,3532.0,20344.0,3379.0,17888.0,0.3866
44,19160,3000,3535.0,19343.0,3383.0,16886.0,0.421566
44,19160,3000,3698.0,19719.0,3547.0,17262.0,0.690487
44,19160,3000,3578.0,20193.0,3426.0,17737.0,0.451128
44,19160,3000,3970.0,20292.0,3836.0,17820.0,0.583073
44,19160,3000,3568.0,19453.0,3414.0,16999.0,0.6003
44,19160,3000,3959.0,19835.0,3822.0,17366.0,0.650675
44,19160,3000,4140.0,19975.0,4011.0,17491.0,0.475565
44,19160,3000,4117.0,20299.0,3986.0,17824.0,0.794922
44,19160,3000,3755.0,19335.0,3609.0,16874.0,0.340507
44,19160,3000,4077.0,20053.0,3946.0,17580.0,0.709734
44,19160,3000,3680.0,19217.0,3533.0,16758.0,0.312451
44,19160,3000,4087.0,19743.0,3957.0,17268.0,0.50155
44,19160,3000,3627.0,19377.0,3475.0,16919.0,0.445107
44,19160,3000,3335.0,20040.0,3185.0,17590.0,0.371559
44,19160,3000,3830.0,19984.0,3686.0,17521.0,0.759633
44,19160,3000,4171.0,20088.0,4044.0,17611.0,0.603116
44,19160,3000,3594.0,20147.0,3449.0,17681.0,0.326097
44,19160,3000,3623.0,20270.0,3470.0,17812.0,0.686485
44,19160,3000,4099.0,20069.0,3971.0,17596.0,0.804665
44,19160,3000,4000.0,20039.0,3865.0,17568.0,0.819643
44,19160,3000,4098.0,20222.0,3968.0,17747.0,0.907973
44,19160,3000,4144.0,20208.0,4016.0,17732.0,0.843888
44,19160,3000,4073.0,20160.0,3945.0,17685.0,0.597117
44,19160,3000,4095.0,20057.0,3966.0,17581.0,0.474189
44,19160,3000,3496.0,20019.0,3339.0,17564.0,0.87655
44,19160,3000,4121.0,19953.0,3993.0,17477.0,0.631231
44,19160,3000,3619.0,20090.0,3466.0,17634.0,0.597954
44,19160,3000,3937.0,19952.0,3799.0,17485.0,0.629875
44,19160,3000,4095.0,20236.0,3966.0,17760.0,0.409201
44,19160,3000,3668.0,19208.0,3521.0,16749.0,0.30542
44,19160,3000,4124.0,19978.0,3996.0,17504.0,0.311348
44,19160,3000,3518.0,19486.0,3361.0,17033.0,0.347649
44,19160,3000,3597.0,20211.0,3444.0,17754.0,0.712017
44,19160,3000,3873.0,19917.0,3731.0,17452.0,0.517037
44,19160,3000,3554.0,19535.0,3397.0,17080.0,0.440857
44,19160,3000,3790.0,20289.0,3647.0,17824.0,0.337044
44,19160,3000,3660.0,19593.0,3506.0,17136.0,0.367339
44,19160,3000,3851.0,19894.0,3707.0,17430.0,0.302711
44,19160,3000,4083.0,20100.0,3952.0,17627.0,0.624182
44,19160,3000,3976.0,20310.0,3842.0,17837.0,0.715097
44,19160,3000,4152.0,19975.0,4025.0,17499.0,0.703915
44,19160,3000,3996.0,20315.0,3863.0,17842.0,0.759651
44,19160,3000,4041.0,19677.0,3911.0,17203.0,0.709021
44,19160,3000,4099.0,20094.0,3970.0,17619.0,0.568564
44,19160,3000,4002.0,19333.0,3870.0,16858.0,0.441538
44,19160,3000,3948.0,19954.0,3812.0,17483.0,0.587273
44,19160,3000,3961.0,19938.0,3822.0,17469.0,0.333664
44,19160,3000,3810.0,20003.0,3665.0,17540.0,0.661824
44,19160,3000,3638.0,20096.0,3488.0,17637.0,0.678123
44,19160,3000,3808.0,19880.0,3659.0,17420.0,0.729327
44,19160,3000,3666.0,20123.0,3518.0,17666.0,0.392756
44,19160,3000,4132.0,20003.0,4004.0,17527.0,0.793424
44,19160,3000,3736.0,20100.0,3601.0,17618.0,0.430259
44,19160,3000,3571.0,20265.0,3417.0,17809.0,0.559311
44,19160,3000,4019.0,19904.0,3886.0,17432.0,0.69011
45,19160,4200,4299.0,20142.0,4177.0,17661.0,0.618513
45,19160,4200,4287.0,20161.0,4164.0,17682.0,0.632028
45,19160,4200,4619.0,20279.0,4488.0,17797.0,0.343227
45,19160,4200,4268.0,20296.0,4146.0,17816.0,0.580001
46,20360,1800,2696.0,21229.0,2548.0,18784.0,0.927364
46,20360,1800,2625.0,21041.0,2459.0,18587.0,0.910164
46,20360,1800,2662.0,21264.0,2496.0,18812.0,0.934647
46,20360,1800,2068.0,20477.0,1895.0,18025.0,0.870955
46,20360,1800,2581.0,21416.0,2416.0,18966.0,0.769929
46,20360,1800,2596.0,21067.0,2431.0,18614.0,0.814489
46,20360,1800,2179.0,20856.0,2010.0,18405.0,0.808164
46,20360,1800,2330.0,20920.0,2162.0,18468.0,0.853197
46,20360,1800,2248.0,20516.0,2078.0,18066.0,0.386489
46,20360,1800,2624.0,21020.0,2458.0,18569.0,0.581567
46,20360,1800,2264.0,20522.0,2094.0,18071.0,0.634847
46,20360,1800,2240.0,21343.0,2070.0,18894.0,0.941686
46,20360,1800,2527.0,20827.0,2369.0,18376.0,0.617401
46,20360,1800,2286.0,20588.0,2118.0,18138.0,0.837336
46,20360,1800,2812.0,21181.0,2648.0,18728.0,0.930527
46,20360,1800,2727.0,20984.0,2577.0,18530.0,0.644322
46,20360,1800,2475.0,20781.0,2314.0,18324.0,0.436799
46,20360,1800,2762.0,21466.0,2601.0,19017.0,0.565567
46,20360,1800,2336.0,20952.0,2166.0,18502.0,0.888491
46,20360,1800,2246.0,21313.0,2077.0,18863.0,0.938553
46,20360,1800,2287.0,20568.0,2117.0,18116.0,0.569212
46,20360,1800,1910.0,21023.0,1735.0,18576.0,0.838066
46,20360,1800,1882.0,21009.0,1709.0,18563.0,0.493785
46,20360,1800,2875.0,21437.0,2719.0,18987.0,0.445794
46,20360,1800,2409.0,21273.0,2242.0,18822.0,0.653768
46,20360,1800,2089.0,20896.0,1918.0,18445.0,0.323892
46,20360,1800,2600.0,21035.0,2447.0,18582.0,0.820202
46,20360,1800,2825.0,21169.0,2661.0,18719.0,0.752492
46,20360,1800,2228.0,21346.0,2058.0,18898.0,0.943212
46,20360,1800,2210.0,20639.0,2041.0,18187.0,0.925978
46,20360,1800,2345.0,20558.0,2176.0,18108.0,0.467594
46,20360,1800,2027.0,20941.0,1854.0,18493.0,0.797325
46,20360,1800,2840.0,21138.0,2677.0,18686.0,0.892464
46,20360,1800,2544.0,21155.0,2379.0,18701.0,0.505879
46,20360,1800,2640.0,21543.0,2491.0,19087.0,0.867535
46,20360,1800,1901.0,21031.0,1726.0,18584.0,0.61921
46,20360,1800,2360.0,20976.0,2193.0,18523.0,0.84177
46,20360,1800,2100.0,20639.0,1930.0,18187.0,0.684578
46,20360,1800,2281.0,20843.0,2112.0,18390.0,0.93913
46,20360,1800,2445.0,21542.0,2280.0,19091.0,0.83249
46,20360,1800,2227.0,20644.0,2058.0,18193.0,0.883699
46,20360,1800,2272.0,20600.0,2104.0,18150.0,0.646842
46,20360,1800,2751.0,21066.0,2587.0,18614.0,0.686512
46,20360,1800,2699.0,20630.0,2539.0,18175.0,0.358143
46,20360,1800,2128.0,21315.0,1955.0,18869.0,0.948107
46,20360,1800,2777.0,21468.0,2616.0,19015.0,0.669148
46,20360,1800,2739.0,21483.0,2578.0,19030.0,0.894565
46,20360,1800,2542.0,21491.0,2388.0,19030.0,0.85085
46,20360,1800,2367.0,20530.0,2199.0,18081.0,0.870632
46,20360,1800,2441.0,20857.0,2274.0,18407.0,0.656741
46,20360,1800,2598.0,21547.0,2435.0,19094.0,0.915872
46,20360,1800,2197.0,20969.0,2028.0,18518.0,0.932247
46,20360,1800,2906.0,20859.0,2758.0,18410.0,0.490151
46,20360,1800,2832.0,21155.0,2668.0,18704.0,0.926139
46,20360,1800,2770.0,21480.0,2614.0,19024.0,0.702468
46,20360,1800,2224.0,21488.0,2070.0,19030.0,0.749922
46,20360,1800,2333.0,21049.0,2167.0,18596.0,0.946074
46,20360,1800,2614.0,20489.0,2450.0,18035.0,0.587107
46,20360,1800,2716.0,20669.0,2553.0,18215.0,0.39291
46,20360,1800,2707.0,21021.0,2541.0,18569.0,0.431662
46,20360,1800,2294.0,20608.0,2124.0,18157.0,0.746353
46,20360,1800,2570.0,20380.0,2407.0,17927.0,0.410256
46,20360,1800,2651.0,21556.0,2492.0,19108.0,0.539059
46,20360,1800,2463.0,21147.0,2298.0,18693.0,0.780416
46,20360,1800,2846.0,21371.0,2683.0,18919.0,0.712973
46,20360,1800,1999.0,21551.0,1824.0,19110.0,0.516808
46,20360,1800,2728.0,20808.0,2562.0,18356.0,0.461775
46,20360,1800,2441.0,21236.0,2288.0,18782.0,0.837414
46,20360,1800,2752.0,21481.0,2590.0,19027.0,0.902314
46,20360,1800,2583.0,20819.0,2418.0,18368.0,0.386152
46,20360,1800,2377.0,20778.0,2207.0,18325.0,0.805889
46,20360,1800,1924.0,20895.0,1750.0,18449.0,0.667618
46,20360,1800,2909.0,20921.0,2745.0,18470.0,0.756782
46,20360,1800,2183.0,20388.0,2013.0,17938.0,0.319628
46,20360,1800,2451.0,21345.0,2284.0,18894.0,0.951168
46,20360,1800,2478.0,21359.0,2313.0,18908.0,0.938826
46,20360,1800,2518.0,21208.0,2352.0,18756.0,0.694892
46,20360,1800,2359.0,20957.0,2192.0,18505.0,0.947504
46,20360,1800,2694.0,20609.0,2531.0,18157.0,0.353772
46,20360,1800,2866.0,21463.0,2704.0,19008.0,0.847115
46,20360,1800,1949.0,20912.0,1774.0,18467.0,0.584033
46,20360,1800,1912.0,20447.0,1747.0,18003.0,0.461188
46,20360,1800,2050.0,21086.0,1876.0,18639.0,0.82892
46,20360,1800,2808.0,21426.0,2647.0,18973.0,0.912095
46,20360,1800,2522.0,21021.0,2356.0,18566.0,0.941206
46,20360,1800,2570.0,21049.0,2423.0,18588.0,0.62399
46,20360,1800,2284.0,21281.0,2115.0,18832.0,0.822767
46,20360,1800,2417.0,21232.0,2251.0,18780.0,0.60293
46,20360,1800,2253.0,20532.0,2079.0,18086.0,0.321732
46,20360,1800,2348.0,21350.0,2181.0,18900.0,0.943354
46,20360,1800,2461.0,20528.0,2293.0,18076.0,0.588981
46,20360,1800,2160.0,20663.0,1990.0,18214.0,0.882905
46,20360,1800,2699.0,21187.0,2533.0,18734.0,0.330593
46,20360,1800,2317.0,21469.0,2149.0,19020.0,0.926264
46,20360,1800,1905.0,20842.0,1743.0,18395.0,0.374235
46,20360,1800,2403.0,20688.0,2234.0,18238.0,0.684735
46,20360,1800,2438.0,21220.0,2274.0,18768.0,0.949856
46,20360,1800,2371.0,21039.0,2204.0,18586.0,0.862548
46,20360,1800,2070.0,20820.0,1901.0,18371.0,0.736043
46,20360,1800,2618.0,21032.0,2465.0,18579.0,0.667195
46,20360,1800,2368.0,20666.0,2197.0,18215.0,0.89016
46,20360,1800,2149.0,20917.0,1980.0,18465.0,0.532817
46,20360,1800,2249.0,21527.0,2080.0,19079.0,0.327058
46,20360,1800,2585.0,21019.0,2431.0,18567.0,0.451192
46,20360,1800,2321.0,21371.0,2153.0,18922.0,0.946333
46,20360,1800,2738.0,21355.0,2575.0,18902.0,0.897725
46,20360,1800,2417.0,21253.0,2251.0,18800.0,0.82704
46,20360,1800,2230.0,21192.0,2060.0,18742.0,0.920547
46,20360,1800,2334.0,21273.0,2166.0,18823.0,0.948292
46,20360,1800,2498.0,20592.0,2331.0,18138.0,0.457416
46,20360,1800,2295.0,20596.0,2126.0,18146.0,0.667656
46,20360,1800,2441.0,21127.0,2275.0,18673.0,0.745145
46,20360,1800,2631.0,21552.0,2485.0,19094.0,0.777281
46,20360,1800,2070.0,20763.0,1899.0,18311.0,0.902768
46,20360,1800,2302.0,20529.0,2131.0,18080.0,0.729183
46,20360,1800,2244.0,20608.0,2095.0,18168.0,0.579777
46,20360,1800,2342.0,20983.0,2176.0,18528.0,0.935633
46,20360,1800,2975.0,21044.0,2812.0,18591.0,0.7566
46,20360,1800,2403.0,20621.0,2235.0,18171.0,0.930113
46,20360,1800,2782.0,21248.0,2620.0,18800.0,0.367837
46,20360,1800,2183.0,21248.0,2010.0,18800.0,0.936091
46,20360,1800,2080.0,20469.0,1910.0,18020.0,0.809417
46,20360,1800,2116.0,21314.0,1942.0,18869.0,0.88348
46,20360,1800,2831.0,21206.0,2668.0,18752.0,0.760818
46,20360,1800,2354.0,20988.0,2187.0,18536.0,0.94662
46,20360,1800,2492.0,21245.0,2326.0,18793.0,0.91391
46,20360,1800,1930.0,20468.0,1754.0,18021.0,0.316489
46,20360,1800,2554.0,20384.0,2389.0,17930.0,0.334382
46,20360,1800,2634.0,20836.0,2470.0,18392.0,0.321067
46,20360,1800,2366.0,21015.0,2198.0,18562.0,0.936308
46,20360,1800,2116.0,20781.0,1946.0,18331.0,0.902843
46,20360,1800,2407.0,20856.0,2240.0,18404.0,0.804691
46,20360,1800,2476.0,21426.0,2310.0,18974.0,0.590203
46,20360,1800,2569.0,21368.0,2406.0,18915.0,0.950075
46,20360,1800,2602.0,20745.0,2430.0,18294.0,0.370575
46,20360,1800,1886.0,20439.0,1711.0,17993.0,0.349442
46,20360,1800,2166.0,20830.0,1996.0,18378.0,0.782318
46,20360,1800,2829.0,21144.0,2664.0,18690.0,0.774057
46,20360,1800,2687.0,21045.0,2524.0,18593.0,0.544398
46,20360,1800,2244.0,21193.0,2073.0,18745.0,0.952558
46,20360,1800,1942.0,20517.0,1767.0,18071.0,0.45614
46,20360,1800,2743.0,21255.0,2584.0,18805.0,0.304993
46,20360,1800,2200.0,21468.0,2028.0,19021.0,0.952546
46,20360,1800,2189.0,21290.0,2017.0,18842.0,0.95133
46,20360,1800,2270.0,20533.0,2099.0,18083.0,0.418071
46,20360,1800,2444.0,21258.0,2280.0,18804.0,0.426152
46,20360,1800,2482.0,21399.0,2314.0,18949.0,0.53427
46,20360,1800,2352.0,20979.0,2186.0,18527.0,0.925352
46,20360,1800,2554.0,21085.0,2390.0,18632.0,0.946445
46,20360,1800,2194.0,20935.0,2025.0,18484.0,0.896362
46,20360,1800,2148.0,20655.0,1989.0,18200.0,0.880588
46,20360,1800,2382.0,21299.0,2215.0,18847.0,0.377657
46,20360,1800,2773.0,20922.0,2611.0,18471.0,0.313267
46,20360,1800,2365.0,21289.0,2203.0,18826.0,0.780766
46,20360,1800,2687.0,21026.0,2522.0,18574.0,0.839046
46,20360,1800,2151.0,21167.0,1997.0,18717.0,0.943685
46,20360,1800,2832.0,21129.0,2669.0,18678.0,0.461951
46,20360,1800,2067.0,20463.0,1898.0,18013.0,0.537136
46,20360,1800,2049.0,21060.0,1875.0,18613.0,0.925442
46,20360,1800,2851.0,21189.0,2701.0,18742.0,0.617212
46,20360,1800,2627.0,20848.0,2468.0,18388.0,0.439549
46,20360,1800,2635.0,21038.0,2471.0,18586.0,0.922322
46,20360,1800,2322.0,20894.0,2152.0,18442.0,0.47113
46,20360,1800,2287.0,21466.0,2119.0,19017.0,0.947901
46,20360,1800,2367.0,20464.0,2196.0,18014.0,0.359185
46,20360,1800,2066.0,21081.0,1894.0,18633.0,0.918919
46,20360,1800,2215.0,21344.0,2045.0,18897.0,0.89422
46,20360,1800,2233.0,21317.0,2064.0,18868.0,0.952576
46,20360,1800,2369.0,20734.0,2197.0,18282.0,0.630462
46,20360,1800,2151.0,20665.0,1982.0,18210.0,0.822458
46,20360,1800,2673.0,20999.0,2508.0,18546.0,0.879643
46,20360,1800,2287.0,20466.0,2115.0,18017.0,0.602651
46,20360,1800,1972.0,20767.0,1796.0,18322.0,0.495251
46,20360,1800,2467.0,20967.0,2301.0,18515.0,0.768774
46,20360,1800,2666.0,21418.0,2503.0,18965.0,0.884906
46,20360,1800,1927.0,20454.0,1754.0,18009.0,0.515425
46,20360,1800,2181.0,20614.0,2011.0,18163.0,0.552448
46,20360,1800,2526.0,21297.0,2361.0,18845.0,0.783256
46,20360,1800,2308.0,21264.0,2138.0,18813.0,0.519493
46,20360,1800,2389.0,20639.0,2219.0,18187.0,0.615178
46,20360,1800,2596.0,20755.0,2431.0,18300.0,0.855431
46,20360,1800,2206.0,20786.0,2038.0,18333.0,0.854533
46,20360,1800,2053.0,21249.0,1876.0,18806.0,0.396469
46,20360,1800,2080.0,20819.0,1909.0,18371.0,0.494372
46,20360,1800,2413.0,21148.0,2247.0,18696.0,0.550796
46,20360,1800,2477.0,20899.0,2313.0,18446.0,0.835382
46,20360,1800,2062.0,20992.0,1890.0,18542.0,0.738356
46,20360,1800,2068.0,20467.0,1898.0,18017.0,0.5886
46,20360,1800,2328.0,21550.0,2159.0,19100.0,0.466567
46,20360,1800,2834.0,21015.0,2668.0,18561.0,0.926248
46,20360,1800,2391.0,21269.0,2224.0,18820.0,0.559103
46,20360,1800,2814.0,20785.0,2650.0,18335.0,0.686749
46,20360,1800,2230.0,21523.0,2060.0,19074.0,0.35188
46,20360,1800,2071.0,20463.0,1902.0,18013.0,0.569299
46,20360,1800,2261.0,20888.0,2091.0,18437.0,0.606329
46,20360,1800,2463.0,21212.0,2296.0,18759.0,0.918737
46,20360,1800,2429.0,21505.0,2268.0,19043.0,0.349974
46,20360,1800,2149.0,21312.0,1976.0,18862.0,0.765641
46,20360,1800,2087.0,20384.0,1914.0,17934.0,0.655897
46,20360,1800,2242.0,20902.0,2073.0,18451.0,0.920483
46,20360,1800,2312.0,20980.0,2150.0,18533.0,0.817851
46,20360,1800,2273.0,21423.0,2104.0,18973.0,0.942114
46,20360,1800,2473.0,20959.0,2329.0,18507.0,0.438905
46,20360,1800,2481.0,21074.0,2333.0,18617.0,0.44287
46,20360,1800,2618.0,20594.0,2453.0,18141.0,0.419736
46,20360,1800,2403.0,21319.0,2239.0,18869.0,0.921567
46,20360,1800,1988.0,21231.0,1811.0,18791.0,0.377996
46,20360,1800,2227.0,20823.0,2059.0,18370.0,0.339788
46,20360,1800,1898.0,20777.0,1720.0,18333.0,0.502709
46,20360,1800,2215.0,21340.0,2044.0,18893.0,0.721506
46,20360,1800,1990.0,21486.0,1820.0,19044.0,0.567998
46,20360,1800,2373.0,20585.0,2204.0,18134.0,0.488195
46,20360,1800,2733.0,21264.0,2585.0,18809.0,0.515882
46,20360,1800,2300.0,20661.0,2133.0,18208.0,0.862797
46,20360,1800,2556.0,21173.0,2391.0,18721.0,0.892273
46,20360,1800,2508.0,21347.0,2343.0,18895.0,0.474262
46,20360,1800,2487.0,21096.0,2323.0,18643.0,0.895668
46,20360,1800,2080.0,20814.0,1911.0,18362.0,0.876779
46,20360,1800,2725.0,21208.0,2559.0,18756.0,0.623105
46,20360,1800,2176.0,21059.0,2005.0,18614.0,0.360982
46,20360,1800,2278.0,21497.0,2109.0,19045.0,0.927745
46,20360,1800,2279.0,21244.0,2110.0,18794.0,0.890958
46,20360,1800,2149.0,21486.0,1977.0,19041.0,0.931036
46,20360,1800,2245.0,20504.0,2079.0,18055.0,0.399718
46,20360,1800,2201.0,20413.0,2031.0,17963.0,0.380868
46,20360,1800,2145.0,21010.0,1992.0,18558.0,0.853661
46,20360,1800,2746.0,21241.0,2582.0,18789.0,0.492394
46,20360,1800,2260.0,21204.0,2092.0,18755.0,0.953404
46,20360,1800,2214.0,21301.0,2060.0,18854.0,0.828827
46,20360,1800,2576.0,21389.0,2411.0,18935.0,0.946878
46,20360,1800,2160.0,20962.0,1986.0,18512.0,0.544472
46,20360,1800,2488.0,21439.0,2323.0,18988.0,0.948674
49,21560,1800,2270.0,21594.0,2101.0,19145.0,0.870661
49,21560,1800,2618.0,22149.0,2459.0,19692.0,0.731123
49,21560,1800,2673.0,22194.0,2516.0,19738.0,0.835174
49,21560,1800,2691.0,21584.0,2530.0,19130.0,0.670563
49,21560,1800,1996.0,21719.0,1823.0,19273.0,0.338993
49,21560,1800,2853.0,22377.0,2704.0,19911.0,0.913928
49,21560,1800,2410.0,21717.0,2243.0,19266.0,0.429246
49,21560,1800,2773.0,22757.0,2628.0,20286.0,0.587278
49,21560,1800,2795.0,22628.0,2649.0,20159.0,0.811952
49,21560,1800,2887.0,22147.0,2736.0,19684.0,0.873221
49,21560,1800,2834.0,22042.0,2680.0,19581.0,0.47551
49,21560,1800,2659.0,22179.0,2502.0,19721.0,0.802069
49,21560,1800,2838.0,21684.0,2683.0,19224.0,0.768658
49,21560,1800,2014.0,21656.0,1840.0,19213.0,0.783729
49,21560,1800,2866.0,22150.0,2714.0,19688.0,0.866633
49,21560,1800,2548.0,21888.0,2388.0,19432.0,0.807177
49,21560,1800,2426.0,22694.0,2271.0,20231.0,0.467158
49,21560,1800,2738.0,22528.0,2588.0,20061.0,0.718493
49,21560,1800,2848.0,22538.0,2718.0,20059.0,0.313398
49,21560,1800,2995.0,22335.0,2851.0,19866.0,0.73618
49,21560,1800,2849.0,22176.0,2696.0,19713.0,0.794519
49,21560,1800,2661.0,22632.0,2512.0,20165.0,0.323753
49,21560,1800,2748.0,21717.0,2590.0,19261.0,0.8302
49,21560,1800,2674.0,22477.0,2522.0,20011.0,0.721112
49,21560,1800,2763.0,22531.0,2615.0,20064.0,0.717109
49,21560,1800,2448.0,22269.0,2304.0,19810.0,0.576652
49,21560,1800,2979.0,21806.0,2829.0,19342.0,0.78245
49,21560,1800,2062.0,21832.0,1890.0,19384.0,0.757449
49,21560,1800,2171.0,22290.0,2013.0,19842.0,0.873641
49,21560,1800,2328.0,22017.0,2162.0,19568.0,0.738584
49,21560,1800,2667.0,22488.0,2515.0,20022.0,0.813126
49,21560,1800,2614.0,22525.0,2465.0,20061.0,0.588063
49,21560,1800,2784.0,22646.0,2637.0,20176.0,0.741157
49,21560,1800,2050.0,21711.0,1878.0,19266.0,0.728781
49,21560,1800,2798.0,22669.0,2654.0,20199.0,0.485773
49,21560,1800,2673.0,21625.0,2514.0,19170.0,0.38901
49,21560,1800,2565.0,21925.0,2419.0,19473.0,0.778759
49,21560,1800,2558.0,22553.0,2403.0,20090.0,0.642993
49,21560,1800,2409.0,21896.0,2244.0,19445.0,0.617831
49,21560,1800,2631.0,22093.0,2472.0,19637.0,0.718684
49,21560,1800,1939.0,21671.0,1764.0,19228.0,0.77888
49,21560,1800,2609.0,22537.0,2457.0,20075.0,0.53934
49,21560,1800,2660.0,22083.0,2501.0,19625.0,0.893235
49,21560,1800,2754.0,22749.0,2611.0,20284.0,0.388247
49,21560,1800,2574.0,22178.0,2413.0,19722.0,0.338461
49,21560,1800,1974.0,21923.0,1802.0,19476.0,0.511238
49,21560,1800,2592.0,22660.0,2458.0,20204.0,0.424091
49,21560,1800,2812.0,21894.0,2657.0,19433.0,0.372691
49,21560,1800,2655.0,22476.0,2502.0,20014.0,0.701728
49,21560,1800,2314.0,21973.0,2147.0,19524.0,0.483263
49,21560,1800,2740.0,21621.0,2581.0,19166.0,0.484026
49,21560,1800,2247.0,21801.0,2094.0,19361.0,0.530308
49,21560,1800,2688.0,21625.0,2527.0,19171.0,0.399176
49,21560,1800,2688.0,21939.0,2531.0,19480.0,0.707269
49,21560,1800,2750.0,21708.0,2593.0,19249.0,0.602399
49,21560,1800,2663.0,21659.0,2502.0,19205.0,0.564327
49,21560,1800,2210.0,21588.0,2040.0,19140.0,0.345658
49,21560,1800,2883.0,21835.0,2728.0,19374.0,0.741472
49,21560,1800,2789.0,22448.0,2645.0,19981.0,0.498276
49,21560,1800,2863.0,21806.0,2710.0,19345.0,0.896941
49,21560,1800,2554.0,22071.0,2393.0,19615.0,0.412548
49,21560,1800,2383.0,22061.0,2221.0,19613.0,0.545678
49,21560,1800,1907.0,22188.0,1736.0,19744.0,0.432764
49,21560,1800,2637.0,21664.0,2476.0,19209.0,0.523271
49,21560,1800,2114.0,22098.0,1949.0,19658.0,0.55157
49,21560,1800,2176.0,22300.0,2023.0,19855.0,0.550901
49,21560,1800,2817.0,22292.0,2667.0,19829.0,0.758731
49,21560,1800,2750.0,21790.0,2593.0,19331.0,0.63515
49,21560,1800,2341.0,22707.0,2190.0,20252.0,0.57714
49,21560,1800,1980.0,21906.0,1809.0,19464.0,0.574699
49,21560,1800,2603.0,21864.0,2439.0,19409.0,0.314454
49,21560,1800,2940.0,22530.0,2794.0,20061.0,0.347153
49,21560,1800,2688.0,22420.0,2535.0,19958.0,0.369381
49,21560,1800,2721.0,22205.0,2565.0,19746.0,0.633384
49,21560,1800,2608.0,21626.0,2446.0,19173.0,0.755198
49,21560,1800,2841.0,22673.0,2697.0,20204.0,0.538838
49,21560,1800,2037.0,21656.0,1863.0,19213.0,0.326625
49,21560,1800,2983.0,22280.0,2836.0,19813.0,0.774037
49,21560,1800,2569.0,22544.0,2415.0,20079.0,0.485003
49,21560,1800,2764.0,22559.0,2615.0,20093.0,0.370174
49,21560,1800,2760.0,22477.0,2607.0,20012.0,0.681963
49,21560,1800,2733.0,22175.0,2577.0,19715.0,0.318471
49,21560,1800,2694.0,21644.0,2535.0,19187.0,0.393346
49,21560,1800,2785.0,21725.0,2629.0,19267.0,0.453618
49,21560,1800,2951.0,22263.0,2803.0,19797.0,0.834145
49,21560,1800,2519.0,21679.0,2378.0,19222.0,0.508633
49,21560,1800,2752.0,22544.0,2604.0,20078.0,0.661066
49,21560,1800,2859.0,22582.0,2712.0,20113.0,0.482218
49,21560,1800,2854.0,22385.0,2703.0,19921.0,0.638528
49,21560,1800,2809.0,22368.0,2659.0,19903.0,0.633527
49,21560,1800,2739.0,21908.0,2582.0,19450.0,0.853325
49,21560,1800,2197.0,22293.0,2033.0,19845.0,0.327596
49,21560,1800,2788.0,22432.0,2638.0,19966.0,0.90378
49,21560,1800,2782.0,21869.0,2625.0,19409.0,0.449848
49,21560,1800,2148.0,21827.0,1979.0,19376.0,0.385444
49,21560,1800,2599.0,22538.0,2447.0,20072.0,0.552909
49,21560,1800,2841.0,22120.0,2689.0,19659.0,0.327152
49,21560,1800,2073.0,21829.0,1902.0,19381.0,0.792897
49,21560,1800,2698.0,22497.0,2547.0,20032.0,0.840515
49,21560,1800,2979.0,22428.0,2833.0,19959.0,0.783696
49,21560,1800,2511.0,21616.0,2348.0,19162.0,0.647113
49,21560,1800,2862.0,22144.0,2710.0,19683.0,0.616811
49,21560,1800,2449.0,21626.0,2283.0,19176.0,0.487167
49,21560,1800,2935.0,21718.0,2783.0,19258.0,0.609625
49,21560,1800,2754.0,22518.0,2602.0,20052.0,0.607754
49,21560,1800,2094.0,22147.0,1949.0,19693.0,0.410933
49,21560,1800,2533.0,22242.0,2372.0,19787.0,0.522021
49,21560,1800,2604.0,22518.0,2452.0,20054.0,0.447794
49,21560,1800,2659.0,22112.0,2499.0,19655.0,0.660099
49,21560,1800,2404.0,21831.0,2238.0,19381.0,0.751794
49,21560,1800,2232.0,21776.0,2064.0,19329.0,0.513969
49,21560,1800,2403.0,21887.0,2241.0,19435.0,0.334543
49,21560,1800,2542.0,21821.0,2378.0,19369.0,0.332044
49,21560,1800,1988.0,21716.0,1814.0,19272.0,0.379565
49,21560,1800,2887.0,22569.0,2740.0,20101.0,0.622048
49,21560,1800,2957.0,22497.0,2811.0,20029.0,0.908855
49,21560,1800,2615.0,22313.0,2458.0,19853.0,0.461756
49,21560,1800,2996.0,22498.0,2850.0,20026.0,0.74407
49,21560,1800,2948.0,22604.0,2805.0,20134.0,0.664625
49,21560,1800,2740.0,22502.0,2590.0,20036.0,0.700493
49,21560,1800,2931.0,22207.0,2782.0,19742.0,0.451935
49,21560,1800,2560.0,22697.0,2408.0,20232.0,0.538555
49,21560,1800,2932.0,22335.0,2786.0,19872.0,0.632028
49,21560,1800,2662.0,22469.0,2510.0,20004.0,0.440281
49,21560,1800,2140.0,21825.0,1975.0,19376.0,0.310867
49,21560,1800,2158.0,21837.0,1988.0,19387.0,0.733309
49,21560,1800,2975.0,22674.0,2833.0,20202.0,0.467226
49,21560,1800,2330.0,21820.0,2164.0,19370.0,0.388503
49,21560,1800,2574.0,22534.0,2421.0,20069.0,0.575788
49,21560,1800,2275.0,21570.0,2107.0,19121.0,0.631124
49,21560,1800,2983.0,22128.0,2837.0,19663.0,0.594807
49,21560,1800,2794.0,21636.0,2638.0,19180.0,0.496728
49,21560,1800,2182.0,21816.0,2022.0,19368.0,0.390926
49,21560,1800,2974.0,22311.0,2827.0,19845.0,0.548769
49,21560,1800,2683.0,21809.0,2525.0,19352.0,0.381676
49,21560,1800,2703.0,22220.0,2547.0,19760.0,0.472479
49,21560,1800,2952.0,22736.0,2812.0,20262.0,0.569489
49,21560,1800,2516.0,22406.0,2358.0,19949.0,0.584852
49,21560,1800,1986.0,21909.0,1815.0,19462.0,0.377544
49,21560,1800,2039.0,22263.0,1879.0,19819.0,0.34292
49,21560,1800,2955.0,22318.0,2808.0,19852.0,0.905757
49,21560,1800,2183.0,22271.0,2020.0,19822.0,0.718204
50,21560,3000,4096.0,22414.0,3983.0,19924.0,0.85933
50,21560,3000,4062.0,22604.0,3951.0,20113.0,0.841628
50,21560,3000,4029.0,22664.0,3917.0,20173.0,0.881521
50,21560,3000,3623.0,22743.0,3499.0,20257.0,0.56662
50,21560,3000,3956.0,22362.0,3836.0,19877.0,0.338736
50,21560,3000,4080.0,22427.0,3968.0,19938.0,0.552268
50,21560,3000,4100.0,22653.0,3991.0,20161.0,0.740306
50,21560,3000,3968.0,22561.0,3852.0,20070.0,0.866017
50,21560,3000,4064.0,22739.0,3954.0,20247.0,0.72243
50,21560,3000,4094.0,22450.0,3981.0,19960.0,0.928968
50,21560,3000,3968.0,22741.0,3856.0,20250.0,0.909696
50,21560,3000,3295.0,22426.0,3157.0,19951.0,0.729518
50,21560,3000,4129.0,22758.0,4022.0,20264.0,0.469521
50,21560,3000,3829.0,22353.0,3707.0,19871.0,0.565892
50,21560,3000,3683.0,22606.0,3561.0,20121.0,0.928339
50,21560,3000,3950.0,22568.0,3838.0,20081.0,0.681456
50,21560,3000,3901.0,22515.0,3783.0,20028.0,0.864458
50,21560,3000,3722.0,22449.0,3599.0,19965.0,0.691777
50,21560,3000,3344.0,22395.0,3206.0,19920.0,0.649225
50,21560,3000,3267.0,22552.0,3129.0,20074.0,0.740442
50,21560,3000,4013.0,22612.0,3900.0,20123.0,0.864443
50,21560,3000,3249.0,22465.0,3111.0,19990.0,0.481426
50,21560,3000,3248.0,22493.0,3111.0,20018.0,0.685097
50,21560,3000,3146.0,22427.0,3006.0,19955.0,0.393219
50,21560,3000,3848.0,22471.0,3728.0,19985.0,0.707783
50,21560,3000,3805.0,22449.0,3682.0,19962.0,0.60442
50,21560,3000,3439.0,22706.0,3312.0,20223.0,0.843032
50,21560,3000,3791.0,22645.0,3673.0,20156.0,0.942599
50,21560,3000,3266.0,22541.0,3130.0,20066.0,0.706061
50,21560,3000,4118.0,22647.0,4008.0,20155.0,0.832757
50,21560,3000,3729.0,22519.0,3609.0,20034.0,0.727995
50,21560,3000,3665.0,22237.0,3532.0,19762.0,0.655426
50,21560,3000,3528.0,22483.0,3399.0,20001.0,0.596109
50,21560,3000,3232.0,22750.0,3093.0,20274.0,0.338936
50,21560,3000,3778.0,22703.0,3661.0,20214.0,0.930284
50,21560,3000,3916.0,22271.0,3793.0,19788.0,0.413247
50,21560,3000,3685.0,22484.0,3559.0,20000.0,0.939266
50,21560,3000,3605.0,22746.0,3485.0,20259.0,0.915956
50,21560,3000,3590.0,22711.0,3469.0,20223.0,0.514834
50,21560,3000,3428.0,22272.0,3290.0,19800.0,0.407139
50,21560,3000,4101.0,22514.0,3992.0,20023.0,0.473314
50,21560,3000,3525.0,22508.0,3395.0,20029.0,0.470928
50,21560,3000,3291.0,22626.0,3158.0,20149.0,0.600618
50,21560,3000,3893.0,22359.0,3771.0,19875.0,0.889144
50,21560,3000,3827.0,22448.0,3707.0,19963.0,0.730151
50,21560,3000,3126.0,22384.0,2985.0,19913.0,0.515355
50,21560,3000,3164.0,22721.0,3028.0,20245.0,0.633805
50,21560,3000,3334.0,22407.0,3206.0,19933.0,0.649278
50,21560,3000,3682.0,22726.0,3565.0,20238.0,0.923085
50,21560,3000,4189.0,22255.0,4075.0,19767.0,0.77712
50,21560,3000,3082.0,22470.0,2956.0,19994.0,0.311088
50,21560,3000,4119.0,22250.0,4004.0,19764.0,0.905234
50,21560,3000,3866.0,22701.0,3749.0,20210.0,0.754147
50,21560,3000,3499.0,22571.0,3372.0,20090.0,0.919225
50,21560,3000,3138.0,22418.0,2997.0,19947.0,0.301361
50,21560,3000,4097.0,22226.0,3983.0,19742.0,0.480906
50,21560,3000,4129.0,22470.0,4018.0,19979.0,0.857619
50,21560,3000,3856.0,22456.0,3735.0,19972.0,0.624037
50,21560,3000,3276.0,22615.0,3142.0,20137.0,0.325977
50,21560,3000,4164.0,22617.0,4056.0,20124.0,0.887263
50,21560,3000,4097.0,22309.0,3981.0,19822.0,0.687735
50,21560,3000,3772.0,22688.0,3656.0,20198.0,0.706807
50,21560,3000,3841.0,22676.0,3726.0,20188.0,0.885393
50,21560,3000,4133.0,22672.0,4027.0,20175.0,0.386323
50,21560,3000,3678.0,22710.0,3558.0,20222.0,0.89562
50,21560,3000,3403.0,22342.0,3269.0,19868.0,0.540031
50,21560,3000,4081.0,22239.0,3963.0,19754.0,0.829412
50,21560,3000,4183.0,22503.0,4073.0,20011.0,0.763692
50,21560,3000,3888.0,22593.0,3772.0,20102.0,0.571975
50,21560,3000,3829.0,22429.0,3706.0,19939.0,0.533962
50,21560,3000,4116.0,22493.0,4005.0,20001.0,0.448429
50,21560,3000,3479.0,22053.0,3334.0,19587.0,0.395628
50,21560,3000,3933.0,22340.0,3812.0,19855.0,0.768126
50,21560,3000,4104.0,22424.0,3992.0,19933.0,0.656225
50,21560,3000,4142.0,22416.0,4030.0,19925.0,0.863095
50,21560,3000,4108.0,22132.0,3990.0,19649.0,0.391094
50,21560,3000,3365.0,22629.0,3235.0,20150.0,0.699723
50,21560,3000,3203.0,22211.0,3063.0,19739.0,0.479868
50,21560,3000,3521.0,22598.0,3391.0,20117.0,0.880055
50,21560,3000,4195.0,22753.0,4090.0,20258.0,0.847945
50,21560,3000,3144.0,22590.0,3006.0,20116.0,0.669405
50,21560,3000,3823.0,22576.0,3705.0,20087.0,0.899739
50,21560,3000,3372.0,22297.0,3234.0,19823.0,0.308907
50,21560,3000,3935.0,22385.0,3816.0,19899.0,0.904444
50,21560,3000,3024.0,22606.0,2884.0,20135.0,0.439166
50,21560,3000,3688.0,22705.0,3569.0,20217.0,0.914213
50,21560,3000,3119.0,22616.0,2981.0,20142.0,0.404524
50,21560,3000,3513.0,22562.0,3385.0,20080.0,0.672254
50,21560,3000,3815.0,22240.0,3688.0,19761.0,0.761033
50,21560,3000,4051.0,22649.0,3938.0,20157.0,0.8936
50,21560,3000,3536.0,22401.0,3405.0,19924.0,0.680096
50,21560,3000,3936.0,22482.0,3806.0,19986.0,0.677658
50,21560,3000,4085.0,22351.0,3969.0,19864.0,0.905861
50,21560,3000,3804.0,22681.0,3687.0,20191.0,0.557749
50,21560,3000,3785.0,22232.0,3658.0,19755.0,0.522723
50,21560,3000,4168.0,22406.0,4058.0,19915.0,0.644361
50,21560,3000,3758.0,22348.0,3633.0,19866.0,0.750424
50,21560,3000,3707.0,22570.0,3585.0,20084.0,0.698089
50,21560,3000,3873.0,22503.0,3756.0,20016.0,0.49307
50,21560,3000,3699.0,22712.0,3579.0,20224.0,0.564772
50,21560,3000,3864.0,22538.0,3745.0,20052.0,0.93778
50,21560,3000,3870.0,22573.0,3751.0,20086.0,0.948055
50,21560,3000,4112.0,22166.0,3995.0,19681.0,0.373801
50,21560,3000,3428.0,22682.0,3304.0,20205.0,0.361803
50,21560,3000,4105.0,22692.0,3996.0,20200.0,0.763702
50,21560,3000,3913.0,22697.0,3800.0,20206.0,0.499229
50,21560,3000,3915.0,22680.0,3802.0,20189.0,0.56806
50,21560,3000,4131.0,22678.0,4022.0,20187.0,0.474617
50,21560,3000,3864.0,22604.0,3747.0,20115.0,0.556305
50,21560,3000,3855.0,22179.0,3736.0,19697.0,0.404025
50,21560,3000,3253.0,22558.0,3127.0,20087.0,0.459237
50,21560,3000,3698.0,22701.0,3582.0,20212.0,0.594557
50,21560,3000,3119.0,22258.0,2977.0,19786.0,0.371921
50,21560,3000,3093.0,22101.0,2949.0,19633.0,0.39605
50,21560,3000,3568.0,22705.0,3446.0,20218.0,0.785479
50,21560,3000,3546.0,22409.0,3420.0,19927.0,0.594612
50,21560,3000,3935.0,22261.0,3812.0,19779.0,0.557685
50,21560,3000,3858.0,22623.0,3742.0,20135.0,0.935792
50,21560,3000,3296.0,22651.0,3166.0,20171.0,0.730904
50,21560,3000,3207.0,22566.0,3069.0,20091.0,0.728763
50,21560,3000,3154.0,22406.0,3014.0,19933.0,0.759189
50,21560,3000,3899.0,22692.0,3784.0,20202.0,0.826774
50,21560,3000,3288.0,22506.0,3161.0,20038.0,0.754825
50,21560,3000,3421.0,22470.0,3288.0,19994.0,0.464349
50,21560,3000,3589.0,22557.0,3459.0,20084.0,0.813021
50,21560,3000,3979.0,22583.0,3866.0,20093.0,0.946698
50,21560,3000,4097.0,22679.0,3987.0,20185.0,0.503294
50,21560,3000,4126.0,22496.0,4012.0,20005.0,0.409243
50,21560,3000,3883.0,22706.0,3771.0,20220.0,0.598536
50,21560,3000,3607.0,22696.0,3485.0,20210.0,0.734207
50,21560,3000,3120.0,22404.0,2977.0,19933.0,0.49114
50,21560,3000,3419.0,22340.0,3281.0,19867.0,0.789351
50,21560,3000,4135.0,22639.0,4026.0,20147.0,0.694172
50,21560,3000,3225.0,22403.0,3086.0,19930.0,0.665666
50,21560,3000,3577.0,22738.0,3459.0,20247.0,0.573349
50,21560,3000,3113.0,22537.0,2975.0,20064.0,0.462225
50,21560,3000,4082.0,22253.0,3963.0,19768.0,0.501817
50,21560,3000,3034.0,22661.0,2892.0,20188.0,0.533681
50,21560,3000,3573.0,22702.0,3458.0,20215.0,0.57048
50,21560,3000,4185.0,22275.0,4072.0,19787.0,0.611372
50,21560,3000,3897.0,22724.0,3762.0,20230.0,0.457955
50,21560,3000,3546.0,22671.0,3422.0,20186.0,0.511457
50,21560,3000,3088.0,22124.0,2943.0,19656.0,0.347542
50,21560,3000,4126.0,22492.0,4017.0,19997.0,0.449312
50,21560,3000,3959.0,22658.0,3846.0,20168.0,0.938808
50,21560,3000,3918.0,22589.0,3801.0,20101.0,0.343576
50,21560,3000,3892.0,22455.0,3773.0,19970.0,0.825369
50,21560,3000,3946.0,22705.0,3832.0,20215.0,0.904492
50,21560,3000,3546.0,22141.0,3406.0,19673.0,0.319066
50,21560,3000,3288.0,22462.0,3148.0,19974.0,0.654138
50,21560,3000,3970.0,22576.0,3855.0,20086.0,0.827043
50,21560,3000,3025.0,22660.0,2885.0,20187.0,0.582322
50,21560,3000,4090.0,22506.0,3978.0,20015.0,0.88493
50,21560,3000,3800.0,22681.0,3683.0,20193.0,0.43099
50,21560,3000,3609.0,22386.0,3481.0,19907.0,0.447473
50,21560,3000,4121.0,22442.0,3994.0,19943.0,0.443105
50,21560,3000,3143.0,22292.0,2999.0,19820.0,0.74822
50,21560,3000,3255.0,22479.0,3118.0,20002.0,0.553504
50,21560,3000,3939.0,22132.0,3815.0,19653.0,0.321681
50,21560,3000,3039.0,22662.0,2901.0,20186.0,0.441251
50,21560,3000,3983.0,22659.0,3870.0,20169.0,0.675538
50,21560,3000,4020.0,22577.0,3905.0,20085.0,0.758915
50,21560,3000,3908.0,22414.0,3788.0,19929.0,0.479076
50,21560,3000,3877.0,22642.0,3761.0,20153.0,0.943696
50,21560,3000,4076.0,22302.0,3959.0,19816.0,0.690069
50,21560,3000,4121.0,22369.0,4008.0,19880.0,0.523393
50,21560,3000,3702.0,22465.0,3577.0,19983.0,0.511711
50,21560,3000,4048.0,22511.0,3935.0,20021.0,0.870917
52,22760,1800,2804.0,23469.0,2664.0,20995.0,0.936963
52,22760,1800,2254.0,23481.0,2114.0,21018.0,0.435523
52,22760,1800,2628.0,23845.0,2496.0,21362.0,0.747948
52,22760,1800,2103.0,23899.0,1978.0,21432.0,0.489015
52,22760,1800,2715.0,23877.0,2587.0,21388.0,0.945981
52,22760,1800,2540.0,23831.0,2402.0,21349.0,0.634017
52,22760,1800,2002.0,23278.0,1851.0,20823.0,0.374144
52,22760,1800,2104.0,23882.0,1966.0,21407.0,0.800117
52,22760,1800,2981.0,23623.0,2857.0,21133.0,0.812636
52,22760,1800,1959.0,23377.0,1807.0,20913.0,0.372603
52,22760,1800,2936.0,23675.0,2811.0,21184.0,0.792294
52,22760,1800,2980.0,23602.0,2865.0,21124.0,0.350142
52,22760,1800,2910.0,23707.0,2784.0,21216.0,0.951383
52,22760,1800,2430.0,23889.0,2290.0,21412.0,0.937397
52,22760,1800,2952.0,23674.0,2830.0,21182.0,0.923789
52,22760,1800,2890.0,23846.0,2769.0,21351.0,0.927248
52,22760,1800,2802.0,23881.0,2679.0,21388.0,0.834794
52,22760,1800,2578.0,23655.0,2435.0,21178.0,0.590093
52,22760,1800,2597.0,23886.0,2456.0,21405.0,0.403731
52,22760,1800,2909.0,23862.0,2788.0,21367.0,0.904075
52,22760,1800,2775.0,23786.0,2647.0,21297.0,0.58206
52,22760,1800,2998.0,23594.0,2874.0,21102.0,0.928102
52,22760,1800,2931.0,23869.0,2810.0,21373.0,0.948272
52,22760,1800,2636.0,23710.0,2499.0,21230.0,0.519271
52,22760,1800,2513.0,23701.0,2371.0,21226.0,0.383066
52,22760,1800,2633.0,23912.0,2501.0,21427.0,0.869134
52,22760,1800,2870.0,23851.0,2749.0,21357.0,0.516639
52,22760,1800,2696.0,23797.0,2566.0,21310.0,0.754168
52,22760,1800,2917.0,23789.0,2794.0,21296.0,0.505299
52,22760,1800,2544.0,23895.0,2408.0,21413.0,0.837455
52,22760,1800,2768.0,23507.0,2629.0,21031.0,0.737091
52,22760,1800,2729.0,23673.0,2608.0,21196.0,0.870592
52,22760,1800,2770.0,23749.0,2653.0,21271.0,0.672186
52,22760,1800,2459.0,23574.0,2313.0,21103.0,0.602976
52,22760,1800,2477.0,23902.0,2339.0,21423.0,0.771247
52,22760,1800,2549.0,23847.0,2414.0,21365.0,0.330468
52,22760,1800,2890.0,23880.0,2769.0,21384.0,0.511067
52,22760,1800,2422.0,23878.0,2279.0,21406.0,0.619402
52,22760,1800,2979.0,23770.0,2856.0,21274.0,0.763049
52,22760,1800,2776.0,23823.0,2655.0,21341.0,0.315345
52,22760,1800,2979.0,23651.0,2855.0,21161.0,0.946685
52,22760,1800,2674.0,23937.0,2545.0,21448.0,0.797285
52,22760,1800,2792.0,23899.0,2680.0,21408.0,0.589982
52,22760,1800,2051.0,23525.0,1906.0,21068.0,0.325033
52,22760,1800,2828.0,23941.0,2705.0,21448.0,0.949822
52,22760,1800,2713.0,23860.0,2583.0,21369.0,0.940176
52,22760,1800,2809.0,23859.0,2684.0,21366.0,0.857173
52,22760,1800,2543.0,23679.0,2420.0,21209.0,0.664325
52,22760,1800,2553.0,23812.0,2413.0,21335.0,0.643631
52,22760,1800,2590.0,23901.0,2457.0,21416.0,0.729207
52,22760,1800,2080.0,23890.0,1942.0,21421.0,0.40018
52,22760,1800,2188.0,23234.0,2050.0,20772.0,0.690829
52,22760,1800,2371.0,23554.0,2238.0,21083.0,0.314161
52,22760,1800,2844.0,23599.0,2725.0,21119.0,0.319674
52,22760,1800,2459.0,23597.0,2314.0,21127.0,0.796323
52,22760,1800,2812.0,23927.0,2689.0,21433.0,0.516278
52,22760,1800,2526.0,23886.0,2391.0,21407.0,0.744622
52,22760,1800,2458.0,23753.0,2333.0,21277.0,0.36753
52,22760,1800,2864.0,23892.0,2742.0,21398.0,0.444631
52,22760,1800,2623.0,23896.0,2489.0,21408.0,0.875182
53,22760,3000,3414.0,23566.0,3298.0,21071.0,0.950653
53,22760,3000,3913.0,23452.0,3808.0,20952.0,0.953183
53,22760,3000,4013.0,23093.0,3906.0,20597.0,0.952755
53,22760,3000,4024.0,23090.0,3918.0,20594.0,0.950161
53,22760,3000,3784.0,23621.0,3677.0,21120.0,0.93363
53,22760,3000,3153.0,23078.0,3024.0,20596.0,0.496078
53,22760,3000,3883.0,23425.0,3776.0,20926.0,0.952179
53,22760,3000,3537.0,23692.0,3425.0,21195.0,0.934804
53,22760,3000,3265.0,23436.0,3151.0,20944.0,0.326205
53,22760,3000,3259.0,23812.0,3143.0,21316.0,0.571201
53,22760,3000,3508.0,23706.0,3399.0,21207.0,0.945976
53,22760,3000,3632.0,23420.0,3520.0,20925.0,0.935965
53,22760,3000,3970.0,23638.0,3871.0,21133.0,0.951993
53,22760,3000,3559.0,23104.0,3442.0,20614.0,0.878517
53,22760,3000,3572.0,23286.0,3457.0,20792.0,0.548081
53,22760,3000,3997.0,22852.0,3886.0,20360.0,0.943393
53,22760,3000,3673.0,23060.0,3557.0,20571.0,0.946723
53,22760,3000,4006.0,23231.0,3903.0,20733.0,0.95092
53,22760,3000,3569.0,23071.0,3451.0,20582.0,0.814884
53,22760,3000,3999.0,23109.0,3892.0,20611.0,0.435259
53,22760,3000,4011.0,23179.0,3908.0,20681.0,0.949727
53,22760,3000,3690.0,22848.0,3572.0,20360.0,0.574105
53,22760,3000,4189.0,22986.0,4088.0,20486.0,0.924538
53,22760,3000,3427.0,23261.0,3308.0,20770.0,0.729003
53,22760,3000,3076.0,23427.0,2950.0,20941.0,0.405047
53,22760,3000,4022.0,23483.0,3922.0,20980.0,0.567786
53,22760,3000,3377.0,23842.0,3274.0,21342.0,0.501283
53,22760,3000,3809.0,22800.0,3695.0,20310.0,0.63586
53,22760,3000,3609.0,22771.0,3490.0,20282.0,0.841828
53,22760,3000,3931.0,23458.0,3829.0,20958.0,0.834372
53,22760,3000,4089.0,23125.0,3986.0,20624.0,0.79489
53,22760,3000,3431.0,22900.0,3308.0,20414.0,0.749674
53,22760,3000,3468.0,23264.0,3351.0,20773.0,0.892459
53,22760,3000,3917.0,22904.0,3805.0,20413.0,0.945
53,22760,3000,3120.0,23058.0,2991.0,20574.0,0.522308
53,22760,3000,3701.0,22846.0,3583.0,20356.0,0.666765
53,22760,3000,3787.0,22844.0,3671.0,20354.0,0.726818
53,22760,3000,3483.0,23266.0,3366.0,20771.0,0.940037
53,22760,3000,3304.0,23949.0,3190.0,21450.0,0.880843
53,22760,3000,3497.0,23211.0,3380.0,20721.0,0.737602
53,22760,3000,3494.0,23679.0,3383.0,21184.0,0.937879
53,22760,3000,3102.0,22895.0,2965.0,20418.0,0.456956
53,22760,3000,3534.0,23821.0,3423.0,21324.0,0.947928
53,22760,3000,4079.0,23625.0,3984.0,21119.0,0.953004
53,22760,3000,3673.0,23428.0,3562.0,20934.0,0.948578
53,22760,3000,3512.0,23212.0,3394.0,20720.0,0.943369
53,22760,3000,3843.0,22768.0,3729.0,20277.0,0.739624
53,22760,3000,3876.0,23038.0,3765.0,20546.0,0.933242
53,22760,3000,4001.0,22772.0,3889.0,20280.0,0.848891
53,22760,3000,3634.0,23892.0,3526.0,21391.0,0.948776
53,22760,3000,3475.0,23641.0,3358.0,21146.0,0.773127
53,22760,3000,4163.0,23012.0,4061.0,20514.0,0.777659
53,22760,3000,3707.0,23949.0,3603.0,21446.0,0.954518
53,22760,3000,3355.0,23586.0,3238.0,21091.0,0.936284
53,22760,3000,4026.0,23236.0,3922.0,20738.0,0.94997
53,22760,3000,4057.0,22857.0,3947.0,20365.0,0.896326
53,22760,3000,3507.0,23674.0,3395.0,21176.0,0.943713
53,22760,3000,3343.0,23618.0,3228.0,21123.0,0.943496
53,22760,3000,3517.0,23663.0,3404.0,21165.0,0.944633
53,22760,3000,3311.0,23932.0,3197.0,21434.0,0.85163
53,22760,3000,3521.0,23113.0,3401.0,20622.0,0.601326
53,22760,3000,3195.0,23196.0,3069.0,20712.0,0.645786
53,22760,3000,3025.0,23802.0,2904.0,21306.0,0.497817
53,22760,3000,3656.0,23366.0,3543.0,20872.0,0.9519
53,22760,3000,4129.0,22797.0,4021.0,20304.0,0.888371
53,22760,3000,3459.0,23658.0,3346.0,21162.0,0.360076
53,22760,3000,3687.0,23026.0,3569.0,20536.0,0.850439
53,22760,3000,3816.0,22783.0,3706.0,20293.0,0.827319
53,22760,3000,3652.0,22790.0,3532.0,20302.0,0.82489
53,22760,3000,3682.0,23041.0,3565.0,20551.0,0.514089
53,22760,3000,3842.0,23366.0,3734.0,20868.0,0.954252
53,22760,3000,3778.0,23148.0,3666.0,20656.0,0.951138
53,22760,3000,3522.0,23698.0,3412.0,21194.0,0.924678
53,22760,3000,3287.0,23443.0,3164.0,20957.0,0.476828
53,22760,3000,4000.0,22886.0,3889.0,20393.0,0.655655
53,22760,3000,3642.0,23436.0,3531.0,20941.0,0.820992
53,22760,3000,3381.0,23534.0,3263.0,21040.0,0.944206
53,22760,3000,3551.0,23471.0,3438.0,20976.0,0.939318
53,22760,3000,4140.0,22803.0,4036.0,20302.0,0.50053
53,22760,3000,3391.0,23603.0,3277.0,21107.0,0.905572
53,22760,3000,3693.0,22960.0,3576.0,20471.0,0.94802
53,22760,3000,4001.0,23244.0,3897.0,20747.0,0.947889
53,22760,3000,3125.0,23536.0,3003.0,21044.0,0.728327
53,22760,3000,3606.0,23617.0,3498.0,21119.0,0.345535
53,22760,3000,3952.0,23656.0,3851.0,21151.0,0.948205
53,22760,3000,4127.0,22944.0,4023.0,20448.0,0.861129
53,22760,3000,3420.0,23553.0,3303.0,21058.0,0.950795
53,22760,3000,4054.0,23445.0,3955.0,20941.0,0.468193
53,22760,3000,3553.0,23699.0,3443.0,21201.0,0.570793
53,22760,3000,3668.0,22793.0,3551.0,20306.0,0.809219
53,22760,3000,4056.0,23723.0,3962.0,21214.0,0.939927
53,22760,3000,4059.0,23182.0,3955.0,20682.0,0.899375
53,22760,3000,3592.0,22904.0,3472.0,20416.0,0.927308
53,22760,3000,3338.0,23885.0,3220.0,21390.0,0.650024
53,22760,3000,3946.0,23387.0,3843.0,20887.0,0.882687
53,22760,3000,3921.0,23509.0,3820.0,21007.0,0.931228
53,22760,3000,3980.0,23431.0,3877.0,20928.0,0.923555
53,22760,3000,3812.0,23480.0,3705.0,20981.0,0.955517
53,22760,3000,3196.0,23621.0,3076.0,21127.0,0.607978
53,22760,3000,3134.0,23061.0,3004.0,20578.0,0.404847
53,22760,3000,3858.0,23117.0,3748.0,20625.0,0.946248
53,22760,3000,3184.0,23848.0,3068.0,21352.0,0.408717
53,22760,3000,3988.0,23236.0,3885.0,20738.0,0.949436
53,22760,3000,3589.0,23621.0,3480.0,21124.0,0.71784
53,22760,3000,3965.0,23857.0,3870.0,21347.0,0.851148
53,22760,3000,4129.0,22768.0,4021.0,20277.0,0.941133
53,22760,3000,4021.0,23118.0,3916.0,20622.0,0.929646
53,22760,3000,4027.0,23404.0,3926.0,20902.0,0.573061
53,22760,3000,3557.0,23273.0,3442.0,20781.0,0.916114
53,22760,3000,3703.0,23417.0,3592.0,20921.0,0.946996
53,22760,3000,3376.0,23579.0,3259.0,21084.0,0.941219
53,22760,3000,3374.0,23251.0,3254.0,20760.0,0.940742
53,22760,3000,3451.0,23299.0,3334.0,20808.0,0.685205
53,22760,3000,3347.0,23128.0,3225.0,20639.0,0.929339
53,22760,3000,3331.0,23095.0,3208.0,20608.0,0.77542
53,22760,3000,3924.0,22968.0,3813.0,20476.0,0.867164
53,22760,3000,3272.0,23923.0,3157.0,21424.0,0.769588
53,22760,3000,3983.0,23615.0,3883.0,21110.0,0.951269
53,22760,3000,3572.0,23600.0,3462.0,21104.0,0.741685
53,22760,3000,3361.0,23057.0,3239.0,20569.0,0.823568
53,22760,3000,3925.0,23517.0,3823.0,21015.0,0.915302
53,22760,3000,3831.0,23125.0,3720.0,20633.0,0.951777
53,22760,3000,4107.0,23118.0,4006.0,20615.0,0.704516
53,22760,3000,3557.0,22951.0,3437.0,20463.0,0.937517
53,22760,3000,3254.0,23074.0,3128.0,20591.0,0.828112
53,22760,3000,3063.0,23938.0,2946.0,21441.0,0.537056
53,22760,3000,3804.0,23095.0,3691.0,20606.0,0.92638
53,22760,3000,3500.0,23697.0,3388.0,21200.0,0.930849
53,22760,3000,3999.0,23000.0,3890.0,20506.0,0.949052
53,22760,3000,3975.0,23737.0,3878.0,21229.0,0.910615
53,22760,3000,4100.0,23677.0,4006.0,21166.0,0.948579
53,22760,3000,3872.0,23420.0,3767.0,20921.0,0.951543
53,22760,3000,4100.0,23128.0,3998.0,20629.0,0.854466
53,22760,3000,4089.0,23360.0,3989.0,20858.0,0.947067
53,22760,3000,3713.0,23028.0,3598.0,20538.0,0.405095
53,22760,3000,3694.0,22916.0,3578.0,20426.0,0.494568
53,22760,3000,3723.0,23317.0,3614.0,20821.0,0.94761
53,22760,3000,3763.0,23436.0,3653.0,20938.0,0.895668
53,22760,3000,3404.0,23835.0,3289.0,21337.0,0.92262
53,22760,3000,3244.0,23425.0,3124.0,20933.0,0.628285
53,22760,3000,3903.0,23447.0,3799.0,20948.0,0.778764
53,22760,3000,3659.0,23023.0,3542.0,20533.0,0.630783
53,22760,3000,3504.0,23651.0,3391.0,21154.0,0.943714
53,22760,3000,3492.0,23228.0,3373.0,20738.0,0.944094
53,22760,3000,3518.0,23075.0,3400.0,20586.0,0.934921
53,22760,3000,3188.0,23220.0,3062.0,20733.0,0.316002
53,22760,3000,3300.0,23688.0,3184.0,21193.0,0.678667
53,22760,3000,3818.0,23457.0,3716.0,20955.0,0.695845
53,22760,3000,3458.0,22950.0,3337.0,20462.0,0.845645
53,22760,3000,3238.0,23415.0,3117.0,20923.0,0.358764
53,22760,3000,3447.0,23250.0,3330.0,20759.0,0.837976
53,22760,3000,3926.0,23329.0,3819.0,20831.0,0.787379
53,22760,3000,3513.0,23517.0,3398.0,21022.0,0.939301
53,22760,3000,3440.0,23729.0,3326.0,21233.0,0.822385
53,22760,3000,3636.0,22967.0,3517.0,20479.0,0.932407
53,22760,3000,3685.0,23686.0,3576.0,21186.0,0.923535
53,22760,3000,3524.0,23568.0,3410.0,21072.0,0.942189
53,22760,3000,3933.0,23387.0,3832.0,20888.0,0.779203
53,22760,3000,3974.0,22904.0,3865.0,20413.0,0.634466
53,22760,3000,3909.0,23535.0,3806.0,21032.0,0.95041
53,22760,3000,3359.0,23037.0,3236.0,20550.0,0.867787
53,22760,3000,4132.0,23275.0,4032.0,20775.0,0.940639
53,22760,3000,3875.0,23332.0,3768.0,20835.0,0.947854
53,22760,3000,3373.0,23126.0,3251.0,20636.0,0.934966
53,22760,3000,4014.0,23008.0,3907.0,20514.0,0.950229
53,22760,3000,3147.0,23471.0,3025.0,20981.0,0.910224
53,22760,3000,3258.0,22921.0,3127.0,20438.0,0.833254
53,22760,3000,3438.0,23745.0,3325.0,21247.0,0.946566
53,22760,3000,3310.0,23116.0,3186.0,20629.0,0.774447
53,22760,3000,3906.0,23273.0,3798.0,20776.0,0.946915
53,22760,3000,3444.0,23275.0,3327.0,20786.0,0.613163
53,22760,3000,3762.0,22794.0,3646.0,20305.0,0.535266
53,22760,3000,3929.0,23398.0,3825.0,20899.0,0.948417
53,22760,3000,3544.0,23660.0,3433.0,21162.0,0.545813
53,22760,3000,3691.0,23499.0,3583.0,21003.0,0.92574
53,22760,3000,3495.0,23248.0,3377.0,20756.0,0.792724
53,22760,3000,4182.0,22917.0,4062.0,20424.0,0.502415
53,22760,3000,4010.0,22791.0,3902.0,20301.0,0.873276
53,22760,3000,4159.0,23404.0,4055.0,20906.0,0.76399
53,22760,3000,3817.0,22998.0,3704.0,20507.0,0.944097
53,22760,3000,3171.0,23182.0,3045.0,20698.0,0.696591
53,22760,3000,3720.0,23086.0,3605.0,20595.0,0.879152
53,22760,3000,3311.0,23293.0,3190.0,20803.0,0.62506
53,22760,3000,3474.0,23255.0,3357.0,20763.0,0.943862
53,22760,3000,4019.0,23143.0,3914.0,20647.0,0.928353
53,22760,3000,3673.0,23593.0,3566.0,21094.0,0.802694
53,22760,3000,3358.0,23048.0,3233.0,20557.0,0.64908
53,22760,3000,3388.0,23889.0,3275.0,21390.0,0.869437
53,22760,3000,3555.0,23078.0,3438.0,20589.0,0.913707
53,22760,3000,3590.0,22783.0,3470.0,20296.0,0.57991
53,22760,3000,3930.0,23501.0,3828.0,20998.0,0.426201
53,22760,3000,3734.0,23034.0,3619.0,20543.0,0.913509
53,22760,3000,4087.0,23235.0,3986.0,20736.0,0.949811
53,22760,3000,3432.0,23212.0,3312.0,20722.0,0.937362
53,22760,3000,4034.0,23548.0,3935.0,21043.0,0.948804
53,22760,3000,3184.0,23372.0,3061.0,20883.0,0.930113
53,22760,3000,3553.0,23581.0,3443.0,21089.0,0.622379
53,22760,3000,3540.0,23706.0,3429.0,21207.0,0.948817
53,22760,3000,3407.0,23141.0,3287.0,20652.0,0.862544
53,22760,3000,3974.0,23274.0,3868.0,20776.0,0.949629
53,22760,3000,3486.0,23207.0,3376.0,20717.0,0.369827
53,22760,3000,3945.0,23621.0,3841.0,21121.0,0.938693
53,22760,3000,3925.0,23481.0,3823.0,20979.0,0.953629
53,22760,3000,4125.0,23000.0,4022.0,20504.0,0.950198
53,22760,3000,3839.0,23287.0,3730.0,20792.0,0.955013
53,22760,3000,4027.0,23587.0,3930.0,21087.0,0.869022
53,22760,3000,3229.0,23580.0,3110.0,21088.0,0.702504
53,22760,3000,3729.0,22899.0,3613.0,20409.0,0.945412
53,22760,3000,3832.0,22793.0,3723.0,20305.0,0.37101
53,22760,3000,3910.0,23938.0,3814.0,21429.0,0.947876
53,22760,3000,3771.0,23861.0,3668.0,21357.0,0.934641
53,22760,3000,3925.0,23427.0,3821.0,20927.0,0.952281
53,22760,3000,3194.0,23183.0,3069.0,20697.0,0.801582
53,22760,3000,3993.0,23223.0,3892.0,20726.0,0.950998
53,22760,3000,3902.0,23298.0,3794.0,20801.0,0.95073
53,22760,3000,3223.0,23415.0,3102.0,20925.0,0.474102
53,22760,3000,3451.0,23397.0,3335.0,20904.0,0.947823
53,22760,3000,4027.0,23255.0,3922.0,20758.0,0.949153
53,22760,3000,3672.0,22815.0,3554.0,20326.0,0.654026
53,22760,3000,3235.0,23654.0,3118.0,21158.0,0.688332
53,22760,3000,3489.0,23832.0,3377.0,21335.0,0.349081
53,22760,3000,3636.0,23686.0,3523.0,21186.0,0.385848
53,22760,3000,3602.0,23627.0,3492.0,21130.0,0.908735
53,22760,3000,3183.0,23268.0,3059.0,20780.0,0.743147
53,22760,3000,3020.0,23910.0,2903.0,21411.0,0.410651
53,22760,3000,3120.0,23091.0,2997.0,20605.0,0.496761
53,22760,3000,3521.0,22981.0,3404.0,20493.0,0.881235
53,22760,3000,3828.0,23090.0,3718.0,20601.0,0.727466
53,22760,3000,4177.0,23083.0,4077.0,20582.0,0.948569
53,22760,3000,3399.0,23323.0,3285.0,20830.0,0.631314
53,22760,3000,3792.0,23606.0,3686.0,21105.0,0.736876
53,22760,3000,3814.0,23456.0,3711.0,20960.0,0.627731
53,22760,3000,3998.0,23102.0,3892.0,20607.0,0.595311
53,22760,3000,3837.0,23036.0,3725.0,20544.0,0.696422
53,22760,3000,3924.0,23280.0,3818.0,20781.0,0.950182
53,22760,3000,3780.0,23467.0,3674.0,20970.0,0.828864
53,22760,3000,3197.0,23498.0,3077.0,21008.0,0.343667
53,22760,3000,4189.0,23071.0,4089.0,20571.0,0.936944
53,22760,3000,3368.0,23822.0,3239.0,21323.0,0.416242
53,22760,3000,3149.0,23175.0,3022.0,20691.0,0.766109
53,22760,3000,3149.0,23744.0,3032.0,21248.0,0.60428
53,22760,3000,4006.0,23167.0,3898.0,20671.0,0.947455
53,22760,3000,3404.0,23495.0,3283.0,21004.0,0.589104
53,22760,3000,3447.0,23332.0,3328.0,20839.0,0.748171
53,22760,3000,3557.0,23017.0,3438.0,20529.0,0.910517
53,22760,3000,3518.0,23199.0,3399.0,20708.0,0.906846
53,22760,3000,3534.0,23424.0,3404.0,20933.0,0.49372
53,22760,3000,3500.0,23175.0,3381.0,20685.0,0.76503
53,22760,3000,3538.0,23545.0,3425.0,21050.0,0.855283
53,22760,3000,3731.0,23383.0,3619.0,20887.0,0.738743
53,22760,3000,3872.0,23280.0,3762.0,20782.0,0.952288
53,22760,3000,3180.0,23193.0,3056.0,20703.0,0.492581
53,22760,3000,3709.0,23376.0,3598.0,20881.0,0.935412
53,22760,3000,3403.0,23191.0,3282.0,20702.0,0.850051
53,22760,3000,3413.0,23260.0,3293.0,20770.0,0.827912
53,22760,3000,4156.0,23248.0,4057.0,20746.0,0.924108
53,22760,3000,4152.0,23101.0,4051.0,20599.0,0.923184
53,22760,3000,3975.0,23232.0,3868.0,20735.0,0.949732
53,22760,3000,4012.0,23270.0,3907.0,20773.0,0.949651
53,22760,3000,3430.0,23092.0,3309.0,20604.0,0.574664
53,22760,3000,3746.0,23080.0,3631.0,20589.0,0.427215
53,22760,3000,3438.0,23420.0,3323.0,20925.0,0.81154
53,22760,3000,3360.0,23952.0,3249.0,21453.0,0.943544
53,22760,3000,3579.0,23899.0,3470.0,21398.0,0.924548
53,22760,3000,3236.0,23214.0,3113.0,20726.0,0.485156
53,22760,3000,3933.0,22885.0,3821.0,20392.0,0.659896
53,22760,3000,3180.0,23163.0,3053.0,20678.0,0.677039
53,22760,3000,3190.0,23629.0,3070.0,21133.0,0.616778
53,22760,3000,3588.0,23274.0,3478.0,20776.0,0.807229
53,22760,3000,3798.0,23618.0,3693.0,21119.0,0.622682
53,22760,3000,3857.0,23039.0,3747.0,20549.0,0.92723
53,22760,3000,3813.0,23061.0,3701.0,20568.0,0.52215
53,22760,3000,3045.0,23484.0,2919.0,20995.0,0.444
53,22760,3000,4168.0,23276.0,4070.0,20773.0,0.693553
53,22760,3000,3964.0,23077.0,3861.0,20580.0,0.70475
53,22760,3000,3938.0,23509.0,3839.0,21010.0,0.659584
53,22760,3000,3167.0,23278.0,3049.0,20795.0,0.507852
53,22760,3000,3747.0,23436.0,3638.0,20939.0,0.779971
53,22760,3000,4042.0,23223.0,3938.0,20725.0,0.749987
53,22760,3000,4118.0,23121.0,4015.0,20622.0,0.930409
53,22760,3000,4162.0,23214.0,4063.0,20712.0,0.946534
53,22760,3000,3549.0,23691.0,3437.0,21192.0,0.833004
53,22760,3000,3270.0,23359.0,3151.0,20866.0,0.685426
53,22760,3000,3828.0,23201.0,3717.0,20706.0,0.908163
53,22760,3000,3732.0,22978.0,3622.0,20489.0,0.479945
53,22760,3000,3422.0,23092.0,3303.0,20602.0,0.511129
53,22760,3000,3672.0,23833.0,3566.0,21335.0,0.760584
53,22760,3000,3394.0,22877.0,3268.0,20393.0,0.914064
53,22760,3000,3221.0,23941.0,3105.0,21444.0,0.802271
53,22760,3000,3195.0,23617.0,3076.0,21122.0,0.338643
53,22760,3000,3447.0,23146.0,3329.0,20658.0,0.876165
53,22760,3000,3441.0,23565.0,3327.0,21070.0,0.945015
53,22760,3000,4168.0,22785.0,4061.0,20291.0,0.323367
53,22760,3000,3997.0,23729.0,3901.0,21222.0,0.952704
53,22760,3000,4011.0,23478.0,3911.0,20975.0,0.601331
53,22760,3000,3302.0,23300.0,3187.0,20810.0,0.687217
53,22760,3000,3924.0,23812.0,3826.0,21305.0,0.916102
53,22760,3000,3798.0,23180.0,3685.0,20687.0,0.929996
53,22760,3000,3187.0,23119.0,3058.0,20636.0,0.952054
53,22760,3000,3942.0,23389.0,3839.0,20894.0,0.460222
