src_x,src_y,ref_x,ref_y
1237.50,2325.00,1284.90,380.79
1337.50,2325.00,1387.84,383.23
1350.00,2325.00,1401.66,383.68
1337.50,2337.50,1389.13,395.64
1350.00,2337.50,1401.20,396.32
750.00,2387.50,798.22,448.43
1000.00,2387.50,1051.19,448.26
1062.50,2387.50,1114.53,447.81
737.50,2400.00,787.00,461.87
762.50,2400.00,813.19,461.96
775.00,2400.00,825.48,462.49
650.00,2412.50,701.68,476.14
762.50,2462.50,814.48,524.13
775.00,2462.50,827.25,524.65
650.00,2575.00,699.84,636.23
1525.00,1975.00,1574.86,32.43
1487.50,1987.50,1534.09,43.12
1500.00,1987.50,1547.35,42.60
1537.50,1987.50,1585.90,44.92
1562.50,1987.50,1612.03,45.43
1525.00,2000.00,1572.37,56.32
1537.50,2000.00,1585.61,56.84
1562.50,2000.00,1612.01,57.46
1575.00,2000.00,1623.90,56.78
1537.50,2012.50,1586.34,69.62
1562.50,2012.50,1611.13,70.15
1575.00,2012.50,1623.95,70.27
1600.00,2012.50,1650.16,70.18
1525.00,2025.00,1571.72,79.99
1525.00,2037.50,1571.39,92.80
1537.50,2037.50,1584.77,92.84
1562.50,2037.50,1610.43,93.81
1575.00,2037.50,1623.41,94.09
1600.00,2037.50,1650.02,94.94
1612.50,2037.50,1662.50,94.26
1562.50,2050.00,1609.83,106.87
1525.00,2062.50,1571.30,116.96
1537.50,2062.50,1584.79,116.86
1575.00,2062.50,1623.27,117.81
1600.00,2062.50,1649.53,119.23
1612.50,2062.50,1662.17,119.91
1525.00,2075.00,1572.15,127.79
1550.00,2075.00,1596.65,129.85
1562.50,2075.00,1609.38,130.78
1575.00,2075.00,1623.39,131.12
1600.00,2075.00,1649.75,131.44
1612.50,2075.00,1662.61,132.16
1575.00,2087.50,1623.84,143.70
1600.00,2087.50,1649.78,144.76
1612.50,2087.50,1661.98,145.15
1550.00,2100.00,1597.88,154.78
1562.50,2100.00,1610.90,155.72
1550.00,2112.50,1596.18,167.34
1562.50,2112.50,1611.22,167.61
1575.00,2112.50,1623.42,168.61
1600.00,2112.50,1649.81,169.23
1612.50,2112.50,1662.09,168.96
1637.50,2112.50,1688.34,169.46
1612.50,2125.00,1663.33,182.57
1537.50,2137.50,1584.60,192.06
1562.50,2137.50,1611.46,193.19
1575.00,2137.50,1624.49,193.44
1600.00,2137.50,1650.25,193.36
1537.50,2150.00,1585.09,204.43
1562.50,2150.00,1612.65,205.88
1575.00,2150.00,1624.01,206.17
1600.00,2150.00,1650.72,206.64
1612.50,2150.00,1663.10,206.95
1625.00,2150.00,1676.35,207.16
1487.50,2175.00,1534.28,229.76
1500.00,2175.00,1547.51,229.21
1525.00,2175.00,1571.77,229.81
1537.50,2175.00,1585.65,230.08
1562.50,2175.00,1612.51,230.66
1575.00,2175.00,1625.00,230.77
1600.00,2175.00,1650.54,231.35
1612.50,2175.00,1664.48,231.20
1487.50,2187.50,1534.19,241.82
1500.00,2187.50,1547.52,241.60
1525.00,2187.50,1573.65,242.47
1537.50,2187.50,1586.75,244.06
1562.50,2187.50,1612.28,243.76
1575.00,2187.50,1624.66,244.11
1600.00,2187.50,1650.90,244.22
1612.50,2187.50,1664.48,244.24
1562.50,2200.00,1613.06,257.26
1575.00,2200.00,1626.66,256.88
1462.50,2212.50,1509.88,267.83
1487.50,2212.50,1535.32,267.39
1500.00,2212.50,1548.04,267.83
1525.00,2212.50,1575.29,268.30
1537.50,2212.50,1587.35,269.29
1450.00,2225.00,1497.69,279.52
1462.50,2225.00,1510.27,280.83
1487.50,2225.00,1536.81,280.81
1500.00,2225.00,1549.34,281.70
1525.00,2225.00,1575.24,281.85
1537.50,2225.00,1588.04,282.02
1550.00,2225.00,1600.36,282.12
1575.00,2225.00,1626.57,282.45
1462.50,2237.50,1511.43,292.77
1487.50,2237.50,1537.87,295.13
1525.00,2237.50,1575.18,294.69
1537.50,2237.50,1588.50,294.56
1425.00,2250.00,1472.62,305.56
1450.00,2250.00,1499.88,306.15
1500.00,2250.00,1551.27,306.82
1575.00,2250.00,1626.75,307.56
1600.00,2250.00,1650.65,306.77
1412.50,2262.50,1462.12,319.25
1425.00,2262.50,1473.74,319.09
1450.00,2262.50,1499.71,319.86
1462.50,2262.50,1514.12,319.53
1487.50,2262.50,1539.45,320.92
1500.00,2262.50,1551.84,320.88
1575.00,2262.50,1627.62,318.89
1425.00,2275.00,1476.07,332.89
1450.00,2275.00,1501.13,333.81
1462.50,2275.00,1514.62,333.22
1487.50,2275.00,1538.96,333.59
1500.00,2275.00,1552.10,333.61
2275.00,2275.00,2321.85,322.07
1412.50,2287.50,1463.50,345.91
1975.00,2287.50,2024.29,338.32
2012.50,2287.50,2062.25,338.32
2050.00,2287.50,2099.37,338.48
2062.50,2287.50,2111.27,338.35
2087.50,2287.50,2136.53,337.60
2137.50,2287.50,2185.53,336.91
2275.00,2287.50,2321.92,334.72
2287.50,2287.50,2335.76,335.19
2312.50,2287.50,2358.48,336.13
2400.00,2287.50,2448.43,339.35
1400.00,2300.00,1452.95,358.45
1425.00,2300.00,1477.20,358.38
1450.00,2300.00,1501.84,359.03
2025.00,2300.00,2073.99,350.60
2087.50,2300.00,2136.74,351.33
2500.00,2300.00,2547.64,344.84
2512.50,2300.00,2560.43,344.09
1400.00,2312.50,1452.52,370.91
1987.50,2312.50,2036.17,362.95
2050.00,2312.50,2099.71,362.24
2125.00,2312.50,2175.16,362.07
2137.50,2312.50,2185.68,362.52
2287.50,2312.50,2337.75,358.78
2312.50,2312.50,2359.88,359.81
2325.00,2312.50,2373.07,359.04
2350.00,2312.50,2397.42,358.55
2362.50,2312.50,2410.04,358.95
2387.50,2312.50,2434.52,358.24
2412.50,2312.50,2459.59,358.94
2425.00,2312.50,2471.56,358.12
2437.50,2312.50,2485.93,357.99
2462.50,2312.50,2509.64,358.07
2475.00,2312.50,2522.48,357.87
2500.00,2312.50,2547.90,358.26
2512.50,2312.50,2560.18,357.43
2537.50,2312.50,2585.57,357.95
2575.00,2312.50,2621.25,357.21
1937.50,2325.00,1988.25,376.01
1950.00,2325.00,2000.49,375.90
1975.00,2325.00,2022.57,375.78
1987.50,2325.00,2035.95,375.91
2012.50,2325.00,2062.27,376.09
2025.00,2325.00,2073.51,375.92
2050.00,2325.00,2099.84,376.21
2062.50,2325.00,2111.09,375.80
2087.50,2325.00,2138.02,375.89
2125.00,2325.00,2175.39,375.52
2137.50,2325.00,2186.31,375.13
2162.50,2325.00,2211.92,375.25
2175.00,2325.00,2225.37,374.98
2200.00,2325.00,2249.63,374.37
2212.50,2325.00,2262.51,374.21
2287.50,2325.00,2339.25,371.76
2312.50,2325.00,2361.28,372.22
2325.00,2325.00,2375.40,371.24
2350.00,2325.00,2398.15,371.22
2362.50,2325.00,2410.12,371.18
2387.50,2325.00,2434.86,371.28
2400.00,2325.00,2447.93,371.49
2425.00,2325.00,2472.12,372.05
2500.00,2325.00,2547.49,371.21
2525.00,2325.00,2572.68,371.03
2537.50,2325.00,2586.48,371.03
1462.50,2337.50,1515.39,395.82
1900.00,2337.50,1950.49,389.44
1912.50,2337.50,1961.90,389.46
2050.00,2337.50,2100.45,388.82
2062.50,2337.50,2112.11,389.19
2087.50,2337.50,2137.36,389.22
2137.50,2337.50,2187.94,387.92
2437.50,2337.50,2485.30,384.92
2462.50,2337.50,2510.53,384.75
2475.00,2337.50,2522.81,384.50
2562.50,2337.50,2610.32,383.38
2575.00,2337.50,2623.51,382.60
1412.50,2350.00,1464.73,409.06
1425.00,2350.00,1477.96,408.75
1987.50,2350.00,2039.45,400.54
2012.50,2350.00,2063.31,401.72
2025.00,2350.00,2075.05,402.36
2100.00,2350.00,2150.24,401.00
2287.50,2350.00,2339.70,398.24
2312.50,2350.00,2363.89,398.17
2350.00,2350.00,2397.94,396.35
2362.50,2350.00,2411.06,396.82
2387.50,2350.00,2436.13,398.16
2400.00,2350.00,2448.69,397.33
2425.00,2350.00,2473.85,397.74
2437.50,2350.00,2486.03,397.80
2462.50,2350.00,2512.28,396.23
2475.00,2350.00,2523.34,397.56
2500.00,2350.00,2549.37,396.98
2512.50,2350.00,2561.32,397.43
2537.50,2350.00,2586.42,396.40
2550.00,2350.00,2598.06,396.98
2575.00,2350.00,2624.61,397.36
2587.50,2350.00,2636.05,398.04
1825.00,2362.50,1874.99,415.31
1837.50,2362.50,1886.87,414.23
1862.50,2362.50,1912.78,414.89
1875.00,2362.50,1924.26,415.53
1900.00,2362.50,1950.03,415.86
1912.50,2362.50,1963.47,415.74
1937.50,2362.50,1988.28,415.61
1950.00,2362.50,2001.20,415.67
1975.00,2362.50,2026.92,413.51
1987.50,2362.50,2039.51,413.65
2012.50,2362.50,2063.30,414.25
2025.00,2362.50,2076.03,413.93
2050.00,2362.50,2101.26,413.61
2062.50,2362.50,2114.64,413.69
2087.50,2362.50,2138.38,414.57
2100.00,2362.50,2151.07,413.48
2125.00,2362.50,2175.75,413.18
2137.50,2362.50,2187.72,414.08
2162.50,2362.50,2212.74,411.92
2175.00,2362.50,2226.46,412.39
2212.50,2362.50,2263.72,412.85
2287.50,2362.50,2339.15,410.05
2312.50,2362.50,2361.86,410.37
2350.00,2362.50,2400.24,408.99
2362.50,2362.50,2411.92,409.55
2387.50,2362.50,2436.98,410.28
2400.00,2362.50,2448.67,409.50
2425.00,2362.50,2473.42,409.64
2437.50,2362.50,2487.44,410.15
2462.50,2362.50,2512.56,409.67
2475.00,2362.50,2524.34,409.13
2500.00,2362.50,2549.85,410.08
2512.50,2362.50,2561.57,408.82
2550.00,2362.50,2598.62,409.19
2575.00,2362.50,2625.48,409.33
2587.50,2362.50,2636.16,409.88
1400.00,2375.00,1453.45,432.96
1425.00,2375.00,1477.63,432.40
1450.00,2375.00,1501.51,432.41
1825.00,2375.00,1874.96,428.11
1837.50,2375.00,1887.15,427.65
1862.50,2375.00,1913.31,427.71
1875.00,2375.00,1924.98,427.52
1900.00,2375.00,1950.40,427.57
1912.50,2375.00,1963.72,427.64
1987.50,2375.00,2038.58,427.84
2000.00,2375.00,2051.99,427.18
2162.50,2375.00,2213.23,426.70
2175.00,2375.00,2226.59,425.02
2025.00,2387.50,2077.55,439.23
2087.50,2387.50,2138.59,440.49
2100.00,2387.50,2152.14,438.56
2125.00,2387.50,2175.45,437.79
2137.50,2387.50,2188.65,437.57
2187.50,2387.50,2239.33,437.05
2250.00,2387.50,2301.75,436.44
2275.00,2387.50,2327.30,436.30
2287.50,2387.50,2338.53,436.41
2312.50,2387.50,2362.20,436.10
2325.00,2387.50,2374.47,436.04
2350.00,2387.50,2399.74,435.74
2362.50,2387.50,2410.93,436.43
2400.00,2387.50,2449.30,434.55
2425.00,2387.50,2474.51,435.35
2437.50,2387.50,2487.29,435.28
2462.50,2387.50,2512.03,435.58
2475.00,2387.50,2523.68,436.17
2500.00,2387.50,2550.26,435.93
2512.50,2387.50,2561.90,436.27
2525.00,2387.50,2576.00,436.56
2550.00,2387.50,2600.26,436.04
2575.00,2387.50,2626.17,436.17
2587.50,2387.50,2638.82,435.50
1425.00,2400.00,1477.42,456.29
1750.00,2400.00,1799.95,451.76
1762.50,2400.00,1811.34,452.23
1787.50,2400.00,1836.51,453.68
1800.00,2400.00,1849.86,452.54
1825.00,2400.00,1875.57,451.34
1837.50,2400.00,1887.79,452.61
1862.50,2400.00,1913.40,452.81
1875.00,2400.00,1925.74,452.01
1900.00,2400.00,1950.08,452.57
1912.50,2400.00,1963.54,452.57
1937.50,2400.00,1988.88,452.95
1950.00,2400.00,2000.50,453.52
1962.50,2400.00,2014.67,452.80
1987.50,2400.00,2039.09,452.64
2000.00,2400.00,2052.71,451.24
2050.00,2400.00,2102.70,451.00
2062.50,2400.00,2114.63,450.95
2087.50,2400.00,2138.37,451.59
2100.00,2400.00,2150.95,451.65
2125.00,2400.00,2175.89,450.76
2137.50,2400.00,2189.03,450.50
2150.00,2400.00,2200.16,450.59
2175.00,2400.00,2226.01,450.82
2200.00,2400.00,2250.59,450.53
2212.50,2400.00,2263.41,450.39
2237.50,2400.00,2287.92,450.03
2250.00,2400.00,2300.88,447.93
2287.50,2400.00,2339.31,449.44
2312.50,2400.00,2363.73,448.61
2325.00,2400.00,2375.16,448.81
2350.00,2400.00,2399.58,448.33
2362.50,2400.00,2412.20,449.63
2387.50,2400.00,2437.11,448.64
2400.00,2400.00,2449.74,447.79
2425.00,2400.00,2474.43,449.72
2437.50,2400.00,2488.58,448.85
2462.50,2400.00,2512.97,448.86
2475.00,2400.00,2525.59,449.06
2500.00,2400.00,2550.13,449.02
2512.50,2400.00,2563.09,447.52
2537.50,2400.00,2587.88,448.21
2550.00,2400.00,2599.84,448.50
2575.00,2400.00,2625.75,447.80
2587.50,2400.00,2639.18,448.58
1425.00,2412.50,1477.18,469.41
1787.50,2412.50,1838.17,465.18
1875.00,2412.50,1926.44,465.25
1900.00,2412.50,1950.81,465.12
1912.50,2412.50,1963.72,464.48
1937.50,2412.50,1988.43,465.20
1950.00,2412.50,2001.64,465.72
1975.00,2412.50,2025.87,465.00
1987.50,2412.50,2038.68,465.56
2062.50,2412.50,2115.47,464.51
2162.50,2412.50,2213.74,462.99
2175.00,2412.50,2226.28,464.05
1725.00,2425.00,1775.59,476.19
1762.50,2425.00,1812.63,476.56
1825.00,2425.00,1875.96,477.46
1837.50,2425.00,1888.61,476.55
1862.50,2425.00,1912.99,478.59
2000.00,2425.00,2052.32,476.12
2050.00,2425.00,2101.49,475.94
2125.00,2425.00,2175.11,474.46
2137.50,2425.00,2187.70,475.46
2200.00,2425.00,2250.60,475.42
2212.50,2425.00,2264.45,476.23
2250.00,2425.00,2301.81,474.78
2287.50,2425.00,2339.96,473.33
2300.00,2425.00,2352.50,474.13
2325.00,2425.00,2375.86,474.53
2350.00,2425.00,2400.84,474.16
2362.50,2425.00,2412.96,473.91
2387.50,2425.00,2437.35,473.96
2400.00,2425.00,2451.33,474.39
2425.00,2425.00,2475.88,473.58
2437.50,2425.00,2488.84,474.12
2462.50,2425.00,2513.16,474.08
2475.00,2425.00,2526.74,473.87
2500.00,2425.00,2550.80,473.97
2512.50,2425.00,2563.72,473.55
2537.50,2425.00,2587.96,473.35
2550.00,2425.00,2601.49,472.46
2575.00,2425.00,2625.96,472.89
2587.50,2425.00,2638.33,472.16
1425.00,2437.50,1476.27,493.59
1650.00,2437.50,1699.45,490.21
1675.00,2437.50,1725.14,490.01
1687.50,2437.50,1736.29,489.41
1712.50,2437.50,1763.19,490.30
1725.00,2437.50,1774.34,489.98
1750.00,2437.50,1799.62,490.10
1762.50,2437.50,1811.46,490.08
1787.50,2437.50,1838.09,488.94
1800.00,2437.50,1850.74,488.89
1825.00,2437.50,1875.75,489.29
1837.50,2437.50,1887.29,488.99
1862.50,2437.50,1913.03,488.96
1875.00,2437.50,1925.20,489.39
1900.00,2437.50,1950.41,489.54
1912.50,2437.50,1963.91,489.06
1937.50,2437.50,1988.51,488.91
1950.00,2437.50,2002.27,489.31
1975.00,2437.50,2026.27,488.52
1987.50,2437.50,2038.70,490.41
2012.50,2437.50,2063.45,488.90
2025.00,2437.50,2076.64,488.51
2062.50,2437.50,2115.05,488.50
2100.00,2437.50,2150.93,488.70
2125.00,2437.50,2174.92,488.72
2137.50,2437.50,2188.59,487.95
2162.50,2437.50,2213.32,488.78
2175.00,2437.50,2226.61,488.37
2187.50,2437.50,2239.64,488.35
2212.50,2437.50,2263.95,488.68
2225.00,2437.50,2277.26,488.92
2250.00,2437.50,2302.27,488.09
2275.00,2437.50,2326.11,487.77
2287.50,2437.50,2339.06,487.75
2312.50,2437.50,2363.26,487.46
2325.00,2437.50,2375.12,486.85
2350.00,2437.50,2401.74,486.66
2362.50,2437.50,2414.81,486.32
2387.50,2437.50,2438.13,487.10
2400.00,2437.50,2452.31,484.92
2425.00,2437.50,2476.08,486.51
2437.50,2437.50,2487.39,486.82
2462.50,2437.50,2513.78,486.45
2475.00,2437.50,2526.99,485.38
2500.00,2437.50,2550.56,485.32
2512.50,2437.50,2564.70,485.73
2537.50,2437.50,2588.23,485.95
2550.00,2437.50,2600.85,487.41
2575.00,2437.50,2625.88,484.68
2587.50,2437.50,2638.55,485.33
1412.50,2450.00,1463.07,505.30
1425.00,2450.00,1476.22,505.34
1450.00,2450.00,1500.55,506.19
1462.50,2450.00,1514.32,506.66
1787.50,2450.00,1838.37,501.83
1825.00,2450.00,1876.05,502.25
1837.50,2450.00,1886.57,502.81
1862.50,2450.00,1913.30,502.42
1875.00,2450.00,1924.95,502.31
1900.00,2450.00,1949.85,501.82
1937.50,2450.00,1988.08,502.52
2062.50,2450.00,2114.83,502.60
2162.50,2450.00,2213.94,502.20
2175.00,2450.00,2227.03,501.92
2200.00,2450.00,2251.84,501.71
2250.00,2450.00,2302.19,501.94
2325.00,2450.00,2376.34,500.98
2337.50,2450.00,2390.19,500.88
2362.50,2450.00,2414.08,501.19
1725.00,2462.50,1774.49,514.46
1750.00,2462.50,1800.51,514.07
1762.50,2462.50,1812.39,513.71
1800.00,2462.50,1849.50,515.05
1912.50,2462.50,1963.44,514.63
1950.00,2462.50,1999.83,513.64
1975.00,2462.50,2024.14,512.54
1987.50,2462.50,2038.90,512.50
2012.50,2462.50,2063.19,514.24
2025.00,2462.50,2076.29,513.72
2050.00,2462.50,2101.29,512.60
2087.50,2462.50,2137.69,512.45
2100.00,2462.50,2151.00,512.29
2125.00,2462.50,2176.12,512.21
2137.50,2462.50,2188.40,512.59
2212.50,2462.50,2263.96,512.41
2275.00,2462.50,2326.87,513.07
2287.50,2462.50,2339.70,512.86
2387.50,2462.50,2439.15,511.46
2400.00,2462.50,2453.03,511.87
2412.50,2462.50,2465.55,511.96
2437.50,2462.50,2489.46,511.63
2462.50,2462.50,2513.73,511.09
2475.00,2462.50,2527.33,511.47
2500.00,2462.50,2550.66,511.25
2512.50,2462.50,2566.00,510.18
2537.50,2462.50,2588.62,509.84
2550.00,2462.50,2601.81,511.19
2575.00,2462.50,2625.64,509.80
2587.50,2462.50,2638.14,510.42
1412.50,2475.00,1463.09,529.93
1425.00,2475.00,1475.63,530.12
1450.00,2475.00,1500.07,529.11
1462.50,2475.00,1514.47,528.94
1487.50,2475.00,1537.62,528.06
1500.00,2475.00,1551.61,526.67
1612.50,2475.00,1662.08,526.96
1637.50,2475.00,1686.27,527.52
1650.00,2475.00,1698.09,526.35
1675.00,2475.00,1724.24,526.99
1687.50,2475.00,1737.28,527.22
1712.50,2475.00,1762.01,526.94
1725.00,2475.00,1775.61,526.17
1750.00,2475.00,1800.56,526.56
1762.50,2475.00,1812.69,526.61
1787.50,2475.00,1837.81,526.67
1800.00,2475.00,1850.55,526.75
1825.00,2475.00,1875.54,526.35
1837.50,2475.00,1887.51,526.44
1862.50,2475.00,1913.02,526.37
1875.00,2475.00,1925.41,526.69
1900.00,2475.00,1951.47,526.33
1912.50,2475.00,1962.72,526.76
1937.50,2475.00,1988.25,526.00
1950.00,2475.00,2000.96,525.95
1975.00,2475.00,2025.35,526.05
1987.50,2475.00,2039.30,526.15
2012.50,2475.00,2063.39,525.98
2025.00,2475.00,2075.66,526.08
2050.00,2475.00,2100.44,525.95
2062.50,2475.00,2113.87,526.35
2087.50,2475.00,2137.53,525.26
2100.00,2475.00,2150.75,524.27
2125.00,2475.00,2175.79,525.56
2137.50,2475.00,2188.04,525.39
2162.50,2475.00,2214.15,525.74
2175.00,2475.00,2226.48,525.88
2187.50,2475.00,2240.88,525.82
2212.50,2475.00,2264.35,526.61
2237.50,2475.00,2289.54,526.06
2250.00,2475.00,2302.16,526.02
2275.00,2475.00,2326.51,525.79
2287.50,2475.00,2340.21,525.80
2300.00,2475.00,2353.08,525.51
2325.00,2475.00,2377.57,526.10
2350.00,2475.00,2401.77,525.88
2362.50,2475.00,2414.60,526.09
2400.00,2475.00,2453.26,524.49
2437.50,2475.00,2488.97,524.37
2462.50,2475.00,2513.57,525.40
2475.00,2475.00,2527.00,523.60
2487.50,2475.00,2540.49,524.39
2512.50,2475.00,2564.17,523.51
2537.50,2475.00,2588.56,523.52
2550.00,2475.00,2601.83,522.51
2562.50,2475.00,2616.09,522.03
2587.50,2475.00,2637.08,522.38
1412.50,2487.50,1462.55,541.90
1425.00,2487.50,1474.92,540.87
1612.50,2487.50,1661.07,539.92
1687.50,2487.50,1736.61,539.27
1787.50,2487.50,1837.25,539.97
1837.50,2487.50,1887.06,539.83
1912.50,2487.50,1962.14,539.71
1937.50,2487.50,1988.34,539.18
1975.00,2487.50,2026.22,539.82
2012.50,2487.50,2063.43,538.77
2200.00,2487.50,2251.41,539.16
1637.50,2500.00,1687.39,550.96
1650.00,2500.00,1699.10,550.69
1762.50,2500.00,1812.06,549.86
1800.00,2500.00,1849.19,549.86
1825.00,2500.00,1875.15,549.88
1862.50,2500.00,1912.46,550.22
1875.00,2500.00,1924.32,551.80
1900.00,2500.00,1950.81,549.98
1950.00,2500.00,2001.00,550.23
1987.50,2500.00,2038.79,550.04
2025.00,2500.00,2075.76,550.62
2037.50,2500.00,2088.38,550.03
2062.50,2500.00,2113.11,549.87
2075.00,2500.00,2124.84,549.42
2100.00,2500.00,2151.57,549.62
2125.00,2500.00,2175.70,550.20
2137.50,2500.00,2188.99,549.53
2162.50,2500.00,2213.23,549.84
2175.00,2500.00,2226.61,550.05
2212.50,2500.00,2264.39,549.98
2237.50,2500.00,2289.04,550.14
2250.00,2500.00,2302.33,549.93
2275.00,2500.00,2326.11,549.28
2287.50,2500.00,2340.05,549.71
2312.50,2500.00,2364.67,549.68
2325.00,2500.00,2377.90,549.26
2337.50,2500.00,2390.76,548.16
2362.50,2500.00,2414.41,549.65
2425.00,2500.00,2476.01,548.98
2437.50,2500.00,2489.28,549.06
2462.50,2500.00,2513.49,547.93
2475.00,2500.00,2527.58,549.41
2500.00,2500.00,2550.24,549.02
2512.50,2500.00,2564.66,548.92
2587.50,2500.00,2639.75,547.20
1612.50,2512.50,1662.56,562.48
1637.50,2512.50,1687.58,563.49
1650.00,2512.50,1699.38,564.21
1675.00,2512.50,1725.71,564.58
1687.50,2512.50,1739.05,564.88
1712.50,2512.50,1762.31,563.43
1725.00,2512.50,1774.43,563.31
1750.00,2512.50,1799.32,563.72
1762.50,2512.50,1812.27,563.70
1787.50,2512.50,1838.07,563.75
1837.50,2512.50,1888.72,563.32
1862.50,2512.50,1911.46,563.16
1875.00,2512.50,1924.55,563.46
1900.00,2512.50,1950.40,563.51
1912.50,2512.50,1962.42,563.77
1937.50,2512.50,1988.16,563.42
1950.00,2512.50,1999.33,563.66
1975.00,2512.50,2025.48,563.54
1987.50,2512.50,2036.72,563.59
2012.50,2512.50,2063.10,563.20
2025.00,2512.50,2074.80,562.90
2050.00,2512.50,2100.70,562.59
2062.50,2512.50,2112.22,563.07
2087.50,2512.50,2138.48,562.87
2100.00,2512.50,2150.60,562.77
2125.00,2512.50,2175.90,562.94
2137.50,2512.50,2188.50,562.01
2162.50,2512.50,2213.05,562.89
2175.00,2512.50,2226.59,562.19
2200.00,2512.50,2251.04,563.17
2212.50,2512.50,2263.98,561.93
2237.50,2512.50,2288.84,563.33
2250.00,2512.50,2302.13,563.27
2262.50,2512.50,2316.21,563.46
2287.50,2512.50,2339.61,562.45
2312.50,2512.50,2363.68,562.45
2325.00,2512.50,2377.46,563.01
2362.50,2512.50,2414.55,561.25
2387.50,2512.50,2439.39,562.46
2400.00,2512.50,2450.26,561.46
2425.00,2512.50,2475.91,561.77
2437.50,2512.50,2488.62,561.28
2475.00,2512.50,2527.31,560.64
2500.00,2512.50,2550.75,560.98
2512.50,2512.50,2563.70,560.66
1650.00,2525.00,1698.55,577.53
1712.50,2525.00,1761.19,576.70
1787.50,2525.00,1836.61,577.16
1937.50,2525.00,1987.14,576.58
1687.50,2537.50,1738.82,586.65
1725.00,2537.50,1774.48,588.06
1750.00,2537.50,1800.02,586.95
1762.50,2537.50,1811.56,587.38
1862.50,2537.50,1912.38,586.95
1875.00,2537.50,1923.33,587.11
1900.00,2537.50,1949.39,587.00
1912.50,2537.50,1960.92,586.98
1950.00,2537.50,2000.02,586.87
1975.00,2537.50,2024.93,587.21
1987.50,2537.50,2037.20,587.20
2012.50,2537.50,2062.17,587.13
2025.00,2537.50,2075.48,587.20
2050.00,2537.50,2100.82,586.84
2062.50,2537.50,2112.20,587.12
2125.00,2537.50,2176.51,586.58
2137.50,2537.50,2187.48,586.46
2162.50,2537.50,2212.50,586.95
2175.00,2537.50,2226.68,587.22
2187.50,2537.50,2239.77,585.87
2212.50,2537.50,2264.62,586.85
2237.50,2537.50,2288.66,586.70
2250.00,2537.50,2302.31,586.08
2275.00,2537.50,2326.38,585.57
2287.50,2537.50,2339.48,586.81
2312.50,2537.50,2363.47,587.21
2325.00,2537.50,2377.09,586.79
2350.00,2537.50,2400.85,586.67
2362.50,2537.50,2414.28,585.91
2387.50,2537.50,2438.67,586.84
2400.00,2537.50,2452.00,586.20
2425.00,2537.50,2475.53,586.05
2437.50,2537.50,2488.73,586.50
2462.50,2537.50,2513.35,586.04
2475.00,2537.50,2526.49,585.39
2500.00,2537.50,2551.52,586.12
2512.50,2537.50,2565.61,582.73
2537.50,2537.50,2588.30,584.77
2550.00,2537.50,2601.33,584.82
2575.00,2537.50,2625.92,583.26
2587.50,2537.50,2639.97,580.41
1412.50,2550.00,1461.49,604.51
1425.00,2550.00,1475.66,604.64
1562.50,2550.00,1610.51,604.90
1575.00,2550.00,1622.91,602.52
1600.00,2550.00,1649.61,601.15
1612.50,2550.00,1661.21,601.26
1637.50,2550.00,1686.15,601.23
1650.00,2550.00,1699.38,601.50
1675.00,2550.00,1724.53,602.14
1687.50,2550.00,1736.22,601.70
1712.50,2550.00,1761.49,601.11
1725.00,2550.00,1774.82,600.63
1750.00,2550.00,1799.66,600.32
1762.50,2550.00,1811.75,600.02
1862.50,2550.00,1913.01,597.45
1875.00,2550.00,1923.16,599.07
1900.00,2550.00,1949.06,598.84
1912.50,2550.00,1960.88,599.34
1937.50,2550.00,1986.02,600.05
1950.00,2550.00,1999.12,599.93
1975.00,2550.00,2024.43,599.60
1987.50,2550.00,2036.21,599.44
2012.50,2550.00,2062.16,599.40
2025.00,2550.00,2075.66,600.31
2050.00,2550.00,2099.45,599.86
2062.50,2550.00,2112.22,598.78
2087.50,2550.00,2137.57,599.95
2100.00,2550.00,2150.99,599.82
2125.00,2550.00,2175.53,599.82
2137.50,2550.00,2187.55,600.02
2162.50,2550.00,2212.55,599.08
2175.00,2550.00,2225.84,598.93
2200.00,2550.00,2250.82,598.85
2212.50,2550.00,2263.13,598.56
2225.00,2550.00,2277.38,598.96
2250.00,2550.00,2301.02,598.52
2275.00,2550.00,2325.38,598.89
2287.50,2550.00,2339.06,599.06
2312.50,2550.00,2363.21,598.82
2325.00,2550.00,2376.41,599.42
2350.00,2550.00,2400.56,597.80
2362.50,2550.00,2414.10,598.57
2375.00,2550.00,2428.10,598.09
2437.50,2550.00,2487.72,598.97
2475.00,2550.00,2526.91,596.97
2500.00,2550.00,2550.91,596.40
2512.50,2550.00,2564.86,596.58
1412.50,2562.50,1461.12,616.23
1425.00,2562.50,1473.30,615.75
1450.00,2562.50,1498.83,616.87
1462.50,2562.50,1511.49,616.71
1525.00,2562.50,1575.03,614.83
1537.50,2562.50,1585.93,615.30
2550.00,2562.50,2599.94,609.24
1562.50,2575.00,1612.35,626.94
1575.00,2575.00,1623.17,625.64
1650.00,2575.00,1699.94,625.04
1675.00,2575.00,1724.46,625.59
1687.50,2575.00,1737.78,624.98
1712.50,2575.00,1760.60,625.43
1725.00,2575.00,1772.90,624.85
1750.00,2575.00,1799.00,624.73
1762.50,2575.00,1810.84,624.73
1862.50,2575.00,1910.44,624.51
1875.00,2575.00,1922.77,624.11
1900.00,2575.00,1948.48,624.05
1912.50,2575.00,1960.64,624.04
1937.50,2575.00,1986.93,624.00
1950.00,2575.00,1998.10,624.02
1975.00,2575.00,2024.02,623.74
1987.50,2575.00,2036.46,623.08
2012.50,2575.00,2060.90,624.41
2025.00,2575.00,2073.28,624.12
2050.00,2575.00,2099.02,621.98
2062.50,2575.00,2111.57,623.44
2087.50,2575.00,2136.88,624.28
2100.00,2575.00,2151.63,623.75
2125.00,2575.00,2175.52,624.30
2137.50,2575.00,2186.85,624.44
2162.50,2575.00,2212.26,624.28
2175.00,2575.00,2225.29,623.39
2200.00,2575.00,2250.79,624.12
2212.50,2575.00,2261.98,623.98
2237.50,2575.00,2287.77,623.44
2250.00,2575.00,2300.03,622.76
2262.50,2575.00,2313.04,623.01
2287.50,2575.00,2337.26,622.58
2312.50,2575.00,2363.24,623.44
2325.00,2575.00,2376.09,622.92
2350.00,2575.00,2400.90,623.31
2362.50,2575.00,2413.73,623.36
2375.00,2575.00,2427.43,622.85
2475.00,2575.00,2525.76,621.49
2500.00,2575.00,2549.59,620.27
2512.50,2575.00,2562.74,621.07
2537.50,2575.00,2588.03,620.21
2550.00,2575.00,2600.25,620.31
2575.00,2575.00,2625.44,620.45
1412.50,2587.50,1461.62,639.76
1462.50,2587.50,1510.23,639.64
1487.50,2587.50,1535.90,638.80
1525.00,2587.50,1573.97,639.36
1537.50,2587.50,1586.35,639.69
1562.50,2587.50,1612.13,638.33
1575.00,2587.50,1623.65,638.23
1600.00,2587.50,1647.83,638.61
1637.50,2587.50,1686.06,638.25
1650.00,2587.50,1700.64,637.90
1675.00,2587.50,1723.47,637.93
1687.50,2587.50,1736.43,637.43
1712.50,2587.50,1760.45,636.96
1725.00,2587.50,1773.43,636.64
1750.00,2587.50,1798.21,637.00
1762.50,2587.50,1810.96,637.23
1875.00,2587.50,1923.03,635.50
1900.00,2587.50,1948.16,635.24
1912.50,2587.50,1960.23,635.31
1937.50,2587.50,1987.27,634.91
1950.00,2587.50,1998.03,635.32
1975.00,2587.50,2022.90,635.10
1987.50,2587.50,2036.43,636.29
2012.50,2587.50,2061.70,634.70
2025.00,2587.50,2073.55,634.85
2050.00,2587.50,2099.17,635.59
2062.50,2587.50,2111.19,636.77
2137.50,2587.50,2187.47,635.07
2175.00,2587.50,2225.80,635.27
2200.00,2587.50,2250.87,635.10
2212.50,2587.50,2261.55,635.24
2237.50,2587.50,2287.30,634.98
2250.00,2587.50,2299.64,634.91
2275.00,2587.50,2325.11,634.75
2287.50,2587.50,2337.56,634.89
2312.50,2587.50,2362.57,636.09
2325.00,2587.50,2376.18,634.89
2350.00,2587.50,2400.11,635.43
2362.50,2587.50,2413.21,635.50
2387.50,2587.50,2437.39,634.59
2512.50,2587.50,2563.34,634.00
2537.50,2587.50,2587.42,632.47
2550.00,2587.50,2599.95,632.96
3062.50,1987.50,3108.03,31.50
3100.00,1987.50,3145.38,31.59
3587.50,1987.50,3634.13,31.95
3625.00,1987.50,3671.97,32.48
3637.50,1987.50,3684.78,31.96
3662.50,1987.50,3710.57,32.58
3675.00,1987.50,3723.95,32.18
3712.50,1987.50,3760.70,31.58
3475.00,2000.00,3520.58,42.59
3512.50,2000.00,3558.46,42.80
3537.50,2000.00,3584.15,43.08
3550.00,2000.00,3596.46,43.64
3562.50,2000.00,3609.79,43.43
3600.00,2000.00,3647.30,43.37
3700.00,2000.00,3748.36,45.09
3737.50,2000.00,3785.33,43.93
3750.00,2000.00,3798.16,44.74
3775.00,2000.00,3823.83,44.51
3787.50,2000.00,3836.10,43.61
3475.00,2012.50,3521.02,55.85
3500.00,2012.50,3545.78,56.41
3512.50,2012.50,3558.68,56.57
3537.50,2012.50,3584.32,56.49
3550.00,2012.50,3596.61,57.11
3562.50,2012.50,3609.78,57.01
3587.50,2012.50,3634.24,56.36
3600.00,2012.50,3647.55,56.75
3625.00,2012.50,3672.63,56.77
3637.50,2012.50,3685.30,56.86
3662.50,2012.50,3710.29,56.85
3675.00,2012.50,3723.15,57.12
3700.00,2012.50,3748.69,56.82
3712.50,2012.50,3760.50,57.05
3737.50,2012.50,3785.04,56.71
3750.00,2012.50,3798.39,56.91
3775.00,2012.50,3824.27,56.36
3787.50,2012.50,3836.00,56.40
3537.50,2025.00,3582.72,69.37
3550.00,2025.00,3596.36,69.62
3587.50,2025.00,3634.40,70.15
3600.00,2025.00,3646.90,70.10
3625.00,2025.00,3672.59,70.05
3637.50,2025.00,3685.30,69.87
3250.00,2037.50,3295.75,79.96
3362.50,2037.50,3408.40,79.80
3387.50,2037.50,3433.08,79.87
3400.00,2037.50,3445.65,80.14
3412.50,2037.50,3458.56,80.85
3437.50,2037.50,3483.96,81.01
3462.50,2037.50,3508.33,79.96
3475.00,2037.50,3521.26,80.22
3487.50,2037.50,3534.51,80.76
3512.50,2037.50,3558.64,80.94
3562.50,2037.50,3609.81,81.15
3662.50,2037.50,3711.69,80.62
3675.00,2037.50,3723.38,79.96
3700.00,2037.50,3748.17,76.94
3250.00,2050.00,3296.09,93.85
3275.00,2050.00,3321.21,93.88
3287.50,2050.00,3333.39,93.33
3325.00,2050.00,3370.65,93.23
3337.50,2050.00,3383.40,93.82
3362.50,2050.00,3408.92,93.82
3375.00,2050.00,3422.06,94.04
3400.00,2050.00,3446.34,93.82
3412.50,2050.00,3459.69,93.88
3437.50,2050.00,3483.51,93.96
3450.00,2050.00,3496.56,93.94
3475.00,2050.00,3521.17,93.95
3487.50,2050.00,3534.93,93.86
3512.50,2050.00,3559.05,94.13
3525.00,2050.00,3572.30,94.18
3550.00,2050.00,3596.96,93.93
3562.50,2050.00,3610.58,94.09
3587.50,2050.00,3634.44,93.94
3600.00,2050.00,3647.48,94.00
3625.00,2050.00,3673.38,93.98
3637.50,2050.00,3686.53,93.69
3662.50,2050.00,3712.27,92.20
3250.00,2062.50,3295.92,106.84
3275.00,2062.50,3320.75,107.69
3362.50,2062.50,3408.89,107.31
3437.50,2062.50,3484.45,107.01
3450.00,2062.50,3497.75,106.87
3475.00,2062.50,3521.35,107.20
3512.50,2062.50,3559.44,105.45
3525.00,2062.50,3572.71,107.51
3550.00,2062.50,3596.82,107.31
3212.50,2075.00,3258.99,118.07
3225.00,2075.00,3271.58,118.31
3287.50,2075.00,3333.81,119.11
3312.50,2075.00,3359.01,119.61
3325.00,2075.00,3371.71,119.55
3337.50,2075.00,3385.12,118.45
3375.00,2075.00,3422.94,120.13
3400.00,2075.00,3447.80,120.09
3412.50,2075.00,3461.10,120.69
3487.50,2075.00,3535.07,118.49
3562.50,2075.00,3610.08,118.58
3587.50,2075.00,3635.70,118.73
3600.00,2075.00,3647.97,119.88
3625.00,2075.00,3673.94,118.53
3637.50,2075.00,3687.89,116.93
3212.50,2087.50,3258.62,131.39
3250.00,2087.50,3296.27,131.89
3262.50,2087.50,3309.78,131.59
3287.50,2087.50,3334.03,131.57
3312.50,2087.50,3360.45,131.62
3325.00,2087.50,3371.98,131.58
3337.50,2087.50,3385.29,131.55
3362.50,2087.50,3409.89,131.65
3375.00,2087.50,3422.98,131.92
3400.00,2087.50,3448.49,132.11
3412.50,2087.50,3462.91,132.08
3437.50,2087.50,3485.33,131.68
3450.00,2087.50,3497.57,131.61
3475.00,2087.50,3521.83,131.08
3487.50,2087.50,3534.33,131.29
3512.50,2087.50,3558.92,131.62
3525.00,2087.50,3572.58,131.48
3550.00,2087.50,3597.05,131.84
3562.50,2087.50,3610.15,131.39
3587.50,2087.50,3635.62,131.45
3600.00,2087.50,3647.97,131.54
3625.00,2087.50,3674.79,131.64
3637.50,2087.50,3688.04,132.67
3237.50,2100.00,3282.89,144.90
3262.50,2100.00,3309.66,145.15
3287.50,2100.00,3333.45,145.18
3337.50,2100.00,3385.40,144.97
3375.00,2100.00,3422.91,145.47
3437.50,2100.00,3485.51,144.63
3625.00,2100.00,3673.70,143.71
3637.50,2100.00,3686.53,144.84
3700.00,2100.00,3746.43,145.06
3712.50,2100.00,3760.58,144.98
3212.50,2112.50,3258.42,155.94
3250.00,2112.50,3296.25,156.01
3312.50,2112.50,3359.79,156.82
3325.00,2112.50,3371.94,157.90
3362.50,2112.50,3410.13,157.39
3412.50,2112.50,3461.21,155.02
3450.00,2112.50,3498.17,155.49
3475.00,2112.50,3522.68,156.60
3487.50,2112.50,3534.90,155.55
3512.50,2112.50,3559.88,156.25
3525.00,2112.50,3572.79,155.93
3550.00,2112.50,3597.27,157.86
3562.50,2112.50,3610.50,157.10
3587.50,2112.50,3635.41,156.22
3600.00,2112.50,3648.33,155.72
3662.50,2112.50,3710.21,155.93
3675.00,2112.50,3723.17,155.45
3737.50,2112.50,3786.04,156.25
3750.00,2112.50,3798.48,155.59
3775.00,2112.50,3823.83,155.59
3787.50,2112.50,3836.13,156.18
3212.50,2125.00,3258.56,168.53
3225.00,2125.00,3271.35,168.93
3250.00,2125.00,3296.43,169.03
3275.00,2125.00,3321.94,168.26
3287.50,2125.00,3334.27,168.64
3300.00,2125.00,3346.84,168.73
3325.00,2125.00,3371.69,168.87
3337.50,2125.00,3385.39,169.25
3362.50,2125.00,3409.35,169.22
3375.00,2125.00,3422.45,168.86
3400.00,2125.00,3447.38,168.76
3412.50,2125.00,3460.10,168.88
3437.50,2125.00,3484.15,169.12
3462.50,2125.00,3509.70,169.29
3475.00,2125.00,3521.96,169.04
3487.50,2125.00,3534.91,168.98
3512.50,2125.00,3559.61,169.29
3525.00,2125.00,3572.31,169.22
3550.00,2125.00,3598.25,168.55
3562.50,2125.00,3611.08,169.00
3587.50,2125.00,3637.23,168.92
3600.00,2125.00,3648.05,169.05
3625.00,2125.00,3673.77,169.75
3637.50,2125.00,3686.09,170.16
3662.50,2125.00,3711.08,168.97
3675.00,2125.00,3723.70,169.11
3700.00,2125.00,3748.99,169.22
3712.50,2125.00,3761.53,169.75
3737.50,2125.00,3787.63,169.39
3750.00,2125.00,3798.92,169.50
3775.00,2125.00,3825.31,169.81
3787.50,2125.00,3837.45,169.49
3212.50,2137.50,3258.36,181.59
3412.50,2137.50,3460.20,181.49
3437.50,2137.50,3484.47,182.38
3450.00,2137.50,3497.77,182.11
3537.50,2137.50,3585.91,182.90
3562.50,2137.50,3610.86,182.49
3587.50,2137.50,3636.03,182.54
3600.00,2137.50,3649.23,182.36
3625.00,2137.50,3673.93,182.63
3637.50,2137.50,3686.63,182.95
3662.50,2137.50,3710.95,182.82
3675.00,2137.50,3725.58,183.43
3687.50,2137.50,3738.23,183.25
3712.50,2137.50,3762.96,182.86
3237.50,2150.00,3284.49,193.40
3250.00,2150.00,3296.25,193.02
3275.00,2150.00,3322.18,193.08
3287.50,2150.00,3334.26,194.66
3300.00,2150.00,3346.82,193.23
3325.00,2150.00,3371.55,193.44
3337.50,2150.00,3384.73,193.44
3362.50,2150.00,3409.11,193.70
3387.50,2150.00,3435.06,193.32
3475.00,2150.00,3523.78,192.99
3487.50,2150.00,3535.70,193.05
3512.50,2150.00,3561.74,193.79
3550.00,2150.00,3599.46,194.10
3212.50,2162.50,3258.86,205.99
3237.50,2162.50,3283.70,206.14
3250.00,2162.50,3296.06,206.44
3262.50,2162.50,3309.75,206.54
3287.50,2162.50,3334.13,206.44
3300.00,2162.50,3347.66,205.82
3325.00,2162.50,3371.39,206.15
3337.50,2162.50,3384.99,206.21
3362.50,2162.50,3409.05,206.39
3375.00,2162.50,3422.59,206.43
3400.00,2162.50,3446.95,206.44
3425.00,2162.50,3472.58,206.48
3437.50,2162.50,3484.74,206.64
3450.00,2162.50,3497.50,206.47
3475.00,2162.50,3522.67,206.31
3487.50,2162.50,3536.00,206.41
3512.50,2162.50,3560.67,206.52
3525.00,2162.50,3573.33,206.74
3550.00,2162.50,3598.78,206.97
3562.50,2162.50,3610.60,207.05
3587.50,2162.50,3637.27,207.42
3600.00,2162.50,3648.69,207.30
3625.00,2162.50,3675.51,208.32
3637.50,2162.50,3689.03,207.47
3662.50,2162.50,3713.09,207.95
3300.00,2175.00,3346.61,219.62
3425.00,2175.00,3471.20,218.98
3512.50,2175.00,3561.34,219.29
3537.50,2175.00,3586.02,220.38
3550.00,2175.00,3599.39,220.23
3562.50,2175.00,3611.53,219.99
3587.50,2175.00,3638.19,220.59
3625.00,2175.00,3675.49,220.95
3237.50,2187.50,3283.94,230.27
3250.00,2187.50,3296.42,230.44
3262.50,2187.50,3309.41,230.16
3287.50,2187.50,3333.67,230.42
3325.00,2187.50,3371.61,230.30
3350.00,2187.50,3395.82,230.44
3362.50,2187.50,3409.01,230.07
3375.00,2187.50,3422.19,230.33
3400.00,2187.50,3446.85,230.21
3437.50,2187.50,3484.73,230.78
3450.00,2187.50,3497.59,231.20
3475.00,2187.50,3522.80,230.43
3487.50,2187.50,3535.63,230.86
3600.00,2187.50,3650.92,232.94
3212.50,2200.00,3258.64,243.83
3225.00,2200.00,3270.94,243.31
3250.00,2200.00,3296.68,243.61
3275.00,2200.00,3320.65,243.40
3287.50,2200.00,3333.35,242.68
3300.00,2200.00,3347.48,242.81
3325.00,2200.00,3371.12,243.10
3337.50,2200.00,3384.33,241.58
3362.50,2200.00,3408.93,241.95
3400.00,2200.00,3446.15,243.54
3412.50,2200.00,3459.73,243.63
3437.50,2200.00,3485.16,243.17
3450.00,2200.00,3497.72,242.54
3475.00,2200.00,3521.41,244.03
3487.50,2200.00,3535.14,243.96
3512.50,2200.00,3559.69,244.45
3525.00,2200.00,3573.21,244.28
3550.00,2200.00,3599.82,244.89
3562.50,2200.00,3611.96,245.20
3587.50,2200.00,3638.34,245.76
3600.00,2200.00,3650.74,246.31
3637.50,2200.00,3688.51,245.97
3550.00,2212.50,3599.25,257.47
3175.00,2225.00,3221.03,267.85
3200.00,2225.00,3245.94,267.85
3212.50,2225.00,3258.91,267.62
3225.00,2225.00,3272.27,267.74
3250.00,2225.00,3296.57,268.33
3325.00,2225.00,3372.03,267.01
3337.50,2225.00,3385.17,267.13
3400.00,2225.00,3446.36,267.36
3425.00,2225.00,3470.90,267.40
3437.50,2225.00,3483.77,267.52
3462.50,2225.00,3508.30,267.48
3475.00,2225.00,3521.09,267.73
3487.50,2225.00,3535.23,267.54
3512.50,2225.00,3559.39,268.62
3525.00,2225.00,3573.16,268.49
3562.50,2225.00,3611.76,269.74
3587.50,2225.00,3637.28,270.25
3600.00,2225.00,3649.73,269.28
3625.00,2225.00,3676.29,269.64
3137.50,2237.50,3183.56,280.87
3162.50,2237.50,3208.26,280.97
3212.50,2237.50,3258.57,280.63
3225.00,2237.50,3272.41,280.59
3337.50,2237.50,3385.61,278.65
3437.50,2237.50,3483.46,279.84
3475.00,2237.50,3520.92,280.05
3500.00,2237.50,3546.28,280.29
3512.50,2237.50,3559.56,280.94
3525.00,2237.50,3572.93,281.14
3550.00,2237.50,3598.33,281.45
3562.50,2237.50,3610.97,281.25
3587.50,2237.50,3637.00,281.77
3600.00,2237.50,3649.30,281.66
3625.00,2237.50,3675.60,281.76
3637.50,2237.50,3687.99,282.06
3662.50,2237.50,3713.41,282.09
3700.00,2237.50,3751.00,282.58
3662.50,2250.00,3713.05,294.53
3700.00,2250.00,3750.94,294.93
3137.50,2262.50,3183.89,305.30
3162.50,2262.50,3209.54,305.34
3175.00,2262.50,3221.19,305.17
3212.50,2262.50,3258.74,305.06
3487.50,2262.50,3533.83,304.47
3512.50,2262.50,3559.16,304.92
3525.00,2262.50,3571.61,305.15
3550.00,2262.50,3599.14,305.37
3562.50,2262.50,3610.63,305.74
3587.50,2262.50,3636.88,305.74
3600.00,2262.50,3648.72,305.95
3625.00,2262.50,3674.64,305.78
3637.50,2262.50,3687.56,306.43
2762.50,2275.00,2810.59,318.64
3100.00,2275.00,3146.14,318.55
3112.50,2275.00,3159.45,318.36
3137.50,2275.00,3184.09,318.84
3150.00,2275.00,3197.44,318.85
3175.00,2275.00,3221.62,317.60
3512.50,2275.00,3559.63,317.30
3525.00,2275.00,3572.05,317.99
3550.00,2275.00,3597.83,318.67
3562.50,2275.00,3610.53,319.03
3587.50,2275.00,3636.50,319.23
3600.00,2275.00,3649.08,319.14
3625.00,2275.00,3674.65,319.21
3637.50,2275.00,3686.39,319.30
3662.50,2275.00,3713.10,319.24
3675.00,2275.00,3725.08,319.69
3700.00,2275.00,3750.87,319.43
3737.50,2275.00,3788.76,319.33
2650.00,2300.00,2696.28,344.13
2737.50,2300.00,2784.68,343.34
2775.00,2300.00,2822.59,343.12
2987.50,2300.00,3033.65,343.03
3012.50,2300.00,3058.80,342.85
3037.50,2300.00,3084.41,342.82
3062.50,2300.00,3109.48,343.37
3075.00,2300.00,3122.51,342.77
3100.00,2300.00,3147.01,343.17
3125.00,2300.00,3171.76,343.26
3137.50,2300.00,3185.07,343.02
3150.00,2300.00,3198.68,342.44
3175.00,2300.00,3222.20,342.78
3437.50,2300.00,3483.81,341.69
3450.00,2300.00,3496.92,341.61
3475.00,2300.00,3521.82,342.05
3487.50,2300.00,3534.34,342.02
3512.50,2300.00,3559.69,342.10
3525.00,2300.00,3572.59,342.92
3550.00,2300.00,3597.44,342.62
3562.50,2300.00,3610.98,342.62
3587.50,2300.00,3636.31,343.16
3600.00,2300.00,3649.28,342.76
3625.00,2300.00,3675.36,343.14
3637.50,2300.00,3687.12,343.20
3662.50,2300.00,3712.81,343.80
3675.00,2300.00,3725.41,344.44
3700.00,2300.00,3750.87,343.10
3712.50,2300.00,3763.63,344.24
3737.50,2300.00,3788.48,343.38
3775.00,2300.00,3825.76,343.31
3787.50,2300.00,3838.78,343.69
2600.00,2312.50,2646.77,357.85
2612.50,2312.50,2658.76,357.17
2637.50,2312.50,2684.80,357.11
2650.00,2312.50,2696.62,357.37
2675.00,2312.50,2721.85,357.23
2687.50,2312.50,2734.26,357.40
2700.00,2312.50,2747.70,356.97
2725.00,2312.50,2773.02,356.91
2737.50,2312.50,2785.20,356.99
2762.50,2312.50,2812.42,356.26
2775.00,2312.50,2824.29,356.39
2800.00,2312.50,2847.57,355.11
2825.00,2312.50,2871.18,356.61
2837.50,2312.50,2883.72,356.30
2862.50,2312.50,2908.49,356.63
2875.00,2312.50,2921.21,356.11
2912.50,2312.50,2958.87,356.38
2925.00,2312.50,2972.32,356.81
2950.00,2312.50,2996.85,356.70
2962.50,2312.50,3009.46,357.00
2987.50,2312.50,3034.13,356.38
3012.50,2312.50,3059.00,356.01
3025.00,2312.50,3071.39,356.08
3037.50,2312.50,3084.67,356.50
3062.50,2312.50,3108.71,356.12
3075.00,2312.50,3122.49,355.05
3100.00,2312.50,3147.65,355.96
3125.00,2312.50,3172.44,356.80
3137.50,2312.50,3184.99,356.06
3150.00,2312.50,3198.93,356.85
3175.00,2312.50,3221.67,355.57
3250.00,2312.50,3298.16,354.44
3375.00,2312.50,3422.06,354.45
3400.00,2312.50,3446.98,355.05
3412.50,2312.50,3460.06,355.57
3437.50,2312.50,3484.38,354.65
3450.00,2312.50,3497.90,353.86
3475.00,2312.50,3521.96,355.58
3487.50,2312.50,3535.13,355.13
3512.50,2312.50,3560.50,355.07
3525.00,2312.50,3572.95,354.77
3550.00,2312.50,3598.10,356.15
3562.50,2312.50,3610.75,356.00
3587.50,2312.50,3636.41,355.72
3600.00,2312.50,3648.87,356.18
3625.00,2312.50,3674.83,356.54
3637.50,2312.50,3687.59,356.57
3662.50,2312.50,3713.04,356.60
3675.00,2312.50,3724.74,356.79
3700.00,2312.50,3750.53,356.89
3712.50,2312.50,3762.20,356.91
3737.50,2312.50,3788.10,355.89
3750.00,2312.50,3801.12,356.65
3775.00,2312.50,3825.96,356.52
3787.50,2312.50,3838.11,356.46
2612.50,2325.00,2659.93,370.80
2650.00,2325.00,2697.87,370.93
2662.50,2325.00,2710.56,371.16
2687.50,2325.00,2735.85,371.25
2700.00,2325.00,2748.75,371.71
2725.00,2325.00,2774.41,370.76
2737.50,2325.00,2787.39,370.94
2762.50,2325.00,2813.04,371.08
2775.00,2325.00,2824.62,369.75
3437.50,2325.00,3485.57,368.57
3475.00,2325.00,3523.31,368.86
2625.00,2337.50,2672.81,384.68
2800.00,2337.50,2848.80,382.87
2812.50,2337.50,2860.67,382.10
2837.50,2337.50,2885.11,381.70
2850.00,2337.50,2898.16,382.14
2875.00,2337.50,2922.09,381.83
2887.50,2337.50,2935.48,381.52
2912.50,2337.50,2959.45,382.54
2925.00,2337.50,2973.74,381.31
2950.00,2337.50,2997.75,381.05
2962.50,2337.50,3010.48,381.23
2987.50,2337.50,3034.82,381.77
3000.00,2337.50,3047.52,380.96
3025.00,2337.50,3072.18,381.05
3037.50,2337.50,3085.03,380.63
3062.50,2337.50,3109.53,380.96
3075.00,2337.50,3122.58,380.67
3100.00,2337.50,3146.92,380.71
3125.00,2337.50,3173.38,380.71
3137.50,2337.50,3185.33,380.78
3150.00,2337.50,3198.28,380.75
3175.00,2337.50,3221.65,379.56
3212.50,2337.50,3261.18,380.51
3237.50,2337.50,3285.15,380.11
3250.00,2337.50,3296.98,379.88
3262.50,2337.50,3309.53,379.94
3287.50,2337.50,3333.99,380.06
3300.00,2337.50,3347.38,380.62
3325.00,2337.50,3373.14,380.94
3337.50,2337.50,3385.48,380.53
3362.50,2337.50,3411.85,380.88
3387.50,2337.50,3436.14,380.55
3400.00,2337.50,3449.59,380.58
3412.50,2337.50,3461.02,380.72
3450.00,2337.50,3498.92,380.96
3487.50,2337.50,3536.11,380.55
3512.50,2337.50,3561.80,380.25
3525.00,2337.50,3573.44,380.92
3550.00,2337.50,3599.32,380.57
3562.50,2337.50,3610.45,380.66
3587.50,2337.50,3636.14,379.95
3600.00,2337.50,3648.48,380.14
3625.00,2337.50,3675.40,380.63
3637.50,2337.50,3687.60,381.30
3662.50,2337.50,3712.77,380.65
3675.00,2337.50,3725.80,381.13
3700.00,2337.50,3750.39,380.62
3712.50,2337.50,3762.48,380.21
3737.50,2337.50,3788.08,380.72
3750.00,2337.50,3799.91,380.68
3775.00,2337.50,3825.23,380.60
3787.50,2337.50,3838.56,380.38
2612.50,2350.00,2661.37,396.68
2625.00,2350.00,2673.77,396.29
2650.00,2350.00,2699.48,397.16
2662.50,2350.00,2711.48,397.28
2687.50,2350.00,2736.31,396.78
2700.00,2350.00,2748.49,396.89
2725.00,2350.00,2773.98,396.90
2737.50,2350.00,2785.89,396.19
2762.50,2350.00,2812.87,395.23
2775.00,2350.00,2823.65,396.28
2800.00,2350.00,2849.91,395.20
2812.50,2350.00,2861.04,395.34
2837.50,2350.00,2887.09,395.46
2850.00,2350.00,2898.41,395.32
2875.00,2350.00,2922.94,395.15
2887.50,2350.00,2935.65,394.58
2912.50,2350.00,2961.10,394.81
2925.00,2350.00,2973.07,394.52
2950.00,2350.00,2997.79,394.67
2962.50,2350.00,3010.43,394.54
2987.50,2350.00,3034.75,394.32
3000.00,2350.00,3047.87,394.34
3025.00,2350.00,3072.52,393.89
3037.50,2350.00,3085.08,393.39
3062.50,2350.00,3110.65,394.24
3075.00,2350.00,3123.37,393.98
3100.00,2350.00,3147.32,394.06
3112.50,2350.00,3160.39,394.26
3137.50,2350.00,3185.89,394.34
3150.00,2350.00,3198.63,393.72
3175.00,2350.00,3223.53,393.61
3187.50,2350.00,3235.51,394.07
3212.50,2350.00,3260.51,392.99
3225.00,2350.00,3272.79,393.40
3250.00,2350.00,3297.79,393.20
3262.50,2350.00,3310.30,393.93
3287.50,2350.00,3335.58,394.14
3300.00,2350.00,3348.55,394.35
3325.00,2350.00,3373.99,394.41
3337.50,2350.00,3386.97,394.79
3362.50,2350.00,3412.67,395.06
3375.00,2350.00,3425.20,394.43
3400.00,2350.00,3450.33,394.67
3412.50,2350.00,3462.47,394.59
3437.50,2350.00,3488.23,394.52
3450.00,2350.00,3500.47,394.36
3475.00,2350.00,3525.79,394.26
3487.50,2350.00,3536.33,394.06
3512.50,2350.00,3561.99,394.46
3525.00,2350.00,3573.84,393.67
3550.00,2350.00,3599.68,393.82
3562.50,2350.00,3610.93,393.55
3587.50,2350.00,3636.74,393.63
3600.00,2350.00,3649.75,393.57
3625.00,2350.00,3675.21,394.01
3637.50,2350.00,3687.11,394.14
3662.50,2350.00,3713.27,393.83
3675.00,2350.00,3724.87,394.01
3700.00,2350.00,3749.44,393.33
3712.50,2350.00,3762.59,393.92
3737.50,2350.00,3787.90,393.10
3750.00,2350.00,3800.18,393.35
3775.00,2350.00,3825.38,393.26
3787.50,2350.00,3837.84,392.74
2612.50,2362.50,2662.89,409.11
2625.00,2362.50,2674.41,409.51
2650.00,2362.50,2700.01,409.50
2662.50,2362.50,2711.32,409.56
2687.50,2362.50,2737.65,409.16
2700.00,2362.50,2750.08,409.17
2725.00,2362.50,2775.29,409.12
2737.50,2362.50,2787.11,409.21
2762.50,2362.50,2812.96,408.16
2775.00,2362.50,2824.47,408.84
2800.00,2362.50,2849.04,408.64
2812.50,2362.50,2860.62,408.31
2837.50,2362.50,2886.22,408.54
2850.00,2362.50,2898.34,408.48
2875.00,2362.50,2924.20,408.43
2887.50,2362.50,2936.57,408.15
2912.50,2362.50,2961.53,407.27
2925.00,2362.50,2974.36,407.97
2950.00,2362.50,2999.40,406.87
2975.00,2362.50,3022.70,408.43
2987.50,2362.50,3036.08,407.32
3000.00,2362.50,3049.39,406.52
3300.00,2362.50,3349.69,407.16
3325.00,2362.50,3375.76,407.15
3337.50,2362.50,3387.16,408.13
3362.50,2362.50,3412.73,408.31
3375.00,2362.50,3425.38,407.72
3400.00,2362.50,3450.55,408.52
3412.50,2362.50,3463.56,408.46
3437.50,2362.50,3488.33,408.17
3450.00,2362.50,3500.28,407.34
3512.50,2362.50,3561.46,406.29
3025.00,2375.00,3074.87,418.12
3037.50,2375.00,3086.02,418.18
3062.50,2375.00,3111.45,418.50
3087.50,2375.00,3135.89,417.95
3100.00,2375.00,3147.84,417.84
3112.50,2375.00,3160.55,418.34
3137.50,2375.00,3184.25,417.95
3150.00,2375.00,3197.48,418.21
3175.00,2375.00,3223.17,418.56
3187.50,2375.00,3235.32,418.52
3212.50,2375.00,3262.01,418.77
3225.00,2375.00,3273.82,419.70
3250.00,2375.00,3299.84,419.21
3262.50,2375.00,3311.48,419.56
3287.50,2375.00,3337.89,420.13
3475.00,2375.00,3524.91,418.50
3500.00,2375.00,3548.83,418.98
3525.00,2375.00,3575.41,418.38
3550.00,2375.00,3600.41,418.18
3562.50,2375.00,3611.75,417.94
3587.50,2375.00,3637.49,418.63
3600.00,2375.00,3650.46,418.31
3625.00,2375.00,3675.21,418.03
3637.50,2375.00,3687.45,419.01
3662.50,2375.00,3712.50,418.11
3675.00,2375.00,3725.45,417.93
3700.00,2375.00,3749.72,418.76
3712.50,2375.00,3761.70,417.98
3737.50,2375.00,3788.22,417.83
3750.00,2375.00,3800.60,418.13
3775.00,2375.00,3825.22,418.16
3787.50,2375.00,3838.30,418.05
2612.50,2387.50,2663.13,434.94
2625.00,2387.50,2675.12,435.36
2650.00,2387.50,2699.97,435.14
2662.50,2387.50,2712.25,435.45
2687.50,2387.50,2737.72,434.46
2700.00,2387.50,2749.79,435.47
2725.00,2387.50,2775.13,434.75
2737.50,2387.50,2788.23,434.94
2762.50,2387.50,2812.93,435.53
2775.00,2387.50,2825.18,434.64
2800.00,2387.50,2849.89,432.80
2812.50,2387.50,2861.68,434.06
2837.50,2387.50,2887.24,433.35
2850.00,2387.50,2899.56,433.04
2875.00,2387.50,2924.92,434.25
2887.50,2387.50,2936.14,433.33
2912.50,2387.50,2963.53,432.59
2925.00,2387.50,2976.58,433.08
2950.00,2387.50,3000.11,433.14
2962.50,2387.50,3010.90,432.28
2987.50,2387.50,3037.78,431.84
3000.00,2387.50,3048.09,430.47
3025.00,2387.50,3076.45,430.70
3037.50,2387.50,3086.32,430.74
3062.50,2387.50,3110.06,431.59
3075.00,2387.50,3122.45,431.52
3100.00,2387.50,3148.52,430.66
3112.50,2387.50,3160.15,431.09
3137.50,2387.50,3184.75,431.20
3150.00,2387.50,3197.86,431.87
3175.00,2387.50,3224.11,431.85
3187.50,2387.50,3236.79,431.63
3212.50,2387.50,3262.51,432.42
3225.00,2387.50,3273.84,433.23
3250.00,2387.50,3300.40,432.23
3262.50,2387.50,3313.25,432.42
3287.50,2387.50,3338.47,432.87
3300.00,2387.50,3351.49,432.33
3325.00,2387.50,3375.68,432.61
3337.50,2387.50,3387.49,434.16
3362.50,2387.50,3413.33,432.46
3375.00,2387.50,3425.78,432.36
3400.00,2387.50,3450.38,432.33
3412.50,2387.50,3463.84,432.11
3437.50,2387.50,3488.30,432.11
3450.00,2387.50,3500.90,432.10
3475.00,2387.50,3525.54,432.08
3487.50,2387.50,3538.57,431.79
3512.50,2387.50,3563.23,431.30
3525.00,2387.50,3574.51,431.35
3550.00,2387.50,3599.95,431.02
3562.50,2387.50,3613.40,431.36
3587.50,2387.50,3637.90,431.95
3600.00,2387.50,3649.13,431.72
3625.00,2387.50,3675.62,431.72
3637.50,2387.50,3687.00,431.32
3662.50,2387.50,3712.33,430.70
3675.00,2387.50,3724.85,430.59
3700.00,2387.50,3750.05,430.96
3712.50,2387.50,3761.38,431.44
3737.50,2387.50,3788.21,431.29
3750.00,2387.50,3801.68,430.54
2612.50,2400.00,2663.29,447.01
2625.00,2400.00,2676.29,447.71
2650.00,2400.00,2700.03,447.14
2662.50,2400.00,2712.00,447.30
2687.50,2400.00,2738.02,446.69
2700.00,2400.00,2751.20,447.12
2725.00,2400.00,2775.75,446.59
2737.50,2400.00,2787.78,446.98
2762.50,2400.00,2813.15,446.69
2775.00,2400.00,2823.39,446.24
2800.00,2400.00,2849.69,446.30
2812.50,2400.00,2861.96,447.15
2837.50,2400.00,2886.73,446.29
2850.00,2400.00,2899.76,446.10
2875.00,2400.00,2924.93,446.35
2887.50,2400.00,2936.53,446.68
3225.00,2400.00,3275.45,445.79
3250.00,2400.00,3299.75,445.91
3262.50,2400.00,3313.56,446.11
3287.50,2400.00,3338.63,445.90
3300.00,2400.00,3352.32,445.82
3325.00,2400.00,3375.96,445.83
3337.50,2400.00,3389.81,445.33
3375.00,2400.00,3424.87,445.33
3412.50,2400.00,3463.93,445.77
2912.50,2412.50,2962.12,458.74
2925.00,2412.50,2974.31,456.99
2950.00,2412.50,3000.08,456.20
2962.50,2412.50,3014.05,455.35
3062.50,2412.50,3112.38,454.18
3075.00,2412.50,3122.81,455.66
3100.00,2412.50,3147.25,455.95
3112.50,2412.50,3160.36,455.96
3137.50,2412.50,3185.90,456.16
3150.00,2412.50,3198.21,455.91
3175.00,2412.50,3224.28,455.95
3187.50,2412.50,3235.95,456.32
3212.50,2412.50,3262.63,456.76
3362.50,2412.50,3412.51,456.20
3400.00,2412.50,3450.62,456.04
3437.50,2412.50,3488.63,456.39
3450.00,2412.50,3500.43,456.10
3462.50,2412.50,3512.50,455.93
3487.50,2412.50,3537.53,455.85
3512.50,2412.50,3563.30,455.93
3525.00,2412.50,3574.72,455.50
3550.00,2412.50,3600.27,455.78
3562.50,2412.50,3612.39,455.86
3587.50,2412.50,3638.20,455.74
3600.00,2412.50,3650.72,455.82
3625.00,2412.50,3675.23,455.76
3637.50,2412.50,3687.38,455.69
3662.50,2412.50,3713.02,455.59
3675.00,2412.50,3726.00,455.83
3700.00,2412.50,3750.74,455.63
3712.50,2412.50,3763.31,455.69
3737.50,2412.50,3788.27,456.03
3750.00,2412.50,3801.28,456.02
2612.50,2425.00,2663.76,473.23
2625.00,2425.00,2676.30,473.38
2650.00,2425.00,2700.48,472.35
2662.50,2425.00,2713.09,472.39
2687.50,2425.00,2736.91,471.92
2700.00,2425.00,2750.75,471.22
2712.50,2425.00,2763.43,471.89
2737.50,2425.00,2787.91,471.66
2762.50,2425.00,2812.36,471.09
2775.00,2425.00,2824.87,471.50
2800.00,2425.00,2850.65,471.34
2812.50,2425.00,2862.76,470.67
2837.50,2425.00,2888.02,470.43
2850.00,2425.00,2900.26,470.10
2875.00,2425.00,2925.31,470.27
2887.50,2425.00,2938.11,470.22
2912.50,2425.00,2963.29,469.95
2925.00,2425.00,2975.54,470.50
2950.00,2425.00,3000.55,470.35
2962.50,2425.00,3013.37,469.38
3075.00,2425.00,3123.24,468.15
3100.00,2425.00,3147.43,469.06
3112.50,2425.00,3160.60,469.46
3137.50,2425.00,3185.94,468.37
3150.00,2425.00,3198.96,469.45
3175.00,2425.00,3224.06,469.82
3187.50,2425.00,3237.08,469.75
3212.50,2425.00,3262.86,469.66
3225.00,2425.00,3275.68,469.94
3250.00,2425.00,3300.97,470.04
3262.50,2425.00,3312.60,470.20
3287.50,2425.00,3338.46,469.78
3300.00,2425.00,3351.91,469.73
3337.50,2425.00,3388.97,469.83
3362.50,2425.00,3412.30,469.33
3375.00,2425.00,3424.27,469.33
3400.00,2425.00,3450.27,469.45
3412.50,2425.00,3463.36,469.30
3437.50,2425.00,3488.22,469.17
3450.00,2425.00,3500.86,469.14
3475.00,2425.00,3524.95,469.19
3487.50,2425.00,3537.89,469.42
3512.50,2425.00,3563.95,468.40
3525.00,2425.00,3574.92,468.21
3550.00,2425.00,3599.65,469.31
3562.50,2425.00,3612.50,468.47
3587.50,2425.00,3637.30,468.52
3600.00,2425.00,3650.56,468.70
3625.00,2425.00,3675.22,469.08
3637.50,2425.00,3686.51,468.49
3662.50,2425.00,3712.66,468.44
3675.00,2425.00,3725.79,468.06
3700.00,2425.00,3750.60,468.74
3712.50,2425.00,3763.44,468.56
2612.50,2437.50,2663.28,485.98
2625.00,2437.50,2676.63,485.26
2650.00,2437.50,2700.22,484.77
2662.50,2437.50,2713.08,484.29
2687.50,2437.50,2737.79,484.40
2700.00,2437.50,2749.59,484.72
2712.50,2437.50,2763.62,484.17
2737.50,2437.50,2787.73,483.93
2762.50,2437.50,2811.78,484.01
2775.00,2437.50,2825.81,483.76
2800.00,2437.50,2850.92,483.73
2812.50,2437.50,2864.69,483.66
2837.50,2437.50,2887.94,483.63
2875.00,2437.50,2925.60,483.66
2887.50,2437.50,2936.39,483.45
2950.00,2437.50,3000.72,483.68
3137.50,2437.50,3186.67,482.11
3212.50,2437.50,3262.48,482.96
3225.00,2437.50,3274.67,483.37
3262.50,2437.50,3312.06,483.46
3287.50,2437.50,3338.24,483.18
3300.00,2437.50,3351.73,483.15
3362.50,2437.50,3412.77,482.84
2850.00,2450.00,2900.26,495.28
2912.50,2450.00,2963.07,495.17
2925.00,2450.00,2975.60,495.33
2962.50,2450.00,3011.68,494.77
2987.50,2450.00,3037.42,493.81
3000.00,2450.00,3049.67,494.18
3025.00,2450.00,3074.04,493.98
3037.50,2450.00,3086.73,493.39
3062.50,2450.00,3111.61,494.24
3075.00,2450.00,3123.37,493.71
3100.00,2450.00,3149.63,493.40
3112.50,2450.00,3160.58,493.57
3150.00,2450.00,3199.09,494.04
3175.00,2450.00,3224.96,494.44
3187.50,2450.00,3237.34,493.82
3250.00,2450.00,3301.13,494.54
3325.00,2450.00,3376.23,494.87
3337.50,2450.00,3389.10,494.26
3375.00,2450.00,3426.41,493.69
3400.00,2450.00,3450.48,493.42
3412.50,2450.00,3462.74,493.34
3437.50,2450.00,3488.35,493.32
3450.00,2450.00,3500.99,493.40
3462.50,2450.00,3512.96,493.38
3487.50,2450.00,3537.51,494.01
3512.50,2450.00,3563.17,492.60
3525.00,2450.00,3575.91,493.06
3550.00,2450.00,3599.46,492.85
3562.50,2450.00,3612.11,492.73
3575.00,2450.00,3625.32,492.65
3600.00,2450.00,3649.68,492.39
3625.00,2450.00,3674.33,493.41
3637.50,2450.00,3687.63,493.11
3662.50,2450.00,3713.11,493.09
3675.00,2450.00,3724.84,493.14
3700.00,2450.00,3750.53,493.20
3712.50,2450.00,3762.96,493.17
3737.50,2450.00,3788.85,493.48
3750.00,2450.00,3801.30,493.58
3775.00,2450.00,3825.69,493.27
2600.00,2462.50,2650.99,510.11
2625.00,2462.50,2675.25,510.78
2650.00,2462.50,2700.22,510.57
2662.50,2462.50,2714.75,510.06
2687.50,2462.50,2738.00,509.03
2700.00,2462.50,2750.57,509.59
2712.50,2462.50,2764.29,508.38
2737.50,2462.50,2790.09,507.03
2762.50,2462.50,2812.21,507.67
2775.00,2462.50,2824.32,508.02
2800.00,2462.50,2850.59,507.81
2812.50,2462.50,2863.05,507.68
2837.50,2462.50,2887.85,508.02
2850.00,2462.50,2900.48,507.62
2875.00,2462.50,2925.33,507.34
2887.50,2462.50,2937.13,507.08
2912.50,2462.50,2962.95,507.36
2925.00,2462.50,2974.67,507.43
2950.00,2462.50,3000.07,507.38
2962.50,2462.50,3011.27,507.61
2987.50,2462.50,3037.86,506.89
3000.00,2462.50,3049.49,507.21
3025.00,2462.50,3074.63,506.66
3037.50,2462.50,3086.09,507.05
3062.50,2462.50,3112.40,506.42
3075.00,2462.50,3124.30,506.37
3100.00,2462.50,3149.56,507.05
3112.50,2462.50,3160.80,507.29
3137.50,2462.50,3186.73,506.93
3150.00,2462.50,3199.29,506.75
3175.00,2462.50,3225.00,507.14
3187.50,2462.50,3237.46,507.31
3212.50,2462.50,3262.51,507.54
3225.00,2462.50,3276.93,507.36
3250.00,2462.50,3301.26,507.49
3262.50,2462.50,3314.16,507.31
3287.50,2462.50,3338.35,507.37
3300.00,2462.50,3350.93,507.06
3325.00,2462.50,3375.79,507.45
3337.50,2462.50,3388.75,507.90
3362.50,2462.50,3413.27,507.24
3375.00,2462.50,3425.90,506.83
3400.00,2462.50,3450.19,506.86
3412.50,2462.50,3461.61,506.65
3437.50,2462.50,3488.24,505.76
3450.00,2462.50,3501.65,506.40
3475.00,2462.50,3525.74,506.57
3487.50,2462.50,3537.21,506.05
3512.50,2462.50,3563.37,505.13
3525.00,2462.50,3574.62,504.75
3550.00,2462.50,3600.46,506.13
3562.50,2462.50,3613.21,505.41
3587.50,2462.50,3638.02,504.99
3600.00,2462.50,3649.02,505.55
3625.00,2462.50,3674.75,505.97
3637.50,2462.50,3687.12,505.47
3662.50,2462.50,3713.11,505.87
3675.00,2462.50,3724.60,505.68
3700.00,2462.50,3750.87,505.98
3712.50,2462.50,3762.76,506.21
2612.50,2475.00,2663.47,521.49
2625.00,2475.00,2675.69,521.86
2650.00,2475.00,2701.06,521.95
2662.50,2475.00,2714.73,521.38
2687.50,2475.00,2738.43,521.67
2700.00,2475.00,2750.44,521.70
2775.00,2475.00,2823.83,521.08
2837.50,2475.00,2888.37,521.25
2850.00,2475.00,2901.51,520.85
3137.50,2475.00,3186.54,520.83
3225.00,2475.00,3276.00,520.07
3325.00,2475.00,3376.09,519.90
3337.50,2475.00,3388.83,519.79
3362.50,2475.00,3413.25,518.81
3587.50,2475.00,3638.14,517.11
2800.00,2487.50,2850.06,533.11
2812.50,2487.50,2862.83,531.84
2875.00,2487.50,2925.24,531.00
2887.50,2487.50,2936.87,532.29
2912.50,2487.50,2962.39,532.05
2925.00,2487.50,2974.87,531.91
2950.00,2487.50,3000.53,531.83
2962.50,2487.50,3011.64,532.18
2987.50,2487.50,3037.42,532.17
3000.00,2487.50,3049.42,531.38
3025.00,2487.50,3075.37,531.00
3037.50,2487.50,3086.17,530.91
3062.50,2487.50,3115.22,530.87
3075.00,2487.50,3126.24,530.88
3100.00,2487.50,3149.24,531.63
3112.50,2487.50,3161.00,531.02
3150.00,2487.50,3199.38,531.12
3175.00,2487.50,3225.52,531.42
3187.50,2487.50,3238.58,531.07
3212.50,2487.50,3263.17,531.58
3250.00,2487.50,3300.43,531.62
3262.50,2487.50,3313.05,532.01
3287.50,2487.50,3338.42,531.49
3300.00,2487.50,3351.06,531.73
3375.00,2487.50,3425.65,531.05
3400.00,2487.50,3450.95,531.15
3412.50,2487.50,3463.08,530.63
3437.50,2487.50,3487.42,531.35
3450.00,2487.50,3499.81,530.80
3475.00,2487.50,3525.82,530.28
3487.50,2487.50,3538.71,529.92
3512.50,2487.50,3563.19,529.79
3525.00,2487.50,3574.91,530.63
3550.00,2487.50,3600.58,530.38
3562.50,2487.50,3612.26,530.66
3600.00,2487.50,3650.13,530.64
3625.00,2487.50,3675.47,530.16
3637.50,2487.50,3687.82,530.37
3662.50,2487.50,3713.01,530.52
3675.00,2487.50,3725.70,530.13
3700.00,2487.50,3750.92,530.71
3712.50,2487.50,3763.73,530.60
3725.00,2487.50,3776.38,530.72
2612.50,2500.00,2662.71,546.91
2625.00,2500.00,2676.37,546.41
2650.00,2500.00,2701.17,545.95
2662.50,2500.00,2715.85,545.27
2675.00,2500.00,2727.50,544.89
2700.00,2500.00,2753.77,544.20
2737.50,2500.00,2787.50,545.09
2762.50,2500.00,2812.25,544.68
2775.00,2500.00,2823.53,544.82
2800.00,2500.00,2850.21,544.74
2812.50,2500.00,2862.14,544.83
2837.50,2500.00,2887.75,544.85
2850.00,2500.00,2898.32,544.78
2875.00,2500.00,2924.27,544.70
2887.50,2500.00,2935.47,545.00
2912.50,2500.00,2962.19,544.88
2925.00,2500.00,2974.01,544.57
2950.00,2500.00,2999.07,545.06
2962.50,2500.00,3011.24,544.42
2987.50,2500.00,3037.21,544.63
3000.00,2500.00,3049.16,545.02
3025.00,2500.00,3075.16,544.80
3037.50,2500.00,3086.40,544.21
3062.50,2500.00,3112.78,544.40
3075.00,2500.00,3125.33,544.36
3100.00,2500.00,3149.35,544.45
3112.50,2500.00,3161.23,544.39
3137.50,2500.00,3187.99,544.11
3150.00,2500.00,3199.72,543.43
3175.00,2500.00,3225.47,544.22
3187.50,2500.00,3237.80,544.64
3212.50,2500.00,3263.12,544.51
3225.00,2500.00,3276.00,544.48
3250.00,2500.00,3300.44,544.74
3262.50,2500.00,3314.49,544.55
3287.50,2500.00,3338.23,545.01
3300.00,2500.00,3351.34,544.52
3325.00,2500.00,3375.81,544.25
3337.50,2500.00,3387.46,544.04
3362.50,2500.00,3413.38,544.78
3375.00,2500.00,3426.36,544.70
3400.00,2500.00,3450.76,544.64
3412.50,2500.00,3463.64,544.14
3437.50,2500.00,3487.82,544.17
3450.00,2500.00,3499.36,543.58
3475.00,2500.00,3525.25,542.33
3487.50,2500.00,3537.87,541.32
3512.50,2500.00,3562.46,541.17
3525.00,2500.00,3576.12,542.56
3550.00,2500.00,3600.26,541.23
3562.50,2500.00,3611.91,542.68
3587.50,2500.00,3637.21,543.12
3600.00,2500.00,3648.80,542.82
3625.00,2500.00,3675.09,541.64
3637.50,2500.00,3686.50,542.96
3662.50,2500.00,3713.60,542.89
3675.00,2500.00,3726.29,543.29
3700.00,2500.00,3750.48,543.42
3712.50,2500.00,3763.76,542.40
3737.50,2500.00,3789.16,543.00
2612.50,2512.50,2663.65,558.81
2625.00,2512.50,2675.75,558.86
2662.50,2512.50,2713.47,558.92
2800.00,2512.50,2849.89,558.55
2837.50,2512.50,2887.62,556.15
3775.00,2512.50,3825.87,554.62
2725.00,2525.00,2775.91,568.96
2737.50,2525.00,2786.72,569.26
2762.50,2525.00,2811.81,569.14
2775.00,2525.00,2823.59,569.05
2812.50,2525.00,2862.57,568.48
2850.00,2525.00,2900.70,568.71
2875.00,2525.00,2922.89,568.67
2887.50,2525.00,2935.54,568.39
2912.50,2525.00,2960.48,568.45
2925.00,2525.00,2972.67,569.05
2950.00,2525.00,2998.93,568.57
2962.50,2525.00,3010.24,568.55
2987.50,2525.00,3035.48,568.33
3000.00,2525.00,3049.05,568.53
3025.00,2525.00,3074.00,568.31
3037.50,2525.00,3085.85,568.91
3062.50,2525.00,3112.18,568.34
3075.00,2525.00,3124.00,568.10
3100.00,2525.00,3147.91,568.67
3112.50,2525.00,3160.93,568.37
3137.50,2525.00,3187.82,569.07
3150.00,2525.00,3199.76,568.35
3175.00,2525.00,3225.22,568.64
3187.50,2525.00,3237.44,568.13
3212.50,2525.00,3263.19,568.64
3225.00,2525.00,3276.10,568.84
3250.00,2525.00,3300.35,568.66
3262.50,2525.00,3313.96,568.30
3287.50,2525.00,3337.46,568.32
3300.00,2525.00,3349.83,568.75
3325.00,2525.00,3375.89,568.64
3337.50,2525.00,3388.30,568.34
3362.50,2525.00,3413.14,568.38
3375.00,2525.00,3425.53,568.53
3400.00,2525.00,3450.25,568.84
3412.50,2525.00,3462.22,567.66
3437.50,2525.00,3488.02,568.26
3450.00,2525.00,3501.67,568.74
3475.00,2525.00,3527.05,567.99
3487.50,2525.00,3539.61,567.14
3512.50,2525.00,3559.58,567.68
3525.00,2525.00,3577.55,567.06
3550.00,2525.00,3599.97,566.45
3562.50,2525.00,3613.12,566.79
3587.50,2525.00,3636.86,566.69
3600.00,2525.00,3648.68,566.53
3625.00,2525.00,3673.93,566.38
3637.50,2525.00,3686.93,566.39
3662.50,2525.00,3711.23,567.73
3675.00,2525.00,3725.09,567.26
3700.00,2525.00,3750.65,568.15
3712.50,2525.00,3763.79,568.37
3737.50,2525.00,3788.65,567.95
3750.00,2525.00,3801.46,567.80
2600.00,2537.50,2652.47,579.93
2662.50,2537.50,2715.25,580.05
2725.00,2537.50,2774.90,582.08
2737.50,2537.50,2786.93,581.74
2762.50,2537.50,2812.79,582.09
2775.00,2537.50,2825.23,582.27
2800.00,2537.50,2850.28,582.00
2812.50,2537.50,2861.65,582.33
2837.50,2537.50,2886.94,581.27
2850.00,2537.50,2899.24,581.48
2875.00,2537.50,2922.98,580.40
2887.50,2537.50,2935.40,581.88
2912.50,2537.50,2961.61,581.24
2925.00,2537.50,2974.10,581.13
2950.00,2537.50,2997.65,581.87
2962.50,2537.50,3009.18,580.91
2987.50,2537.50,3036.53,580.95
3000.00,2537.50,3048.15,582.04
3025.00,2537.50,3073.70,581.97
3037.50,2537.50,3086.15,579.81
3062.50,2537.50,3111.71,581.10
3075.00,2537.50,3123.63,581.57
3100.00,2537.50,3148.86,582.11
3112.50,2537.50,3161.24,581.82
3137.50,2537.50,3187.56,582.00
3150.00,2537.50,3200.62,581.86
3175.00,2537.50,3225.10,581.97
3187.50,2537.50,3237.59,581.97
3212.50,2537.50,3263.22,582.14
3225.00,2537.50,3275.59,581.65
3250.00,2537.50,3300.24,581.67
3262.50,2537.50,3313.58,581.45
3287.50,2537.50,3337.64,581.41
3300.00,2537.50,3349.24,581.58
3325.00,2537.50,3375.67,580.71
3337.50,2537.50,3387.56,581.56
3362.50,2537.50,3413.04,581.60
3375.00,2537.50,3425.68,581.37
3400.00,2537.50,3449.72,581.45
3412.50,2537.50,3462.43,581.71
3437.50,2537.50,3487.68,580.00
3450.00,2537.50,3500.80,580.55
3475.00,2537.50,3526.84,579.99
3487.50,2537.50,3538.00,580.41
3512.50,2537.50,3562.50,582.28
3525.00,2537.50,3574.90,579.19
3562.50,2537.50,3611.89,577.96
3587.50,2537.50,3636.36,578.53
3600.00,2537.50,3648.67,578.34
3625.00,2537.50,3673.29,578.63
3637.50,2537.50,3686.69,578.84
3662.50,2537.50,3710.81,579.47
3675.00,2537.50,3724.37,579.35
3700.00,2537.50,3749.98,580.69
3712.50,2537.50,3763.37,580.98
3737.50,2537.50,3788.88,580.60
3550.00,2550.00,3599.99,591.25
2725.00,2562.50,2773.75,604.86
2737.50,2562.50,2785.87,605.77
2762.50,2562.50,2811.91,606.34
2775.00,2562.50,2823.40,606.23
2800.00,2562.50,2848.81,606.36
2812.50,2562.50,2861.68,606.56
2837.50,2562.50,2886.95,605.84
2850.00,2562.50,2898.35,606.14
2875.00,2562.50,2923.01,605.84
2887.50,2562.50,2935.32,605.76
2912.50,2562.50,2960.00,605.77
2925.00,2562.50,2973.12,605.60
2950.00,2562.50,3000.02,604.99
2962.50,2562.50,3010.52,605.62
2987.50,2562.50,3035.61,606.02
3000.00,2562.50,3048.30,605.83
3025.00,2562.50,3075.03,605.82
3037.50,2562.50,3087.11,605.72
3062.50,2562.50,3112.00,605.80
3075.00,2562.50,3123.95,605.79
3100.00,2562.50,3149.76,605.80
3112.50,2562.50,3161.27,605.76
3137.50,2562.50,3187.87,605.95
3150.00,2562.50,3198.39,605.81
3175.00,2562.50,3225.03,606.08
3187.50,2562.50,3237.15,606.06
3212.50,2562.50,3262.93,605.93
3225.00,2562.50,3275.19,606.52
3250.00,2562.50,3300.54,605.66
3262.50,2562.50,3312.65,605.63
3287.50,2562.50,3338.07,605.68
3300.00,2562.50,3350.39,605.79
3325.00,2562.50,3375.55,605.53
3337.50,2562.50,3387.06,605.75
3362.50,2562.50,3412.96,605.59
3375.00,2562.50,3425.36,605.23
3400.00,2562.50,3450.68,605.58
3412.50,2562.50,3462.64,605.71
3437.50,2562.50,3486.63,605.38
3450.00,2562.50,3499.44,605.73
3475.00,2562.50,3525.24,605.36
3487.50,2562.50,3536.77,605.58
3512.50,2562.50,3562.88,605.28
3525.00,2562.50,3575.24,605.69
3550.00,2562.50,3600.12,604.59
3562.50,2562.50,3611.73,604.83
3587.50,2562.50,3637.05,604.54
3600.00,2562.50,3648.53,603.77
3625.00,2562.50,3674.57,604.30
3637.50,2562.50,3686.62,603.84
3662.50,2562.50,3713.09,605.46
3675.00,2562.50,3725.31,605.25
3687.50,2562.50,3738.25,605.28
2700.00,2575.00,2754.53,621.02
2725.00,2575.00,2773.61,619.33
2737.50,2575.00,2785.86,619.20
2762.50,2575.00,2810.72,619.47
2775.00,2575.00,2823.00,619.28
2800.00,2575.00,2848.55,618.63
2812.50,2575.00,2860.50,619.48
2837.50,2575.00,2886.01,618.37
2850.00,2575.00,2898.48,618.11
2875.00,2575.00,2923.34,617.30
2887.50,2575.00,2935.35,617.71
2912.50,2575.00,2960.53,617.94
2925.00,2575.00,2973.01,619.09
2950.00,2575.00,2997.86,618.72
2962.50,2575.00,3011.06,617.88
2987.50,2575.00,3036.83,617.62
3000.00,2575.00,3048.21,619.28
3025.00,2575.00,3073.09,618.70
3037.50,2575.00,3086.16,619.03
3062.50,2575.00,3110.53,619.50
3075.00,2575.00,3123.87,618.95
3100.00,2575.00,3149.34,618.24
3112.50,2575.00,3161.51,618.54
3137.50,2575.00,3186.50,618.96
3150.00,2575.00,3198.99,618.55
3175.00,2575.00,3225.53,618.52
3187.50,2575.00,3238.38,619.19
3212.50,2575.00,3262.73,619.56
3225.00,2575.00,3274.97,619.15
3250.00,2575.00,3300.19,618.89
3262.50,2575.00,3312.29,618.38
3287.50,2575.00,3337.72,618.77
3300.00,2575.00,3349.24,618.07
3325.00,2575.00,3375.70,617.53
3337.50,2575.00,3387.03,617.60
3362.50,2575.00,3412.72,617.93
3375.00,2575.00,3425.05,616.76
3400.00,2575.00,3449.29,618.18
3412.50,2575.00,3461.80,619.54
3437.50,2575.00,3487.30,618.43
3450.00,2575.00,3499.68,617.61
3475.00,2575.00,3525.23,617.14
3487.50,2575.00,3537.63,617.42
3512.50,2575.00,3563.10,617.66
3525.00,2575.00,3575.27,617.18
3550.00,2575.00,3600.40,616.86
3562.50,2575.00,3612.12,615.92
3587.50,2575.00,3636.84,616.56
3600.00,2575.00,3648.70,615.94
3625.00,2575.00,3675.12,616.96
3637.50,2575.00,3687.78,616.40
3662.50,2575.00,3712.86,618.26
2650.00,2587.50,2698.17,634.02
2662.50,2587.50,2711.05,634.00
4087.50,1987.50,4135.94,31.59
3812.50,2000.00,3862.29,44.28
3825.00,2000.00,3872.91,43.32
3850.00,2000.00,3899.27,42.61
3862.50,2000.00,3912.60,41.77
3887.50,2000.00,3938.42,41.33
3900.00,2000.00,3947.89,42.37
3925.00,2000.00,3973.25,42.04
3937.50,2000.00,3985.94,42.02
3962.50,2000.00,4010.85,42.94
3975.00,2000.00,4022.95,43.30
4000.00,2000.00,4049.16,43.13
4012.50,2000.00,4062.11,43.30
4037.50,2000.00,4086.77,43.65
4050.00,2000.00,4099.15,42.99
4075.00,2000.00,4124.78,42.85
4112.50,2000.00,4162.68,42.85
4125.00,2000.00,4174.59,42.18
4150.00,2000.00,4198.54,42.50
4200.00,2000.00,4249.31,42.10
4225.00,2000.00,4273.81,41.79
4312.50,2000.00,4361.59,42.07
3812.50,2012.50,3860.27,56.04
3825.00,2012.50,3873.23,56.14
3850.00,2012.50,3897.42,55.93
3862.50,2012.50,3910.95,52.88
3887.50,2012.50,3937.65,55.82
3925.00,2012.50,3972.61,56.04
3937.50,2012.50,3985.62,55.96
3975.00,2012.50,4023.05,56.23
4000.00,2012.50,4049.44,56.02
4012.50,2012.50,4061.00,56.51
4037.50,2012.50,4086.43,56.27
4050.00,2012.50,4099.33,56.05
4075.00,2012.50,4124.93,56.07
4112.50,2012.50,4161.51,55.90
4125.00,2012.50,4173.70,56.18
4150.00,2012.50,4198.46,55.67
4162.50,2012.50,4211.21,56.09
4187.50,2012.50,4236.55,55.99
4200.00,2012.50,4249.57,55.75
4262.50,2012.50,4311.32,55.73
3812.50,2025.00,3860.26,67.17
4075.00,2025.00,4125.02,68.29
4112.50,2025.00,4160.94,68.55
3900.00,2037.50,3947.40,79.73
3937.50,2037.50,3985.30,79.89
3962.50,2037.50,4010.09,79.64
3975.00,2037.50,4023.06,79.94
4000.00,2037.50,4049.64,80.40
4012.50,2037.50,4061.45,80.36
4037.50,2037.50,4087.13,80.54
4050.00,2037.50,4098.46,81.22
4087.50,2037.50,4136.24,80.92
4125.00,2037.50,4174.66,80.31
4150.00,2037.50,4199.88,80.78
4162.50,2037.50,4212.26,81.14
3975.00,2050.00,4023.53,93.15
4000.00,2050.00,4048.94,93.54
4012.50,2050.00,4060.80,93.75
4037.50,2050.00,4087.06,94.21
4050.00,2050.00,4099.02,94.19
4075.00,2050.00,4123.93,93.69
4087.50,2050.00,4136.32,93.72
4112.50,2050.00,4162.25,93.42
4125.00,2050.00,4173.71,93.76
4000.00,2062.50,4049.35,105.45
4012.50,2062.50,4061.90,105.88
4075.00,2062.50,4124.09,106.88
3937.50,2075.00,3985.09,117.91
3962.50,2075.00,4011.95,118.46
3975.00,2075.00,4024.00,117.70
4037.50,2075.00,4087.38,118.39
4087.50,2075.00,4136.82,118.28
3825.00,2087.50,3872.21,130.15
3900.00,2087.50,3947.78,130.07
3925.00,2087.50,3972.98,130.00
3937.50,2087.50,3985.37,131.04
3962.50,2087.50,4011.77,131.23
3975.00,2087.50,4024.39,131.45
4000.00,2087.50,4050.56,131.49
4012.50,2087.50,4061.32,131.49
3812.50,2100.00,3859.92,143.32
3887.50,2100.00,3935.36,143.89
3900.00,2100.00,3948.09,143.44
3962.50,2100.00,4012.60,144.17
3975.00,2100.00,4025.69,143.77
3825.00,2112.50,3874.81,155.88
3850.00,2112.50,3900.47,155.37
3862.50,2112.50,3913.76,155.80
3925.00,2112.50,3974.91,155.95
3937.50,2112.50,3987.65,155.68
3812.50,2125.00,3863.07,169.48
3825.00,2125.00,3875.50,169.62
3850.00,2125.00,3900.70,169.52
3887.50,2125.00,3938.45,169.39
3900.00,2125.00,3950.72,169.33
3937.50,2125.00,3987.36,168.99
3962.50,2125.00,4012.80,169.22
3800.00,2300.00,3851.54,343.55
3862.50,2300.00,3913.39,343.72
3812.50,2312.50,3863.31,356.41
3825.00,2312.50,3876.11,356.31
3812.50,2337.50,3863.37,380.34
3825.00,2337.50,3874.30,380.48
3850.00,2337.50,3900.23,380.59
3862.50,2337.50,3912.90,380.42
3887.50,2337.50,3938.12,380.56
3925.00,2337.50,3975.64,380.83
3812.50,2350.00,3863.43,393.65
3825.00,2350.00,3874.95,393.33
3850.00,2350.00,3899.70,393.96
3862.50,2350.00,3912.33,393.76
3812.50,2375.00,3863.24,418.08
3825.00,2375.00,3876.21,418.14
3925.00,2375.00,3975.54,418.16
3837.50,2462.50,3889.59,503.92
3862.50,2487.50,3913.48,529.51
3887.50,2487.50,3937.80,530.03
3900.00,2487.50,3951.14,529.78
3862.50,2500.00,3914.51,540.70
3887.50,2500.00,3938.36,541.23
3900.00,2500.00,3951.35,541.71
2562.50,3475.00,2611.63,1515.46
1450.00,3600.00,1500.02,1644.11
2687.50,2600.00,2735.59,643.67
2875.00,2600.00,2922.81,643.36
3062.50,2600.00,3111.88,643.15
3287.50,2600.00,3338.07,641.30
3587.50,2600.00,3638.32,643.18
3625.00,2600.00,3676.81,643.36
2600.00,2612.50,2649.43,657.34
2612.50,2612.50,2660.94,657.54
2637.50,2612.50,2685.96,656.65
2650.00,2612.50,2698.33,655.72
2675.00,2612.50,2723.43,655.16
2687.50,2612.50,2736.55,655.05
2712.50,2612.50,2761.31,654.76
2725.00,2612.50,2772.69,655.38
2750.00,2612.50,2798.13,654.22
2762.50,2612.50,2810.61,654.48
2787.50,2612.50,2836.46,655.62
2800.00,2612.50,2849.23,654.93
2825.00,2612.50,2874.29,655.96
2837.50,2612.50,2885.97,655.38
2862.50,2612.50,2909.72,654.75
2875.00,2612.50,2922.62,654.43
2900.00,2612.50,2949.78,655.17
2912.50,2612.50,2960.82,654.45
2937.50,2612.50,2985.70,655.64
2950.00,2612.50,2998.57,654.88
2975.00,2612.50,3023.90,655.59
2987.50,2612.50,3037.27,655.70
3012.50,2612.50,3062.40,656.01
3025.00,2612.50,3073.67,656.41
3050.00,2612.50,3099.68,656.56
3062.50,2612.50,3113.09,656.44
3087.50,2612.50,3137.88,654.96
3100.00,2612.50,3148.51,655.26
3125.00,2612.50,3175.23,656.66
3137.50,2612.50,3187.63,656.43
3162.50,2612.50,3213.02,656.09
3175.00,2612.50,3225.65,657.84
3200.00,2612.50,3251.01,657.13
3212.50,2612.50,3263.37,656.47
3237.50,2612.50,3288.23,656.41
3250.00,2612.50,3301.03,656.79
3275.00,2612.50,3325.64,655.80
3287.50,2612.50,3338.17,655.83
3312.50,2612.50,3363.33,655.18
3325.00,2612.50,3376.03,655.18
3350.00,2612.50,3400.52,654.87
3362.50,2612.50,3414.34,655.99
3387.50,2612.50,3439.70,654.43
3400.00,2612.50,3451.20,655.82
3425.00,2612.50,3475.33,653.86
3437.50,2612.50,3488.20,654.64
3462.50,2612.50,3513.30,656.01
3475.00,2612.50,3526.70,654.97
3500.00,2612.50,3550.45,656.17
3512.50,2612.50,3563.89,656.57
3537.50,2612.50,3587.87,655.60
3550.00,2612.50,3601.34,655.27
3575.00,2612.50,3625.70,656.17
3587.50,2612.50,3638.54,655.48
3612.50,2612.50,3662.97,655.01
3625.00,2612.50,3676.67,655.25
3650.00,2612.50,3700.75,655.60
2637.50,2625.00,2686.04,668.09
2650.00,2625.00,2697.85,668.23
2687.50,2625.00,2734.97,669.29
2712.50,2625.00,2759.90,667.66
2725.00,2625.00,2772.89,667.88
2750.00,2625.00,2797.67,668.10
2762.50,2625.00,2810.29,668.12
2787.50,2625.00,2837.06,668.08
2800.00,2625.00,2848.04,667.77
2825.00,2625.00,2874.27,667.68
2837.50,2625.00,2885.25,667.30
2862.50,2625.00,2910.47,667.92
2875.00,2625.00,2923.01,667.98
2900.00,2625.00,2948.94,668.24
2912.50,2625.00,2961.29,668.21
2937.50,2625.00,2985.62,668.13
2950.00,2625.00,2999.28,667.84
2975.00,2625.00,3024.62,668.09
2987.50,2625.00,3035.74,669.23
3012.50,2625.00,3062.86,667.99
3025.00,2625.00,3075.11,667.92
3050.00,2625.00,3100.21,668.76
3062.50,2625.00,3112.38,667.95
3087.50,2625.00,3137.35,668.11
3100.00,2625.00,3149.71,668.26
3137.50,2625.00,3188.50,667.80
3162.50,2625.00,3213.17,668.28
3175.00,2625.00,3224.33,668.90
3200.00,2625.00,3250.58,668.55
3212.50,2625.00,3263.55,668.46
3237.50,2625.00,3288.43,668.22
3250.00,2625.00,3301.80,668.05
3275.00,2625.00,3325.68,667.64
3287.50,2625.00,3337.65,668.09
3312.50,2625.00,3363.03,668.01
3325.00,2625.00,3376.17,667.99
3350.00,2625.00,3401.22,667.71
3362.50,2625.00,3415.34,667.61
3387.50,2625.00,3437.26,667.69
3400.00,2625.00,3448.65,668.08
3425.00,2625.00,3475.01,668.05
3437.50,2625.00,3489.00,667.42
3462.50,2625.00,3513.21,667.62
3475.00,2625.00,3526.54,667.64
3500.00,2625.00,3551.01,667.81
3512.50,2625.00,3564.71,668.10
3537.50,2625.00,3588.68,668.48
3550.00,2625.00,3601.50,667.76
3575.00,2625.00,3626.56,667.94
3587.50,2625.00,3639.39,668.13
3625.00,2625.00,3676.83,667.88
2600.00,2637.50,2647.93,680.40
2612.50,2637.50,2660.62,680.29
3125.00,2637.50,3175.04,680.80
2637.50,2650.00,2686.01,692.84
2675.00,2650.00,2723.52,691.32
2687.50,2650.00,2735.45,691.95
2712.50,2650.00,2760.34,691.78
2725.00,2650.00,2772.72,692.36
2750.00,2650.00,2798.23,691.99
2762.50,2650.00,2810.02,691.67
2787.50,2650.00,2835.70,692.67
2800.00,2650.00,2847.59,691.58
2825.00,2650.00,2874.39,692.27
2837.50,2650.00,2885.83,693.18
2862.50,2650.00,2909.93,692.28
2875.00,2650.00,2923.85,692.75
2900.00,2650.00,2948.21,692.65
2912.50,2650.00,2960.02,693.49
2937.50,2650.00,2987.15,692.72
2950.00,2650.00,2999.57,693.53
2975.00,2650.00,3024.40,694.41
2987.50,2650.00,3036.64,692.72
3012.50,2650.00,3062.61,693.31
3025.00,2650.00,3074.56,693.34
3050.00,2650.00,3099.56,694.35
3062.50,2650.00,3112.72,694.27
3087.50,2650.00,3137.65,694.74
3100.00,2650.00,3150.81,694.14
3125.00,2650.00,3175.18,694.22
3137.50,2650.00,3188.96,694.83
3150.00,2650.00,3202.15,694.29
3175.00,2650.00,3225.15,695.21
3200.00,2650.00,3251.39,694.72
3212.50,2650.00,3264.64,693.35
3237.50,2650.00,3287.96,694.76
3250.00,2650.00,3301.85,692.74
3275.00,2650.00,3325.53,693.00
3287.50,2650.00,3338.40,694.33
3312.50,2650.00,3363.43,693.12
3325.00,2650.00,3376.34,693.51
3350.00,2650.00,3397.96,693.69
3362.50,2650.00,3413.10,692.26
3387.50,2650.00,3438.37,691.38
3400.00,2650.00,3450.59,691.67
3425.00,2650.00,3475.25,692.50
3437.50,2650.00,3488.17,692.54
3462.50,2650.00,3512.91,692.23
3475.00,2650.00,3526.41,692.11
3500.00,2650.00,3550.53,692.25
3512.50,2650.00,3564.03,691.94
3537.50,2650.00,3588.86,692.82
3550.00,2650.00,3601.32,691.68
3575.00,2650.00,3626.74,691.75
3587.50,2650.00,3638.90,691.81
3600.00,2650.00,3651.21,692.38
3625.00,2650.00,3677.06,692.47
3637.50,2650.00,3689.69,691.86
2725.00,2662.50,2773.32,704.97
2762.50,2662.50,2811.08,704.95
2800.00,2662.50,2847.95,704.13
2825.00,2662.50,2873.58,705.13
2837.50,2662.50,2885.37,704.69
2862.50,2662.50,2911.05,705.52
2875.00,2662.50,2923.74,704.40
2900.00,2662.50,2949.08,706.01
2912.50,2662.50,2960.31,706.20
2937.50,2662.50,2987.28,705.55
2950.00,2662.50,3000.39,705.60
2975.00,2662.50,3025.32,705.53
2987.50,2662.50,3035.94,705.70
3012.50,2662.50,3063.04,705.51
3025.00,2662.50,3076.74,705.57
3050.00,2662.50,3100.36,705.98
3062.50,2662.50,3112.68,705.36
3087.50,2662.50,3136.93,705.73
3100.00,2662.50,3150.49,705.72
3125.00,2662.50,3175.86,706.61
3137.50,2662.50,3187.84,707.24
3150.00,2662.50,3201.00,707.26
3175.00,2662.50,3226.71,705.68
3212.50,2662.50,3264.25,706.26
3237.50,2662.50,3288.73,706.02
3250.00,2662.50,3301.29,705.76
3275.00,2662.50,3325.52,706.05
3287.50,2662.50,3338.45,705.74
3312.50,2662.50,3362.69,705.98
3325.00,2662.50,3376.94,706.27
3350.00,2662.50,3398.94,705.45
3362.50,2662.50,3412.54,706.25
3375.00,2662.50,3426.30,704.31
3400.00,2662.50,3450.52,705.67
3425.00,2662.50,3475.15,705.48
3437.50,2662.50,3488.43,705.21
3462.50,2662.50,3513.12,704.88
3475.00,2662.50,3526.71,704.83
3500.00,2662.50,3550.25,705.15
3512.50,2662.50,3563.77,705.13
3575.00,2662.50,3625.67,704.84
3587.50,2662.50,3637.91,705.05
3612.50,2662.50,3663.30,703.69
3625.00,2662.50,3675.96,704.42
3650.00,2662.50,3701.11,705.74
2675.00,2675.00,2722.79,717.05
2712.50,2675.00,2760.52,718.40
2750.00,2675.00,2797.73,717.10
3200.00,2675.00,3250.55,717.96
3537.50,2675.00,3587.97,716.90
3550.00,2675.00,3600.96,716.09
2637.50,2687.50,2685.97,729.47
2650.00,2687.50,2698.77,729.75
2675.00,2687.50,2722.84,729.66
2687.50,2687.50,2735.39,729.41
2712.50,2687.50,2761.31,729.95
2725.00,2687.50,2773.16,729.62
2750.00,2687.50,2797.60,729.39
2762.50,2687.50,2810.81,729.24
2787.50,2687.50,2834.90,729.39
2800.00,2687.50,2847.64,729.12
2825.00,2687.50,2873.41,729.64
2837.50,2687.50,2884.56,730.44
2862.50,2687.50,2910.86,729.56
2875.00,2687.50,2922.95,729.67
2900.00,2687.50,2949.46,730.75
2912.50,2687.50,2961.66,730.47
2937.50,2687.50,2987.30,729.80
2950.00,2687.50,2999.73,730.78
2975.00,2687.50,3025.09,730.02
2987.50,2687.50,3036.46,730.72
3012.50,2687.50,3062.99,730.23
3025.00,2687.50,3075.16,730.25
3050.00,2687.50,3099.82,729.68
3062.50,2687.50,3113.98,729.15
3087.50,2687.50,3136.53,729.57
3100.00,2687.50,3150.67,729.96
3125.00,2687.50,3173.14,730.87
3137.50,2687.50,3188.03,731.61
3162.50,2687.50,3212.70,730.04
3175.00,2687.50,3225.31,729.03
3200.00,2687.50,3250.57,730.62
3212.50,2687.50,3263.71,729.21
3237.50,2687.50,3288.16,729.49
3250.00,2687.50,3299.28,731.41
3275.00,2687.50,3325.18,729.35
3287.50,2687.50,3337.67,729.71
3312.50,2687.50,3362.81,729.27
3325.00,2687.50,3375.64,730.09
3350.00,2687.50,3400.21,729.80
3362.50,2687.50,3414.15,729.22
3387.50,2687.50,3438.06,729.59
3400.00,2687.50,3450.25,729.18
3425.00,2687.50,3473.55,729.14
3437.50,2687.50,3488.79,729.75
3462.50,2687.50,3511.90,729.58
3475.00,2687.50,3525.48,729.31
3500.00,2687.50,3549.73,730.54
3512.50,2687.50,3562.91,729.55
3537.50,2687.50,3587.97,729.04
3550.00,2687.50,3601.22,728.87
3575.00,2687.50,3625.45,728.69
3587.50,2687.50,3638.22,728.90
3612.50,2687.50,3662.85,728.67
3625.00,2687.50,3674.81,728.60
3650.00,2687.50,3700.74,728.78
3662.50,2687.50,3714.14,729.69
3675.00,2687.50,3727.44,728.87
2650.00,2700.00,2697.89,742.70
2750.00,2700.00,2797.50,742.93
2762.50,2700.00,2810.45,742.51
2800.00,2700.00,2847.49,742.52
2825.00,2700.00,2874.48,743.40
2837.50,2700.00,2885.23,742.89
2862.50,2700.00,2911.12,743.02
2875.00,2700.00,2923.08,742.86
2912.50,2700.00,2961.88,743.02
2937.50,2700.00,2987.15,743.08
2950.00,2700.00,2999.13,742.82
2987.50,2700.00,3037.39,743.56
3012.50,2700.00,3062.61,742.86
3025.00,2700.00,3075.14,743.03
3050.00,2700.00,3100.06,742.37
3062.50,2700.00,3112.83,742.39
3087.50,2700.00,3137.21,742.92
3100.00,2700.00,3149.23,742.92
3125.00,2700.00,3174.42,744.05
3137.50,2700.00,3187.55,743.34
3175.00,2700.00,3225.77,743.62
3200.00,2700.00,3250.25,743.00
3212.50,2700.00,3262.56,742.50
3237.50,2700.00,3288.10,742.78
3250.00,2700.00,3299.86,742.30
3275.00,2700.00,3325.21,742.72
3287.50,2700.00,3337.29,742.62
3312.50,2700.00,3362.48,741.91
3325.00,2700.00,3375.51,741.99
3350.00,2700.00,3400.64,742.70
3387.50,2700.00,3437.62,742.11
3400.00,2700.00,3448.79,742.11
3437.50,2700.00,3487.06,742.09
3462.50,2700.00,3512.77,742.52
3475.00,2700.00,3526.02,742.19
3500.00,2700.00,3548.78,741.76
3537.50,2700.00,3586.84,741.97
3550.00,2700.00,3600.19,742.21
3575.00,2700.00,3625.20,741.59
3587.50,2700.00,3637.64,741.41
3687.50,2700.00,3738.55,742.74
2712.50,2712.50,2760.66,753.96
2900.00,2712.50,2949.01,754.51
2975.00,2712.50,3024.87,755.41
3162.50,2712.50,3213.80,754.58
3362.50,2712.50,3413.71,753.77
3425.00,2712.50,3474.80,753.26
3512.50,2712.50,3563.48,754.50
3612.50,2712.50,3662.83,752.79
3625.00,2712.50,3675.62,752.56
3650.00,2712.50,3700.39,752.91
3662.50,2712.50,3713.06,754.24
2725.00,2725.00,2773.08,766.67
2750.00,2725.00,2797.94,767.52
2762.50,2725.00,2810.37,766.42
2787.50,2725.00,2835.49,767.16
2825.00,2725.00,2873.41,766.74
2837.50,2725.00,2886.03,766.46
2862.50,2725.00,2911.50,766.21
2875.00,2725.00,2923.48,766.83
2900.00,2725.00,2948.76,766.59
2912.50,2725.00,2961.06,766.57
2937.50,2725.00,2985.62,767.06
2950.00,2725.00,2999.16,767.22
2975.00,2725.00,3024.27,766.82
2987.50,2725.00,3035.46,766.77
3012.50,2725.00,3061.31,766.38
3025.00,2725.00,3073.81,767.28
3050.00,2725.00,3099.83,766.99
3062.50,2725.00,3112.57,766.81
3087.50,2725.00,3137.97,767.32
3100.00,2725.00,3148.56,767.14
3125.00,2725.00,3176.32,766.82
3137.50,2725.00,3187.34,767.19
3162.50,2725.00,3212.56,767.73
3175.00,2725.00,3224.72,768.79
3200.00,2725.00,3250.65,767.21
3212.50,2725.00,3262.42,767.29
3237.50,2725.00,3288.72,766.88
3250.00,2725.00,3301.73,767.70
3275.00,2725.00,3325.54,766.54
3287.50,2725.00,3337.04,766.72
3312.50,2725.00,3362.67,766.58
3325.00,2725.00,3374.75,766.93
3350.00,2725.00,3400.43,766.95
3362.50,2725.00,3414.31,766.49
3375.00,2725.00,3424.71,766.22
3400.00,2725.00,3448.53,766.18
3425.00,2725.00,3475.23,765.70
3437.50,2725.00,3487.01,765.28
3462.50,2725.00,3512.04,766.15
3475.00,2725.00,3525.06,765.80
3500.00,2725.00,3550.29,767.36
3512.50,2725.00,3561.83,766.27
3537.50,2725.00,3587.73,766.09
3550.00,2725.00,3600.84,766.31
3575.00,2725.00,3625.60,766.17
3587.50,2725.00,3638.44,765.61
3612.50,2725.00,3662.73,765.78
3625.00,2725.00,3675.65,766.56
3650.00,2725.00,3700.70,766.52
3662.50,2725.00,3712.92,767.01
3687.50,2725.00,3738.47,766.16
3700.00,2725.00,3750.83,766.08
3725.00,2725.00,3775.55,766.32
3737.50,2725.00,3788.45,767.01
3762.50,2725.00,3813.92,766.50
2712.50,2737.50,2760.30,779.87
2725.00,2737.50,2773.02,780.26
2750.00,2737.50,2798.90,780.07
2762.50,2737.50,2810.25,780.24
2787.50,2737.50,2835.47,779.95
2800.00,2737.50,2847.84,780.20
2825.00,2737.50,2875.09,780.32
2900.00,2737.50,2947.87,779.76
2912.50,2737.50,2960.20,779.54
2937.50,2737.50,2985.68,778.61
2950.00,2737.50,2999.27,779.73
2975.00,2737.50,3023.94,779.70
2987.50,2737.50,3036.00,779.54
3012.50,2737.50,3062.08,780.18
3025.00,2737.50,3075.21,780.22
3050.00,2737.50,3100.15,780.09
3062.50,2737.50,3112.86,780.28
3087.50,2737.50,3137.65,780.37
3100.00,2737.50,3149.62,780.77
3162.50,2737.50,3212.66,779.99
3175.00,2737.50,3224.47,781.25
3200.00,2737.50,3250.33,779.87
3237.50,2737.50,3288.18,779.96
3250.00,2737.50,3299.93,780.00
3262.50,2737.50,3315.29,780.13
3350.00,2737.50,3400.16,780.37
3362.50,2737.50,3412.08,779.71
3687.50,2737.50,3737.72,778.51
3737.50,2737.50,3788.46,778.44
2837.50,2750.00,2888.00,789.16
2862.50,2750.00,2911.48,790.32
2875.00,2750.00,2925.38,789.55
3125.00,2750.00,3175.17,791.79
3137.50,2750.00,3186.60,792.73
3212.50,2750.00,3262.95,791.74
3287.50,2750.00,3335.87,790.44
3312.50,2750.00,3361.56,790.34
3325.00,2750.00,3374.26,789.65
3387.50,2750.00,3436.89,790.55
3400.00,2750.00,3449.19,789.98
3425.00,2750.00,3475.26,790.55
3437.50,2750.00,3487.05,789.08
3462.50,2750.00,3511.92,789.95
3475.00,2750.00,3524.65,790.76
3500.00,2750.00,3550.42,789.80
3512.50,2750.00,3562.82,790.23
3537.50,2750.00,3586.75,791.43
3550.00,2750.00,3599.44,790.02
3575.00,2750.00,3625.14,789.39
3587.50,2750.00,3636.13,789.70
3612.50,2750.00,3661.74,790.07
3625.00,2750.00,3673.98,790.35
3650.00,2750.00,3700.61,789.58
3662.50,2750.00,3711.75,789.55
3700.00,2750.00,3750.67,788.86
3725.00,2750.00,3775.40,790.04
3762.50,2750.00,3812.80,790.17
3775.00,2750.00,3826.37,790.55
2675.00,2762.50,2723.31,803.95
2687.50,2762.50,2735.79,804.14
2712.50,2762.50,2761.87,803.60
2725.00,2762.50,2773.29,803.81
2750.00,2762.50,2799.23,804.40
2762.50,2762.50,2810.51,804.33
2787.50,2762.50,2835.36,803.50
2825.00,2762.50,2872.86,804.49
2837.50,2762.50,2887.65,801.86
2862.50,2762.50,2910.94,802.90
2875.00,2762.50,2923.22,803.36
2900.00,2762.50,2947.83,803.42
2912.50,2762.50,2960.13,803.61
2937.50,2762.50,2986.14,803.61
2950.00,2762.50,2997.94,803.71
2975.00,2762.50,3021.88,803.55
2987.50,2762.50,3035.55,803.52
3012.50,2762.50,3061.93,803.89
3025.00,2762.50,3074.17,804.04
3050.00,2762.50,3100.29,804.40
3062.50,2762.50,3112.19,804.52
3087.50,2762.50,3136.03,805.00
3100.00,2762.50,3149.64,804.68
3125.00,2762.50,3175.22,804.92
3137.50,2762.50,3188.25,804.12
3162.50,2762.50,3212.77,804.37
3175.00,2762.50,3225.84,804.64
3200.00,2762.50,3250.86,803.88
3212.50,2762.50,3263.91,803.92
3237.50,2762.50,3287.86,803.72
3250.00,2762.50,3300.41,803.69
3275.00,2762.50,3325.64,803.80
3287.50,2762.50,3337.58,804.27
3312.50,2762.50,3362.39,803.57
3325.00,2762.50,3373.70,803.44
3350.00,2762.50,3399.47,803.72
3362.50,2762.50,3413.31,803.22
3387.50,2762.50,3437.61,803.52
3400.00,2762.50,3449.36,803.02
3425.00,2762.50,3476.06,803.10
3437.50,2762.50,3487.42,803.24
3462.50,2762.50,3512.01,802.13
3475.00,2762.50,3523.37,803.37
3500.00,2762.50,3549.45,803.66
3512.50,2762.50,3561.76,803.29
3537.50,2762.50,3587.43,802.92
3550.00,2762.50,3599.60,802.92
3575.00,2762.50,3625.29,802.84
3587.50,2762.50,3635.75,802.60
3612.50,2762.50,3662.13,803.33
3625.00,2762.50,3673.69,802.89
3650.00,2762.50,3699.48,802.86
3662.50,2762.50,3712.17,803.30
3687.50,2762.50,3737.41,802.46
3700.00,2762.50,3750.34,802.47
3725.00,2762.50,3775.51,803.46
3737.50,2762.50,3788.46,803.12
3762.50,2762.50,3812.21,802.14
3775.00,2762.50,3826.32,802.85
2612.50,2775.00,2661.06,818.06
2650.00,2775.00,2698.58,816.73
2825.00,2775.00,2874.07,815.30
2837.50,2775.00,2885.87,816.89
2862.50,2775.00,2910.15,816.13
2875.00,2775.00,2923.71,817.07
2900.00,2775.00,2947.82,816.98
2912.50,2775.00,2959.98,816.50
2950.00,2775.00,2998.14,817.21
2975.00,2775.00,3023.18,816.94
2987.50,2775.00,3036.23,817.45
3000.00,2775.00,3050.32,817.81
3062.50,2775.00,3110.69,817.57
3087.50,2775.00,3137.28,817.60
3100.00,2775.00,3149.86,817.93
3125.00,2775.00,3175.15,817.76
3137.50,2775.00,3187.43,817.85
3162.50,2775.00,3213.09,817.74
3175.00,2775.00,3224.44,816.94
3200.00,2775.00,3250.65,816.77
3212.50,2775.00,3262.76,815.89
3237.50,2775.00,3287.35,816.40
3287.50,2775.00,3340.18,818.99
3312.50,2775.00,3360.06,816.23
3325.00,2775.00,3374.16,816.69
3350.00,2775.00,3399.99,815.28
3387.50,2775.00,3436.54,815.20
3400.00,2775.00,3448.80,814.19
3425.00,2775.00,3474.71,814.88
3475.00,2775.00,3523.31,817.12
2712.50,2787.50,2760.76,829.63
2725.00,2787.50,2773.28,829.45
2750.00,2787.50,2799.61,828.44
2762.50,2787.50,2811.03,829.62
2787.50,2787.50,2836.55,829.08
2937.50,2787.50,2986.29,829.41
3025.00,2787.50,3074.77,828.31
3050.00,2787.50,3098.39,828.22
3250.00,2787.50,3300.31,828.74
3262.50,2787.50,3316.86,828.60
3362.50,2787.50,3413.41,826.98
3450.00,2787.50,3498.11,827.10
3462.50,2787.50,3511.63,826.51
3500.00,2787.50,3549.43,826.89
3512.50,2787.50,3561.61,827.07
3537.50,2787.50,3587.36,827.19
3550.00,2787.50,3597.76,826.46
3575.00,2787.50,3624.79,827.26
3587.50,2787.50,3636.12,827.17
3612.50,2787.50,3661.88,827.35
3625.00,2787.50,3673.31,827.61
3650.00,2787.50,3699.77,827.23
3662.50,2787.50,3710.80,827.41
3687.50,2787.50,3736.74,827.37
3700.00,2787.50,3749.29,827.94
3725.00,2787.50,3774.99,827.24
3737.50,2787.50,3786.74,827.17
3762.50,2787.50,3812.72,827.36
3775.00,2787.50,3825.81,826.98
2725.00,2800.00,2773.26,841.34
2762.50,2800.00,2810.53,840.64
2787.50,2800.00,2835.66,841.19
2800.00,2800.00,2847.42,841.55
2825.00,2800.00,2872.36,841.32
2837.50,2800.00,2885.66,841.48
2875.00,2800.00,2923.32,841.30
2900.00,2800.00,2948.76,841.46
2912.50,2800.00,2960.90,840.66
2937.50,2800.00,2985.69,841.32
2950.00,2800.00,2997.77,841.14
2975.00,2800.00,3024.50,841.53
2987.50,2800.00,3035.70,841.73
3012.50,2800.00,3062.06,841.59
3025.00,2800.00,3074.79,841.37
3050.00,2800.00,3099.62,841.74
3062.50,2800.00,3111.54,841.68
3087.50,2800.00,3137.04,841.84
3100.00,2800.00,3149.79,841.38
3125.00,2800.00,3175.65,842.02
3137.50,2800.00,3186.87,841.53
3162.50,2800.00,3212.59,841.15
3175.00,2800.00,3225.40,842.00
3200.00,2800.00,3250.22,841.48
3212.50,2800.00,3262.79,841.32
3237.50,2800.00,3288.79,841.48
3250.00,2800.00,3301.06,842.05
3262.50,2800.00,3313.76,841.63
3325.00,2800.00,3374.94,841.41
3350.00,2800.00,3398.73,839.35
3362.50,2800.00,3411.57,840.22
3387.50,2800.00,3436.47,838.63
3400.00,2800.00,3448.07,839.27
3425.00,2800.00,3473.05,838.72
3437.50,2800.00,3485.82,839.78
3462.50,2800.00,3512.05,839.02
3475.00,2800.00,3523.61,838.55
3500.00,2800.00,3550.28,839.73
3512.50,2800.00,3563.30,839.41
3537.50,2800.00,3587.27,839.02
3550.00,2800.00,3599.88,839.50
3575.00,2800.00,3625.48,840.50
3587.50,2800.00,3637.04,839.95
3612.50,2800.00,3662.09,838.11
3625.00,2800.00,3673.95,839.18
3650.00,2800.00,3699.14,838.48
3662.50,2800.00,3711.11,839.73
3687.50,2800.00,3736.85,840.42
3700.00,2800.00,3749.95,840.42
3725.00,2800.00,3774.74,839.70
3737.50,2800.00,3785.90,839.04
3762.50,2800.00,3812.49,839.24
3775.00,2800.00,3824.57,839.30
2762.50,2812.50,2810.45,853.83
2837.50,2812.50,2885.71,853.78
2862.50,2812.50,2911.28,853.25
2987.50,2812.50,3036.65,854.41
3012.50,2812.50,3061.88,854.90
3025.00,2812.50,3074.84,855.10
3050.00,2812.50,3099.35,855.14
3062.50,2812.50,3112.62,854.38
3087.50,2812.50,3137.01,855.68
3100.00,2812.50,3148.77,854.48
3162.50,2812.50,3212.81,854.84
3200.00,2812.50,3249.59,855.75
3212.50,2812.50,3263.50,855.13
3237.50,2812.50,3288.01,854.48
3287.50,2812.50,3339.08,854.62
3350.00,2812.50,3398.95,855.01
3362.50,2812.50,3412.08,852.68
3387.50,2812.50,3437.02,851.98
2912.50,2825.00,2961.15,863.93
2950.00,2825.00,2997.77,865.13
2975.00,2825.00,3024.17,865.94
3125.00,2825.00,3173.99,866.66
3137.50,2825.00,3187.19,866.80
3175.00,2825.00,3225.59,866.86
3250.00,2825.00,3302.70,865.82
3400.00,2825.00,3449.20,864.74
3425.00,2825.00,3474.86,864.70
3437.50,2825.00,3486.55,864.58
3462.50,2825.00,3512.54,864.77
3475.00,2825.00,3524.63,865.14
3500.00,2825.00,3549.80,864.56
3512.50,2825.00,3562.28,864.21
3537.50,2825.00,3586.92,864.20
3550.00,2825.00,3600.44,864.35
3575.00,2825.00,3625.47,864.70
3587.50,2825.00,3638.54,864.61
3612.50,2825.00,3662.11,864.26
3625.00,2825.00,3675.03,864.48
3650.00,2825.00,3699.13,863.44
3662.50,2825.00,3711.24,863.75
3687.50,2825.00,3736.66,864.29
3700.00,2825.00,3748.84,864.35
3725.00,2825.00,3775.04,864.74
3737.50,2825.00,3787.01,864.06
3762.50,2825.00,3812.34,865.36
3775.00,2825.00,3824.78,863.88
2687.50,2837.50,2735.79,878.79
2762.50,2837.50,2810.50,878.59
2787.50,2837.50,2835.75,878.55
2800.00,2837.50,2847.62,878.47
2837.50,2837.50,2885.10,879.00
2862.50,2837.50,2910.09,879.31
2875.00,2837.50,2923.30,878.51
2900.00,2837.50,2947.91,877.93
2912.50,2837.50,2961.27,878.62
2937.50,2837.50,2985.02,877.57
2950.00,2837.50,2998.03,878.34
2975.00,2837.50,3023.90,878.33
2987.50,2837.50,3035.39,878.83
3012.50,2837.50,3062.15,878.74
3025.00,2837.50,3074.04,878.29
3050.00,2837.50,3100.01,879.04
3062.50,2837.50,3112.46,879.21
3087.50,2837.50,3137.33,878.78
3100.00,2837.50,3149.25,879.25
3125.00,2837.50,3174.52,878.47
3137.50,2837.50,3185.93,878.82
3162.50,2837.50,3213.15,878.70
3175.00,2837.50,3224.46,878.93
3200.00,2837.50,3249.71,879.03
3212.50,2837.50,3263.65,879.34
3237.50,2837.50,3287.98,879.00
3250.00,2837.50,3301.85,879.37
3262.50,2837.50,3315.24,879.27
3350.00,2837.50,3399.98,877.68
3362.50,2837.50,3412.38,878.11
3387.50,2837.50,3436.59,878.23
3400.00,2837.50,3449.07,877.84
3425.00,2837.50,3475.32,877.84
3437.50,2837.50,3487.24,877.00
3462.50,2837.50,3511.68,876.91
3475.00,2837.50,3523.66,877.87
3500.00,2837.50,3548.70,875.68
3512.50,2837.50,3562.31,877.35
3537.50,2837.50,3586.00,877.24
3550.00,2837.50,3599.75,877.46
3575.00,2837.50,3624.94,877.98
3587.50,2837.50,3637.31,879.17
3612.50,2837.50,3661.35,876.87
3625.00,2837.50,3673.74,876.17
3650.00,2837.50,3699.99,876.85
3662.50,2837.50,3711.36,877.32
3687.50,2837.50,3737.69,876.18
3700.00,2837.50,3749.54,877.13
3725.00,2837.50,3775.18,877.81
3737.50,2837.50,3788.20,876.46
3762.50,2837.50,3812.36,877.26
3775.00,2837.50,3824.85,876.86
2837.50,2850.00,2885.80,891.58
2975.00,2850.00,3023.63,890.59
2987.50,2850.00,3035.28,891.37
3087.50,2850.00,3137.32,892.78
3162.50,2850.00,3212.17,891.47
3212.50,2850.00,3262.78,892.92
3237.50,2850.00,3288.18,892.51
3350.00,2850.00,3399.73,891.36
3500.00,2850.00,3549.72,889.99
2950.00,2862.50,2997.56,902.27
3012.50,2862.50,3060.12,902.23
3025.00,2862.50,3073.65,902.46
3050.00,2862.50,3100.36,902.32
3062.50,2862.50,3112.18,902.67
3100.00,2862.50,3150.82,903.48
3125.00,2862.50,3173.61,903.43
3137.50,2862.50,3187.03,902.40
3175.00,2862.50,3224.93,904.14
3200.00,2862.50,3249.92,903.17
3250.00,2862.50,3302.49,901.64
3362.50,2862.50,3411.97,902.26
3387.50,2862.50,3437.58,901.55
3400.00,2862.50,3448.06,901.70
3425.00,2862.50,3474.31,901.64
3437.50,2862.50,3485.93,901.97
3462.50,2862.50,3512.29,901.21
3475.00,2862.50,3523.69,901.05
3512.50,2862.50,3560.70,902.10
3537.50,2862.50,3586.01,901.86
3550.00,2862.50,3600.41,901.50
3575.00,2862.50,3624.72,901.65
3587.50,2862.50,3637.45,902.01
3612.50,2862.50,3662.91,901.42
3625.00,2862.50,3675.03,901.46
3650.00,2862.50,3699.50,902.39
3662.50,2862.50,3713.21,902.41
3687.50,2862.50,3738.27,902.22
3700.00,2862.50,3751.01,902.18
3725.00,2862.50,3775.78,902.46
3737.50,2862.50,3788.36,901.30
3762.50,2862.50,3813.44,902.44
3775.00,2862.50,3826.12,902.16
2950.00,2875.00,2997.58,915.15
3000.00,2875.00,3046.88,915.82
3012.50,2875.00,3061.80,916.21
3025.00,2875.00,3073.88,915.61
3050.00,2875.00,3097.75,916.26
3062.50,2875.00,3111.53,915.62
3087.50,2875.00,3136.80,916.17
3100.00,2875.00,3149.82,915.41
3125.00,2875.00,3174.01,916.09
3137.50,2875.00,3186.16,916.08
3162.50,2875.00,3212.85,916.53
3175.00,2875.00,3225.16,915.96
3200.00,2875.00,3250.45,915.95
3212.50,2875.00,3263.62,915.86
3237.50,2875.00,3286.14,914.37
3250.00,2875.00,3303.41,915.56
3300.00,2875.00,3352.14,916.36
3325.00,2875.00,3376.73,915.50
3362.50,2875.00,3411.27,915.15
3387.50,2875.00,3434.48,913.13
3400.00,2875.00,3447.97,913.04
3425.00,2875.00,3473.59,913.62
3437.50,2875.00,3485.66,913.77
3462.50,2875.00,3511.36,913.41
3475.00,2875.00,3523.81,913.88
3500.00,2875.00,3547.92,914.32
3512.50,2875.00,3562.04,913.27
3537.50,2875.00,3587.44,914.19
3550.00,2875.00,3598.63,913.04
3575.00,2875.00,3624.53,914.35
3587.50,2875.00,3636.90,914.45
3612.50,2875.00,3663.08,914.70
3625.00,2875.00,3674.09,915.22
3650.00,2875.00,3700.61,915.37
3662.50,2875.00,3714.08,915.00
3687.50,2875.00,3738.23,915.92
3700.00,2875.00,3751.53,916.04
3712.50,2875.00,3764.17,915.84
3737.50,2875.00,3788.63,914.55
3750.00,2875.00,3801.50,915.28
3775.00,2875.00,3826.65,915.99
3787.50,2875.00,3839.11,915.74
3062.50,2887.50,3110.54,928.70
3087.50,2887.50,3135.50,927.11
3200.00,2887.50,3250.74,928.59
3212.50,2887.50,3264.79,928.96
3700.00,2887.50,3751.00,927.44
3712.50,2887.50,3763.82,927.99
2962.50,2900.00,3010.47,939.25
2987.50,2900.00,3035.27,939.47
3012.50,2900.00,3061.57,938.51
3025.00,2900.00,3073.08,939.47
3050.00,2900.00,3097.15,939.90
3100.00,2900.00,3148.19,939.98
3125.00,2900.00,3173.56,939.36
3137.50,2900.00,3187.06,939.42
3150.00,2900.00,3201.73,939.43
3175.00,2900.00,3223.86,940.48
3225.00,2900.00,3278.38,940.06
3287.50,2900.00,3336.06,939.52
3312.50,2900.00,3361.09,938.82
3362.50,2900.00,3409.77,936.81
3387.50,2900.00,3434.82,939.19
3400.00,2900.00,3448.68,938.40
3425.00,2900.00,3472.26,939.16
3437.50,2900.00,3485.09,938.28
3462.50,2900.00,3511.44,938.87
3475.00,2900.00,3523.96,939.76
3500.00,2900.00,3549.27,938.93
3512.50,2900.00,3560.70,939.06
3537.50,2900.00,3587.41,939.43
3550.00,2900.00,3598.67,938.48
3575.00,2900.00,3624.16,938.74
3587.50,2900.00,3635.86,939.29
3612.50,2900.00,3662.47,939.50
3625.00,2900.00,3675.12,939.82
3650.00,2900.00,3700.69,939.56
3662.50,2900.00,3712.69,939.61
3687.50,2900.00,3738.28,940.12
3737.50,2900.00,3788.81,939.64
3762.50,2900.00,3813.31,939.44
3775.00,2900.00,3826.34,939.05
3787.50,2900.00,3839.78,939.46
2937.50,2912.50,2985.60,951.44
2975.00,2912.50,3022.44,951.90
2987.50,2912.50,3036.01,952.60
3012.50,2912.50,3062.00,951.72
3025.00,2912.50,3072.01,952.68
3062.50,2912.50,3110.74,951.45
3087.50,2912.50,3134.69,953.07
3100.00,2912.50,3148.19,953.28
3125.00,2912.50,3172.02,953.14
3137.50,2912.50,3185.98,952.85
3162.50,2912.50,3211.85,952.87
3175.00,2912.50,3222.95,953.37
3200.00,2912.50,3249.39,953.69
3212.50,2912.50,3261.54,953.46
3237.50,2912.50,3286.15,954.70
3275.00,2912.50,3323.56,952.74
3287.50,2912.50,3335.71,952.22
3312.50,2912.50,3361.34,955.83
3387.50,2912.50,3435.44,951.09
3400.00,2912.50,3447.50,951.25
3425.00,2912.50,3473.15,949.64
3437.50,2912.50,3485.76,950.33
3462.50,2912.50,3511.07,950.85
3475.00,2912.50,3522.97,950.47
3500.00,2912.50,3549.27,949.85
3512.50,2912.50,3560.85,949.73
3537.50,2912.50,3586.83,950.42
3550.00,2912.50,3600.07,949.85
3575.00,2912.50,3624.12,950.72
3587.50,2912.50,3636.35,950.62
3612.50,2912.50,3661.81,951.68
3625.00,2912.50,3675.98,953.68
3650.00,2912.50,3700.13,952.43
3662.50,2912.50,3713.32,952.98
3687.50,2912.50,3738.35,953.10
3700.00,2912.50,3750.74,953.43
3725.00,2912.50,3775.67,953.03
3737.50,2912.50,3789.19,952.53
3762.50,2912.50,3813.12,952.73
3775.00,2912.50,3826.63,952.58
3125.00,2925.00,3171.28,965.44
3137.50,2925.00,3185.27,964.83
3325.00,2925.00,3375.22,968.91
3350.00,2925.00,3398.62,961.40
2937.50,2937.50,2986.38,977.32
3100.00,2937.50,3147.82,976.56
3162.50,2937.50,3210.41,976.78
3175.00,2937.50,3223.51,976.85
3200.00,2937.50,3248.79,977.06
3212.50,2937.50,3260.91,977.17
3237.50,2937.50,3285.82,976.55
3250.00,2937.50,3297.96,975.88
3275.00,2937.50,3322.48,976.48
3287.50,2937.50,3335.59,975.97
3312.50,2937.50,3359.98,976.44
3350.00,2937.50,3398.31,975.87
3362.50,2937.50,3410.74,975.59
3387.50,2937.50,3434.15,974.68
3400.00,2937.50,3447.28,974.68
3425.00,2937.50,3472.25,975.67
3450.00,2937.50,3497.45,975.11
3462.50,2937.50,3511.94,975.80
3475.00,2937.50,3522.91,975.51
3500.00,2937.50,3549.65,974.95
3512.50,2937.50,3560.50,975.33
3537.50,2937.50,3585.64,975.28
3550.00,2937.50,3598.12,975.75
3575.00,2937.50,3623.89,974.68
3587.50,2937.50,3635.97,976.27
3612.50,2937.50,3663.31,975.82
3625.00,2937.50,3674.40,975.98
3650.00,2937.50,3700.73,976.85
3662.50,2937.50,3714.38,976.88
3687.50,2937.50,3737.87,976.36
3700.00,2937.50,3750.66,976.77
3725.00,2937.50,3775.81,976.91
3737.50,2937.50,3788.34,976.56
3750.00,2937.50,3802.01,976.62
3775.00,2937.50,3826.44,975.89
3787.50,2937.50,3838.52,975.87
2950.00,2950.00,2998.21,989.21
3012.50,2950.00,3062.04,988.74
3025.00,2950.00,3077.87,988.88
3062.50,2950.00,3114.89,989.49
3162.50,2950.00,3210.27,988.41
3175.00,2950.00,3222.69,988.47
3200.00,2950.00,3247.33,988.65
3212.50,2950.00,3260.18,987.52
3237.50,2950.00,3284.88,987.37
3250.00,2950.00,3298.06,987.54
3275.00,2950.00,3322.60,987.62
3287.50,2950.00,3335.11,987.04
3312.50,2950.00,3359.42,987.20
3362.50,2950.00,3410.26,986.67
3387.50,2950.00,3435.96,987.24
3400.00,2950.00,3449.59,986.88
3425.00,2950.00,3472.58,987.52
3437.50,2950.00,3485.25,987.20
3462.50,2950.00,3510.31,987.92
3475.00,2950.00,3522.97,986.94
3500.00,2950.00,3548.65,987.22
3512.50,2950.00,3561.29,986.89
3537.50,2950.00,3584.33,987.11
3550.00,2950.00,3598.05,986.99
3575.00,2950.00,3623.69,988.04
3587.50,2950.00,3636.31,987.99
3612.50,2950.00,3662.58,988.58
3625.00,2950.00,3675.22,987.47
3650.00,2950.00,3699.94,988.10
3662.50,2950.00,3713.99,988.94
3675.00,2950.00,3725.32,989.30
3700.00,2950.00,3751.41,987.98
3725.00,2950.00,3774.76,989.81
3737.50,2950.00,3787.48,989.29
3762.50,2950.00,3814.01,990.59
3775.00,2950.00,3825.70,990.74
3787.50,2950.00,3839.59,989.13
2975.00,2975.00,3024.18,1012.74
2987.50,2975.00,3038.35,1013.77
3000.00,2975.00,3052.17,1015.36
3025.00,2975.00,3073.06,1013.99
3312.50,2975.00,3360.15,1011.76
3337.50,2975.00,3384.70,1011.75
3362.50,2975.00,3410.39,1012.11
3387.50,2975.00,3434.72,1012.21
3400.00,2975.00,3447.70,1011.19
3425.00,2975.00,3472.62,1011.74
3437.50,2975.00,3484.82,1012.53
3462.50,2975.00,3510.49,1012.07
3475.00,2975.00,3522.61,1012.26
3500.00,2975.00,3547.50,1011.43
3512.50,2975.00,3561.17,1012.70
3537.50,2975.00,3585.80,1011.10
3550.00,2975.00,3598.07,1012.44
3575.00,2975.00,3623.37,1012.78
3587.50,2975.00,3636.40,1012.81
3612.50,2975.00,3660.61,1013.24
3625.00,2975.00,3673.84,1013.83
3650.00,2975.00,3699.91,1014.03
3662.50,2975.00,3712.02,1013.86
3687.50,2975.00,3737.53,1012.98
3700.00,2975.00,3750.69,1012.25
3062.50,2987.50,3111.37,1025.54
3100.00,2987.50,3152.44,1025.63
3312.50,2987.50,3359.45,1024.82
3362.50,2987.50,3409.79,1024.35
3437.50,2987.50,3484.42,1023.97
3537.50,2987.50,3584.45,1024.13
3562.50,2987.50,3610.10,1025.07
3575.00,2987.50,3623.09,1023.90
3587.50,2987.50,3635.64,1024.23
3612.50,2987.50,3660.06,1024.93
3625.00,2987.50,3673.44,1024.88
3650.00,2987.50,3699.67,1024.09
3662.50,2987.50,3711.80,1024.34
3675.00,2987.50,3724.33,1024.18
3475.00,3000.00,3521.97,1036.30
3500.00,3000.00,3547.49,1036.64
3512.50,3000.00,3560.62,1035.75
3762.50,3000.00,3809.64,1035.23
3775.00,3000.00,3823.09,1035.91
3062.50,3012.50,3113.42,1049.06
3500.00,3012.50,3547.73,1048.50
3512.50,3012.50,3561.47,1049.36
3537.50,3012.50,3584.52,1049.61
3550.00,3012.50,3597.54,1048.58
3575.00,3012.50,3623.27,1048.71
3587.50,3012.50,3635.57,1048.35
3612.50,3012.50,3660.19,1050.95
3625.00,3012.50,3674.70,1050.51
3650.00,3012.50,3697.76,1049.18
3662.50,3012.50,3711.79,1049.59
3687.50,3012.50,3735.76,1048.97
3700.00,3012.50,3750.52,1048.97
3725.00,3012.50,3775.29,1047.81
3750.00,3012.50,3797.73,1048.06
3762.50,3012.50,3810.97,1047.73
3775.00,3012.50,3822.95,1047.41
3387.50,3025.00,3434.74,1061.39
3400.00,3025.00,3447.60,1061.14
3475.00,3025.00,3523.32,1061.05
3512.50,3025.00,3560.00,1061.51
3575.00,3025.00,3622.49,1060.87
3587.50,3025.00,3635.86,1061.55
3650.00,3025.00,3698.14,1061.96
3687.50,3025.00,3735.91,1061.82
3700.00,3025.00,3748.44,1061.73
3725.00,3025.00,3774.10,1061.21
3737.50,3025.00,3785.97,1061.42
3762.50,3025.00,3810.91,1061.14
3775.00,3025.00,3823.46,1061.12
3550.00,3037.50,3597.61,1074.51
3612.50,3037.50,3661.43,1072.75
3625.00,3037.50,3673.16,1073.97
3662.50,3037.50,3711.07,1074.14
3512.50,3050.00,3559.72,1085.75
3550.00,3050.00,3597.52,1085.32
3575.00,3050.00,3621.88,1085.85
3612.50,3050.00,3660.87,1085.50
3625.00,3050.00,3672.95,1085.64
3650.00,3050.00,3697.03,1085.98
3662.50,3050.00,3710.27,1085.62
3687.50,3050.00,3734.75,1085.89
3700.00,3050.00,3748.10,1085.57
3725.00,3050.00,3772.79,1085.90
3737.50,3050.00,3786.67,1085.89
3762.50,3050.00,3809.63,1084.74
3775.00,3050.00,3822.13,1085.66
3362.50,3062.50,3410.55,1098.67
3400.00,3062.50,3447.78,1099.04
3575.00,3062.50,3622.34,1098.42
3587.50,3062.50,3634.24,1098.17
3612.50,3062.50,3659.36,1099.43
3625.00,3062.50,3672.81,1099.14
3650.00,3062.50,3696.99,1098.11
3662.50,3062.50,3710.79,1098.89
3687.50,3062.50,3734.68,1098.16
3700.00,3062.50,3748.12,1098.39
3762.50,3062.50,3810.57,1099.28
3475.00,3075.00,3522.02,1110.88
3725.00,3075.00,3772.45,1111.61
3737.50,3075.00,3785.93,1111.66
3387.50,3087.50,3434.55,1124.79
3625.00,3087.50,3672.74,1122.55
3662.50,3087.50,3710.33,1122.48
3687.50,3087.50,3736.17,1122.24
3700.00,3087.50,3747.70,1122.74
3725.00,3087.50,3772.85,1122.56
3737.50,3087.50,3786.85,1122.70
3762.50,3087.50,3812.01,1122.56
3775.00,3087.50,3824.26,1123.02
3400.00,3100.00,3449.18,1135.32
3725.00,3100.00,3772.92,1135.81
3687.50,3112.50,3735.91,1147.48
3700.00,3112.50,3747.81,1148.10
3737.50,3112.50,3785.59,1148.19
3762.50,3112.50,3812.35,1148.34
3775.00,3112.50,3824.12,1147.49
3387.50,3125.00,3434.84,1161.27
3400.00,3125.00,3447.75,1160.61
3662.50,3125.00,3709.72,1159.97
3687.50,3125.00,3736.11,1160.12
3700.00,3125.00,3748.09,1160.39
3725.00,3125.00,3773.03,1160.34
3737.50,3125.00,3786.59,1161.59
3762.50,3125.00,3810.96,1161.00
3775.00,3125.00,3823.71,1160.86
3362.50,3137.50,3410.53,1173.82
3387.50,3137.50,3435.49,1173.98
3425.00,3137.50,3472.94,1173.43
3587.50,3137.50,3636.17,1172.36
3662.50,3137.50,3710.55,1172.72
3687.50,3137.50,3735.29,1172.80
3762.50,3137.50,3810.83,1173.88
3775.00,3137.50,3823.63,1172.93
3337.50,3150.00,3384.72,1186.29
3400.00,3150.00,3447.80,1185.66
3437.50,3150.00,3485.39,1185.29
3650.00,3150.00,3697.65,1185.19
3700.00,3150.00,3747.80,1184.63
3725.00,3150.00,3774.39,1185.15
3737.50,3150.00,3786.35,1184.62
3312.50,3162.50,3360.81,1198.51
3362.50,3162.50,3410.44,1198.55
3387.50,3162.50,3436.70,1199.12
3425.00,3162.50,3473.83,1198.35
3475.00,3162.50,3522.72,1198.05
3500.00,3162.50,3547.44,1197.69
3512.50,3162.50,3560.34,1198.25
3550.00,3162.50,3597.84,1197.53
3575.00,3162.50,3623.35,1197.44
3587.50,3162.50,3635.01,1197.34
3612.50,3162.50,3659.17,1197.74
3625.00,3162.50,3672.46,1197.26
3650.00,3162.50,3698.48,1197.78
3662.50,3162.50,3710.72,1197.91
3687.50,3162.50,3735.22,1197.85
3700.00,3162.50,3748.54,1198.00
3725.00,3162.50,3774.74,1197.53
3737.50,3162.50,3785.19,1198.08
3762.50,3162.50,3812.44,1198.05
3775.00,3162.50,3822.98,1198.36
3312.50,3175.00,3360.45,1211.65
3325.00,3175.00,3372.98,1211.58
3350.00,3175.00,3398.82,1211.03
3362.50,3175.00,3410.38,1211.06
3387.50,3175.00,3436.96,1211.15
3400.00,3175.00,3449.84,1211.45
3425.00,3175.00,3474.41,1210.98
3437.50,3175.00,3485.77,1210.67
3475.00,3175.00,3522.68,1210.16
3500.00,3175.00,3547.58,1211.05
3512.50,3175.00,3561.56,1212.83
3537.50,3175.00,3585.27,1211.15
3562.50,3175.00,3609.99,1210.81
3575.00,3175.00,3622.63,1211.03
3587.50,3175.00,3635.24,1210.31
3650.00,3175.00,3697.90,1210.53
3687.50,3175.00,3735.32,1211.69
3700.00,3175.00,3749.11,1212.68
3725.00,3175.00,3773.65,1210.56
3737.50,3175.00,3786.42,1210.52
3612.50,3187.50,3659.49,1224.01
3625.00,3187.50,3672.77,1223.60
3662.50,3187.50,3711.98,1222.35
3762.50,3187.50,3811.67,1223.23
3775.00,3187.50,3822.78,1222.11
3287.50,3200.00,3335.13,1236.09
3312.50,3200.00,3360.27,1236.02
3325.00,3200.00,3373.54,1236.02
3350.00,3200.00,3397.24,1236.18
3362.50,3200.00,3410.52,1236.22
3387.50,3200.00,3437.06,1236.19
3400.00,3200.00,3449.64,1235.47
3425.00,3200.00,3473.39,1235.79
3437.50,3200.00,3485.99,1235.83
3462.50,3200.00,3510.61,1235.39
3475.00,3200.00,3522.86,1234.94
3500.00,3200.00,3549.02,1235.09
3512.50,3200.00,3560.63,1235.54
3550.00,3200.00,3598.29,1235.20
3575.00,3200.00,3623.60,1234.95
3587.50,3200.00,3635.28,1234.78
3612.50,3200.00,3660.75,1235.37
3625.00,3200.00,3673.24,1235.44
3650.00,3200.00,3699.89,1235.44
3662.50,3200.00,3711.80,1234.37
3687.50,3200.00,3736.78,1235.66
3700.00,3200.00,3748.35,1236.09
3725.00,3200.00,3773.43,1235.14
3737.50,3200.00,3787.34,1235.38
3762.50,3200.00,3811.20,1235.57
3775.00,3200.00,3824.08,1235.13
3250.00,3212.50,3297.77,1248.81
3287.50,3212.50,3335.29,1249.13
3312.50,3212.50,3360.27,1248.89
3325.00,3212.50,3373.45,1249.21
3350.00,3212.50,3399.72,1249.04
3362.50,3212.50,3410.46,1248.77
3387.50,3212.50,3437.73,1248.77
3400.00,3212.50,3449.36,1249.03
3425.00,3212.50,3474.09,1248.18
3537.50,3212.50,3583.85,1248.65
3612.50,3212.50,3660.79,1247.65
3625.00,3212.50,3673.07,1248.13
3662.50,3212.50,3712.00,1248.56
3687.50,3212.50,3736.93,1248.56
3700.00,3212.50,3749.21,1248.50
3725.00,3212.50,3774.81,1248.57
3762.50,3212.50,3812.47,1247.20
3787.50,3212.50,3836.19,1248.76
3437.50,3225.00,3485.68,1260.47
3462.50,3225.00,3511.06,1260.67
3475.00,3225.00,3523.75,1259.76
3500.00,3225.00,3548.73,1259.81
3575.00,3225.00,3623.24,1259.98
3587.50,3225.00,3636.22,1259.55
3650.00,3225.00,3698.05,1259.77
3737.50,3225.00,3786.41,1259.95
3087.50,3237.50,3137.16,1274.79
3100.00,3237.50,3149.24,1273.90
3162.50,3237.50,3210.09,1274.65
3175.00,3237.50,3222.76,1274.92
3200.00,3237.50,3248.74,1274.27
3212.50,3237.50,3260.18,1275.06
3237.50,3237.50,3286.69,1274.15
3250.00,3237.50,3299.29,1272.97
3275.00,3237.50,3322.77,1274.42
3287.50,3237.50,3335.17,1274.03
3312.50,3237.50,3361.52,1273.12
3325.00,3237.50,3373.06,1273.33
3350.00,3237.50,3398.76,1273.99
3362.50,3237.50,3411.12,1274.39
3387.50,3237.50,3437.04,1274.33
3400.00,3237.50,3450.10,1272.88
3425.00,3237.50,3473.88,1273.36
3437.50,3237.50,3485.98,1272.28
3462.50,3237.50,3511.12,1272.80
3475.00,3237.50,3523.37,1272.89
3500.00,3237.50,3548.50,1272.36
3512.50,3237.50,3560.58,1272.25
3537.50,3237.50,3585.46,1272.86
3550.00,3237.50,3597.92,1272.66
3575.00,3237.50,3623.94,1273.22
3587.50,3237.50,3636.34,1273.18
3612.50,3237.50,3661.90,1272.57
3625.00,3237.50,3673.89,1272.39
3650.00,3237.50,3698.54,1273.21
3662.50,3237.50,3710.63,1272.76
3687.50,3237.50,3734.67,1273.03
3700.00,3237.50,3748.10,1272.62
3725.00,3237.50,3773.22,1271.86
3737.50,3237.50,3786.04,1272.15
3762.50,3237.50,3810.09,1273.46
3775.00,3237.50,3823.16,1272.47
3050.00,3250.00,3100.11,1287.42
3062.50,3250.00,3111.13,1286.94
3087.50,3250.00,3137.08,1288.08
3100.00,3250.00,3150.24,1287.33
3125.00,3250.00,3173.79,1287.21
3137.50,3250.00,3186.33,1287.19
3162.50,3250.00,3212.59,1287.23
3237.50,3250.00,3286.10,1286.15
3250.00,3250.00,3298.87,1286.04
3275.00,3250.00,3323.47,1286.14
3312.50,3250.00,3361.54,1286.77
3325.00,3250.00,3373.55,1286.50
3350.00,3250.00,3398.80,1286.90
3362.50,3250.00,3410.75,1286.86
3387.50,3250.00,3436.99,1286.34
3400.00,3250.00,3448.58,1286.40
3425.00,3250.00,3475.16,1285.79
3437.50,3250.00,3486.16,1286.49
3462.50,3250.00,3512.28,1284.41
3475.00,3250.00,3523.72,1285.90
3500.00,3250.00,3548.07,1286.47
3512.50,3250.00,3560.65,1286.52
3537.50,3250.00,3586.62,1285.80
3550.00,3250.00,3598.86,1286.12
3575.00,3250.00,3623.88,1285.74
3587.50,3250.00,3635.79,1285.01
3612.50,3250.00,3661.76,1285.11
3625.00,3250.00,3674.95,1284.55
3650.00,3250.00,3697.36,1285.63
3762.50,3250.00,3810.40,1286.01
3775.00,3250.00,3823.44,1283.75
3287.50,3262.50,3335.20,1298.59
3662.50,3262.50,3710.83,1297.41
3687.50,3262.50,3735.76,1296.55
3737.50,3262.50,3785.65,1296.13
2987.50,3275.00,3036.27,1312.69
3012.50,3275.00,3062.31,1312.54
3025.00,3275.00,3074.08,1313.11
3050.00,3275.00,3099.70,1314.24
3062.50,3275.00,3113.84,1314.10
3087.50,3275.00,3137.11,1313.51
3100.00,3275.00,3149.98,1312.55
3125.00,3275.00,3176.01,1312.68
3137.50,3275.00,3189.87,1312.02
3212.50,3275.00,3264.11,1312.43
3237.50,3275.00,3286.89,1310.09
3275.00,3275.00,3322.80,1311.04
3287.50,3275.00,3336.52,1311.78
3312.50,3275.00,3361.89,1311.21
3325.00,3275.00,3374.42,1311.41
3350.00,3275.00,3399.77,1311.47
3362.50,3275.00,3412.50,1312.32
3375.00,3275.00,3426.32,1311.58
3400.00,3275.00,3450.61,1311.91
3425.00,3275.00,3473.71,1313.21
3437.50,3275.00,3489.47,1313.71
3462.50,3275.00,3515.37,1311.97
3475.00,3275.00,3527.30,1312.09
3500.00,3275.00,3549.76,1310.60
3537.50,3275.00,3588.43,1309.72
3550.00,3275.00,3599.38,1310.01
3562.50,3275.00,3612.96,1310.13
3587.50,3275.00,3636.75,1310.05
3612.50,3275.00,3661.84,1310.04
3625.00,3275.00,3673.89,1310.30
3650.00,3275.00,3698.92,1309.54
3662.50,3275.00,3712.38,1309.70
3687.50,3275.00,3736.30,1309.65
3700.00,3275.00,3749.45,1310.20
3725.00,3275.00,3773.16,1310.02
3737.50,3275.00,3785.53,1310.02
3762.50,3275.00,3812.03,1309.72
3775.00,3275.00,3823.76,1309.95
2987.50,3287.50,3035.81,1325.06
3012.50,3287.50,3062.45,1325.10
3025.00,3287.50,3075.58,1325.46
3050.00,3287.50,3099.42,1325.45
3062.50,3287.50,3113.50,1326.26
3087.50,3287.50,3137.75,1325.32
3100.00,3287.50,3149.45,1326.08
3125.00,3287.50,3175.36,1324.71
3137.50,3287.50,3189.04,1324.33
3237.50,3287.50,3285.57,1324.19
3250.00,3287.50,3299.05,1324.24
3275.00,3287.50,3324.45,1324.62
3287.50,3287.50,3335.88,1324.40
3312.50,3287.50,3362.33,1324.28
3325.00,3287.50,3375.58,1324.38
3350.00,3287.50,3399.72,1324.40
3362.50,3287.50,3411.89,1324.92
3387.50,3287.50,3438.58,1324.98
3400.00,3287.50,3451.52,1325.92
3425.00,3287.50,3475.04,1326.23
3437.50,3287.50,3489.23,1325.66
3450.00,3287.50,3503.92,1324.84
3475.00,3287.50,3527.02,1324.81
3512.50,3287.50,3565.13,1322.79
3612.50,3287.50,3661.65,1323.59
3700.00,3287.50,3749.78,1323.47
3762.50,3287.50,3812.15,1323.07
3775.00,3287.50,3825.49,1323.68
3175.00,3300.00,3224.50,1335.22
3200.00,3300.00,3250.38,1337.05
3212.50,3300.00,3261.09,1335.88
3587.50,3300.00,3636.52,1334.65
3625.00,3300.00,3674.39,1335.06
3650.00,3300.00,3699.07,1334.72
3725.00,3300.00,3775.21,1334.55
3737.50,3300.00,3788.12,1334.89
2937.50,3312.50,2986.94,1350.09
2950.00,3312.50,2999.92,1349.88
2975.00,3312.50,3024.18,1351.04
2987.50,3312.50,3038.02,1350.50
3012.50,3312.50,3062.34,1351.39
3025.00,3312.50,3074.59,1350.62
3050.00,3312.50,3100.99,1350.39
3062.50,3312.50,3113.09,1350.99
3075.00,3312.50,3125.18,1351.54
3100.00,3312.50,3150.82,1351.49
3125.00,3312.50,3176.29,1351.77
3137.50,3312.50,3189.93,1351.58
3162.50,3312.50,3212.30,1350.80
3175.00,3312.50,3224.67,1350.18
3200.00,3312.50,3250.41,1349.77
3212.50,3312.50,3261.34,1351.41
3237.50,3312.50,3288.53,1349.56
3250.00,3312.50,3301.27,1349.60
3275.00,3312.50,3325.17,1350.71
3287.50,3312.50,3338.40,1350.11
3312.50,3312.50,3363.13,1350.50
3325.00,3312.50,3376.03,1350.70
3350.00,3312.50,3400.58,1351.16
3362.50,3312.50,3413.88,1351.47
3387.50,3312.50,3438.21,1351.07
3400.00,3312.50,3451.25,1351.07
3425.00,3312.50,3476.90,1350.13
3437.50,3312.50,3489.85,1348.09
3587.50,3312.50,3637.65,1348.06
3600.00,3312.50,3651.81,1347.69
3625.00,3312.50,3677.82,1347.74
3650.00,3312.50,3700.72,1346.72
3700.00,3312.50,3750.41,1346.79
3725.00,3312.50,3774.62,1347.52
3737.50,3312.50,3787.02,1347.72
3762.50,3312.50,3813.15,1348.84
3775.00,3312.50,3826.50,1348.46
2937.50,3325.00,2986.93,1362.03
2975.00,3325.00,3024.45,1362.43
2987.50,3325.00,3035.53,1363.75
3012.50,3325.00,3062.30,1363.15
3025.00,3325.00,3074.61,1363.44
3050.00,3325.00,3100.22,1363.08
3062.50,3325.00,3113.23,1363.42
3075.00,3325.00,3127.32,1363.52
3100.00,3325.00,3150.67,1362.94
3125.00,3325.00,3176.17,1362.64
3137.50,3325.00,3188.76,1363.37
3162.50,3325.00,3213.23,1362.71
3175.00,3325.00,3225.74,1362.99
3200.00,3325.00,3250.55,1362.98
3212.50,3325.00,3264.64,1362.55
3237.50,3325.00,3287.96,1362.54
3250.00,3325.00,3301.01,1363.14
3275.00,3325.00,3326.35,1362.09
3287.50,3325.00,3338.87,1362.34
3312.50,3325.00,3363.03,1362.34
3325.00,3325.00,3376.11,1362.67
3350.00,3325.00,3401.90,1363.67
3362.50,3325.00,3414.28,1362.65
3387.50,3325.00,3438.62,1362.79
3400.00,3325.00,3451.68,1363.12
3425.00,3325.00,3476.80,1361.70
3550.00,3325.00,3602.32,1360.61
3587.50,3325.00,3637.15,1360.64
3612.50,3325.00,3661.61,1363.19
3700.00,3325.00,3749.98,1359.73
3725.00,3325.00,3774.49,1360.27
3737.50,3325.00,3787.21,1361.36
3762.50,3325.00,3813.76,1361.36
3775.00,3325.00,3825.75,1361.88
3262.50,3337.50,3315.27,1376.33
3562.50,3337.50,3613.48,1372.75
3625.00,3337.50,3675.67,1374.13
3662.50,3337.50,3714.97,1372.97
3675.00,3337.50,3727.46,1372.74
2937.50,3350.00,2986.05,1387.76
2950.00,3350.00,2999.31,1386.56
2975.00,3350.00,3024.96,1388.14
2987.50,3350.00,3037.97,1388.37
3012.50,3350.00,3063.32,1389.48
3025.00,3350.00,3075.85,1389.12
3050.00,3350.00,3101.28,1389.50
3062.50,3350.00,3113.06,1388.97
3087.50,3350.00,3137.45,1387.66
3100.00,3350.00,3152.05,1387.43
3125.00,3350.00,3175.69,1389.32
3137.50,3350.00,3189.07,1388.94
3162.50,3350.00,3213.29,1388.96
3175.00,3350.00,3227.32,1388.31
3200.00,3350.00,3249.98,1388.69
3212.50,3350.00,3262.52,1388.11
3237.50,3350.00,3290.10,1388.63
3250.00,3350.00,3303.03,1388.17
3287.50,3350.00,3339.62,1387.39
3300.00,3350.00,3352.88,1387.72
3325.00,3350.00,3378.40,1388.73
3337.50,3350.00,3388.76,1389.00
3362.50,3350.00,3414.09,1388.70
3387.50,3350.00,3438.72,1388.10
3400.00,3350.00,3451.86,1387.61
3550.00,3350.00,3599.20,1385.05
3575.00,3350.00,3623.98,1385.95
3587.50,3350.00,3636.27,1385.77
3612.50,3350.00,3662.47,1385.29
3625.00,3350.00,3675.49,1385.20
3650.00,3350.00,3699.74,1385.90
3662.50,3350.00,3712.41,1386.04
3687.50,3350.00,3737.21,1385.05
3700.00,3350.00,3750.29,1385.79
3725.00,3350.00,3775.90,1385.55
3737.50,3350.00,3788.47,1385.49
3762.50,3350.00,3813.72,1386.80
3775.00,3350.00,3826.05,1386.74
2975.00,3362.50,3024.98,1400.06
2987.50,3362.50,3037.50,1400.12
3012.50,3362.50,3063.35,1401.36
3025.00,3362.50,3076.19,1401.33
3050.00,3362.50,3099.96,1400.37
3062.50,3362.50,3113.65,1400.50
3087.50,3362.50,3138.37,1400.83
3100.00,3362.50,3151.05,1400.61
3112.50,3362.50,3163.11,1401.85
3137.50,3362.50,3188.59,1400.17
3162.50,3362.50,3213.19,1399.93
3175.00,3362.50,3226.76,1401.07
3200.00,3362.50,3251.27,1400.49
3212.50,3362.50,3263.08,1400.17
3237.50,3362.50,3287.65,1401.08
3250.00,3362.50,3304.19,1400.49
3262.50,3362.50,3316.32,1399.79
3287.50,3362.50,3339.09,1400.42
3300.00,3362.50,3352.97,1402.22
3325.00,3362.50,3377.32,1400.42
3350.00,3362.50,3400.35,1400.29
3362.50,3362.50,3413.53,1399.71
3387.50,3362.50,3437.63,1400.04
3400.00,3362.50,3452.26,1399.24
3425.00,3362.50,3475.72,1399.21
3725.00,3362.50,3775.84,1398.47
3762.50,3362.50,3813.03,1398.94
3775.00,3362.50,3825.41,1399.60
3575.00,3375.00,3624.49,1410.36
3587.50,3375.00,3637.99,1410.60
3612.50,3375.00,3663.03,1409.26
3625.00,3375.00,3674.77,1410.80
3650.00,3375.00,3699.74,1410.85
3662.50,3375.00,3712.94,1410.93
3687.50,3375.00,3737.65,1411.27
3700.00,3375.00,3750.10,1410.71
3737.50,3375.00,3788.42,1410.83
2937.50,3387.50,2987.44,1426.41
2950.00,3387.50,3000.02,1424.85
2975.00,3387.50,3024.74,1425.92
2987.50,3387.50,3036.73,1425.64
3012.50,3387.50,3064.29,1425.89
3025.00,3387.50,3074.96,1425.29
3050.00,3387.50,3100.15,1425.53
3062.50,3387.50,3111.36,1424.69
3087.50,3387.50,3137.27,1425.56
3100.00,3387.50,3150.45,1424.94
3125.00,3387.50,3175.33,1426.59
3137.50,3387.50,3187.86,1425.49
3162.50,3387.50,3212.78,1425.69
3175.00,3387.50,3226.11,1425.37
3187.50,3387.50,3239.34,1424.55
3212.50,3387.50,3264.31,1425.34
3225.00,3387.50,3277.69,1426.06
3250.00,3387.50,3301.23,1425.23
3275.00,3387.50,3325.86,1423.79
3287.50,3387.50,3338.16,1424.80
3312.50,3387.50,3363.86,1424.26
3325.00,3387.50,3375.32,1423.81
3350.00,3387.50,3400.75,1423.76
3362.50,3387.50,3413.58,1424.11
3387.50,3387.50,3437.26,1423.97
3400.00,3387.50,3451.37,1424.92
3412.50,3387.50,3463.49,1423.74
3437.50,3387.50,3488.07,1422.69
3462.50,3387.50,3512.19,1424.32
3475.00,3387.50,3524.74,1423.89
3537.50,3387.50,3586.00,1422.23
3550.00,3387.50,3599.27,1422.09
3575.00,3387.50,3624.53,1422.85
3587.50,3387.50,3637.21,1422.59
3612.50,3387.50,3662.92,1422.67
3625.00,3387.50,3675.71,1423.07
3650.00,3387.50,3701.08,1422.83
3662.50,3387.50,3712.36,1423.14
3687.50,3387.50,3738.00,1423.59
3700.00,3387.50,3750.60,1423.23
3725.00,3387.50,3775.98,1423.84
3737.50,3387.50,3788.96,1423.78
3762.50,3387.50,3813.03,1423.29
3775.00,3387.50,3826.84,1424.42
2937.50,3400.00,2987.64,1437.26
2950.00,3400.00,2999.52,1437.06
2975.00,3400.00,3024.56,1436.68
2987.50,3400.00,3037.90,1437.09
3012.50,3400.00,3062.28,1436.94
3025.00,3400.00,3074.56,1437.81
3050.00,3400.00,3099.84,1436.35
3062.50,3400.00,3112.54,1436.73
3087.50,3400.00,3137.57,1437.20
3100.00,3400.00,3150.02,1437.34
3125.00,3400.00,3174.98,1436.92
3137.50,3400.00,3186.72,1438.23
3162.50,3400.00,3212.41,1436.75
3175.00,3400.00,3225.57,1436.71
3225.00,3400.00,3277.65,1437.73
3250.00,3400.00,3301.87,1437.03
3275.00,3400.00,3325.67,1436.50
3312.50,3400.00,3362.61,1436.75
3325.00,3400.00,3375.07,1437.18
3350.00,3400.00,3400.80,1436.83
3387.50,3400.00,3437.82,1436.63
3400.00,3400.00,3450.66,1436.68
3437.50,3400.00,3487.35,1435.68
3587.50,3400.00,3636.92,1436.30
3612.50,3400.00,3662.01,1436.05
3625.00,3400.00,3674.72,1436.02
3650.00,3400.00,3700.48,1435.92
3662.50,3400.00,3712.75,1435.79
3687.50,3400.00,3738.02,1436.54
3700.00,3400.00,3750.64,1436.53
3187.50,3412.50,3238.05,1449.16
3212.50,3412.50,3264.74,1449.71
3287.50,3412.50,3338.63,1449.83
3362.50,3412.50,3413.95,1449.77
3425.00,3412.50,3476.19,1449.85
3462.50,3412.50,3512.96,1450.03
3475.00,3412.50,3527.37,1449.47
3500.00,3412.50,3550.67,1448.08
3512.50,3412.50,3562.93,1448.61
3537.50,3412.50,3588.46,1447.11
3550.00,3412.50,3600.57,1447.91
3575.00,3412.50,3624.76,1447.97
3725.00,3412.50,3775.85,1448.08
3737.50,3412.50,3788.24,1447.46
3762.50,3412.50,3813.77,1449.60
3775.00,3412.50,3826.61,1448.87
2987.50,3425.00,3036.70,1461.54
3012.50,3425.00,3062.41,1462.28
3025.00,3425.00,3075.04,1461.22
3050.00,3425.00,3099.40,1461.23
3062.50,3425.00,3111.73,1461.77
3087.50,3425.00,3137.35,1463.02
3100.00,3425.00,3150.81,1463.58
3125.00,3425.00,3175.76,1461.15
3137.50,3425.00,3187.16,1462.67
3162.50,3425.00,3212.54,1461.49
3175.00,3425.00,3224.53,1460.89
3187.50,3425.00,3237.15,1461.75
3212.50,3425.00,3261.95,1461.46
3237.50,3425.00,3287.90,1460.90
3250.00,3425.00,3301.10,1462.47
3275.00,3425.00,3325.24,1461.72
3287.50,3425.00,3337.42,1461.14
3312.50,3425.00,3362.16,1462.78
3325.00,3425.00,3376.00,1462.42
3350.00,3425.00,3400.77,1460.73
3362.50,3425.00,3414.40,1460.86
3375.00,3425.00,3426.20,1460.67
3400.00,3425.00,3450.56,1460.83
3425.00,3425.00,3474.97,1461.61
3437.50,3425.00,3488.71,1461.53
3462.50,3425.00,3512.81,1462.21
3475.00,3425.00,3525.67,1462.09
3500.00,3425.00,3550.55,1460.36
3512.50,3425.00,3562.97,1460.67
3537.50,3425.00,3587.91,1460.63
3550.00,3425.00,3600.88,1460.89
3575.00,3425.00,3625.53,1460.84
3587.50,3425.00,3638.55,1461.65
3612.50,3425.00,3664.21,1460.62
3625.00,3425.00,3676.23,1460.76
3637.50,3425.00,3688.03,1460.97
3662.50,3425.00,3713.86,1460.98
3687.50,3425.00,3737.98,1461.71
3700.00,3425.00,3751.34,1460.27
3725.00,3425.00,3776.13,1460.96
3737.50,3425.00,3790.03,1460.31
3762.50,3425.00,3813.52,1461.32
3775.00,3425.00,3827.32,1461.59
2987.50,3437.50,3036.63,1474.50
3050.00,3437.50,3099.18,1473.74
3062.50,3437.50,3112.50,1474.12
3087.50,3437.50,3137.77,1474.74
3100.00,3437.50,3148.85,1474.56
3125.00,3437.50,3175.15,1473.75
3137.50,3437.50,3187.05,1474.21
3162.50,3437.50,3211.87,1473.57
3175.00,3437.50,3224.13,1473.92
3187.50,3437.50,3237.72,1473.88
3250.00,3437.50,3299.63,1474.19
3275.00,3437.50,3325.39,1474.31
3287.50,3437.50,3338.30,1474.24
3312.50,3437.50,3363.51,1474.08
3325.00,3437.50,3376.35,1474.25
3350.00,3437.50,3400.60,1474.24
3362.50,3437.50,3414.04,1473.66
3375.00,3437.50,3425.29,1474.10
3400.00,3437.50,3451.59,1474.02
3425.00,3437.50,3474.86,1475.11
3437.50,3437.50,3489.77,1474.26
3462.50,3437.50,3512.91,1474.77
3475.00,3437.50,3526.23,1474.68
3500.00,3437.50,3550.23,1473.44
3575.00,3437.50,3625.80,1473.96
3587.50,3437.50,3638.39,1472.86
3600.00,3437.50,3650.91,1474.15
3625.00,3437.50,3676.40,1473.83
3637.50,3437.50,3689.29,1473.56
3662.50,3437.50,3713.73,1473.15
3687.50,3437.50,3738.30,1474.26
3700.00,3437.50,3750.89,1473.64
3725.00,3437.50,3775.70,1474.17
3737.50,3437.50,3789.16,1474.18
3762.50,3437.50,3814.01,1473.46
3775.00,3437.50,3826.97,1474.32
3212.50,3450.00,3261.06,1486.54
3237.50,3450.00,3286.68,1486.81
3512.50,3450.00,3564.43,1486.72
3525.00,3450.00,3576.70,1486.86
3550.00,3450.00,3601.18,1486.07
3200.00,3462.50,3249.93,1497.44
3212.50,3462.50,3261.65,1497.91
3237.50,3462.50,3286.55,1498.44
3250.00,3462.50,3299.17,1498.21
3275.00,3462.50,3325.49,1498.46
3287.50,3462.50,3337.15,1497.83
3312.50,3462.50,3362.39,1498.47
3325.00,3462.50,3375.29,1498.26
3350.00,3462.50,3400.69,1498.63
3362.50,3462.50,3413.51,1498.66
3387.50,3462.50,3437.81,1498.24
3400.00,3462.50,3450.66,1498.46
3425.00,3462.50,3475.78,1497.83
3437.50,3462.50,3488.92,1498.32
3462.50,3462.50,3512.80,1498.55
3475.00,3462.50,3525.07,1498.86
3500.00,3462.50,3550.42,1499.06
3512.50,3462.50,3564.31,1498.61
3537.50,3462.50,3588.37,1498.08
3550.00,3462.50,3601.81,1498.33
3575.00,3462.50,3624.92,1498.77
3587.50,3462.50,3638.77,1498.38
3612.50,3462.50,3663.93,1498.89
3625.00,3462.50,3676.53,1498.02
3650.00,3462.50,3701.48,1497.31
3662.50,3462.50,3714.49,1497.86
3687.50,3462.50,3738.33,1498.87
3700.00,3462.50,3751.83,1498.30
3712.50,3462.50,3764.88,1497.56
3737.50,3462.50,3789.00,1498.26
3762.50,3462.50,3814.04,1497.82
3775.00,3462.50,3827.63,1499.00
3287.50,3475.00,3337.66,1511.36
3312.50,3475.00,3362.07,1511.05
3325.00,3475.00,3373.72,1511.33
3350.00,3475.00,3400.26,1511.41
3362.50,3475.00,3411.90,1511.57
3387.50,3475.00,3438.33,1512.49
3400.00,3475.00,3452.22,1511.30
3425.00,3475.00,3476.16,1511.50
3437.50,3475.00,3489.22,1511.44
3450.00,3475.00,3501.49,1511.76
3475.00,3475.00,3527.09,1511.59
3500.00,3475.00,3550.88,1511.46
3512.50,3475.00,3564.41,1511.83
3537.50,3475.00,3588.22,1511.65
3550.00,3475.00,3601.83,1511.44
3575.00,3475.00,3625.80,1511.66
3587.50,3475.00,3639.45,1511.45
3612.50,3475.00,3663.02,1511.37
3625.00,3475.00,3677.10,1511.86
3637.50,3475.00,3690.59,1511.69
3700.00,3475.00,3752.06,1511.71
3725.00,3475.00,3776.22,1511.67
3737.50,3475.00,3789.21,1511.44
3762.50,3475.00,3813.70,1511.33
3775.00,3475.00,3827.26,1511.60
3237.50,3487.50,3285.48,1523.00
3250.00,3487.50,3298.91,1523.01
3662.50,3487.50,3714.12,1523.54
3687.50,3487.50,3738.87,1524.61
3275.00,3500.00,3324.48,1535.04
3287.50,3500.00,3336.17,1535.41
3312.50,3500.00,3362.30,1535.25
3325.00,3500.00,3374.97,1534.98
3350.00,3500.00,3400.65,1536.51
3362.50,3500.00,3413.14,1536.12
3387.50,3500.00,3438.55,1536.62
3400.00,3500.00,3451.34,1536.78
3425.00,3500.00,3475.81,1535.35
3437.50,3500.00,3488.94,1536.71
3462.50,3500.00,3511.97,1536.64
3475.00,3500.00,3526.57,1536.65
3500.00,3500.00,3550.86,1535.91
3512.50,3500.00,3564.15,1535.60
3537.50,3500.00,3588.96,1535.72
3550.00,3500.00,3601.74,1535.72
3575.00,3500.00,3626.60,1537.18
3587.50,3500.00,3639.60,1536.21
3600.00,3500.00,3652.54,1535.97
3625.00,3500.00,3676.77,1536.27
3650.00,3500.00,3701.76,1538.10
3662.50,3500.00,3715.31,1536.16
3675.00,3500.00,3728.42,1536.75
3700.00,3500.00,3752.53,1537.26
3712.50,3500.00,3764.98,1536.88
3737.50,3500.00,3790.43,1536.64
3750.00,3500.00,3803.25,1536.51
3775.00,3500.00,3828.13,1536.17
3350.00,3512.50,3400.33,1548.71
3387.50,3512.50,3438.44,1549.08
3400.00,3512.50,3451.30,1548.73
3425.00,3512.50,3475.88,1549.67
3437.50,3512.50,3488.74,1549.29
3462.50,3512.50,3513.94,1549.67
3475.00,3512.50,3526.64,1549.67
3487.50,3512.50,3539.92,1548.76
3562.50,3512.50,3616.01,1549.47
3587.50,3512.50,3639.10,1549.21
3612.50,3512.50,3665.42,1549.28
3625.00,3512.50,3676.84,1549.18
3675.00,3512.50,3727.82,1549.45
3700.00,3512.50,3752.78,1549.59
3275.00,3525.00,3322.76,1561.03
3287.50,3525.00,3335.50,1559.98
3312.50,3525.00,3362.44,1559.09
3325.00,3525.00,3373.98,1559.12
3362.50,3525.00,3412.50,1561.14
3512.50,3525.00,3565.91,1562.41
3537.50,3525.00,3586.85,1561.78
3550.00,3525.00,3602.50,1561.44
3262.50,3537.50,3310.77,1572.66
3287.50,3537.50,3336.47,1572.26
3312.50,3537.50,3361.84,1572.68
3325.00,3537.50,3374.81,1572.63
3350.00,3537.50,3400.52,1573.03
3362.50,3537.50,3413.77,1573.06
3387.50,3537.50,3437.93,1572.98
3400.00,3537.50,3451.52,1573.48
3425.00,3537.50,3476.53,1574.13
3437.50,3537.50,3489.65,1574.06
3450.00,3537.50,3503.75,1573.84
3475.00,3537.50,3527.10,1574.52
3500.00,3537.50,3552.09,1574.54
3537.50,3537.50,3590.23,1573.82
3550.00,3537.50,3602.95,1574.05
3587.50,3537.50,3640.69,1573.90
3600.00,3537.50,3653.59,1574.05
3637.50,3537.50,3690.88,1574.59
3287.50,3550.00,3336.50,1584.46
3350.00,3550.00,3400.38,1586.18
3362.50,3550.00,3413.66,1586.44
3387.50,3550.00,3438.35,1586.51
3400.00,3550.00,3451.29,1586.58
3425.00,3550.00,3476.40,1586.51
3437.50,3550.00,3489.75,1586.82
3450.00,3550.00,3504.14,1586.73
3475.00,3550.00,3526.82,1586.63
3500.00,3550.00,3552.69,1587.93
3525.00,3550.00,3578.84,1586.50
3550.00,3550.00,3602.74,1586.70
3575.00,3550.00,3626.88,1586.93
3587.50,3550.00,3641.08,1586.69
3275.00,3562.50,3323.88,1597.03
3312.50,3562.50,3362.81,1596.84
3325.00,3562.50,3375.14,1598.43
3275.00,3575.00,3325.41,1609.76
3287.50,3575.00,3337.11,1610.31
3312.50,3575.00,3362.77,1610.79
3325.00,3575.00,3374.79,1610.65
3350.00,3575.00,3400.53,1610.91
3362.50,3575.00,3413.40,1611.09
3387.50,3575.00,3439.41,1611.15
3400.00,3575.00,3451.85,1611.64
3425.00,3575.00,3476.78,1611.01
3437.50,3575.00,3488.87,1611.11
3450.00,3575.00,3502.89,1610.46
3475.00,3575.00,3528.05,1611.65
3487.50,3575.00,3540.70,1611.74
3512.50,3575.00,3564.80,1612.01
3525.00,3575.00,3578.07,1612.64
3275.00,3587.50,3325.79,1622.79
3312.50,3587.50,3362.76,1623.57
3325.00,3587.50,3374.74,1622.50
3350.00,3587.50,3400.54,1623.81
3362.50,3587.50,3414.15,1623.71
3387.50,3587.50,3439.24,1624.15
3400.00,3587.50,3451.79,1624.21
3425.00,3587.50,3476.51,1624.45
3437.50,3587.50,3489.64,1624.78
3450.00,3587.50,3503.29,1624.52
3475.00,3587.50,3526.83,1624.66
3500.00,3587.50,3552.96,1624.37
3512.50,3587.50,3564.93,1624.77
3200.00,3600.00,3249.44,1634.77
3212.50,3600.00,3262.34,1633.98
3250.00,3600.00,3299.79,1633.85
3287.50,3600.00,3337.82,1634.79
3162.50,3612.50,3211.92,1647.25
3175.00,3612.50,3224.05,1647.00
3212.50,3612.50,3261.74,1646.88
3237.50,3612.50,3287.90,1647.25
3250.00,3612.50,3300.51,1647.41
3275.00,3612.50,3325.28,1647.43
3287.50,3612.50,3337.19,1647.93
3312.50,3612.50,3363.37,1648.23
3325.00,3612.50,3375.38,1649.26
3350.00,3612.50,3401.18,1648.37
3362.50,3612.50,3414.96,1648.60
3387.50,3612.50,3439.42,1649.06
3400.00,3612.50,3451.95,1649.36
3412.50,3612.50,3464.79,1649.17
3437.50,3612.50,3490.01,1650.04
3450.00,3612.50,3502.95,1650.01
3475.00,3612.50,3528.16,1650.45
3200.00,3625.00,3248.78,1661.01
3212.50,3625.00,3262.56,1658.72
3237.50,3625.00,3287.98,1661.12
3250.00,3625.00,3300.53,1660.61
3275.00,3625.00,3325.29,1660.42
3287.50,3625.00,3339.06,1660.71
3312.50,3625.00,3363.96,1660.95
3325.00,3625.00,3375.49,1661.13
3350.00,3625.00,3401.52,1661.68
3362.50,3625.00,3414.74,1661.46
3387.50,3625.00,3439.33,1662.11
3412.50,3625.00,3464.60,1661.82
3437.50,3625.00,3489.99,1662.50
3450.00,3625.00,3502.93,1662.33
3475.00,3625.00,3528.18,1662.45
3487.50,3625.00,3541.78,1662.04
3400.00,3637.50,3452.32,1674.87
3175.00,3650.00,3223.78,1684.92
3200.00,3650.00,3249.59,1685.15
3212.50,3650.00,3261.99,1685.18
3237.50,3650.00,3287.71,1685.43
3250.00,3650.00,3300.82,1685.47
3275.00,3650.00,3325.74,1686.49
3287.50,3650.00,3337.77,1686.29
3312.50,3650.00,3364.09,1685.74
3325.00,3650.00,3376.55,1685.62
3350.00,3650.00,3400.96,1686.72
3362.50,3650.00,3414.55,1686.59
3387.50,3650.00,3439.72,1687.51
3400.00,3650.00,3452.43,1686.78
3412.50,3650.00,3464.68,1687.84
3437.50,3650.00,3490.84,1687.59
3162.50,3662.50,3210.95,1697.65
3175.00,3662.50,3224.43,1697.85
3200.00,3662.50,3249.40,1698.05
3212.50,3662.50,3261.90,1698.08
3237.50,3662.50,3287.88,1698.95
3250.00,3662.50,3301.43,1698.06
3262.50,3662.50,3314.96,1697.97
3287.50,3662.50,3339.17,1699.32
3312.50,3662.50,3364.30,1699.31
3325.00,3662.50,3376.94,1699.15
3350.00,3662.50,3401.65,1699.50
3362.50,3662.50,3415.08,1699.52
3387.50,3662.50,3439.58,1699.47
3400.00,3662.50,3453.67,1699.14
3412.50,3662.50,3465.47,1699.59
3087.50,3675.00,3137.80,1708.84
3125.00,3687.50,3175.20,1722.46
3137.50,3687.50,3186.29,1722.51
3162.50,3687.50,3212.68,1722.57
3175.00,3687.50,3224.82,1722.82
3200.00,3687.50,3250.12,1723.19
3212.50,3687.50,3261.76,1722.93
3237.50,3687.50,3288.09,1723.38
3250.00,3687.50,3302.15,1723.11
3262.50,3687.50,3314.14,1723.73
3287.50,3687.50,3340.10,1724.98
3312.50,3687.50,3365.80,1724.49
3325.00,3687.50,3377.70,1726.39
3337.50,3687.50,3391.60,1724.32
3362.50,3687.50,3415.38,1726.13
3125.00,3700.00,3175.36,1734.52
3137.50,3700.00,3187.54,1735.12
3162.50,3700.00,3211.90,1733.97
3175.00,3700.00,3225.79,1736.46
3200.00,3700.00,3250.46,1736.30
3212.50,3700.00,3264.31,1736.14
3237.50,3700.00,3289.29,1737.20
3250.00,3700.00,3302.82,1736.98
3262.50,3700.00,3316.17,1736.95
3287.50,3700.00,3340.47,1737.78
3312.50,3700.00,3364.95,1737.70
3325.00,3700.00,3378.82,1737.41
3337.50,3700.00,3391.18,1737.86
3362.50,3700.00,3416.43,1737.80
3087.50,3712.50,3137.81,1746.50
3100.00,3712.50,3151.21,1746.56
3062.50,3725.00,3113.34,1760.01
3087.50,3725.00,3138.47,1759.96
3100.00,3725.00,3151.78,1760.28
3125.00,3725.00,3176.07,1762.28
3137.50,3725.00,3188.80,1761.65
3150.00,3725.00,3202.54,1761.97
3175.00,3725.00,3226.46,1761.69
3212.50,3725.00,3264.87,1762.33
3225.00,3725.00,3278.80,1762.07
3250.00,3725.00,3303.95,1762.07
3262.50,3725.00,3316.68,1763.11
3287.50,3725.00,3341.91,1762.62
3300.00,3725.00,3353.99,1762.48
3062.50,3737.50,3112.84,1773.66
3075.00,3737.50,3126.67,1774.10
3100.00,3737.50,3152.16,1773.90
3125.00,3737.50,3176.12,1774.09
3137.50,3737.50,3190.05,1774.07
3150.00,3737.50,3203.83,1774.84
3175.00,3737.50,3227.40,1774.72
3187.50,3737.50,3240.76,1774.79
3212.50,3737.50,3265.73,1774.84
3225.00,3737.50,3278.86,1774.41
3250.00,3737.50,3303.98,1775.27
3275.00,3737.50,3329.68,1774.92
3050.00,3750.00,3100.62,1784.61
3212.50,3750.00,3266.73,1788.95
3012.50,3762.50,3062.56,1797.09
3025.00,3762.50,3076.11,1797.29
3050.00,3762.50,3100.85,1798.14
3062.50,3762.50,3114.57,1798.27
3075.00,3762.50,3127.20,1798.08
3100.00,3762.50,3152.58,1798.70
3112.50,3762.50,3166.01,1799.89
3137.50,3762.50,3190.55,1801.58
3150.00,3762.50,3203.77,1801.90
3187.50,3762.50,3241.42,1800.70
3025.00,3775.00,3075.36,1811.06
3050.00,3775.00,3101.41,1811.73
3062.50,3775.00,3114.88,1811.89
3075.00,3775.00,3127.29,1811.83
3100.00,3775.00,3153.16,1812.07
3125.00,3775.00,3179.64,1812.19
3137.50,3775.00,3191.71,1813.44
2950.00,3787.50,3002.80,1821.53
2975.00,3787.50,3026.43,1821.82
2987.50,3787.50,3038.52,1822.40
3000.00,3787.50,3051.13,1822.51
3125.00,3787.50,3179.22,1826.74
1187.50,4750.00,1239.78,2788.66
1187.50,4762.50,1240.33,2801.35
1212.50,4762.50,1264.79,2802.42
1300.00,4762.50,1352.36,2801.23
1362.50,4762.50,1414.39,2800.32
1062.50,4787.50,1113.98,2828.29
1075.00,4787.50,1126.67,2828.44
1175.00,4787.50,1227.59,2827.16
1212.50,4787.50,1264.42,2827.85
1250.00,4787.50,1301.85,2826.43
1325.00,4787.50,1376.55,2826.36
1337.50,4787.50,1389.35,2826.25
1362.50,4787.50,1414.93,2826.05
1375.00,4787.50,1427.21,2826.42
1062.50,4800.00,1114.56,2841.03
1075.00,4800.00,1127.38,2840.11
1175.00,4800.00,1226.85,2839.05
1212.50,4800.00,1264.28,2838.84
1325.00,4800.00,1376.96,2837.92
1337.50,4800.00,1389.95,2838.57
1362.50,4800.00,1415.81,2838.54
1375.00,4800.00,1428.16,2838.17
1112.50,4825.00,1164.63,2865.66
1137.50,4825.00,1189.54,2865.94
1150.00,4825.00,1202.05,2865.66
1175.00,4825.00,1226.83,2865.65
1212.50,4825.00,1265.61,2864.68
1225.00,4825.00,1277.88,2863.81
1250.00,4825.00,1301.94,2864.72
1262.50,4825.00,1315.08,2865.06
1287.50,4825.00,1340.07,2864.28
1300.00,4825.00,1352.52,2864.61
1325.00,4825.00,1378.31,2864.25
1350.00,4825.00,1402.46,2864.96
1375.00,4825.00,1427.29,2864.21
1137.50,4837.50,1189.96,2878.44
1212.50,4837.50,1264.56,2877.11
1225.00,4837.50,1277.48,2876.39
1250.00,4837.50,1302.42,2877.54
1262.50,4837.50,1315.95,2876.33
1287.50,4837.50,1340.57,2876.64
1300.00,4837.50,1352.90,2877.52
1325.00,4837.50,1377.84,2876.71
1337.50,4837.50,1390.09,2876.94
1362.50,4837.50,1415.06,2877.13
2550.00,3837.50,2599.38,1872.51
2562.50,3837.50,2612.13,1872.38
2512.50,3850.00,2561.88,1885.82
2437.50,3862.50,2487.01,1898.73
2325.00,3887.50,2374.64,1923.90
2337.50,3887.50,2387.69,1923.91
2362.50,3887.50,2412.55,1924.07
2287.50,3900.00,2337.08,1937.07
2300.00,3900.00,2349.75,1937.74
2225.00,3925.00,2274.48,1962.12
2250.00,3925.00,2300.05,1962.07
2262.50,3925.00,2312.71,1962.69
2225.00,3937.50,2275.32,1975.01
2137.50,3950.00,2187.36,1988.23
2150.00,3950.00,2200.23,1986.96
2187.50,3950.00,2238.23,1987.58
2212.50,3950.00,2263.05,1988.12
2075.00,3962.50,2124.90,2001.24
2087.50,3962.50,2138.39,2000.03
2112.50,3962.50,2163.61,2000.03
2137.50,3962.50,2188.05,2000.30
2150.00,3962.50,2200.93,2000.49
2162.50,3962.50,2213.66,2000.94
2187.50,3962.50,2239.22,1999.91
2212.50,3962.50,2262.72,2000.79
2037.50,3975.00,2087.35,2013.50
2050.00,3975.00,2099.92,2013.12
2075.00,3975.00,2125.97,2012.79
2087.50,3975.00,2138.65,2013.03
2112.50,3975.00,2163.61,2013.05
1987.50,4000.00,2036.84,2038.76
2000.00,4000.00,2051.09,2037.62
2037.50,4000.00,2088.31,2039.07
2050.00,4000.00,2101.29,2039.20
1962.50,4012.50,2013.03,2050.38
1987.50,4012.50,2037.38,2050.66
2000.00,4012.50,2050.33,2050.83
2025.00,4012.50,2075.22,2050.90
2037.50,4012.50,2088.77,2051.06
2075.00,4012.50,2127.14,2051.02
2087.50,4012.50,2139.73,2050.65
2000.00,4037.50,2050.38,2075.87
2012.50,4037.50,2064.29,2075.12
2037.50,4037.50,2088.71,2076.98
2075.00,4037.50,2126.43,2076.71
2112.50,4037.50,2164.20,2075.82
2125.00,4037.50,2177.15,2075.33
1987.50,4050.00,2037.53,2088.12
2000.00,4050.00,2052.01,2087.33
2012.50,4050.00,2065.14,2087.59
2037.50,4050.00,2088.26,2088.15
2050.00,4050.00,2102.18,2088.48
2075.00,4050.00,2125.80,2088.29
2087.50,4050.00,2139.71,2088.14
2225.00,4050.00,2276.02,2087.67
2212.50,4062.50,2263.34,2098.26
2375.00,4062.50,2427.08,2098.99
2000.00,4075.00,2049.74,2113.52
2050.00,4075.00,2100.84,2112.42
2075.00,4075.00,2125.85,2111.43
2087.50,4075.00,2138.89,2111.54
2112.50,4075.00,2163.67,2112.78
2137.50,4075.00,2190.20,2112.03
2150.00,4075.00,2201.03,2111.71
2175.00,4075.00,2225.23,2111.28
2187.50,4075.00,2238.82,2111.38
2212.50,4075.00,2263.12,2111.46
2225.00,4075.00,2276.27,2111.62
2237.50,4075.00,2289.20,2111.71
2262.50,4075.00,2313.62,2111.43
2275.00,4075.00,2327.16,2111.76
2337.50,4075.00,2389.19,2111.69
2350.00,4075.00,2402.22,2111.51
1962.50,4087.50,2012.83,2125.37
2275.00,4087.50,2327.36,2124.50
2125.00,4100.00,2176.80,2135.45
2262.50,4100.00,2313.32,2134.96
2300.00,4100.00,2352.26,2135.54
2325.00,4100.00,2375.21,2134.76
2337.50,4100.00,2388.59,2135.32
2362.50,4100.00,2412.81,2134.79
2375.00,4100.00,2426.10,2135.42
2387.50,4100.00,2440.14,2135.89
2125.00,4112.50,2177.61,2149.08
2150.00,4112.50,2202.34,2147.41
2212.50,4112.50,2263.25,2147.87
2275.00,4112.50,2325.17,2148.06
2300.00,4112.50,2351.62,2148.10
2325.00,4112.50,2375.31,2148.67
2337.50,4112.50,2388.79,2149.01
2362.50,4112.50,2412.82,2148.18
2375.00,4112.50,2426.37,2148.31
2387.50,4112.50,2440.17,2148.75
2412.50,4112.50,2463.87,2148.33
2437.50,4112.50,2489.07,2148.48
2450.00,4112.50,2501.37,2147.73
2337.50,4125.00,2388.22,2159.42
2412.50,4137.50,2462.58,2171.51
2437.50,4137.50,2487.27,2172.06
2450.00,4137.50,2501.18,2172.52
2475.00,4137.50,2526.24,2172.59
2487.50,4137.50,2538.90,2172.76
2500.00,4137.50,2552.72,2172.18
2437.50,4150.00,2487.35,2184.79
2450.00,4150.00,2501.36,2183.77
2475.00,4150.00,2526.37,2185.56
2487.50,4150.00,2538.95,2185.58
2562.50,4150.00,2614.23,2185.63
2437.50,4175.00,2488.06,2208.91
2450.00,4175.00,2500.58,2209.03
2475.00,4175.00,2525.32,2209.47
2487.50,4175.00,2537.70,2209.06
2500.00,4175.00,2551.81,2209.49
2525.00,4175.00,2576.40,2209.68
2537.50,4175.00,2590.10,2209.77
2487.50,4187.50,2538.51,2221.06
2500.00,4187.50,2551.32,2222.33
2525.00,4187.50,2576.78,2223.38
2450.00,4212.50,2500.81,2245.50
2475.00,4212.50,2524.46,2246.53
2487.50,4212.50,2537.85,2246.66
2512.50,4212.50,2563.42,2247.07
2525.00,4212.50,2576.16,2247.00
2537.50,4212.50,2589.13,2247.30
2562.50,4212.50,2614.80,2247.62
2575.00,4212.50,2627.35,2246.98
2487.50,4225.00,2538.45,2257.68
2500.00,4225.00,2551.66,2258.97
2525.00,4225.00,2576.75,2260.33
2537.50,4225.00,2589.21,2260.21
2562.50,4225.00,2613.98,2260.77
2412.50,4250.00,2463.15,2284.15
2437.50,4250.00,2486.91,2283.84
2450.00,4250.00,2500.40,2283.11
2475.00,4250.00,2524.95,2284.34
2487.50,4250.00,2538.62,2283.79
2500.00,4250.00,2551.02,2283.96
2525.00,4250.00,2576.87,2284.55
2537.50,4250.00,2589.39,2284.63
2562.50,4250.00,2614.35,2285.00
2587.50,4250.00,2640.21,2285.08
2487.50,4262.50,2538.03,2296.48
2500.00,4262.50,2551.43,2296.40
2525.00,4262.50,2576.84,2295.78
2537.50,4262.50,2589.32,2296.64
2562.50,4262.50,2614.52,2297.39
2587.50,4262.50,2638.90,2297.62
2487.50,4287.50,2536.82,2320.99
2512.50,4287.50,2563.22,2320.95
2525.00,4287.50,2576.39,2321.45
2537.50,4287.50,2589.01,2321.32
2562.50,4287.50,2614.42,2321.99
2575.00,4287.50,2626.95,2322.06
2262.50,4300.00,2312.88,2335.82
2512.50,4300.00,2562.89,2332.64
2525.00,4300.00,2576.38,2333.42
2537.50,4300.00,2589.71,2334.33
2562.50,4300.00,2614.30,2334.36
2575.00,4300.00,2627.55,2335.53
2300.00,4325.00,2350.78,2358.38
2525.00,4325.00,2576.38,2358.09
2537.50,4325.00,2589.21,2358.27
2562.50,4325.00,2614.26,2359.16
2575.00,4325.00,2627.23,2359.20
2512.50,4337.50,2562.95,2370.92
2525.00,4337.50,2576.24,2370.50
2537.50,4337.50,2589.21,2370.74
2562.50,4337.50,2615.02,2371.38
2575.00,4337.50,2627.82,2373.03
2112.50,4362.50,2163.49,2396.94
2125.00,4362.50,2176.50,2396.60
2150.00,4362.50,2201.40,2397.04
2200.00,4362.50,2251.34,2396.82
2437.50,4362.50,2487.55,2395.42
2450.00,4362.50,2501.15,2395.91
2462.50,4362.50,2513.13,2395.75
2487.50,4362.50,2538.82,2396.43
2500.00,4362.50,2552.17,2396.76
2525.00,4362.50,2577.77,2396.82
2537.50,4362.50,2590.97,2396.93
2562.50,4362.50,2615.92,2397.12
1850.00,4375.00,1901.38,2411.25
2075.00,4375.00,2125.81,2409.84
2087.50,4375.00,2139.78,2409.64
2112.50,4375.00,2163.96,2410.76
2125.00,4375.00,2177.55,2409.41
2150.00,4375.00,2201.93,2409.28
2162.50,4375.00,2213.90,2409.29
2375.00,4375.00,2426.10,2407.36
2400.00,4375.00,2452.10,2408.09
2412.50,4375.00,2463.91,2408.02
2425.00,4375.00,2476.57,2408.68
2450.00,4375.00,2501.18,2410.18
2462.50,4375.00,2514.78,2408.88
2487.50,4375.00,2540.48,2409.73
2500.00,4375.00,2552.57,2409.96
2525.00,4375.00,2579.21,2409.79
2537.50,4375.00,2591.31,2410.53
2387.50,4387.50,2440.41,2423.00
2450.00,4387.50,2502.32,2422.36
1800.00,4400.00,1850.84,2436.91
1825.00,4400.00,1876.52,2436.03
1862.50,4400.00,1913.36,2436.52
2012.50,4400.00,2063.72,2434.98
2037.50,4400.00,2088.26,2435.39
2075.00,4400.00,2125.96,2435.70
2087.50,4400.00,2141.10,2434.78
2125.00,4400.00,2177.15,2433.54
2150.00,4400.00,2201.59,2434.30
2175.00,4400.00,2226.21,2434.09
2187.50,4400.00,2238.43,2434.02
2225.00,4400.00,2275.86,2434.46
2250.00,4400.00,2301.13,2434.54
2262.50,4400.00,2313.04,2435.76
2275.00,4400.00,2325.69,2434.59
2300.00,4400.00,2351.89,2434.57
2312.50,4400.00,2365.22,2435.20
2337.50,4400.00,2390.71,2435.10
2350.00,4400.00,2403.02,2435.37
2375.00,4400.00,2429.17,2436.16
2412.50,4400.00,2466.60,2435.27
2425.00,4400.00,2478.87,2435.26
2462.50,4400.00,2516.58,2436.23
1825.00,4412.50,1876.86,2448.51
1850.00,4412.50,1901.00,2449.04
1862.50,4412.50,1914.33,2448.62
1925.00,4412.50,1976.28,2448.30
1937.50,4412.50,1989.58,2447.83
1962.50,4412.50,2014.39,2447.45
2012.50,4412.50,2063.46,2449.00
2037.50,4412.50,2088.68,2448.76
2050.00,4412.50,2102.15,2449.09
2075.00,4412.50,2128.23,2449.17
2087.50,4412.50,2140.31,2448.65
2112.50,4412.50,2164.94,2447.73
2125.00,4412.50,2177.42,2448.20
2150.00,4412.50,2201.64,2446.62
2212.50,4412.50,2262.63,2446.62
2225.00,4412.50,2275.94,2447.91
2250.00,4412.50,2301.61,2447.49
2262.50,4412.50,2315.34,2447.48
2275.00,4412.50,2327.17,2448.19
2300.00,4412.50,2353.25,2448.55
2312.50,4412.50,2365.83,2448.77
2337.50,4412.50,2391.99,2448.84
2350.00,4412.50,2404.10,2449.04
2375.00,4412.50,2430.30,2449.00
2387.50,4412.50,2441.43,2449.06
2412.50,4412.50,2467.54,2448.91
2425.00,4412.50,2479.40,2449.04
1850.00,4425.00,1900.16,2462.38
1862.50,4425.00,1914.14,2461.99
2075.00,4425.00,2128.32,2460.30
2087.50,4425.00,2140.09,2461.05
2112.50,4425.00,2166.03,2462.06
2125.00,4425.00,2179.11,2459.44
2150.00,4425.00,2201.67,2459.50
2312.50,4425.00,2366.42,2462.46
2337.50,4425.00,2391.97,2461.84
1812.50,4437.50,1863.79,2474.61
1825.00,4437.50,1876.96,2473.08
1912.50,4437.50,1963.72,2473.35
1925.00,4437.50,1977.09,2472.85
2012.50,4437.50,2063.92,2473.00
2037.50,4437.50,2090.03,2472.78
2050.00,4437.50,2103.23,2472.77
2175.00,4437.50,2225.60,2472.06
2187.50,4437.50,2238.47,2472.04
2200.00,4437.50,2252.21,2472.26
2225.00,4437.50,2277.14,2472.07
2237.50,4437.50,2290.81,2471.65
2262.50,4437.50,2314.28,2473.11
2275.00,4437.50,2327.46,2473.61
2300.00,4437.50,2354.31,2473.18
1887.50,4450.00,1938.88,2486.54
1937.50,4450.00,1990.10,2484.75
1962.50,4450.00,2014.09,2485.93
1987.50,4450.00,2038.57,2485.75
2000.00,4450.00,2050.88,2485.86
2012.50,4450.00,2064.68,2486.28
2037.50,4450.00,2090.28,2486.14
2050.00,4450.00,2102.82,2485.88
2075.00,4450.00,2127.46,2486.32
2087.50,4450.00,2142.87,2487.93
2112.50,4450.00,2165.14,2488.30
2137.50,4450.00,2187.83,2484.73
2150.00,4450.00,2199.88,2484.83
2175.00,4450.00,2225.47,2485.38
2187.50,4450.00,2239.18,2484.71
2200.00,4450.00,2252.27,2484.87
2225.00,4450.00,2277.12,2485.54
2237.50,4450.00,2289.99,2485.00
2262.50,4450.00,2314.70,2485.86
2275.00,4450.00,2328.63,2485.96
2300.00,4450.00,2353.96,2486.62
2312.50,4450.00,2366.75,2487.03
2337.50,4450.00,2392.38,2486.45
2350.00,4450.00,2405.50,2486.63
1775.00,4462.50,1827.02,2499.71
1812.50,4462.50,1863.67,2498.82
1850.00,4462.50,1901.52,2498.50
1862.50,4462.50,1915.25,2499.30
2175.00,4462.50,2226.77,2497.11
2187.50,4462.50,2239.31,2497.27
2212.50,4462.50,2265.75,2497.12
2225.00,4462.50,2277.83,2498.90
2237.50,4462.50,2290.16,2499.28
2262.50,4462.50,2315.88,2498.60
2275.00,4462.50,2329.04,2498.80
2300.00,4462.50,2355.12,2499.87
2312.50,4462.50,2367.42,2498.39
1787.50,4475.00,1839.20,2510.90
1825.00,4475.00,1876.88,2511.65
1887.50,4475.00,1938.98,2510.22
1900.00,4475.00,1951.59,2510.63
1950.00,4475.00,2001.74,2510.46
1962.50,4475.00,2013.85,2509.87
1975.00,4475.00,2027.13,2509.86
2000.00,4475.00,2051.09,2510.57
2012.50,4475.00,2064.81,2509.98
2037.50,4475.00,2089.79,2509.67
2050.00,4475.00,2102.37,2509.64
2075.00,4475.00,2127.15,2509.66
2087.50,4475.00,2139.92,2509.70
2112.50,4475.00,2163.67,2509.72
2125.00,4475.00,2177.34,2510.05
2150.00,4475.00,2202.19,2509.99
2487.50,4475.00,2542.27,2508.17
1750.00,4487.50,1802.35,2523.36
1787.50,4487.50,1839.84,2524.20
1850.00,4487.50,1900.98,2523.75
1862.50,4487.50,1914.59,2523.22
1887.50,4487.50,1939.12,2523.48
1900.00,4487.50,1952.45,2522.99
1925.00,4487.50,1976.51,2522.46
1937.50,4487.50,1989.48,2523.12
1962.50,4487.50,2014.21,2523.11
1987.50,4487.50,2037.52,2523.36
2000.00,4487.50,2051.62,2523.49
2012.50,4487.50,2064.71,2523.52
2037.50,4487.50,2089.27,2523.45
2050.00,4487.50,2102.75,2523.06
2075.00,4487.50,2127.09,2522.20
2087.50,4487.50,2140.11,2523.26
2112.50,4487.50,2164.46,2523.07
2125.00,4487.50,2177.74,2522.35
2150.00,4487.50,2201.92,2523.83
2162.50,4487.50,2215.18,2523.13
2187.50,4487.50,2241.70,2523.44
2200.00,4487.50,2253.46,2523.14
2225.00,4487.50,2279.32,2523.39
2237.50,4487.50,2291.00,2523.61
2262.50,4487.50,2316.80,2524.04
2275.00,4487.50,2328.89,2523.86
2300.00,4487.50,2355.25,2524.34
2312.50,4487.50,2366.93,2525.51
2337.50,4487.50,2392.99,2524.21
2350.00,4487.50,2405.16,2524.69
2375.00,4487.50,2430.86,2524.10
1762.50,4500.00,1813.33,2537.53
1775.00,4500.00,1826.48,2536.96
1787.50,4500.00,1839.77,2536.85
1812.50,4500.00,1863.16,2536.77
1850.00,4500.00,1901.67,2536.87
1862.50,4500.00,1914.87,2536.61
2225.00,4500.00,2278.97,2535.43
2262.50,4500.00,2317.40,2536.11
2300.00,4500.00,2355.00,2537.25
2312.50,4500.00,2367.01,2537.66
2350.00,4500.00,2405.40,2537.47
1712.50,4512.50,1764.07,2549.17
1825.00,4512.50,1877.76,2548.27
1887.50,4512.50,1939.24,2547.48
1925.00,4512.50,1979.71,2546.80
2000.00,4512.50,2051.29,2547.06
2025.00,4512.50,2076.10,2547.88
2037.50,4512.50,2089.45,2547.43
2050.00,4512.50,2103.00,2546.87
2075.00,4512.50,2127.30,2547.29
2087.50,4512.50,2140.06,2547.28
2112.50,4512.50,2164.70,2547.88
2125.00,4512.50,2177.62,2547.99
2150.00,4512.50,2203.86,2547.42
2162.50,4512.50,2215.94,2547.72
2187.50,4512.50,2239.73,2547.37
2200.00,4512.50,2254.04,2547.52
2237.50,4512.50,2291.11,2547.78
2275.00,4512.50,2328.72,2548.03
2337.50,4512.50,2393.38,2548.92
1675.00,4525.00,1727.00,2561.47
1712.50,4525.00,1763.79,2561.70
1737.50,4525.00,1789.13,2561.56
1750.00,4525.00,1801.83,2561.63
1775.00,4525.00,1826.65,2561.02
1787.50,4525.00,1839.64,2561.29
1812.50,4525.00,1865.84,2561.31
1825.00,4525.00,1877.76,2561.96
1850.00,4525.00,1904.17,2561.09
1887.50,4525.00,1941.18,2561.04
1900.00,4525.00,1953.77,2560.21
1925.00,4525.00,1977.79,2560.10
1950.00,4525.00,2001.01,2560.37
2012.50,4525.00,2064.57,2559.64
2037.50,4525.00,2088.70,2560.26
2050.00,4525.00,2103.60,2560.54
2075.00,4525.00,2127.00,2560.31
2087.50,4525.00,2139.54,2560.83
2112.50,4525.00,2166.12,2559.89
2125.00,4525.00,2178.06,2559.97
2150.00,4525.00,2202.74,2560.69
2162.50,4525.00,2215.95,2560.56
2187.50,4525.00,2240.67,2561.27
2200.00,4525.00,2253.54,2561.28
2225.00,4525.00,2279.71,2561.18
2237.50,4525.00,2290.48,2560.50
2262.50,4525.00,2316.01,2560.38
2275.00,4525.00,2328.50,2559.93
2300.00,4525.00,2355.33,2561.41
2312.50,4525.00,2367.46,2561.14
2337.50,4525.00,2393.07,2561.24
2350.00,4525.00,2405.51,2561.76
2375.00,4525.00,2430.01,2561.00
1662.50,4537.50,1713.41,2575.11
1675.00,4537.50,1726.27,2574.58
1725.00,4537.50,1778.00,2575.04
1775.00,4537.50,1826.24,2574.79
1987.50,4537.50,2039.45,2571.88
2000.00,4537.50,2051.17,2571.95
2012.50,4537.50,2064.61,2572.21
2050.00,4537.50,2102.76,2572.16
2100.00,4537.50,2152.92,2574.56
2187.50,4537.50,2240.87,2573.96
2200.00,4537.50,2253.01,2572.67
2225.00,4537.50,2278.16,2572.45
2325.00,4537.50,2379.90,2573.64
1737.50,4550.00,1789.49,2586.74
1750.00,4550.00,1802.16,2587.30
1812.50,4550.00,1864.15,2585.51
2037.50,4550.00,2089.17,2584.91
2075.00,4550.00,2126.65,2585.42
2112.50,4550.00,2164.72,2585.35
2125.00,4550.00,2177.52,2586.41
2150.00,4550.00,2203.81,2585.17
2162.50,4550.00,2215.22,2585.50
2237.50,4550.00,2290.39,2584.88
2262.50,4550.00,2315.97,2585.09
2275.00,4550.00,2330.07,2585.61
2300.00,4550.00,2354.84,2585.47
2312.50,4550.00,2367.45,2584.96
2350.00,4550.00,2405.85,2584.73
2375.00,4550.00,2430.48,2583.49
1637.50,4562.50,1689.41,2599.25
1675.00,4562.50,1726.98,2598.82
1700.00,4562.50,1752.43,2598.98
1737.50,4562.50,1789.10,2599.63
1750.00,4562.50,1802.56,2599.17
1775.00,4562.50,1827.57,2599.84
1787.50,4562.50,1840.06,2599.53
1812.50,4562.50,1862.62,2600.79
1825.00,4562.50,1879.17,2600.43
1925.00,4562.50,1975.85,2598.19
1950.00,4562.50,2000.90,2597.82
1962.50,4562.50,2013.98,2598.02
1975.00,4562.50,2026.58,2597.19
2000.00,4562.50,2051.69,2598.22
2012.50,4562.50,2065.08,2598.66
2037.50,4562.50,2089.88,2598.43
2050.00,4562.50,2102.99,2598.61
2075.00,4562.50,2127.89,2598.64
2087.50,4562.50,2141.20,2598.48
2112.50,4562.50,2165.64,2598.82
2125.00,4562.50,2178.40,2599.04
2150.00,4562.50,2204.30,2599.03
2162.50,4562.50,2215.08,2598.76
2187.50,4562.50,2241.37,2598.64
2200.00,4562.50,2254.74,2598.17
2225.00,4562.50,2278.57,2598.42
2237.50,4562.50,2291.58,2598.05
2262.50,4562.50,2316.78,2597.81
2275.00,4562.50,2329.23,2598.10
2300.00,4562.50,2355.21,2598.07
2312.50,4562.50,2368.01,2598.13
2337.50,4562.50,2393.00,2598.12
2350.00,4562.50,2406.86,2596.96
2375.00,4562.50,2428.95,2597.86
1625.00,4575.00,1676.22,2612.06
1637.50,4575.00,1689.56,2612.49
1662.50,4575.00,1714.22,2612.31
1675.00,4575.00,1727.54,2611.94
1700.00,4575.00,1752.68,2612.86
1725.00,4575.00,1776.95,2612.01
1737.50,4575.00,1790.07,2612.42
1750.00,4575.00,1803.31,2612.61
1775.00,4575.00,1827.34,2613.02
1787.50,4575.00,1840.10,2613.07
1812.50,4575.00,1863.87,2613.81
1825.00,4575.00,1879.40,2615.40
2000.00,4575.00,2052.06,2610.35
2012.50,4575.00,2065.41,2611.92
2037.50,4575.00,2090.28,2611.93
2075.00,4575.00,2129.58,2611.73
2112.50,4575.00,2167.28,2612.06
2150.00,4575.00,2204.10,2611.04
2187.50,4575.00,2242.13,2610.64
2225.00,4575.00,2278.37,2611.04
2262.50,4575.00,2316.99,2610.25
2275.00,4575.00,2328.30,2611.63
2312.50,4575.00,2366.78,2611.19
1887.50,4587.50,1940.03,2622.91
1900.00,4587.50,1951.93,2622.71
1925.00,4587.50,1976.26,2622.45
1937.50,4587.50,1989.84,2622.40
1975.00,4587.50,2028.00,2623.43
2050.00,4587.50,2103.41,2624.16
2087.50,4587.50,2142.50,2623.79
2125.00,4587.50,2179.48,2624.37
2162.50,4587.50,2217.17,2624.50
2200.00,4587.50,2257.03,2621.10
2237.50,4587.50,2292.00,2622.80
2300.00,4587.50,2354.73,2623.56
2337.50,4587.50,2391.93,2622.81
2350.00,4587.50,2406.59,2621.90
2362.50,4587.50,2418.27,2622.50
2412.50,4587.50,2466.55,2620.15
2425.00,4587.50,2480.71,2621.32
2450.00,4587.50,2504.20,2620.51
2462.50,4587.50,2516.88,2620.78
2487.50,4587.50,2542.12,2620.68
1612.50,4600.00,1664.61,2636.92
1625.00,4600.00,1676.32,2637.15
1662.50,4600.00,1715.23,2636.85
1687.50,4600.00,1739.49,2637.20
1700.00,4600.00,1752.26,2637.74
1712.50,4600.00,1764.72,2637.16
1737.50,4600.00,1789.98,2636.57
1750.00,4600.00,1803.10,2636.75
1775.00,4600.00,1827.58,2637.00
1787.50,4600.00,1840.19,2636.46
1812.50,4600.00,1865.61,2636.33
1825.00,4600.00,1877.70,2636.40
1850.00,4600.00,1903.92,2636.69
1862.50,4600.00,1917.55,2637.00
1887.50,4600.00,1939.24,2636.27
1900.00,4600.00,1952.69,2635.94
1925.00,4600.00,1979.68,2636.16
1950.00,4600.00,2002.18,2636.14
1962.50,4600.00,2015.89,2635.93
1987.50,4600.00,2040.92,2636.52
2000.00,4600.00,2053.76,2636.63
2012.50,4600.00,2066.13,2636.67
2037.50,4600.00,2092.16,2636.92
2050.00,4600.00,2105.23,2637.01
2075.00,4600.00,2129.79,2637.01
2087.50,4600.00,2142.19,2637.19
2112.50,4600.00,2167.18,2637.02
2125.00,4600.00,2179.90,2636.52
2150.00,4600.00,2205.03,2636.86
2162.50,4600.00,2218.86,2636.22
2175.00,4600.00,2231.63,2636.97
2200.00,4600.00,2258.33,2635.87
2225.00,4600.00,2279.10,2636.47
2237.50,4600.00,2292.35,2635.88
2262.50,4600.00,2318.17,2636.61
2275.00,4600.00,2330.43,2636.03
2300.00,4600.00,2355.59,2636.44
2312.50,4600.00,2367.38,2636.57
2337.50,4600.00,2392.55,2636.38
2350.00,4600.00,2406.66,2635.80
2362.50,4600.00,2419.73,2635.79
2387.50,4600.00,2444.23,2634.97
2412.50,4600.00,2466.77,2635.20
2462.50,4600.00,2518.14,2634.00
2487.50,4600.00,2542.34,2633.03
2500.00,4600.00,2555.48,2634.20
1587.50,4612.50,1638.51,2650.16
1600.00,4612.50,1651.70,2650.07
1625.00,4612.50,1676.88,2649.53
1637.50,4612.50,1689.74,2650.17
1662.50,4612.50,1714.95,2649.48
1675.00,4612.50,1727.51,2650.00
1700.00,4612.50,1752.71,2649.85
1712.50,4612.50,1765.13,2649.63
1737.50,4612.50,1789.68,2649.36
1750.00,4612.50,1803.43,2650.21
1787.50,4612.50,1840.96,2649.32
1887.50,4612.50,1940.31,2649.59
1900.00,4612.50,1953.31,2650.02
1925.00,4612.50,1978.97,2649.72
1950.00,4612.50,2003.39,2649.81
1962.50,4612.50,2017.15,2649.85
1975.00,4612.50,2029.89,2648.90
2000.00,4612.50,2054.13,2649.73
2012.50,4612.50,2067.42,2649.80
2037.50,4612.50,2092.95,2650.29
2050.00,4612.50,2106.40,2650.20
2112.50,4612.50,2166.64,2650.56
2125.00,4612.50,2180.39,2650.23
2137.50,4612.50,2192.97,2650.50
2162.50,4612.50,2219.26,2650.33
2262.50,4612.50,2318.34,2649.76
2275.00,4612.50,2331.04,2649.54
2312.50,4612.50,2367.97,2650.04
2337.50,4612.50,2393.26,2650.28
1775.00,4625.00,1828.64,2661.41
1812.50,4625.00,1865.64,2662.06
1825.00,4625.00,1878.26,2662.32
1850.00,4625.00,1903.29,2661.62
1875.00,4625.00,1927.83,2663.21
2075.00,4625.00,2130.90,2663.65
2087.50,4625.00,2144.26,2663.59
2200.00,4625.00,2258.50,2660.98
2225.00,4625.00,2280.89,2662.08
2237.50,4625.00,2294.21,2663.11
2287.50,4625.00,2344.51,2662.60
2412.50,4625.00,2465.62,2660.17
2425.00,4625.00,2482.25,2659.39
2462.50,4625.00,2518.75,2659.38
2500.00,4625.00,2556.87,2659.57
2512.50,4625.00,2568.29,2659.81
2537.50,4625.00,2592.53,2659.15
2562.50,4625.00,2617.95,2659.34
2575.00,4625.00,2629.53,2658.97
1587.50,4637.50,1639.93,2674.46
1600.00,4637.50,1652.33,2674.05
1625.00,4637.50,1677.26,2674.73
1637.50,4637.50,1689.80,2674.54
1662.50,4637.50,1714.39,2674.75
1675.00,4637.50,1727.24,2675.27
1700.00,4637.50,1752.69,2674.74
1712.50,4637.50,1765.60,2675.10
1737.50,4637.50,1790.27,2675.13
1750.00,4637.50,1803.21,2675.05
1775.00,4637.50,1828.21,2674.68
1787.50,4637.50,1840.93,2674.37
1812.50,4637.50,1864.89,2674.63
1825.00,4637.50,1878.79,2674.36
1850.00,4637.50,1902.78,2674.72
1875.00,4637.50,1928.58,2674.46
1887.50,4637.50,1941.27,2674.02
1900.00,4637.50,1953.91,2674.68
1925.00,4637.50,1979.30,2675.32
1937.50,4637.50,1991.92,2675.09
1962.50,4637.50,2017.52,2677.01
1975.00,4637.50,2030.26,2677.32
2000.00,4637.50,2055.39,2676.47
2012.50,4637.50,2069.01,2676.47
2037.50,4637.50,2093.17,2675.86
2050.00,4637.50,2106.73,2676.38
2075.00,4637.50,2130.92,2677.58
2087.50,4637.50,2143.87,2677.00
2225.00,4637.50,2281.73,2676.11
2262.50,4637.50,2319.05,2674.89
2275.00,4637.50,2332.29,2674.74
2537.50,4637.50,2593.98,2673.24
2562.50,4637.50,2618.19,2672.79
1562.50,4650.00,1614.47,2686.66
1587.50,4650.00,1639.44,2687.83
1600.00,4650.00,1652.30,2687.30
1625.00,4650.00,1678.43,2687.97
1637.50,4650.00,1690.25,2687.85
1675.00,4650.00,1727.88,2687.25
1700.00,4650.00,1753.02,2687.66
1737.50,4650.00,1790.91,2687.65
1750.00,4650.00,1803.10,2687.97
1775.00,4650.00,1828.79,2687.22
1887.50,4650.00,1941.39,2687.25
1925.00,4650.00,1980.54,2687.95
1937.50,4650.00,1993.02,2688.35
1962.50,4650.00,2018.51,2688.45
1975.00,4650.00,2030.86,2688.60
2000.00,4650.00,2057.24,2688.54
2012.50,4650.00,2069.57,2689.42
2037.50,4650.00,2093.90,2688.99
2050.00,4650.00,2106.42,2688.94
2075.00,4650.00,2132.11,2688.77
2125.00,4650.00,2182.31,2689.01
2237.50,4650.00,2294.99,2687.93
1662.50,4662.50,1715.08,2700.66
1712.50,4662.50,1765.07,2699.00
1787.50,4662.50,1841.59,2700.37
1812.50,4662.50,1866.70,2699.57
1825.00,4662.50,1878.93,2699.35
1850.00,4662.50,1904.79,2700.25
1862.50,4662.50,1918.09,2700.20
1900.00,4662.50,1955.48,2701.12
1525.00,4675.00,1576.50,2712.26
1550.00,4675.00,1602.07,2711.92
1575.00,4675.00,1626.51,2711.82
1587.50,4675.00,1639.16,2712.22
1600.00,4675.00,1653.01,2712.81
1625.00,4675.00,1677.25,2712.39
1650.00,4675.00,1702.18,2712.47
1662.50,4675.00,1715.34,2712.75
1675.00,4675.00,1727.80,2713.05
1700.00,4675.00,1753.70,2712.56
1712.50,4675.00,1766.23,2712.24
1737.50,4675.00,1791.66,2712.70
1750.00,4675.00,1802.99,2713.53
1775.00,4675.00,1828.25,2711.96
1787.50,4675.00,1841.01,2712.28
1812.50,4675.00,1865.27,2712.88
1825.00,4675.00,1878.55,2711.84
1850.00,4675.00,1904.22,2711.92
1862.50,4675.00,1916.23,2711.82
1887.50,4675.00,1942.34,2712.89
1900.00,4675.00,1955.33,2713.62
1925.00,4675.00,1981.59,2713.17
1937.50,4675.00,1993.69,2713.77
1962.50,4675.00,2019.23,2714.56
1975.00,4675.00,2031.66,2715.48
1512.50,4687.50,1563.78,2724.91
1525.00,4687.50,1577.16,2724.87
1550.00,4687.50,1601.36,2725.53
1575.00,4687.50,1626.84,2725.13
1587.50,4687.50,1638.98,2724.80
1600.00,4687.50,1652.39,2724.94
1625.00,4687.50,1677.71,2724.70
1650.00,4687.50,1703.26,2725.29
1662.50,4687.50,1713.79,2724.97
1675.00,4687.50,1727.33,2725.40
1700.00,4687.50,1753.89,2725.59
1712.50,4687.50,1765.09,2725.06
1737.50,4687.50,1792.12,2725.36
1750.00,4687.50,1802.95,2725.53
1775.00,4687.50,1827.73,2725.00
1787.50,4687.50,1840.32,2725.15
1812.50,4687.50,1866.40,2725.40
1825.00,4687.50,1878.12,2725.31
1850.00,4687.50,1904.66,2725.09
1862.50,4687.50,1917.46,2725.80
1887.50,4687.50,1942.68,2726.28
1900.00,4687.50,1956.61,2725.65
1925.00,4687.50,1980.68,2727.05
1937.50,4687.50,1994.05,2726.88
1950.00,4687.50,2008.13,2727.02
1975.00,4687.50,2032.21,2727.45
1512.50,4712.50,1564.60,2749.64
1525.00,4712.50,1576.74,2749.98
1550.00,4712.50,1602.56,2749.94
1562.50,4712.50,1615.05,2749.50
1587.50,4712.50,1639.70,2749.33
1600.00,4712.50,1652.52,2749.12
1625.00,4712.50,1677.53,2750.29
1637.50,4712.50,1690.08,2749.57
1662.50,4712.50,1715.43,2749.63
1675.00,4712.50,1727.41,2749.70
1700.00,4712.50,1753.35,2750.13
1712.50,4712.50,1765.04,2750.48
1737.50,4712.50,1792.69,2749.33
1750.00,4712.50,1804.09,2749.47
1775.00,4712.50,1829.23,2750.44
1787.50,4712.50,1841.66,2750.08
1812.50,4712.50,1868.04,2751.70
1825.00,4712.50,1880.23,2750.84
1850.00,4712.50,1905.65,2751.15
1862.50,4712.50,1919.16,2751.09
1875.00,4712.50,1931.48,2751.54
1900.00,4712.50,1956.61,2751.79
1925.00,4712.50,1980.92,2751.73
1937.50,4712.50,1994.44,2752.10
1962.50,4712.50,2019.22,2753.40
1975.00,4712.50,2032.93,2752.93
2012.50,4712.50,2069.80,2752.90
2025.00,4712.50,2082.55,2752.77
1462.50,4725.00,1514.09,2762.69
1475.00,4725.00,1526.54,2763.05
1487.50,4725.00,1539.91,2763.05
1512.50,4725.00,1564.42,2762.80
1525.00,4725.00,1577.41,2762.87
1550.00,4725.00,1602.60,2763.16
1562.50,4725.00,1615.82,2762.69
1587.50,4725.00,1639.64,2762.92
1600.00,4725.00,1652.44,2763.06
1625.00,4725.00,1677.85,2762.47
1637.50,4725.00,1689.90,2762.87
1662.50,4725.00,1715.07,2762.84
1687.50,4725.00,1740.39,2763.03
1700.00,4725.00,1752.37,2762.85
1712.50,4725.00,1766.01,2762.98
1737.50,4725.00,1791.51,2762.66
1750.00,4725.00,1803.39,2762.71
1787.50,4725.00,1842.00,2763.13
1812.50,4725.00,1867.67,2763.10
1825.00,4725.00,1879.23,2763.49
1850.00,4725.00,1905.56,2763.04
1862.50,4725.00,1918.59,2763.13
1875.00,4725.00,1931.65,2763.57
1900.00,4725.00,1956.56,2763.28
1912.50,4725.00,1970.41,2765.04
1937.50,4725.00,1995.02,2764.01
1962.50,4725.00,2019.45,2765.00
1975.00,4725.00,2032.73,2764.19
2000.00,4725.00,2058.02,2764.31
2012.50,4725.00,2070.51,2763.91
1437.50,4737.50,1489.98,2775.83
1775.00,4737.50,1830.60,2775.99
1450.00,4750.00,1501.94,2788.71
1475.00,4750.00,1527.00,2787.52
1487.50,4750.00,1540.34,2787.62
1512.50,4750.00,1565.59,2787.94
1525.00,4750.00,1578.00,2788.92
1550.00,4750.00,1602.73,2788.24
1562.50,4750.00,1616.55,2787.86
1587.50,4750.00,1641.19,2787.30
1600.00,4750.00,1652.90,2788.49
1625.00,4750.00,1678.31,2788.26
1637.50,4750.00,1690.55,2788.44
1662.50,4750.00,1715.47,2787.65
1675.00,4750.00,1727.87,2787.31
1700.00,4750.00,1754.32,2788.07
1712.50,4750.00,1767.25,2786.83
1737.50,4750.00,1792.74,2787.13
1750.00,4750.00,1804.63,2787.92
1775.00,4750.00,1830.75,2788.82
1787.50,4750.00,1842.83,2787.80
1812.50,4750.00,1868.38,2786.91
1825.00,4750.00,1880.41,2788.70
1850.00,4750.00,1906.14,2788.04
1862.50,4750.00,1918.41,2788.24
1875.00,4750.00,1932.38,2788.38
1900.00,4750.00,1956.89,2790.00
1925.00,4750.00,1982.91,2790.09
1937.50,4750.00,1995.74,2790.45
1950.00,4750.00,2008.55,2790.01
2012.50,4750.00,2070.32,2790.58
1425.00,4762.50,1476.63,2801.10
1437.50,4762.50,1490.27,2800.76
1450.00,4762.50,1502.55,2800.46
1475.00,4762.50,1527.96,2800.58
1487.50,4762.50,1539.90,2800.27
1512.50,4762.50,1566.19,2800.22
1525.00,4762.50,1578.01,2800.26
1550.00,4762.50,1603.63,2801.25
1562.50,4762.50,1616.22,2800.81
1587.50,4762.50,1642.43,2799.94
1600.00,4762.50,1653.36,2800.33
1625.00,4762.50,1679.90,2800.67
1637.50,4762.50,1692.22,2800.84
1662.50,4762.50,1716.83,2800.56
1675.00,4762.50,1729.67,2800.74
1700.00,4762.50,1754.53,2800.38
1712.50,4762.50,1767.12,2800.66
1737.50,4762.50,1792.98,2800.43
1750.00,4762.50,1805.51,2800.44
1775.00,4762.50,1830.63,2801.00
1787.50,4762.50,1842.41,2800.33
1800.00,4762.50,1855.30,2799.83
1825.00,4762.50,1881.77,2800.56
1850.00,4762.50,1906.12,2800.56
1862.50,4762.50,1919.38,2800.86
1875.00,4762.50,1932.17,2800.63
1925.00,4762.50,1981.27,2801.74
1937.50,4762.50,1995.08,2802.87
1962.50,4762.50,2020.35,2802.65
1900.00,4775.00,1957.29,2813.88
1400.00,4787.50,1451.53,2826.65
1412.50,4787.50,1465.62,2826.29
1437.50,4787.50,1490.15,2826.42
1462.50,4787.50,1515.49,2826.57
1475.00,4787.50,1527.65,2826.98
1487.50,4787.50,1540.33,2826.41
1512.50,4787.50,1566.09,2826.98
1525.00,4787.50,1579.83,2826.93
1550.00,4787.50,1604.77,2827.16
1562.50,4787.50,1618.98,2827.55
1587.50,4787.50,1641.35,2825.84
1600.00,4787.50,1655.25,2824.77
1625.00,4787.50,1679.76,2826.11
1637.50,4787.50,1692.22,2826.84
1662.50,4787.50,1717.75,2827.06
1675.00,4787.50,1729.51,2826.55
1700.00,4787.50,1755.01,2826.98
1712.50,4787.50,1767.87,2827.35
1737.50,4787.50,1792.23,2826.53
1750.00,4787.50,1804.95,2826.37
1775.00,4787.50,1830.72,2825.97
1787.50,4787.50,1843.80,2826.27
1800.00,4787.50,1856.27,2825.68
1825.00,4787.50,1880.18,2825.80
1850.00,4787.50,1905.61,2825.16
1862.50,4787.50,1919.97,2826.98
1875.00,4787.50,1933.10,2826.71
1900.00,4787.50,1957.14,2825.98
1912.50,4787.50,1970.86,2827.67
1937.50,4787.50,1995.54,2827.86
1950.00,4787.50,2008.28,2827.85
1975.00,4787.50,2032.96,2828.05
1400.00,4800.00,1453.10,2838.64
1412.50,4800.00,1465.18,2838.49
1437.50,4800.00,1491.58,2839.67
1450.00,4800.00,1504.18,2838.15
1475.00,4800.00,1528.99,2838.87
1487.50,4800.00,1540.30,2837.90
1512.50,4800.00,1566.28,2838.98
1525.00,4800.00,1580.81,2839.16
1550.00,4800.00,1605.06,2839.05
1562.50,4800.00,1617.27,2838.97
1575.00,4800.00,1629.48,2838.02
1600.00,4800.00,1655.16,2838.54
1625.00,4800.00,1680.08,2838.32
1637.50,4800.00,1692.44,2838.34
1662.50,4800.00,1717.93,2839.60
1675.00,4800.00,1730.73,2838.29
1700.00,4800.00,1755.63,2838.66
1712.50,4800.00,1768.47,2838.63
1737.50,4800.00,1792.89,2838.77
1750.00,4800.00,1804.94,2838.66
1762.50,4800.00,1817.44,2838.15
1787.50,4800.00,1843.98,2838.18
1812.50,4800.00,1868.26,2838.20
1825.00,4800.00,1880.78,2838.68
1850.00,4800.00,1905.22,2837.81
1862.50,4800.00,1920.08,2838.61
1875.00,4800.00,1932.03,2838.56
1900.00,4800.00,1957.76,2839.19
1912.50,4800.00,1970.07,2839.32
1937.50,4800.00,1994.82,2839.76
1950.00,4800.00,2008.02,2839.78
1400.00,4825.00,1453.52,2864.35
1412.50,4825.00,1465.55,2863.94
1437.50,4825.00,1491.66,2865.41
1450.00,4825.00,1504.46,2865.54
1475.00,4825.00,1529.65,2864.86
1487.50,4825.00,1543.50,2864.59
1512.50,4825.00,1567.54,2865.42
1525.00,4825.00,1579.43,2864.07
1550.00,4825.00,1604.93,2863.88
1562.50,4825.00,1617.20,2863.95
1587.50,4825.00,1642.70,2864.70
1600.00,4825.00,1656.17,2864.39
1612.50,4825.00,1668.38,2864.11
1637.50,4825.00,1693.38,2864.33
1662.50,4825.00,1718.26,2864.78
1675.00,4825.00,1732.14,2865.01
1700.00,4825.00,1755.52,2864.81
1712.50,4825.00,1768.75,2864.67
1725.00,4825.00,1781.67,2863.64
1750.00,4825.00,1805.73,2864.53
1775.00,4825.00,1830.71,2864.59
1787.50,4825.00,1843.14,2864.86
1800.00,4825.00,1858.56,2864.48
1825.00,4825.00,1881.71,2864.45
1850.00,4825.00,1907.28,2864.27
1862.50,4825.00,1920.10,2864.77
1887.50,4825.00,1945.53,2864.99
1900.00,4825.00,1959.06,2863.80
1912.50,4825.00,1970.94,2865.01
1937.50,4825.00,1995.15,2865.45
1950.00,4825.00,2008.27,2864.42
1400.00,4837.50,1454.65,2876.48
1412.50,4837.50,1466.43,2877.65
1437.50,4837.50,1492.30,2876.78
1450.00,4837.50,1504.06,2876.88
1475.00,4837.50,1530.47,2876.39
1487.50,4837.50,1542.61,2877.15
1512.50,4837.50,1568.68,2876.86
1525.00,4837.50,1580.28,2877.26
1550.00,4837.50,1605.46,2876.28
1562.50,4837.50,1617.42,2876.40
1587.50,4837.50,1643.04,2875.85
1600.00,4837.50,1655.31,2876.28
1625.00,4837.50,1680.50,2876.86
1637.50,4837.50,1693.85,2876.40
1650.00,4837.50,1706.29,2876.28
1675.00,4837.50,1731.41,2875.96
1700.00,4837.50,1756.48,2876.83
1712.50,4837.50,1769.36,2876.52
1725.00,4837.50,1782.74,2876.93
1750.00,4837.50,1806.19,2877.23
1775.00,4837.50,1831.70,2877.23
1787.50,4837.50,1844.99,2877.82
1800.00,4837.50,1857.39,2877.34
1825.00,4837.50,1882.42,2877.82
1850.00,4837.50,1907.45,2877.41
1862.50,4837.50,1920.57,2877.78
1912.50,4837.50,1971.09,2877.27
1937.50,4837.50,1996.11,2877.30
1950.00,4837.50,2007.95,2876.69
1975.00,4837.50,2033.65,2876.72
1400.00,4850.00,1453.49,2890.64
1475.00,4850.00,1530.16,2890.12
1412.50,4862.50,1466.38,2902.59
1437.50,4862.50,1493.02,2902.75
1450.00,4862.50,1504.96,2902.92
1487.50,4862.50,1542.99,2903.11
1512.50,4862.50,1568.36,2903.02
1525.00,4862.50,1582.20,2902.89
1550.00,4862.50,1606.60,2902.90
1562.50,4862.50,1618.99,2902.41
1575.00,4862.50,1631.56,2901.98
1600.00,4862.50,1656.73,2902.48
1625.00,4862.50,1681.09,2902.24
1637.50,4862.50,1694.10,2902.74
1650.00,4862.50,1705.87,2901.69
1675.00,4862.50,1731.47,2902.05
1700.00,4862.50,1757.48,2902.60
1712.50,4862.50,1771.36,2901.97
1737.50,4862.50,1794.87,2902.23
1750.00,4862.50,1807.28,2903.29
1775.00,4862.50,1832.12,2902.96
1787.50,4862.50,1845.59,2902.71
1800.00,4862.50,1858.57,2903.03
1825.00,4862.50,1883.27,2903.05
1837.50,4862.50,1896.46,2902.78
1900.00,4862.50,1958.63,2902.71
1400.00,4875.00,1455.84,2916.46
1412.50,4875.00,1467.52,2915.62
1437.50,4875.00,1493.33,2915.79
1450.00,4875.00,1506.42,2915.62
1475.00,4875.00,1529.97,2916.54
1487.50,4875.00,1543.75,2916.13
1512.50,4875.00,1567.99,2915.45
1525.00,4875.00,1581.65,2915.03
1550.00,4875.00,1606.19,2914.56
1562.50,4875.00,1619.47,2915.30
1575.00,4875.00,1633.27,2915.27
1600.00,4875.00,1656.84,2915.44
1625.00,4875.00,1682.23,2914.60
1637.50,4875.00,1695.23,2914.67
1650.00,4875.00,1706.62,2914.81
1675.00,4875.00,1732.20,2913.82
1700.00,4875.00,1757.01,2914.80
1712.50,4875.00,1769.52,2915.06
1737.50,4875.00,1795.74,2915.06
1750.00,4875.00,1807.88,2914.64
1762.50,4875.00,1821.42,2914.96
1787.50,4875.00,1845.62,2915.75
1800.00,4875.00,1858.64,2915.12
1825.00,4875.00,1883.67,2913.72
1837.50,4875.00,1896.05,2915.39
1862.50,4875.00,1921.39,2914.89
1550.00,4887.50,1606.84,2929.14
1400.00,4900.00,1456.17,2941.34
1412.50,4900.00,1469.05,2941.22
1425.00,4900.00,1482.01,2941.40
1450.00,4900.00,1506.84,2940.78
1475.00,4900.00,1531.18,2939.91
1487.50,4900.00,1544.11,2940.79
1512.50,4900.00,1569.18,2941.18
1525.00,4900.00,1581.85,2941.22
1562.50,4900.00,1619.61,2940.57
1575.00,4900.00,1632.72,2940.87
1600.00,4900.00,1657.64,2940.27
1625.00,4900.00,1682.21,2940.28
1637.50,4900.00,1695.01,2940.68
1650.00,4900.00,1707.76,2940.86
1675.00,4900.00,1732.36,2940.53
1687.50,4900.00,1745.31,2941.09
1712.50,4900.00,1769.97,2940.48
1737.50,4900.00,1795.19,2940.83
1762.50,4900.00,1821.16,2940.36
1787.50,4900.00,1846.35,2940.72
1825.00,4900.00,1883.67,2940.51
1875.00,4900.00,1933.99,2939.28
1400.00,4912.50,1456.53,2953.95
1412.50,4912.50,1468.97,2954.75
1437.50,4912.50,1493.93,2954.75
1450.00,4912.50,1507.02,2954.65
1475.00,4912.50,1531.66,2953.54
1487.50,4912.50,1544.82,2953.71
1512.50,4912.50,1568.94,2953.86
1525.00,4912.50,1582.96,2953.36
1537.50,4912.50,1594.05,2953.92
1562.50,4912.50,1620.11,2953.29
1575.00,4912.50,1633.63,2952.38
1600.00,4912.50,1657.21,2952.74
1625.00,4912.50,1681.45,2952.52
1637.50,4912.50,1695.08,2952.38
1650.00,4912.50,1707.52,2952.07
1675.00,4912.50,1732.72,2954.08
1687.50,4912.50,1745.34,2952.40
1712.50,4912.50,1770.23,2951.65
1737.50,4912.50,1794.68,2953.38
1750.00,4912.50,1808.01,2952.66
1762.50,4912.50,1821.38,2953.11
1787.50,4912.50,1846.44,2952.20
1800.00,4912.50,1858.41,2952.80
1825.00,4912.50,1883.06,2952.17
1875.00,4912.50,1933.70,2952.38
1412.50,4925.00,1469.23,2965.12
1437.50,4937.50,1493.17,2978.44
1450.00,4937.50,1506.84,2978.46
1475.00,4937.50,1530.92,2978.01
1487.50,4937.50,1544.92,2978.47
1500.00,4937.50,1557.24,2978.81
1525.00,4937.50,1582.10,2978.79
1537.50,4937.50,1594.60,2978.10
1562.50,4937.50,1619.17,2977.62
1587.50,4937.50,1643.66,2977.96
1600.00,4937.50,1656.79,2977.18
1625.00,4937.50,1682.53,2978.25
1637.50,4937.50,1695.20,2978.24
1650.00,4937.50,1708.90,2978.33
1675.00,4937.50,1732.64,2978.39
1687.50,4937.50,1746.12,2977.67
1712.50,4937.50,1770.22,2978.01
1737.50,4937.50,1794.92,2977.89
1750.00,4937.50,1808.17,2978.01
1762.50,4937.50,1821.31,2977.89
1937.50,4937.50,1996.49,2976.62
2012.50,4937.50,2071.08,2976.04
1412.50,4950.00,1468.83,2990.16
1437.50,4950.00,1493.58,2991.66
1450.00,4950.00,1506.66,2991.37
1475.00,4950.00,1531.26,2991.69
1487.50,4950.00,1543.67,2990.63
1512.50,4950.00,1569.70,2989.37
1525.00,4950.00,1581.89,2990.15
1550.00,4950.00,1606.60,2991.18
1562.50,4950.00,1619.15,2990.41
1587.50,4950.00,1643.54,2991.19
1600.00,4950.00,1655.97,2990.86
1612.50,4950.00,1670.22,2990.12
1637.50,4950.00,1694.88,2989.83
1662.50,4950.00,1719.61,2990.09
1675.00,4950.00,1732.93,2989.67
1687.50,4950.00,1746.33,2990.17
1712.50,4950.00,1770.27,2989.73
1725.00,4950.00,1782.89,2990.34
1750.00,4950.00,1808.04,2990.82
1762.50,4950.00,1820.96,2990.47
1800.00,4950.00,1858.35,2989.41
1837.50,4950.00,1896.10,2989.40
1950.00,4950.00,2008.85,2988.86
1975.00,4950.00,2033.85,2988.14
2012.50,4950.00,2071.28,2988.45
1412.50,4975.00,1469.61,3014.87
1437.50,4975.00,1493.43,3015.75
1450.00,4975.00,1506.31,3015.86
1475.00,4975.00,1531.08,3015.56
1487.50,4975.00,1543.91,3015.50
1500.00,4975.00,1558.13,3015.62
1525.00,4975.00,1582.76,3016.32
1537.50,4975.00,1595.89,3015.93
1562.50,4975.00,1620.78,3015.89
1587.50,4975.00,1644.79,3015.76
1600.00,4975.00,1657.93,3015.70
1612.50,4975.00,1670.77,3015.83
1637.50,4975.00,1695.69,3015.61
1650.00,4975.00,1708.01,3015.60
1675.00,4975.00,1733.43,3015.38
1687.50,4975.00,1746.49,3014.48
1712.50,4975.00,1771.50,3014.34
1725.00,4975.00,1783.47,3013.77
1750.00,4975.00,1808.37,3015.13
1762.50,4975.00,1821.00,3014.95
1787.50,4975.00,1846.15,3015.15
1825.00,4975.00,1883.15,3014.80
1837.50,4975.00,1896.40,3014.95
1862.50,4975.00,1920.92,3013.46
1975.00,4975.00,2033.38,3013.43
1412.50,4987.50,1469.15,3028.67
1437.50,4987.50,1493.17,3028.99
1450.00,4987.50,1505.80,3028.74
1462.50,4987.50,1520.55,3029.81
1487.50,4987.50,1545.22,3029.88
1500.00,4987.50,1558.45,3029.62
1525.00,4987.50,1583.71,3029.89
1537.50,4987.50,1596.76,3029.06
1587.50,4987.50,1646.45,3028.70
1600.00,4987.50,1658.57,3028.26
1612.50,4987.50,1671.55,3027.57
1637.50,4987.50,1695.47,3028.49
1650.00,4987.50,1708.68,3028.04
1675.00,4987.50,1734.11,3027.06
1687.50,4987.50,1746.94,3026.93
1712.50,4987.50,1771.60,3027.82
1737.50,4987.50,1796.13,3026.95
1750.00,4987.50,1809.00,3027.72
1762.50,4987.50,1821.04,3027.63
1787.50,4987.50,1845.87,3027.31
1800.00,4987.50,1859.20,3026.44
1825.00,4987.50,1883.55,3026.78
1837.50,4987.50,1896.41,3026.68
1862.50,4987.50,1921.38,3025.98
1875.00,4987.50,1933.69,3026.03
1900.00,4987.50,1959.05,3025.90
1912.50,4987.50,1971.78,3025.77
1937.50,4987.50,1995.90,3025.83
1950.00,4987.50,2008.76,3025.87
1325.00,5025.00,1383.37,3068.21
725.00,5187.50,783.30,3234.71
862.50,5187.50,920.69,3233.11
900.00,5187.50,958.51,3233.73
950.00,5187.50,1008.64,3233.11
962.50,5187.50,1021.30,3233.03
837.50,5200.00,897.25,3245.97
862.50,5200.00,920.70,3246.52
875.00,5200.00,933.53,3246.33
987.50,5200.00,1046.24,3245.39
1287.50,5212.50,1346.20,3255.69
1300.00,5212.50,1360.02,3254.04
900.00,5225.00,958.44,3270.89
937.50,5225.00,995.24,3270.91
975.00,5225.00,1032.71,3270.29
1287.50,5225.00,1345.89,3267.67
1062.50,5362.50,1120.93,3405.14
1237.50,5412.50,1296.81,3454.62
1400.00,5000.00,1457.22,3041.87
1412.50,5000.00,1469.23,3041.05
1437.50,5000.00,1494.34,3040.46
1450.00,5000.00,1507.91,3040.89
1475.00,5000.00,1533.70,3042.41
1525.00,5000.00,1584.54,3041.40
1587.50,5000.00,1646.68,3041.16
1637.50,5000.00,1696.18,3040.33
1662.50,5000.00,1720.96,3040.01
1675.00,5000.00,1733.25,3040.45
1700.00,5000.00,1758.75,3040.11
1737.50,5000.00,1796.55,3039.87
1750.00,5000.00,1808.61,3039.81
1775.00,5000.00,1834.00,3039.77
1812.50,5000.00,1871.35,3039.50
1825.00,5000.00,1883.80,3039.65
1862.50,5000.00,1920.94,3039.94
1887.50,5000.00,1946.27,3038.61
1412.50,5025.00,1471.20,3068.13
1625.00,5025.00,1684.19,3065.59
1712.50,5025.00,1771.45,3064.21
1737.50,5025.00,1796.52,3063.63
1750.00,5025.00,1808.16,3064.14
1775.00,5025.00,1834.55,3063.79
1787.50,5025.00,1845.94,3063.89
1812.50,5025.00,1871.26,3064.00
1825.00,5025.00,1883.12,3063.91
1850.00,5025.00,1908.59,3063.66
1862.50,5025.00,1921.55,3063.68
1637.50,5037.50,1697.05,3077.06
1700.00,5037.50,1759.33,3076.82
1712.50,5037.50,1770.51,3077.29
1737.50,5037.50,1795.80,3077.50
1750.00,5037.50,1808.83,3077.27
1775.00,5037.50,1833.24,3077.57
1812.50,5037.50,1870.28,3076.93
1825.00,5050.00,1882.69,3088.04
1850.00,5050.00,1909.33,3088.15
1862.50,5050.00,1920.59,3088.24
1887.50,5050.00,1945.87,3088.14
1900.00,5050.00,1959.00,3088.63
1675.00,5062.50,1734.75,3102.01
1700.00,5062.50,1759.54,3101.84
1712.50,5062.50,1771.96,3102.09
1787.50,5062.50,1845.66,3100.86
1812.50,5062.50,1871.25,3100.74
1825.00,5062.50,1882.89,3100.95
1850.00,5062.50,1909.29,3101.20
1862.50,5062.50,1920.91,3101.14
1887.50,5062.50,1945.82,3101.08
1900.00,5062.50,1958.25,3101.27
1675.00,5075.00,1733.41,3115.00
1700.00,5075.00,1759.27,3114.88
1812.50,5075.00,1871.13,3114.37
1825.00,5075.00,1883.78,3113.54
1850.00,5075.00,1909.11,3113.53
1662.50,5087.50,1721.61,3127.76
1750.00,5087.50,1809.14,3126.74
1775.00,5087.50,1833.26,3126.23
1787.50,5087.50,1845.44,3126.98
1550.00,5100.00,1607.80,3140.07
1625.00,5100.00,1684.98,3139.69
1637.50,5100.00,1696.02,3140.84
1675.00,5100.00,1734.42,3139.96
1750.00,5100.00,1809.74,3138.99
1775.00,5100.00,1834.00,3138.91
1787.50,5100.00,1845.87,3138.51
1825.00,5100.00,1883.57,3139.00
1900.00,5100.00,1958.83,3138.59
1625.00,5112.50,1684.89,3152.38
1662.50,5112.50,1722.02,3152.40
1712.50,5112.50,1771.14,3151.82
1737.50,5112.50,1795.66,3152.35
1750.00,5112.50,1808.86,3151.62
1775.00,5112.50,1834.11,3151.62
1787.50,5112.50,1846.65,3151.89
1825.00,5112.50,1883.25,3152.12
1637.50,5125.00,1695.17,3164.46
1675.00,5125.00,1733.24,3163.67
1850.00,5125.00,1909.35,3163.64
1862.50,5125.00,1921.51,3163.89
1412.50,5137.50,1471.51,3179.74
1437.50,5137.50,1495.18,3178.54
1450.00,5137.50,1508.74,3175.21
1512.50,5137.50,1569.02,3178.69
1625.00,5137.50,1684.06,3176.24
1637.50,5137.50,1695.16,3176.34
1662.50,5137.50,1720.29,3176.72
1675.00,5137.50,1732.89,3176.21
1700.00,5137.50,1759.18,3176.38
1712.50,5137.50,1770.84,3176.55
1737.50,5137.50,1796.96,3176.20
1750.00,5137.50,1808.41,3176.23
1775.00,5137.50,1833.42,3175.98
1825.00,5137.50,1884.20,3176.26
1850.00,5137.50,1908.71,3176.28
1862.50,5137.50,1921.40,3176.02
1412.50,5150.00,1471.56,3190.88
1437.50,5150.00,1494.62,3192.37
1475.00,5150.00,1532.22,3191.81
1562.50,5150.00,1620.62,3190.43
1662.50,5150.00,1720.53,3189.34
1675.00,5150.00,1732.73,3189.72
1700.00,5150.00,1758.55,3189.48
1737.50,5150.00,1796.04,3188.88
1750.00,5150.00,1808.26,3188.79
1637.50,5162.50,1696.06,3200.75
1712.50,5162.50,1771.10,3200.55
1787.50,5162.50,1846.50,3200.77
1825.00,5162.50,1884.00,3201.05
1400.00,5175.00,1459.63,3216.85
1412.50,5175.00,1472.22,3215.99
1450.00,5175.00,1509.08,3216.36
1512.50,5175.00,1572.13,3214.35
1525.00,5175.00,1584.00,3214.66
1550.00,5175.00,1609.20,3214.21
1637.50,5175.00,1695.82,3213.94
1662.50,5175.00,1720.10,3213.52
1675.00,5175.00,1732.84,3213.01
1700.00,5175.00,1758.18,3213.59
1712.50,5175.00,1770.86,3213.68
1737.50,5175.00,1796.76,3213.97
1750.00,5175.00,1808.66,3213.65
1787.50,5175.00,1846.26,3213.31
1400.00,5187.50,1460.52,3227.82
1412.50,5187.50,1472.31,3227.79
1437.50,5187.50,1497.26,3228.11
1450.00,5187.50,1509.49,3227.84
1475.00,5187.50,1533.00,3228.38
1487.50,5187.50,1546.09,3228.18
1550.00,5187.50,1609.25,3228.39
1662.50,5187.50,1720.29,3226.66
1700.00,5187.50,1758.56,3226.67
1775.00,5187.50,1834.30,3226.54
1625.00,5200.00,1683.91,3237.41
1637.50,5200.00,1695.62,3238.16
1675.00,5200.00,1732.71,3238.36
1712.50,5200.00,1771.50,3239.07
1737.50,5200.00,1796.91,3237.76
1750.00,5200.00,1808.35,3238.05
1787.50,5200.00,1846.74,3238.58
1862.50,5200.00,1922.09,3237.85
1412.50,5212.50,1472.11,3253.60
1437.50,5212.50,1497.13,3253.15
1450.00,5212.50,1507.87,3254.60
1550.00,5212.50,1609.58,3251.71
1562.50,5212.50,1621.44,3251.58
1612.50,5212.50,1671.04,3251.02
1625.00,5212.50,1681.98,3250.91
1637.50,5212.50,1695.31,3250.65
1662.50,5212.50,1720.73,3251.17
1675.00,5212.50,1732.31,3251.09
1700.00,5212.50,1757.88,3251.11
1712.50,5212.50,1771.22,3250.77
1737.50,5212.50,1797.21,3251.04
1750.00,5212.50,1808.56,3250.99
1775.00,5212.50,1834.04,3251.55
1812.50,5212.50,1871.86,3250.84
1825.00,5212.50,1883.67,3251.51
1412.50,5225.00,1471.56,3265.56
1437.50,5225.00,1496.94,3266.12
1450.00,5225.00,1508.21,3265.40
1475.00,5225.00,1534.03,3265.55
1512.50,5225.00,1570.79,3265.30
1525.00,5225.00,1584.56,3264.54
1550.00,5225.00,1609.35,3264.73
1600.00,5225.00,1658.29,3264.61
1637.50,5225.00,1695.35,3264.32
1662.50,5225.00,1720.44,3264.01
1675.00,5225.00,1732.25,3264.10
1825.00,5225.00,1884.33,3263.44
1625.00,5237.50,1682.20,3275.84
1700.00,5237.50,1759.18,3275.98
1712.50,5237.50,1771.79,3275.45
1750.00,5237.50,1809.54,3275.54
1775.00,5237.50,1834.01,3275.42
1787.50,5237.50,1845.63,3275.33
1812.50,5237.50,1872.56,3274.98
1437.50,5250.00,1496.14,3290.55
1475.00,5250.00,1534.03,3289.38
1487.50,5250.00,1545.34,3289.22
1512.50,5250.00,1571.07,3288.57
1525.00,5250.00,1584.44,3288.78
1550.00,5250.00,1608.76,3289.43
1562.50,5250.00,1621.86,3288.57
1587.50,5250.00,1646.87,3288.95
1625.00,5250.00,1682.98,3288.32
1637.50,5250.00,1695.50,3288.38
1662.50,5250.00,1720.02,3288.07
1675.00,5250.00,1732.83,3288.28
1700.00,5250.00,1758.72,3288.20
1712.50,5250.00,1770.41,3288.34
1737.50,5250.00,1796.05,3288.39
1750.00,5250.00,1807.95,3288.34
1775.00,5250.00,1834.11,3287.59
1787.50,5250.00,1845.38,3288.01
1812.50,5250.00,1872.15,3288.05
1825.00,5250.00,1883.24,3288.40
1462.50,5262.50,1521.31,3302.37
1475.00,5262.50,1532.79,3302.33
1487.50,5262.50,1545.91,3302.37
1512.50,5262.50,1571.11,3302.22
1525.00,5262.50,1582.83,3302.52
1587.50,5262.50,1646.17,3301.86
1700.00,5262.50,1757.35,3300.30
1712.50,5262.50,1770.92,3300.78
1862.50,5262.50,1921.35,3300.77
1550.00,5275.00,1607.75,3312.47
1625.00,5275.00,1685.40,3312.36
1637.50,5275.00,1695.52,3312.32
1662.50,5275.00,1721.27,3312.47
1675.00,5275.00,1733.30,3312.18
1737.50,5275.00,1795.54,3312.03
1750.00,5275.00,1807.54,3312.03
1775.00,5275.00,1834.26,3311.93
1787.50,5275.00,1845.59,3312.40
1812.50,5275.00,1871.74,3312.58
1825.00,5275.00,1882.67,3312.16
1850.00,5275.00,1910.02,3312.08
1887.50,5275.00,1947.03,3311.97
1900.00,5275.00,1958.98,3312.48
1962.50,5275.00,2021.63,3312.08
1450.00,5287.50,1508.83,3326.31
1475.00,5287.50,1533.84,3326.27
1487.50,5287.50,1545.18,3326.80
1512.50,5287.50,1570.69,3326.19
1525.00,5287.50,1582.82,3326.36
1550.00,5287.50,1609.51,3323.71
1600.00,5287.50,1659.43,3324.80
1625.00,5287.50,1683.76,3325.80
1637.50,5287.50,1695.09,3325.41
1662.50,5287.50,1720.52,3325.47
1675.00,5287.50,1732.90,3325.39
1700.00,5287.50,1758.40,3325.36
1712.50,5287.50,1770.66,3325.02
1737.50,5287.50,1793.95,3324.78
1750.00,5287.50,1808.41,3324.54
1775.00,5287.50,1834.19,3324.60
1787.50,5287.50,1845.76,3325.30
1812.50,5287.50,1869.97,3324.59
1825.00,5287.50,1882.66,3324.99
1850.00,5287.50,1909.08,3324.93
1862.50,5287.50,1920.97,3324.90
1887.50,5287.50,1947.00,3324.68
1900.00,5287.50,1959.40,3324.09
1937.50,5287.50,1996.54,3324.16
1975.00,5287.50,2034.04,3324.36
2225.00,5287.50,2283.12,3320.91
2237.50,5287.50,2295.50,3321.43
1475.00,5300.00,1534.14,3339.59
1587.50,5312.50,1645.34,3348.99
1600.00,5312.50,1658.00,3349.14
1625.00,5312.50,1681.38,3349.50
1637.50,5312.50,1694.50,3349.50
1662.50,5312.50,1719.30,3349.17
1675.00,5312.50,1732.77,3349.35
1700.00,5312.50,1758.34,3348.99
1712.50,5312.50,1770.18,3349.38
1737.50,5312.50,1794.59,3349.29
1750.00,5312.50,1807.47,3349.40
1775.00,5312.50,1833.49,3349.02
1787.50,5312.50,1845.01,3349.18
1812.50,5312.50,1871.53,3348.80
1825.00,5312.50,1883.63,3348.54
1850.00,5312.50,1908.49,3348.94
1862.50,5312.50,1920.46,3349.09
1887.50,5312.50,1947.02,3348.98
1900.00,5312.50,1959.04,3349.27
1925.00,5312.50,1984.08,3348.83
1937.50,5312.50,1995.72,3348.67
1962.50,5312.50,2021.55,3348.77
1975.00,5312.50,2033.00,3348.90
2000.00,5312.50,2059.14,3348.63
2037.50,5312.50,2095.87,3348.74
2050.00,5312.50,2108.08,3348.80
2075.00,5312.50,2133.62,3347.03
2087.50,5312.50,2145.22,3348.00
2187.50,5312.50,2244.97,3345.54
2200.00,5312.50,2258.05,3345.50
2237.50,5312.50,2295.65,3345.50
1600.00,5325.00,1657.39,3361.91
1625.00,5325.00,1681.75,3362.17
1637.50,5325.00,1695.02,3362.33
1662.50,5325.00,1719.82,3362.20
1675.00,5325.00,1732.64,3362.22
1700.00,5325.00,1758.05,3361.49
1712.50,5325.00,1770.16,3362.24
1737.50,5325.00,1795.19,3361.93
1750.00,5325.00,1807.44,3361.85
1775.00,5325.00,1833.14,3361.36
1787.50,5325.00,1845.61,3361.31
1812.50,5325.00,1871.72,3360.40
1825.00,5325.00,1883.93,3360.52
1850.00,5325.00,1907.90,3361.18
1862.50,5325.00,1919.78,3360.42
1887.50,5325.00,1945.69,3359.95
1900.00,5325.00,1958.74,3360.61
1925.00,5325.00,1985.30,3360.16
1937.50,5325.00,1996.51,3359.44
1962.50,5325.00,2021.54,3359.51
1975.00,5325.00,2032.83,3359.28
2000.00,5325.00,2057.63,3359.01
2012.50,5325.00,2070.47,3359.08
2037.50,5325.00,2096.06,3359.37
2050.00,5325.00,2107.91,3359.80
2075.00,5325.00,2132.41,3359.34
2087.50,5325.00,2145.16,3359.57
2112.50,5325.00,2170.25,3359.19
2200.00,5325.00,2257.44,3358.64
2275.00,5325.00,2332.76,3358.85
1625.00,5337.50,1681.95,3373.81
2162.50,5337.50,2220.73,3370.76
2187.50,5337.50,2244.73,3370.11
2225.00,5337.50,2282.64,3370.64
2237.50,5337.50,2296.19,3369.84
2312.50,5337.50,2370.21,3369.87
1600.00,5350.00,1657.86,3386.52
1637.50,5350.00,1695.23,3386.83
1662.50,5350.00,1721.10,3386.06
1675.00,5350.00,1733.49,3386.18
1700.00,5350.00,1757.71,3386.20
1712.50,5350.00,1769.71,3386.18
1737.50,5350.00,1794.14,3386.17
1750.00,5350.00,1808.36,3385.68
1775.00,5350.00,1832.39,3386.23
1787.50,5350.00,1845.93,3385.53
1812.50,5350.00,1869.66,3385.47
1825.00,5350.00,1882.71,3384.64
1850.00,5350.00,1906.78,3385.89
1862.50,5350.00,1919.97,3384.34
1887.50,5350.00,1945.40,3384.22
1900.00,5350.00,1957.64,3383.74
1925.00,5350.00,1983.07,3383.13
1937.50,5350.00,1996.54,3383.36
1962.50,5350.00,2019.39,3383.03
1975.00,5350.00,2032.34,3382.90
2000.00,5350.00,2057.40,3383.39
2012.50,5350.00,2070.07,3382.79
2037.50,5350.00,2094.83,3384.14
2050.00,5350.00,2107.66,3383.40
2075.00,5350.00,2131.63,3384.09
2087.50,5350.00,2145.12,3383.10
2112.50,5350.00,2170.03,3382.90
2125.00,5350.00,2183.23,3382.98
2150.00,5350.00,2208.79,3382.88
2175.00,5350.00,2233.12,3382.66
2187.50,5350.00,2244.15,3382.26
2200.00,5350.00,2257.97,3382.15
2225.00,5350.00,2282.24,3381.98
2237.50,5350.00,2295.53,3381.84
2262.50,5350.00,2320.03,3381.71
2300.00,5350.00,2357.36,3381.87
2375.00,5350.00,2431.72,3381.59
2400.00,5350.00,2457.07,3381.26
2412.50,5350.00,2469.29,3380.99
2437.50,5350.00,2492.95,3383.35
2450.00,5350.00,2506.34,3382.33
2487.50,5350.00,2543.90,3381.09
2562.50,5350.00,2618.57,3379.31
1587.50,5362.50,1644.66,3399.98
1600.00,5362.50,1657.45,3400.28
1625.00,5362.50,1681.75,3399.24
1650.00,5362.50,1705.93,3400.47
1662.50,5362.50,1720.04,3399.59
1675.00,5362.50,1733.95,3399.54
1700.00,5362.50,1756.77,3397.58
1712.50,5362.50,1769.63,3397.35
1737.50,5362.50,1794.98,3397.87
1750.00,5362.50,1808.08,3397.19
1775.00,5362.50,1831.87,3397.30
1787.50,5362.50,1845.59,3397.30
1812.50,5362.50,1868.97,3396.40
1825.00,5362.50,1882.70,3396.26
1850.00,5362.50,1907.45,3396.49
1862.50,5362.50,1920.39,3396.70
1887.50,5362.50,1944.75,3396.67
1900.00,5362.50,1957.33,3396.36
1925.00,5362.50,1983.27,3396.54
1937.50,5362.50,1995.81,3396.46
1962.50,5362.50,2019.04,3395.85
2000.00,5362.50,2056.46,3396.12
2037.50,5362.50,2094.85,3395.72
2050.00,5362.50,2107.61,3395.98
2075.00,5362.50,2133.21,3396.37
2087.50,5362.50,2144.28,3396.33
2112.50,5362.50,2169.45,3395.64
2275.00,5362.50,2333.68,3394.68
1975.00,5375.00,2031.17,3407.58
2012.50,5375.00,2069.91,3407.47
2300.00,5375.00,2357.59,3404.68
2312.50,5375.00,2370.33,3404.48
2337.50,5375.00,2393.61,3405.03
2362.50,5375.00,2417.04,3405.33
2375.00,5375.00,2429.44,3404.69
2400.00,5375.00,2454.82,3404.56
2412.50,5375.00,2468.41,3404.09
2425.00,5375.00,2481.47,3404.77
2450.00,5375.00,2506.21,3404.93
2462.50,5375.00,2519.34,3404.87
2487.50,5375.00,2543.62,3405.28
2512.50,5375.00,2567.84,3404.82
2525.00,5375.00,2580.60,3404.90
2562.50,5375.00,2618.20,3405.11
1562.50,5387.50,1621.49,3424.33
1587.50,5387.50,1644.92,3423.98
1600.00,5387.50,1658.12,3424.40
1625.00,5387.50,1682.20,3423.84
1637.50,5387.50,1695.46,3423.48
1662.50,5387.50,1721.38,3425.75
1700.00,5387.50,1757.78,3423.28
1712.50,5387.50,1769.99,3423.65
1737.50,5387.50,1795.99,3422.87
1750.00,5387.50,1809.65,3421.64
1775.00,5387.50,1831.50,3421.15
1787.50,5387.50,1845.39,3421.69
1812.50,5387.50,1869.55,3420.82
1825.00,5387.50,1881.38,3421.13
1850.00,5387.50,1906.42,3420.53
1862.50,5387.50,1919.28,3420.60
1887.50,5387.50,1943.64,3421.09
1900.00,5387.50,1957.02,3421.30
1925.00,5387.50,1981.93,3420.13
1937.50,5387.50,1994.88,3419.65
1962.50,5387.50,2018.81,3420.13
1975.00,5387.50,2031.59,3419.89
2000.00,5387.50,2056.29,3420.10
2012.50,5387.50,2069.87,3420.21
2037.50,5387.50,2093.99,3420.38
2050.00,5387.50,2107.79,3420.20
2075.00,5387.50,2132.90,3420.00
2087.50,5387.50,2145.21,3420.00
2337.50,5387.50,2393.27,3415.49
2362.50,5387.50,2416.72,3415.67
2375.00,5387.50,2430.01,3415.50
2400.00,5387.50,2454.90,3416.53
2412.50,5387.50,2467.77,3416.86
2425.00,5387.50,2480.68,3416.99
2450.00,5387.50,2505.79,3416.73
2462.50,5387.50,2517.93,3417.53
2487.50,5387.50,2543.70,3416.69
2512.50,5387.50,2568.61,3416.84
2525.00,5387.50,2580.79,3417.65
2537.50,5387.50,2594.11,3416.45
2562.50,5387.50,2618.32,3416.80
1562.50,5400.00,1622.60,3437.70
1587.50,5400.00,1645.10,3437.84
1600.00,5400.00,1657.49,3437.34
1625.00,5400.00,1682.40,3436.66
1637.50,5400.00,1695.78,3436.68
1662.50,5400.00,1719.60,3439.34
1675.00,5400.00,1734.49,3436.45
1700.00,5400.00,1757.00,3435.08
1712.50,5400.00,1770.18,3434.82
1737.50,5400.00,1794.97,3435.49
1750.00,5400.00,1808.06,3433.81
1775.00,5400.00,1832.03,3433.71
1787.50,5400.00,1846.12,3434.46
1812.50,5400.00,1869.15,3434.22
1825.00,5400.00,1881.76,3433.70
1850.00,5400.00,1906.20,3433.66
1862.50,5400.00,1919.16,3433.86
1887.50,5400.00,1943.24,3433.71
1900.00,5400.00,1957.43,3433.93
1925.00,5400.00,1981.09,3433.77
1937.50,5400.00,1994.57,3433.81
1962.50,5400.00,2019.38,3432.54
2000.00,5400.00,2058.19,3433.46
2012.50,5400.00,2070.75,3433.39
2037.50,5400.00,2093.91,3433.62
2050.00,5400.00,2107.33,3433.53
2075.00,5400.00,2131.84,3433.46
1975.00,5412.50,2032.43,3446.07
2112.50,5412.50,2168.55,3441.76
2337.50,5412.50,2393.23,3441.47
2362.50,5412.50,2417.06,3439.78
2375.00,5412.50,2429.45,3440.52
2400.00,5412.50,2454.72,3440.65
2412.50,5412.50,2467.74,3439.52
2437.50,5412.50,2492.09,3441.31
2450.00,5412.50,2505.54,3440.12
2462.50,5412.50,2518.20,3440.88
2487.50,5412.50,2542.73,3441.02
2512.50,5412.50,2567.85,3442.15
2525.00,5412.50,2580.35,3440.84
2550.00,5412.50,2605.23,3440.75
2562.50,5412.50,2618.33,3441.21
2587.50,5412.50,2642.58,3440.51
1587.50,5425.00,1647.26,3461.48
1600.00,5425.00,1659.64,3460.45
1625.00,5425.00,1683.82,3461.96
1637.50,5425.00,1697.39,3460.77
1662.50,5425.00,1720.55,3460.89
1675.00,5425.00,1732.59,3460.45
1700.00,5425.00,1756.50,3460.17
1712.50,5425.00,1769.67,3460.00
1737.50,5425.00,1793.84,3460.06
1750.00,5425.00,1806.86,3459.13
1775.00,5425.00,1831.88,3458.67
1787.50,5425.00,1844.60,3457.89
1812.50,5425.00,1869.21,3458.59
1825.00,5425.00,1882.62,3457.81
1850.00,5425.00,1906.53,3457.75
1862.50,5425.00,1919.78,3457.80
1887.50,5425.00,1944.70,3458.14
1900.00,5425.00,1957.34,3458.26
1925.00,5425.00,1982.02,3458.41
1937.50,5425.00,1994.70,3457.96
1962.50,5425.00,2020.09,3457.52
1975.00,5425.00,2032.59,3457.15
2000.00,5425.00,2056.37,3457.25
2012.50,5425.00,2070.44,3456.98
2112.50,5425.00,2169.28,3455.41
2337.50,5425.00,2390.81,3452.51
2362.50,5425.00,2415.93,3452.10
2375.00,5425.00,2428.59,3452.22
2400.00,5425.00,2453.94,3452.56
2412.50,5425.00,2467.12,3452.46
2437.50,5425.00,2491.73,3452.77
2450.00,5425.00,2504.74,3452.98
2475.00,5425.00,2529.99,3452.47
2487.50,5425.00,2543.05,3452.45
2512.50,5425.00,2567.67,3452.80
2525.00,5425.00,2580.81,3452.99
2550.00,5425.00,2604.75,3453.25
2562.50,5425.00,2617.81,3453.00
2575.00,5425.00,2630.60,3452.72
1550.00,5437.50,1608.94,3475.57
1562.50,5437.50,1621.68,3475.19
1600.00,5437.50,1660.84,3472.93
1625.00,5437.50,1685.23,3472.38
1637.50,5437.50,1696.01,3473.58
1662.50,5437.50,1720.16,3472.96
1675.00,5437.50,1732.74,3472.39
1700.00,5437.50,1756.44,3472.15
1712.50,5437.50,1770.06,3472.06
1737.50,5437.50,1794.09,3472.09
1750.00,5437.50,1807.85,3471.87
1775.00,5437.50,1831.89,3471.23
1787.50,5437.50,1844.94,3471.42
1812.50,5437.50,1871.25,3471.21
1825.00,5437.50,1882.49,3470.44
1850.00,5437.50,1906.89,3471.27
1862.50,5437.50,1919.72,3471.11
1887.50,5437.50,1943.94,3471.58
1900.00,5437.50,1957.43,3471.33
1925.00,5437.50,1982.19,3471.41
1962.50,5437.50,2019.56,3471.08
1975.00,5437.50,2032.33,3470.68
2000.00,5437.50,2058.15,3472.61
1937.50,5450.00,1995.12,3483.65
2300.00,5450.00,2353.18,3476.52
2325.00,5450.00,2378.20,3476.81
2337.50,5450.00,2391.57,3476.61
2362.50,5450.00,2416.33,3476.24
2375.00,5450.00,2428.02,3476.01
2400.00,5450.00,2453.47,3476.96
2412.50,5450.00,2465.27,3476.22
2437.50,5450.00,2490.53,3476.35
2450.00,5450.00,2502.87,3477.41
2475.00,5450.00,2528.83,3476.84
2487.50,5450.00,2541.09,3476.78
2512.50,5450.00,2567.05,3476.26
2525.00,5450.00,2579.91,3476.42
2550.00,5450.00,2604.72,3477.47
2562.50,5450.00,2618.00,3476.80
2587.50,5450.00,2641.86,3476.16
1600.00,5462.50,1660.80,3497.08
1625.00,5462.50,1683.99,3498.75
1637.50,5462.50,1696.55,3498.99
1662.50,5462.50,1720.21,3497.69
1675.00,5462.50,1732.73,3497.39
1700.00,5462.50,1757.20,3498.16
1712.50,5462.50,1769.51,3498.50
1737.50,5462.50,1795.01,3498.23
1750.00,5462.50,1808.19,3497.80
1775.00,5462.50,1832.15,3498.20
1787.50,5462.50,1845.67,3497.09
1812.50,5462.50,1872.87,3496.71
1825.00,5462.50,1883.60,3497.55
1850.00,5462.50,1907.12,3496.01
1862.50,5462.50,1919.95,3496.30
1887.50,5462.50,1945.54,3496.59
1900.00,5462.50,1959.23,3496.66
1925.00,5462.50,1985.27,3495.64
1950.00,5462.50,2005.11,3494.84
1962.50,5462.50,2021.37,3495.47
2287.50,5462.50,2341.68,3489.84
2300.00,5462.50,2352.61,3489.88
2325.00,5462.50,2377.79,3489.52
2337.50,5462.50,2389.94,3489.43
2362.50,5462.50,2415.55,3489.60
2400.00,5462.50,2453.39,3489.08
2412.50,5462.50,2465.22,3489.01
2450.00,5462.50,2502.83,3489.48
2475.00,5462.50,2529.01,3488.71
2487.50,5462.50,2541.49,3488.87
2550.00,5462.50,2604.25,3489.56
2562.50,5462.50,2616.89,3489.79
2587.50,5462.50,2641.88,3489.93
1600.00,5475.00,1658.81,3511.05
1625.00,5475.00,1683.94,3510.51
1637.50,5475.00,1696.93,3511.10
1662.50,5475.00,1720.32,3510.79
1675.00,5475.00,1732.91,3511.40
1700.00,5475.00,1757.39,3510.55
1712.50,5475.00,1770.30,3510.59
1737.50,5475.00,1796.03,3509.78
1750.00,5475.00,1807.66,3509.63
1775.00,5475.00,1833.26,3509.76
1787.50,5475.00,1845.18,3509.20
1812.50,5475.00,1871.02,3509.49
1825.00,5475.00,1883.21,3510.15
1850.00,5475.00,1907.92,3509.12
1862.50,5475.00,1919.55,3509.79
1887.50,5475.00,1947.60,3508.89
2437.50,5475.00,2490.40,3500.17
2512.50,5475.00,2565.58,3499.80
2525.00,5475.00,2577.50,3500.03
1900.00,5487.50,1958.17,3521.70
1925.00,5487.50,1981.36,3518.60
2262.50,5487.50,2316.73,3514.77
2287.50,5487.50,2341.58,3514.16
2300.00,5487.50,2352.84,3514.14
2325.00,5487.50,2378.09,3513.56
2337.50,5487.50,2390.32,3513.74
2362.50,5487.50,2416.16,3514.03
2375.00,5487.50,2429.25,3514.31
2400.00,5487.50,2453.79,3513.55
2437.50,5487.50,2489.00,3513.47
2450.00,5487.50,2502.06,3513.13
2475.00,5487.50,2528.36,3512.47
2487.50,5487.50,2540.72,3512.43
2512.50,5487.50,2566.02,3512.71
2525.00,5487.50,2577.31,3513.33
2550.00,5487.50,2603.92,3514.06
2562.50,5487.50,2615.26,3513.72
2587.50,5487.50,2641.52,3513.89
1600.00,5500.00,1658.09,3536.47
1625.00,5500.00,1683.73,3536.86
1637.50,5500.00,1695.21,3535.95
1662.50,5500.00,1720.14,3535.71
1675.00,5500.00,1732.67,3536.10
1700.00,5500.00,1757.05,3536.20
1712.50,5500.00,1770.47,3536.08
1737.50,5500.00,1794.84,3536.52
1750.00,5500.00,1807.81,3535.59
1775.00,5500.00,1833.28,3535.35
1787.50,5500.00,1845.61,3535.09
1812.50,5500.00,1869.33,3536.33
1825.00,5500.00,1883.50,3536.46
1850.00,5500.00,1908.21,3533.91
1862.50,5500.00,1922.26,3533.59
1887.50,5500.00,1947.64,3532.47
2262.50,5500.00,2315.48,3527.47
2287.50,5500.00,2340.82,3527.26
2300.00,5500.00,2352.86,3526.75
2325.00,5500.00,2378.22,3526.73
2337.50,5500.00,2390.56,3527.11
2362.50,5500.00,2416.87,3526.53
2375.00,5500.00,2430.26,3526.67
2400.00,5500.00,2452.52,3525.96
2550.00,5500.00,2603.96,3525.70
2587.50,5500.00,2641.61,3527.37
1625.00,5512.50,1683.47,3548.24
1637.50,5512.50,1695.85,3549.25
1662.50,5512.50,1719.38,3549.25
1675.00,5512.50,1732.89,3548.34
1700.00,5512.50,1757.85,3548.65
1712.50,5512.50,1770.51,3547.49
1737.50,5512.50,1795.98,3547.01
1750.00,5512.50,1808.01,3547.10
1775.00,5512.50,1834.01,3547.01
1787.50,5512.50,1845.54,3546.34
1812.50,5512.50,1872.51,3547.09
1825.00,5512.50,1885.68,3547.49
2250.00,5512.50,2304.10,3538.86
2475.00,5512.50,2528.86,3537.23
2487.50,5512.50,2540.76,3537.49
2512.50,5512.50,2566.28,3537.27
2562.50,5512.50,2615.89,3538.08
1775.00,5525.00,1833.78,3560.48
2225.00,5525.00,2281.45,3552.91
2250.00,5525.00,2303.68,3551.62
2262.50,5525.00,2315.41,3551.22
2300.00,5525.00,2355.19,3550.47
2325.00,5525.00,2378.91,3551.01
2337.50,5525.00,2391.85,3551.16
2362.50,5525.00,2416.99,3551.31
2375.00,5525.00,2429.88,3550.37
2400.00,5525.00,2453.67,3550.77
2437.50,5525.00,2490.44,3550.88
2450.00,5525.00,2504.14,3550.51
2475.00,5525.00,2528.79,3550.52
2487.50,5525.00,2541.07,3550.59
2512.50,5525.00,2566.34,3550.60
2525.00,5525.00,2577.83,3550.98
2550.00,5525.00,2603.88,3550.89
2562.50,5525.00,2616.11,3551.35
2587.50,5525.00,2642.27,3550.98
1625.00,5537.50,1681.75,3573.54
1637.50,5537.50,1694.77,3572.93
1662.50,5537.50,1720.59,3573.30
1675.00,5537.50,1732.95,3572.91
1700.00,5537.50,1757.99,3571.71
1712.50,5537.50,1770.43,3572.17
1737.50,5537.50,1795.86,3573.01
1750.00,5537.50,1808.00,3573.52
1787.50,5537.50,1846.18,3572.25
1800.00,5537.50,1860.97,3570.93
1825.00,5537.50,1884.96,3570.79
2212.50,5537.50,2268.22,3564.68
2250.00,5537.50,2303.21,3564.94
2287.50,5537.50,2340.62,3564.29
2325.00,5537.50,2378.22,3564.57
2337.50,5537.50,2391.77,3564.76
2375.00,5537.50,2428.93,3563.57
1637.50,5550.00,1695.17,3584.50
1662.50,5550.00,1719.92,3584.55
1675.00,5550.00,1732.45,3584.54
1700.00,5550.00,1757.12,3584.15
1712.50,5550.00,1770.12,3584.11
1737.50,5550.00,1795.82,3584.14
1750.00,5550.00,1807.89,3584.23
1775.00,5550.00,1831.49,3584.44
1787.50,5550.00,1845.31,3584.00
1812.50,5550.00,1872.26,3584.07
1825.00,5550.00,1883.19,3584.07
2262.50,5550.00,2316.44,3575.78
2400.00,5550.00,2454.09,3574.84
2412.50,5550.00,2465.44,3575.24
2437.50,5550.00,2491.53,3575.43
2450.00,5550.00,2503.28,3575.55
2475.00,5550.00,2529.39,3574.43
2487.50,5550.00,2541.85,3574.65
2512.50,5550.00,2566.15,3575.34
2525.00,5550.00,2578.90,3575.27
2550.00,5550.00,2604.14,3574.88
2562.50,5550.00,2616.93,3576.07
2587.50,5550.00,2642.24,3576.59
2150.00,5562.50,2204.91,3590.45
2175.00,5562.50,2227.54,3590.86
2187.50,5562.50,2241.69,3589.26
2212.50,5562.50,2266.81,3588.99
2225.00,5562.50,2279.29,3588.62
2250.00,5562.50,2304.20,3588.73
2262.50,5562.50,2316.37,3589.20
2287.50,5562.50,2341.34,3588.62
2300.00,5562.50,2353.66,3588.82
2325.00,5562.50,2379.09,3588.66
2337.50,5562.50,2391.75,3588.57
2362.50,5562.50,2416.39,3588.42
2375.00,5562.50,2428.64,3588.48
2400.00,5562.50,2453.70,3588.69
2412.50,5562.50,2466.30,3588.43
2437.50,5562.50,2491.53,3588.56
2450.00,5562.50,2504.02,3588.64
2475.00,5562.50,2529.30,3588.44
2487.50,5562.50,2541.33,3587.47
2512.50,5562.50,2566.76,3588.21
2525.00,5562.50,2578.69,3588.06
2550.00,5562.50,2603.91,3587.69
2562.50,5562.50,2617.78,3588.49
2587.50,5562.50,2642.51,3588.55
1637.50,5575.00,1696.61,3608.73
1662.50,5575.00,1718.87,3608.32
1675.00,5575.00,1731.62,3608.00
1700.00,5575.00,1756.66,3609.04
1712.50,5575.00,1769.72,3608.37
1737.50,5575.00,1794.58,3609.70
1750.00,5575.00,1807.49,3609.59
1775.00,5575.00,1833.89,3608.39
1787.50,5575.00,1847.23,3608.18
1812.50,5575.00,1869.69,3607.55
1825.00,5575.00,1885.32,3606.46
2000.00,5575.00,2058.73,3606.74
2012.50,5575.00,2069.77,3606.39
2175.00,5575.00,2229.60,3603.00
2187.50,5575.00,2241.11,3601.85
2212.50,5575.00,2266.23,3602.10
2225.00,5575.00,2278.64,3602.37
2250.00,5575.00,2304.40,3602.48
2287.50,5575.00,2341.71,3602.22
2300.00,5575.00,2353.76,3601.76
2412.50,5575.00,2467.25,3601.17
2487.50,5575.00,2540.98,3600.68
2512.50,5575.00,2566.30,3600.26
2550.00,5575.00,2604.47,3600.11
2562.50,5575.00,2616.51,3601.02
1662.50,5587.50,1718.87,3620.90
1675.00,5587.50,1731.37,3620.98
1700.00,5587.50,1756.06,3621.30
1712.50,5587.50,1769.68,3621.30
1737.50,5587.50,1793.83,3621.47
1750.00,5587.50,1807.51,3621.38
1775.00,5587.50,1833.55,3621.17
2262.50,5587.50,2316.39,3614.10
2325.00,5587.50,2379.40,3614.10
2337.50,5587.50,2392.70,3612.62
2450.00,5587.50,2504.74,3612.44
2475.00,5587.50,2529.14,3612.08
2525.00,5587.50,2579.64,3612.44
2587.50,5587.50,2641.67,3613.10
1787.50,5600.00,1845.26,3633.27
1812.50,5600.00,1869.85,3632.82
1825.00,5600.00,1884.27,3630.88
1837.50,5600.00,1897.42,3630.96
1862.50,5600.00,1920.93,3630.72
1962.50,5600.00,2018.52,3630.70
1987.50,5600.00,2042.50,3630.51
2000.00,5600.00,2055.83,3630.80
2012.50,5600.00,2068.29,3630.29
2037.50,5600.00,2093.66,3630.25
2050.00,5600.00,2106.52,3630.02
2075.00,5600.00,2130.73,3629.63
2100.00,5600.00,2154.07,3629.24
2112.50,5600.00,2167.77,3629.13
2175.00,5600.00,2229.20,3626.58
2187.50,5600.00,2241.02,3627.92
2212.50,5600.00,2266.99,3626.84
2225.00,5600.00,2279.50,3626.72
2250.00,5600.00,2304.47,3626.51
2262.50,5600.00,2317.64,3626.31
2287.50,5600.00,2342.01,3626.65
2300.00,5600.00,2354.52,3626.65
2312.50,5600.00,2367.80,3626.34
2337.50,5600.00,2391.86,3626.35
2437.50,5600.00,2492.94,3625.90
2450.00,5600.00,2504.20,3625.80
2475.00,5600.00,2528.81,3625.71
2487.50,5600.00,2541.18,3625.41
2512.50,5600.00,2566.42,3626.01
2525.00,5600.00,2579.28,3625.51
2550.00,5600.00,2604.10,3625.59
2562.50,5600.00,2616.87,3624.37
2587.50,5600.00,2641.45,3625.30
1675.00,5612.50,1734.88,3646.63
1700.00,5612.50,1756.11,3645.35
1712.50,5612.50,1769.43,3645.07
1737.50,5612.50,1793.42,3644.85
1750.00,5612.50,1807.27,3644.86
1775.00,5612.50,1831.59,3645.15
1787.50,5612.50,1845.02,3645.07
1812.50,5612.50,1868.76,3644.64
1825.00,5612.50,1882.06,3644.45
1850.00,5612.50,1906.93,3644.79
1862.50,5612.50,1919.59,3644.74
1887.50,5612.50,1943.98,3646.61
1937.50,5612.50,1996.00,3643.55
1962.50,5612.50,2018.53,3643.74
1975.00,5612.50,2031.78,3642.61
2000.00,5612.50,2055.99,3642.77
2012.50,5612.50,2068.42,3642.56
2037.50,5612.50,2093.06,3641.02
2050.00,5612.50,2106.03,3641.19
2075.00,5612.50,2130.18,3640.70
2175.00,5612.50,2229.26,3639.94
2187.50,5612.50,2241.70,3640.09
2250.00,5612.50,2304.19,3640.05
2262.50,5612.50,2317.52,3640.18
2287.50,5612.50,2342.07,3640.50
2300.00,5612.50,2355.07,3640.49
2325.00,5612.50,2379.26,3639.93
2337.50,5612.50,2392.23,3640.06
2375.00,5612.50,2430.32,3640.91
2512.50,5612.50,2566.06,3637.89
1675.00,5625.00,1733.58,3658.69
1700.00,5625.00,1756.10,3658.41
1725.00,5625.00,1780.93,3658.54
1750.00,5625.00,1807.38,3658.29
1787.50,5625.00,1844.79,3657.86
1850.00,5625.00,1906.20,3657.40
1862.50,5625.00,1919.28,3657.04
2212.50,5625.00,2266.69,3652.49
2225.00,5625.00,2279.72,3652.49
2412.50,5625.00,2466.51,3651.02
2425.00,5625.00,2478.34,3650.33
2450.00,5625.00,2503.52,3649.95
2475.00,5625.00,2529.61,3649.78
2487.50,5625.00,2542.22,3650.02
2525.00,5625.00,2579.92,3649.26
2550.00,5625.00,2604.19,3649.30
2562.50,5625.00,2616.82,3649.20
2587.50,5625.00,2641.86,3648.72
1737.50,5637.50,1794.00,3670.81
1775.00,5637.50,1831.89,3669.08
1812.50,5637.50,1869.11,3668.45
1825.00,5637.50,1882.22,3667.90
1887.50,5637.50,1943.62,3668.16
1912.50,5637.50,1967.71,3668.25
1925.00,5637.50,1981.04,3668.25
1950.00,5637.50,2005.02,3667.99
1962.50,5637.50,2018.66,3668.18
1987.50,5637.50,2044.55,3667.15
2000.00,5637.50,2055.69,3667.22
2012.50,5637.50,2068.72,3667.37
2037.50,5637.50,2093.84,3667.44
2050.00,5637.50,2105.74,3665.76
2075.00,5637.50,2130.68,3666.87
2150.00,5637.50,2205.59,3665.28
2175.00,5637.50,2229.38,3664.16
2187.50,5637.50,2242.14,3664.41
2200.00,5637.50,2254.72,3664.98
2225.00,5637.50,2280.27,3664.41
2250.00,5637.50,2304.50,3663.71
2262.50,5637.50,2316.11,3663.89
2287.50,5637.50,2342.16,3663.99
2300.00,5637.50,2355.67,3664.00
2325.00,5637.50,2379.34,3663.99
2337.50,5637.50,2393.69,3663.91
2362.50,5637.50,2417.20,3663.59
2375.00,5637.50,2431.03,3663.56
2400.00,5637.50,2455.04,3663.87
2412.50,5637.50,2467.03,3663.58
2437.50,5637.50,2491.53,3663.18
2450.00,5637.50,2503.47,3663.28
2475.00,5637.50,2529.32,3663.03
2487.50,5637.50,2540.69,3661.87
2512.50,5637.50,2566.20,3661.86
2525.00,5637.50,2580.04,3661.76
2550.00,5637.50,2604.53,3663.07
2562.50,5637.50,2617.62,3660.33
2587.50,5637.50,2641.91,3661.83
1637.50,5650.00,1695.42,3682.91
1662.50,5650.00,1719.03,3683.02
1675.00,5650.00,1732.25,3683.37
1700.00,5650.00,1756.64,3682.49
1712.50,5650.00,1768.39,3682.61
1737.50,5650.00,1795.42,3681.92
1750.00,5650.00,1807.39,3682.40
1775.00,5650.00,1832.33,3682.08
1787.50,5650.00,1845.12,3682.18
1875.00,5650.00,1931.38,3681.87
1887.50,5650.00,1942.98,3681.54
1912.50,5650.00,1968.79,3680.02
1925.00,5650.00,1980.85,3680.45
1950.00,5650.00,2005.31,3680.26
1962.50,5650.00,2019.07,3680.80
1987.50,5650.00,2043.78,3680.89
2000.00,5650.00,2055.27,3680.39
2025.00,5650.00,2080.66,3679.36
2037.50,5650.00,2093.42,3679.88
2050.00,5650.00,2106.18,3679.34
2150.00,5650.00,2206.24,3678.04
2175.00,5650.00,2230.53,3676.85
2187.50,5650.00,2243.63,3677.39
2225.00,5650.00,2280.27,3676.44
2262.50,5650.00,2317.40,3676.91
2300.00,5650.00,2355.24,3677.65
2337.50,5650.00,2391.85,3676.71
2512.50,5650.00,2566.84,3675.24
1637.50,5662.50,1695.13,3696.42
1662.50,5662.50,1718.86,3696.37
1675.00,5662.50,1731.93,3696.29
1700.00,5662.50,1756.94,3696.12
1712.50,5662.50,1769.90,3696.35
1737.50,5662.50,1795.75,3696.30
1750.00,5662.50,1807.61,3696.27
1775.00,5662.50,1832.93,3696.56
2212.50,5662.50,2267.11,3689.17
2250.00,5662.50,2305.74,3688.92
2287.50,5662.50,2341.67,3688.49
2362.50,5662.50,2416.52,3687.29
2375.00,5662.50,2428.89,3687.73
2400.00,5662.50,2454.18,3687.09
2412.50,5662.50,2465.91,3687.53
2437.50,5662.50,2491.78,3687.14
2450.00,5662.50,2503.54,3688.01
2475.00,5662.50,2528.20,3686.32
2487.50,5662.50,2541.13,3686.08
2537.50,5662.50,2594.69,3686.46
2587.50,5662.50,2641.14,3685.25
1900.00,5675.00,1957.48,3705.18
1925.00,5675.00,1981.68,3705.50
1937.50,5675.00,1994.77,3705.64
1962.50,5675.00,2018.79,3705.58
1987.50,5675.00,2043.36,3705.45
2000.00,5675.00,2055.69,3705.41
2025.00,5675.00,2080.81,3705.06
2037.50,5675.00,2094.15,3705.06
2050.00,5675.00,2107.09,3705.22
2150.00,5675.00,2206.11,3702.32
2175.00,5675.00,2230.54,3702.64
2187.50,5675.00,2243.03,3701.36
2200.00,5675.00,2255.19,3701.81
2225.00,5675.00,2279.65,3701.13
2250.00,5675.00,2304.75,3701.16
2262.50,5675.00,2317.27,3700.77
2287.50,5675.00,2341.79,3701.03
2300.00,5675.00,2354.71,3701.13
2325.00,5675.00,2379.52,3701.03
2337.50,5675.00,2392.54,3700.88
2362.50,5675.00,2416.83,3700.25
2375.00,5675.00,2429.51,3700.61
2400.00,5675.00,2453.75,3700.28
2412.50,5675.00,2464.97,3699.88
2437.50,5675.00,2490.78,3699.97
2450.00,5675.00,2504.89,3699.88
2462.50,5675.00,2517.43,3699.09
2487.50,5675.00,2543.89,3699.37
2525.00,5675.00,2581.54,3699.24
2537.50,5675.00,2593.11,3698.34
1600.00,5687.50,1657.90,3720.55
1637.50,5687.50,1694.77,3722.43
1662.50,5687.50,1720.79,3721.87
1675.00,5687.50,1732.85,3721.52
1700.00,5687.50,1758.17,3722.43
1712.50,5687.50,1770.35,3720.93
1737.50,5687.50,1796.67,3720.77
1750.00,5687.50,1808.75,3720.81
1925.00,5687.50,1982.57,3717.46
1937.50,5687.50,1995.45,3719.12
1962.50,5687.50,2019.09,3718.35
1987.50,5687.50,2044.46,3717.44
2000.00,5687.50,2056.72,3718.26
2012.50,5687.50,2069.09,3717.33
2037.50,5687.50,2093.87,3716.95
2050.00,5687.50,2106.15,3717.17
2125.00,5687.50,2183.11,3716.62
2150.00,5687.50,2206.13,3715.22
2175.00,5687.50,2231.44,3715.00
2187.50,5687.50,2243.38,3713.60
2200.00,5687.50,2256.04,3714.12
2325.00,5687.50,2379.28,3712.91
2337.50,5687.50,2391.99,3713.35
2362.50,5687.50,2416.61,3711.95
2450.00,5687.50,2504.51,3711.80
1587.50,5700.00,1644.54,3734.41
1600.00,5700.00,1657.99,3734.16
1637.50,5700.00,1695.20,3734.87
1662.50,5700.00,1721.12,3734.21
1675.00,5700.00,1732.90,3734.17
1700.00,5700.00,1758.92,3734.00
1712.50,5700.00,1770.48,3734.07
1737.50,5700.00,1797.14,3733.98
1750.00,5700.00,1809.07,3733.96
2112.50,5700.00,2170.56,3726.66
2225.00,5700.00,2279.75,3725.53
2250.00,5700.00,2304.25,3725.89
2262.50,5700.00,2317.49,3725.63
2275.00,5700.00,2330.27,3724.86
2300.00,5700.00,2355.61,3724.54
2375.00,5700.00,2428.56,3724.32
2387.50,5700.00,2440.85,3724.16
2412.50,5700.00,2467.04,3724.09
2425.00,5700.00,2478.58,3724.35
1562.50,5712.50,1620.18,3747.68
1937.50,5712.50,1994.79,3742.46
1962.50,5712.50,2018.59,3742.70
1975.00,5712.50,2032.51,3742.73
2000.00,5712.50,2056.46,3742.62
2012.50,5712.50,2070.19,3742.11
2037.50,5712.50,2093.94,3742.48
2150.00,5712.50,2206.27,3738.70
2175.00,5712.50,2230.20,3739.29
2187.50,5712.50,2242.76,3739.44
2212.50,5712.50,2267.43,3739.56
2225.00,5712.50,2280.95,3738.17
2237.50,5712.50,2292.86,3738.03
2262.50,5712.50,2317.30,3736.86
2275.00,5712.50,2329.98,3737.25
2300.00,5712.50,2354.44,3738.28
2312.50,5712.50,2367.31,3738.18
2412.50,5712.50,2465.85,3736.37
2450.00,5712.50,2503.69,3736.17
2487.50,5712.50,2541.47,3735.96
1525.00,5725.00,1582.87,3760.55
1600.00,5725.00,1657.85,3760.42
1625.00,5725.00,1682.19,3760.40
1637.50,5725.00,1695.10,3759.89
1662.50,5725.00,1721.20,3758.68
1675.00,5725.00,1732.84,3758.78
1700.00,5725.00,1758.97,3759.61
1712.50,5725.00,1771.00,3759.66
1737.50,5725.00,1797.34,3759.36
1750.00,5725.00,1810.73,3758.24
1937.50,5725.00,1995.30,3755.54
1962.50,5725.00,2020.33,3755.53
1975.00,5725.00,2032.63,3754.33
2000.00,5725.00,2057.19,3754.55
2012.50,5725.00,2070.57,3753.59
2037.50,5725.00,2094.06,3754.32
2050.00,5725.00,2107.06,3754.49
2150.00,5725.00,2206.08,3752.29
2187.50,5725.00,2242.98,3752.27
2212.50,5725.00,2267.28,3752.05
1487.50,5737.50,1546.21,3772.05
1512.50,5737.50,1571.25,3772.49
1525.00,5737.50,1583.41,3772.57
1562.50,5737.50,1620.68,3771.75
1587.50,5737.50,1645.36,3772.08
1600.00,5737.50,1657.81,3772.68
1625.00,5737.50,1683.12,3772.58
1637.50,5737.50,1695.37,3772.02
1662.50,5737.50,1721.63,3771.28
1675.00,5737.50,1732.74,3771.52
1700.00,5737.50,1759.01,3771.78
1712.50,5737.50,1771.11,3771.64
1737.50,5737.50,1797.57,3771.68
1750.00,5737.50,1808.49,3771.75
2175.00,5737.50,2229.60,3764.20
2262.50,5737.50,2317.79,3761.90
2287.50,5737.50,2341.70,3761.88
2300.00,5737.50,2354.72,3761.97
1937.50,5750.00,1996.83,3777.91
1962.50,5750.00,2020.66,3780.40
1975.00,5750.00,2032.75,3780.36
2000.00,5750.00,2057.88,3778.97
2012.50,5750.00,2070.08,3780.04
2037.50,5750.00,2094.18,3779.29
2150.00,5750.00,2205.70,3776.09
2175.00,5750.00,2229.91,3776.56
2187.50,5750.00,2243.44,3776.63
2200.00,5750.00,2256.94,3777.55
2225.00,5750.00,2280.71,3779.97
2250.00,5750.00,2304.75,3775.69
2262.50,5750.00,2316.73,3775.44
2287.50,5750.00,2341.15,3774.77
2300.00,5750.00,2354.06,3775.14
1437.50,5762.50,1498.09,3798.53
1450.00,5762.50,1508.94,3798.40
1462.50,5762.50,1523.40,3797.93
1525.00,5762.50,1584.61,3796.81
1550.00,5762.50,1608.15,3797.69
1562.50,5762.50,1620.65,3797.56
1587.50,5762.50,1645.56,3796.87
1600.00,5762.50,1658.53,3796.39
1625.00,5762.50,1684.17,3796.51
1637.50,5762.50,1695.64,3796.24
1662.50,5762.50,1721.84,3795.91
1675.00,5762.50,1732.59,3796.00
1700.00,5762.50,1757.79,3795.85
1712.50,5762.50,1770.26,3795.74
1737.50,5762.50,1797.23,3795.59
1750.00,5762.50,1809.67,3796.18
1775.00,5762.50,1834.49,3795.85
1787.50,5762.50,1846.29,3795.93
1937.50,5762.50,1996.88,3792.57
1962.50,5762.50,2019.09,3793.22
1975.00,5762.50,2032.64,3791.50
2000.00,5762.50,2058.38,3790.98
2025.00,5762.50,2082.64,3791.07
2037.50,5762.50,2093.62,3790.22
2075.00,5762.50,2130.78,3791.51
2125.00,5762.50,2181.17,3789.99
2175.00,5762.50,2229.58,3790.28
2187.50,5762.50,2244.70,3789.91
2200.00,5762.50,2257.18,3790.04
2237.50,5762.50,2295.69,3789.80
1600.00,5775.00,1657.65,3809.22
1625.00,5775.00,1683.46,3808.83
1637.50,5775.00,1695.83,3808.96
1662.50,5775.00,1720.38,3808.66
1675.00,5775.00,1732.75,3809.00
1700.00,5775.00,1758.66,3808.67
1712.50,5775.00,1770.35,3808.82
1737.50,5775.00,1796.35,3808.96
1750.00,5775.00,1808.76,3808.98
1775.00,5775.00,1834.81,3808.83
1787.50,5775.00,1846.48,3809.15
1962.50,5775.00,2019.42,3804.55
2150.00,5775.00,2207.20,3802.64
2262.50,5775.00,2318.55,3799.74
2287.50,5775.00,2342.01,3799.39
2300.00,5775.00,2355.24,3799.16
1937.50,5787.50,1996.57,3818.01
1975.00,5787.50,2034.18,3817.97
2000.00,5787.50,2057.85,3818.02
2012.50,5787.50,2070.74,3816.00
2037.50,5787.50,2094.07,3816.14
2050.00,5787.50,2107.54,3816.55
2075.00,5787.50,2131.14,3814.40
2112.50,5787.50,2168.53,3816.60
2125.00,5787.50,2182.37,3815.22
2150.00,5787.50,2207.64,3814.63
2175.00,5787.50,2230.16,3813.77
2187.50,5787.50,2243.37,3813.92
2200.00,5787.50,2255.88,3814.82
2262.50,5787.50,2317.36,3812.82
2287.50,5787.50,2341.57,3812.85
2300.00,5787.50,2354.45,3812.65
1675.00,5800.00,1733.34,3832.47
1700.00,5800.00,1756.97,3832.72
1712.50,5800.00,1770.87,3833.04
1737.50,5800.00,1795.69,3832.50
1750.00,5800.00,1808.14,3831.93
1775.00,5800.00,1832.59,3832.61
1787.50,5800.00,1847.82,3832.43
1812.50,5800.00,1872.82,3832.09
1825.00,5800.00,1884.73,3832.22
1862.50,5800.00,1920.64,3832.25
1937.50,5800.00,1996.61,3832.24
1962.50,5800.00,2019.50,3830.39
1975.00,5800.00,2033.23,3829.49
2000.00,5800.00,2056.56,3830.85
2012.50,5800.00,2069.96,3829.74
2037.50,5800.00,2094.30,3829.95
2175.00,5800.00,2229.78,3826.61
2187.50,5800.00,2243.44,3827.48
2200.00,5800.00,2254.39,3827.98
2225.00,5800.00,2280.35,3828.13
1737.50,5812.50,1796.15,3845.99
1750.00,5812.50,1808.04,3846.04
1775.00,5812.50,1833.83,3845.76
1787.50,5812.50,1845.83,3846.13
1812.50,5812.50,1871.74,3846.45
1825.00,5812.50,1884.71,3846.61
2000.00,5812.50,2057.77,3842.41
2150.00,5812.50,2206.70,3838.28
2512.50,5812.50,2564.77,3835.60
1712.50,5825.00,1770.44,3857.29
1850.00,5825.00,1909.69,3857.67
1862.50,5825.00,1921.75,3857.59
1887.50,5825.00,1948.32,3856.23
1937.50,5825.00,1997.73,3855.09
1975.00,5825.00,2036.14,3855.05
2150.00,5825.00,2206.47,3851.29
2175.00,5825.00,2229.50,3851.03
2187.50,5825.00,2242.58,3851.34
2212.50,5825.00,2266.84,3850.99
2550.00,5825.00,2604.30,3846.79
1700.00,5837.50,1758.53,3870.91
1712.50,5837.50,1770.34,3869.97
1737.50,5837.50,1796.67,3870.38
1750.00,5837.50,1808.72,3870.29
1775.00,5837.50,1834.33,3870.22
1787.50,5837.50,1846.64,3870.52
1812.50,5837.50,1872.07,3869.92
1825.00,5837.50,1885.36,3869.72
1850.00,5837.50,1910.89,3869.89
1862.50,5837.50,1921.88,3869.67
1887.50,5837.50,1947.50,3869.24
1900.00,5837.50,1960.12,3868.63
1925.00,5837.50,1984.89,3869.87
1937.50,5837.50,1996.23,3867.92
1962.50,5837.50,2021.96,3867.84
1975.00,5837.50,2035.51,3867.90
2175.00,5837.50,2229.28,3864.82
2187.50,5837.50,2242.34,3863.92
1700.00,5850.00,1759.11,3883.49
1712.50,5850.00,1771.28,3883.50
1737.50,5850.00,1797.43,3884.17
1750.00,5850.00,1809.08,3884.04
1775.00,5850.00,1834.82,3883.79
1812.50,5850.00,1872.34,3883.59
1825.00,5850.00,1884.91,3883.54
1850.00,5850.00,1910.49,3883.29
1887.50,5850.00,1946.86,3881.20
1900.00,5850.00,1959.07,3882.51
2150.00,5850.00,2206.56,3875.15
2375.00,5850.00,2429.47,3873.85
2437.50,5850.00,2490.65,3873.73
2450.00,5850.00,2502.71,3873.34
2475.00,5850.00,2528.45,3873.35
2487.50,5850.00,2541.56,3873.53
2512.50,5850.00,2565.99,3873.00
2525.00,5850.00,2578.72,3871.86
2550.00,5850.00,2603.54,3873.17
2562.50,5850.00,2615.58,3872.21
2587.50,5850.00,2640.77,3872.99
1862.50,5862.50,1922.25,3894.27
1912.50,5862.50,1972.99,3893.92
1962.50,5862.50,2022.73,3893.16
1975.00,5862.50,2034.30,3893.47
2150.00,5862.50,2207.14,3889.64
2175.00,5862.50,2231.46,3888.70
2187.50,5862.50,2243.98,3888.73
2200.00,5862.50,2257.60,3889.67
2300.00,5862.50,2356.34,3887.93
2337.50,5862.50,2392.95,3887.04
2362.50,5862.50,2417.46,3885.72
2412.50,5862.50,2466.81,3885.63
2475.00,5862.50,2528.45,3886.07
2487.50,5862.50,2540.09,3885.21
2512.50,5862.50,2565.76,3884.89
2525.00,5862.50,2579.14,3884.76
2550.00,5862.50,2603.87,3885.63
2562.50,5862.50,2615.76,3885.40
1700.00,5875.00,1760.42,3908.97
1712.50,5875.00,1771.51,3909.58
1737.50,5875.00,1797.28,3908.56
1750.00,5875.00,1810.25,3908.33
1775.00,5875.00,1834.96,3908.58
1787.50,5875.00,1847.78,3909.00
1812.50,5875.00,1872.51,3907.68
1825.00,5875.00,1883.77,3907.91
1850.00,5875.00,1910.64,3907.15
1862.50,5875.00,1922.84,3907.67
1887.50,5875.00,1947.75,3907.10
1900.00,5875.00,1959.30,3907.17
1925.00,5875.00,1983.86,3907.72
1937.50,5875.00,1998.04,3907.70
1962.50,5875.00,2021.60,3905.47
1975.00,5875.00,2035.00,3905.83
2050.00,5875.00,2108.96,3904.77
2187.50,5875.00,2244.83,3903.23
2200.00,5875.00,2259.49,3905.41
1712.50,5887.50,1773.20,3921.43
1737.50,5887.50,1797.68,3921.38
1750.00,5887.50,1810.66,3921.45
1775.00,5887.50,1835.10,3921.26
1787.50,5887.50,1847.87,3921.24
1812.50,5887.50,1872.82,3921.05
1825.00,5887.50,1885.37,3920.97
1850.00,5887.50,1908.65,3922.38
1925.00,5887.50,1984.81,3920.75
2262.50,5887.50,2320.65,3911.82
2300.00,5887.50,2356.66,3911.79
2312.50,5887.50,2370.77,3911.50
2337.50,5887.50,2393.62,3911.31
2350.00,5887.50,2406.66,3911.30
2375.00,5887.50,2430.51,3910.89
2400.00,5887.50,2454.71,3911.52
2412.50,5887.50,2467.22,3911.60
2437.50,5887.50,2491.67,3911.56
2450.00,5887.50,2504.01,3911.24
2475.00,5887.50,2529.02,3910.58
2487.50,5887.50,2542.96,3911.01
2512.50,5887.50,2567.15,3911.03
2525.00,5887.50,2578.96,3909.94
1937.50,5900.00,1996.56,3931.45
1962.50,5900.00,2022.99,3930.73
1975.00,5900.00,2034.88,3930.95
2050.00,5900.00,2109.20,3929.23
2162.50,5900.00,2221.94,3926.21
2187.50,5900.00,2246.49,3929.30
2200.00,5900.00,2259.42,3927.00
2225.00,5900.00,2281.28,3926.02
2237.50,5900.00,2294.82,3926.12
2262.50,5900.00,2317.76,3925.46
2300.00,5900.00,2355.69,3924.58
2312.50,5900.00,2370.35,3924.89
2375.00,5900.00,2430.12,3924.51
2387.50,5900.00,2442.12,3923.82
2412.50,5900.00,2466.98,3922.55
2437.50,5900.00,2491.84,3924.45
2450.00,5900.00,2504.84,3924.06
2475.00,5900.00,2530.04,3924.77
2487.50,5900.00,2542.65,3922.77
2512.50,5900.00,2566.60,3923.04
1712.50,5912.50,1773.25,3946.69
1925.00,5912.50,1985.74,3944.03
1937.50,5912.50,1997.47,3944.06
1962.50,5912.50,2021.98,3944.56
1975.00,5912.50,2035.87,3943.46
2037.50,5912.50,2096.75,3943.11
2187.50,5912.50,2244.35,3939.97
1812.50,5925.00,1872.96,3958.80
1937.50,5925.00,1998.76,3956.27
1962.50,5925.00,2022.59,3956.58
2437.50,5925.00,2491.61,3948.40
2450.00,5925.00,2504.25,3947.97
2475.00,5925.00,2529.60,3947.59
2487.50,5925.00,2542.69,3948.96
1975.00,5937.50,2034.69,3968.01
2000.00,5937.50,2060.28,3968.20
2012.50,5937.50,2072.11,3968.45
2187.50,5937.50,2245.20,3966.03
2475.00,5937.50,2529.52,3959.67
2487.50,5937.50,2541.56,3960.00
2512.50,5937.50,2567.64,3961.13
2525.00,5937.50,2580.56,3962.69
2000.00,5950.00,2060.75,3981.65
2012.50,5950.00,2072.49,3981.32
2000.00,5962.50,2060.20,3994.07
2475.00,5962.50,2529.11,3986.09
2487.50,5962.50,2542.31,3985.65
2500.00,5962.50,2554.22,3986.17
2125.00,5975.00,2184.31,4005.39
2162.50,5975.00,2221.54,4004.14
2475.00,5975.00,2528.77,3997.65
2487.50,5975.00,2542.26,3998.23
2512.50,5975.00,2566.88,3998.37
2525.00,5975.00,2579.84,3997.82
2537.50,5975.00,2594.25,3999.90
2562.50,5975.00,2619.23,4000.51
2587.50,5975.00,2641.57,3999.97
2037.50,5987.50,2097.50,4019.40
2050.00,5987.50,2109.84,4019.91
2150.00,5987.50,2210.41,4015.63
2162.50,5987.50,2220.63,4016.58
2537.50,5987.50,2593.52,4011.09
2462.50,6000.00,2517.59,4023.31
2487.50,6000.00,2543.48,4024.04
2512.50,6000.00,2567.39,4024.30
2525.00,6000.00,2580.41,4023.93
2562.50,6000.00,2617.65,4024.14
2587.50,6000.00,2642.63,4023.51
2475.00,6012.50,2531.27,4035.13
2487.50,6012.50,2543.37,4036.32
2512.50,6012.50,2568.24,4035.60
2525.00,6012.50,2581.02,4035.69
2537.50,6012.50,2594.52,4036.56
2562.50,6012.50,2619.11,4034.78
2575.00,6012.50,2629.34,4035.73
2462.50,6025.00,2519.68,4050.11
2312.50,6037.50,2372.01,4062.09
2487.50,6037.50,2543.75,4061.51
2500.00,6037.50,2556.32,4062.11
2525.00,6037.50,2582.58,4062.18
2537.50,6037.50,2594.91,4061.08
2562.50,6037.50,2617.52,4061.24
1962.50,6050.00,2023.38,4081.12
2312.50,6050.00,2371.80,4075.62
2337.50,6050.00,2394.54,4075.57
2362.50,6050.00,2417.71,4076.52
2375.00,6050.00,2432.60,4076.04
2487.50,6050.00,2544.48,4074.40
2500.00,6050.00,2557.81,4073.83
2525.00,6050.00,2580.88,4073.63
2537.50,6050.00,2593.89,4073.17
2562.50,6050.00,2618.81,4073.28
2575.00,6050.00,2633.65,4073.68
2337.50,6062.50,2395.01,4087.86
2362.50,6062.50,2420.56,4088.24
2375.00,6062.50,2430.72,4089.05
2487.50,6075.00,2545.21,4097.90
2500.00,6075.00,2556.97,4098.16
2525.00,6075.00,2580.55,4097.75
2537.50,6075.00,2593.14,4098.03
2562.50,6075.00,2618.57,4097.44
2575.00,6075.00,2631.55,4099.10
2312.50,6087.50,2371.92,4113.63
2337.50,6087.50,2394.57,4113.37
2425.00,6087.50,2483.26,4113.00
2450.00,6087.50,2506.37,4110.88
2462.50,6087.50,2519.75,4110.64
2487.50,6087.50,2545.10,4110.87
2500.00,6087.50,2557.22,4110.64
2525.00,6087.50,2579.30,4110.91
2537.50,6087.50,2593.55,4109.99
2562.50,6087.50,2618.69,4110.33
2575.00,6087.50,2631.82,4109.94
2312.50,6100.00,2371.02,4126.35
2337.50,6100.00,2394.90,4124.67
2300.00,6112.50,2357.13,4138.10
2412.50,6112.50,2469.03,4136.20
2437.50,6112.50,2493.10,4136.26
2450.00,6112.50,2506.00,4136.26
2462.50,6112.50,2519.96,4135.98
2487.50,6112.50,2545.64,4135.11
2500.00,6112.50,2558.23,4135.98
2525.00,6112.50,2581.29,4136.07
2537.50,6112.50,2593.53,4135.12
2562.50,6112.50,2618.41,4136.31
2575.00,6112.50,2630.66,4136.21
1787.50,6125.00,1846.87,4155.70
2187.50,6125.00,2246.78,4153.05
2200.00,6125.00,2259.02,4152.02
2225.00,6125.00,2283.29,4151.57
2237.50,6125.00,2296.71,4151.63
2262.50,6125.00,2322.63,4150.93
2275.00,6125.00,2333.61,4151.30
2300.00,6125.00,2357.17,4151.36
2312.50,6125.00,2370.74,4151.01
2337.50,6125.00,2395.52,4151.19
2350.00,6125.00,2410.95,4151.54
2375.00,6125.00,2433.93,4148.71
2412.50,6125.00,2468.50,4149.63
2425.00,6125.00,2482.45,4148.72
2450.00,6125.00,2506.74,4148.92
2462.50,6125.00,2519.14,4149.81
2487.50,6125.00,2546.61,4148.56
2500.00,6125.00,2558.53,4147.74
2525.00,6125.00,2581.07,4147.55
2537.50,6125.00,2594.19,4147.72
2562.50,6125.00,2619.37,4147.76
2575.00,6125.00,2635.01,4150.41
2037.50,6137.50,2096.30,4168.21
2075.00,6137.50,2134.47,4167.12
2187.50,6137.50,2247.28,4165.87
2200.00,6137.50,2258.99,4165.15
2225.00,6137.50,2283.13,4166.08
2237.50,6137.50,2297.87,4166.76
2262.50,6137.50,2321.12,4163.95
2450.00,6137.50,2506.17,4161.93
2300.00,6150.00,2360.09,4175.80
2312.50,6150.00,2370.89,4175.33
2337.50,6150.00,2395.13,4175.84
2375.00,6150.00,2434.82,4174.48
2387.50,6150.00,2446.15,4174.41
2412.50,6150.00,2470.86,4174.10
2462.50,6150.00,2520.34,4174.20
2487.50,6150.00,2544.87,4175.39
2525.00,6150.00,2583.63,4173.39
2550.00,6150.00,2605.98,4172.14
2562.50,6150.00,2619.41,4173.15
2575.00,6150.00,2633.72,4171.73
2075.00,6162.50,2134.74,4192.42
2087.50,6162.50,2147.66,4191.89
2162.50,6162.50,2222.61,4189.81
2187.50,6162.50,2247.12,4190.42
2200.00,6162.50,2258.67,4189.46
2225.00,6162.50,2284.10,4190.21
2237.50,6162.50,2297.60,4190.14
2300.00,6162.50,2359.18,4188.53
2312.50,6162.50,2371.62,4188.64
2337.50,6162.50,2396.24,4188.07
2350.00,6162.50,2408.92,4188.61
2375.00,6162.50,2433.82,4186.18
2450.00,6162.50,2509.90,4185.14
2462.50,6162.50,2521.32,4185.09
2487.50,6162.50,2544.15,4187.39
2500.00,6162.50,2557.78,4186.71
2525.00,6162.50,2582.78,4184.54
2537.50,6162.50,2595.08,4185.77
2562.50,6162.50,2619.00,4185.46
2575.00,6162.50,2631.91,4185.01
2075.00,6175.00,2134.95,4204.80
2087.50,6175.00,2147.88,4203.63
2187.50,6175.00,2247.32,4202.82
2200.00,6175.00,2258.43,4202.97
2225.00,6175.00,2283.52,4202.62
2237.50,6175.00,2295.90,4202.47
2262.50,6175.00,2323.41,4202.34
2337.50,6175.00,2395.49,4202.03
2462.50,6175.00,2520.44,4198.74
2312.50,6187.50,2371.04,4213.51
2350.00,6187.50,2409.32,4212.62
2387.50,6187.50,2447.77,4211.68
2425.00,6187.50,2485.69,4210.86
2450.00,6187.50,2507.09,4211.92
2487.50,6187.50,2544.21,4211.41
2500.00,6187.50,2558.35,4211.59
2525.00,6187.50,2583.63,4211.21
2537.50,6187.50,2595.15,4210.80
2562.50,6187.50,2621.66,4211.13
2575.00,6187.50,2633.53,4210.67
2975.00,5525.00,3028.37,3547.56
3000.00,5525.00,3052.91,3547.48
2625.00,5550.00,2678.87,3575.57
2962.50,5550.00,3014.49,3572.14
2975.00,5550.00,3026.63,3572.49
3012.50,5550.00,3065.73,3573.23
2925.00,5562.50,2977.47,3584.68
2937.50,5562.50,2989.28,3584.88
2962.50,5562.50,3014.56,3584.44
2975.00,5562.50,3026.63,3584.69
3000.00,5562.50,3053.66,3585.03
2750.00,5575.00,2804.44,3598.88
2600.00,5587.50,2654.59,3611.83
2625.00,5587.50,2680.09,3611.63
2775.00,5587.50,2828.06,3610.90
2787.50,5587.50,2840.58,3610.98
2812.50,5587.50,2866.06,3611.91
2825.00,5587.50,2879.05,3611.65
2837.50,5587.50,2891.14,3611.89
2900.00,5587.50,2953.52,3611.43
2937.50,5587.50,2990.87,3611.78
2600.00,5600.00,2654.22,3625.10
2625.00,5600.00,2679.13,3625.48
2637.50,5600.00,2692.03,3625.09
2662.50,5600.00,2715.71,3625.64
2787.50,5600.00,2839.74,3622.39
2812.50,5600.00,2865.90,3623.79
2600.00,5625.00,2652.54,3648.80
2625.00,5625.00,2679.54,3649.50
2637.50,5625.00,2690.29,3649.13
2662.50,5625.00,2716.86,3649.11
2675.00,5625.00,2730.31,3648.62
2750.00,5625.00,2802.17,3647.61
2775.00,5625.00,2827.87,3648.43
2787.50,5625.00,2840.71,3648.92
2812.50,5625.00,2865.84,3649.13
2825.00,5625.00,2878.82,3649.38
2600.00,5637.50,2652.48,3660.91
2625.00,5637.50,2678.29,3661.34
2637.50,5637.50,2690.14,3661.79
2662.50,5637.50,2716.46,3661.32
2675.00,5637.50,2728.65,3660.27
2700.00,5637.50,2752.97,3661.04
2712.50,5637.50,2766.21,3660.88
2737.50,5637.50,2790.34,3659.85
2750.00,5637.50,2801.78,3661.38
2775.00,5637.50,2828.14,3659.69
2787.50,5637.50,2841.08,3660.63
2812.50,5637.50,2865.97,3661.42
2887.50,5637.50,2941.43,3661.37
2625.00,5662.50,2677.81,3685.27
2675.00,5662.50,2727.45,3686.00
2712.50,5662.50,2764.62,3684.74
2787.50,5662.50,2840.15,3685.30
2812.50,5662.50,2864.81,3685.77
2825.00,5662.50,2877.57,3686.38
2850.00,5662.50,2902.66,3685.56
2862.50,5662.50,2917.20,3685.17
2900.00,5662.50,2954.12,3684.50
2925.00,5662.50,2977.49,3684.68
2937.50,5662.50,2989.87,3684.55
2962.50,5662.50,3015.59,3684.39
2975.00,5662.50,3027.26,3685.82
3000.00,5662.50,3053.61,3683.76
3012.50,5662.50,3064.46,3685.87
2787.50,5675.00,2839.76,3696.53
2812.50,5675.00,2865.07,3696.55
2825.00,5675.00,2876.79,3696.94
2862.50,5675.00,2914.62,3699.60
2887.50,5675.00,2941.00,3698.65
2925.00,5675.00,2976.57,3696.57
2937.50,5675.00,2989.09,3696.24
2975.00,5675.00,3027.22,3696.57
3000.00,5675.00,3053.28,3696.62
3012.50,5675.00,3064.64,3696.97
3037.50,5675.00,3090.51,3697.27
3050.00,5675.00,3104.70,3697.16
3075.00,5675.00,3129.49,3697.38
3225.00,5675.00,3279.03,3697.26
2962.50,5687.50,3014.85,3708.64
2812.50,5700.00,2864.50,3721.43
2937.50,5700.00,2989.01,3720.79
2962.50,5700.00,3015.23,3720.22
3000.00,5700.00,3052.54,3721.58
3012.50,5700.00,3065.57,3720.53
3037.50,5700.00,3090.23,3721.55
3050.00,5700.00,3103.08,3721.02
3075.00,5700.00,3128.59,3722.23
3087.50,5700.00,3140.20,3721.01
3112.50,5700.00,3166.58,3722.29
3125.00,5700.00,3177.54,3722.10
3150.00,5700.00,3204.33,3721.86
3162.50,5700.00,3216.19,3722.58
3187.50,5700.00,3241.96,3721.56
3225.00,5700.00,3279.17,3721.50
3237.50,5700.00,3291.31,3722.16
3262.50,5700.00,3316.85,3721.33
3312.50,5700.00,3366.76,3720.16
3387.50,5700.00,3441.24,3719.98
3412.50,5700.00,3466.76,3720.59
3000.00,5712.50,3052.39,3733.64
3012.50,5712.50,3064.92,3733.67
3037.50,5712.50,3090.10,3733.68
3050.00,5712.50,3103.61,3733.04
3075.00,5712.50,3128.51,3733.63
3087.50,5712.50,3139.42,3733.95
3112.50,5712.50,3165.02,3733.91
3125.00,5712.50,3177.02,3733.97
3150.00,5712.50,3202.49,3734.43
3162.50,5712.50,3215.69,3735.10
3187.50,5712.50,3241.55,3734.20
3200.00,5712.50,3253.98,3733.75
3225.00,5712.50,3279.05,3733.83
3237.50,5712.50,3291.07,3734.03
3262.50,5712.50,3315.95,3733.68
3275.00,5712.50,3328.19,3734.18
3312.50,5712.50,3365.45,3734.45
3387.50,5712.50,3439.59,3733.45
3375.00,5725.00,3427.56,3745.40
3012.50,5737.50,3064.50,3757.47
3087.50,5737.50,3138.70,3757.14
3112.50,5737.50,3164.30,3757.49
3125.00,5737.50,3176.87,3757.69
3150.00,5737.50,3202.78,3757.84
3162.50,5737.50,3215.96,3757.40
3187.50,5737.50,3240.80,3758.25
3200.00,5737.50,3251.76,3757.72
3225.00,5737.50,3277.62,3757.22
3237.50,5737.50,3289.57,3757.43
3262.50,5737.50,3315.59,3757.34
3275.00,5737.50,3327.57,3757.21
3300.00,5737.50,3353.25,3757.31
3312.50,5737.50,3365.77,3757.38
3337.50,5737.50,3390.28,3757.39
3350.00,5737.50,3402.58,3757.94
3375.00,5737.50,3428.19,3757.52
3387.50,5737.50,3440.32,3759.41
3412.50,5737.50,3466.18,3758.37
3425.00,5737.50,3479.27,3758.43
3462.50,5737.50,3516.69,3758.12
3150.00,5750.00,3201.47,3770.22
3162.50,5750.00,3214.60,3770.29
3187.50,5750.00,3239.32,3770.80
3412.50,5750.00,3465.71,3770.98
3425.00,5750.00,3478.29,3771.05
3450.00,5750.00,3503.11,3770.88
3500.00,5750.00,3552.88,3771.21
3200.00,5762.50,3251.42,3782.74
3225.00,5762.50,3276.65,3781.24
3237.50,5762.50,3290.14,3780.70
3262.50,5762.50,3314.28,3780.94
3275.00,5762.50,3326.62,3780.73
3300.00,5762.50,3350.79,3780.82
3312.50,5762.50,3364.06,3780.78
3337.50,5762.50,3388.41,3781.67
3350.00,5762.50,3401.52,3781.14
3375.00,5762.50,3427.61,3781.19
3387.50,5762.50,3439.08,3781.43
3462.50,5762.50,3515.84,3782.36
3487.50,5762.50,3540.85,3781.74
3037.50,5775.00,3088.80,3794.74
3050.00,5775.00,3104.98,3794.66
3125.00,5775.00,3176.21,3794.53
3150.00,5775.00,3201.15,3794.71
3162.50,5775.00,3214.14,3794.98
3187.50,5775.00,3239.26,3794.89
3200.00,5775.00,3251.33,3794.20
3225.00,5775.00,3277.50,3793.97
3237.50,5775.00,3289.11,3794.42
3262.50,5775.00,3313.36,3794.48
3275.00,5775.00,3326.61,3793.88
3300.00,5775.00,3351.22,3793.75
3312.50,5775.00,3363.79,3794.53
3337.50,5775.00,3388.59,3794.42
3350.00,5775.00,3401.87,3794.46
3375.00,5775.00,3426.20,3794.36
3387.50,5775.00,3439.23,3794.31
3412.50,5775.00,3464.98,3794.44
3425.00,5775.00,3476.73,3794.56
3450.00,5775.00,3501.92,3795.46
3462.50,5775.00,3514.60,3794.77
3487.50,5775.00,3540.21,3794.88
3500.00,5775.00,3551.73,3794.47
3525.00,5775.00,3578.66,3795.12
3537.50,5775.00,3590.78,3795.07
3562.50,5775.00,3616.13,3795.21
3575.00,5775.00,3628.29,3794.62
3600.00,5775.00,3654.14,3794.34
3612.50,5775.00,3665.74,3794.76
3637.50,5775.00,3691.10,3794.51
3675.00,5775.00,3728.05,3794.82
3150.00,5787.50,3200.80,3806.83
3162.50,5787.50,3214.21,3806.77
3537.50,5787.50,3591.24,3807.96
3562.50,5787.50,3616.16,3807.89
3575.00,5787.50,3627.89,3807.37
3675.00,5787.50,3728.27,3807.01
3712.50,5787.50,3766.57,3806.78
3212.50,5800.00,3264.00,3818.49
3225.00,5800.00,3276.30,3818.28
3237.50,5800.00,3289.46,3817.70
3287.50,5800.00,3339.23,3818.00
3312.50,5800.00,3363.14,3818.09
3337.50,5800.00,3387.51,3818.36
3350.00,5800.00,3401.17,3817.93
3375.00,5800.00,3425.41,3817.78
3387.50,5800.00,3438.87,3818.06
3412.50,5800.00,3463.53,3818.87
3425.00,5800.00,3476.63,3818.28
3450.00,5800.00,3500.92,3818.16
3462.50,5800.00,3514.38,3817.89
3487.50,5800.00,3540.28,3818.74
3500.00,5800.00,3552.03,3818.45
3525.00,5800.00,3579.02,3818.15
3600.00,5800.00,3652.62,3819.03
3612.50,5800.00,3665.22,3818.85
3637.50,5800.00,3691.32,3818.31
3650.00,5800.00,3703.67,3817.98
3050.00,5812.50,3101.71,3831.58
3075.00,5812.50,3126.26,3831.95
3350.00,5812.50,3401.04,3830.43
3387.50,5812.50,3438.79,3830.20
3412.50,5812.50,3462.72,3830.83
3425.00,5812.50,3475.33,3831.57
3450.00,5812.50,3501.25,3830.41
3462.50,5812.50,3514.77,3830.90
3487.50,5812.50,3540.24,3830.64
3500.00,5812.50,3551.81,3832.06
3525.00,5812.50,3577.30,3831.46
3537.50,5812.50,3590.17,3831.64
3562.50,5812.50,3615.62,3831.28
3575.00,5812.50,3626.99,3831.10
3600.00,5812.50,3651.66,3830.96
3612.50,5812.50,3665.83,3831.59
3637.50,5812.50,3690.32,3831.14
3650.00,5812.50,3704.44,3830.04
3675.00,5812.50,3727.41,3830.16
3687.50,5812.50,3740.08,3831.97
3712.50,5812.50,3765.78,3831.16
3725.00,5812.50,3778.65,3830.90
3750.00,5812.50,3802.65,3831.66
3762.50,5812.50,3815.38,3831.57
3787.50,5812.50,3840.97,3831.50
2612.50,5825.00,2666.88,3846.53
2637.50,5825.00,2691.92,3847.23
3412.50,5837.50,3462.41,3854.78
3425.00,5837.50,3476.16,3854.82
3450.00,5837.50,3501.25,3854.75
3462.50,5837.50,3513.73,3854.99
3487.50,5837.50,3538.62,3855.68
3500.00,5837.50,3551.70,3855.69
3525.00,5837.50,3577.75,3855.89
3537.50,5837.50,3589.80,3855.86
3562.50,5837.50,3615.67,3855.27
3575.00,5837.50,3627.40,3855.72
3600.00,5837.50,3652.01,3855.87
3612.50,5837.50,3664.17,3855.59
3637.50,5837.50,3689.53,3855.77
3650.00,5837.50,3701.69,3855.47
3675.00,5837.50,3726.86,3854.84
3687.50,5837.50,3739.53,3854.75
3712.50,5837.50,3764.28,3855.34
3725.00,5837.50,3776.99,3855.20
3750.00,5837.50,3802.62,3855.46
3762.50,5837.50,3814.32,3855.31
3787.50,5837.50,3840.26,3854.92
2625.00,5850.00,2678.80,3872.78
2637.50,5850.00,2691.86,3873.06
2700.00,5850.00,2753.55,3870.62
2787.50,5850.00,2842.01,3869.94
2962.50,5850.00,3015.09,3869.06
2975.00,5850.00,3026.82,3869.57
3437.50,5850.00,3488.20,3866.57
3450.00,5850.00,3500.23,3867.23
3462.50,5850.00,3513.40,3867.45
3487.50,5850.00,3538.86,3867.74
3500.00,5850.00,3551.38,3868.73
3525.00,5850.00,3577.13,3868.57
3537.50,5850.00,3589.40,3868.05
3562.50,5850.00,3615.85,3868.36
3575.00,5850.00,3627.09,3867.19
3600.00,5850.00,3652.01,3868.75
3612.50,5850.00,3665.08,3867.95
3637.50,5850.00,3689.74,3868.81
3650.00,5850.00,3702.53,3868.14
3675.00,5850.00,3727.06,3868.51
3687.50,5850.00,3738.98,3868.15
3712.50,5850.00,3764.96,3867.20
3725.00,5850.00,3778.28,3867.24
3750.00,5850.00,3801.99,3868.15
3762.50,5850.00,3814.55,3867.56
3787.50,5850.00,3839.91,3868.00
2637.50,5862.50,2691.27,3883.62
2700.00,5862.50,2753.17,3883.70
2712.50,5862.50,2764.73,3883.67
2737.50,5862.50,2791.37,3883.27
2750.00,5862.50,2803.02,3883.49
2925.00,5862.50,2976.62,3882.89
3600.00,5862.50,3651.97,3880.04
2937.50,5875.00,2989.96,3894.21
3475.00,5875.00,3525.37,3892.46
3487.50,5875.00,3537.84,3892.71
3500.00,5875.00,3551.11,3892.62
3525.00,5875.00,3575.71,3892.59
3537.50,5875.00,3589.53,3893.27
3562.50,5875.00,3615.12,3892.74
3575.00,5875.00,3626.88,3893.20
3612.50,5875.00,3664.77,3892.75
3650.00,5875.00,3705.25,3890.90
3712.50,5875.00,3763.91,3891.42
3725.00,5875.00,3776.77,3892.08
3750.00,5875.00,3801.51,3892.30
3762.50,5875.00,3814.79,3892.41
3787.50,5875.00,3839.62,3892.42
2775.00,5887.50,2828.14,3908.72
2787.50,5887.50,2841.00,3907.76
2850.00,5887.50,2902.54,3907.35
2887.50,5887.50,2941.30,3907.36
2900.00,5887.50,2952.92,3907.06
2925.00,5887.50,2977.55,3907.13
2937.50,5887.50,2989.83,3907.13
3462.50,5887.50,3513.38,3903.74
3487.50,5887.50,3538.86,3905.34
3500.00,5887.50,3551.84,3905.51
3525.00,5887.50,3577.54,3905.18
3537.50,5887.50,3589.84,3906.39
3562.50,5887.50,3614.23,3905.54
3575.00,5887.50,3628.00,3905.85
3600.00,5887.50,3653.28,3905.64
3612.50,5887.50,3664.25,3904.26
3637.50,5887.50,3689.16,3904.99
3650.00,5887.50,3703.26,3904.25
3675.00,5887.50,3727.22,3905.12
3687.50,5887.50,3740.72,3903.43
3712.50,5887.50,3764.75,3904.73
3737.50,5887.50,3789.12,3904.07
3750.00,5887.50,3801.01,3904.72
3762.50,5887.50,3813.99,3904.08
3787.50,5887.50,3839.72,3903.32
2737.50,5900.00,2790.12,3921.04
2750.00,5900.00,2801.98,3920.82
2775.00,5900.00,2828.73,3921.39
2787.50,5900.00,2841.51,3921.45
2812.50,5900.00,2863.80,3921.71
2825.00,5900.00,2878.48,3920.67
2862.50,5900.00,2915.59,3920.32
2887.50,5900.00,2941.16,3920.76
2900.00,5900.00,2953.01,3919.62
2925.00,5900.00,2977.52,3920.06
2950.00,5900.00,3000.73,3921.88
3575.00,5900.00,3627.62,3917.70
3487.50,5912.50,3537.12,3929.22
3500.00,5912.50,3551.02,3929.92
3525.00,5912.50,3576.40,3930.23
3537.50,5912.50,3588.51,3930.15
3562.50,5912.50,3615.21,3930.30
3600.00,5912.50,3652.58,3929.84
3612.50,5912.50,3664.55,3928.45
3637.50,5912.50,3690.07,3929.70
3650.00,5912.50,3702.33,3929.92
3675.00,5912.50,3726.01,3929.48
3687.50,5912.50,3738.83,3929.50
3712.50,5912.50,3763.22,3928.83
3725.00,5912.50,3776.36,3929.14
3750.00,5912.50,3800.06,3929.19
3762.50,5912.50,3813.84,3929.25
3787.50,5912.50,3838.41,3928.77
2675.00,5925.00,2727.42,3946.17
2700.00,5925.00,2753.22,3945.71
2712.50,5925.00,2765.61,3945.37
2737.50,5925.00,2791.46,3946.58
2750.00,5925.00,2803.18,3946.08
2775.00,5925.00,2827.58,3945.72
2900.00,5925.00,2954.12,3944.51
2925.00,5925.00,2977.31,3944.83
2937.50,5925.00,2989.52,3944.78
2962.50,5925.00,3014.85,3945.58
3487.50,5925.00,3537.27,3941.64
3500.00,5925.00,3551.84,3941.74
3525.00,5925.00,3577.38,3941.44
3537.50,5925.00,3589.30,3941.04
3562.50,5925.00,3614.68,3941.77
3575.00,5925.00,3627.07,3941.89
3600.00,5925.00,3651.32,3941.59
3612.50,5925.00,3664.61,3941.57
3637.50,5925.00,3690.16,3941.50
3650.00,5925.00,3701.51,3940.80
3675.00,5925.00,3727.30,3940.53
3687.50,5925.00,3739.58,3940.18
3712.50,5925.00,3763.26,3940.64
3725.00,5925.00,3776.41,3940.20
3750.00,5925.00,3799.78,3939.94
3762.50,5925.00,3813.33,3940.71
3787.50,5925.00,3838.09,3941.07
2675.00,5937.50,2727.33,3958.61
2687.50,5937.50,2740.91,3958.61
2712.50,5937.50,2765.99,3958.73
2737.50,5937.50,2791.71,3959.31
2750.00,5937.50,2804.67,3959.22
2775.00,5937.50,2826.50,3959.86
2925.00,5937.50,2978.17,3957.39
2662.50,5950.00,2716.19,3972.27
2887.50,5950.00,2941.20,3969.17
2900.00,5950.00,2953.67,3969.88
2937.50,5950.00,2990.54,3969.38
2962.50,5950.00,3014.88,3969.12
2975.00,5950.00,3027.41,3969.07
3000.00,5950.00,3052.36,3969.35
3487.50,5950.00,3537.38,3966.47
3500.00,5950.00,3551.49,3967.63
3525.00,5950.00,3575.84,3965.66
3537.50,5950.00,3589.24,3966.75
3562.50,5950.00,3614.49,3965.44
3575.00,5950.00,3626.77,3966.25
3600.00,5950.00,3650.78,3966.20
3612.50,5950.00,3666.59,3969.14
3637.50,5950.00,3689.60,3964.73
3650.00,5950.00,3701.82,3965.13
3687.50,5950.00,3738.04,3965.56
3712.50,5950.00,3762.81,3965.54
3725.00,5950.00,3775.82,3965.16
3750.00,5950.00,3801.05,3965.92
3775.00,5950.00,3826.29,3964.94
3787.50,5950.00,3839.38,3965.52
2637.50,5962.50,2690.05,3983.78
2662.50,5962.50,2716.42,3984.48
2675.00,5962.50,2729.32,3984.48
2700.00,5962.50,2754.46,3986.24
2712.50,5962.50,2767.36,3985.29
2737.50,5962.50,2792.03,3984.92
2750.00,5962.50,2805.08,3986.26
2862.50,5962.50,2916.94,3983.56
2887.50,5962.50,2940.94,3982.51
2900.00,5962.50,2953.20,3982.52
2925.00,5962.50,2978.37,3981.56
2962.50,5962.50,3015.93,3982.07
2975.00,5962.50,3028.08,3981.73
3000.00,5962.50,3053.36,3982.05
3012.50,5962.50,3064.94,3981.92
3037.50,5962.50,3090.05,3982.69
3075.00,5962.50,3127.57,3983.24
3087.50,5962.50,3139.71,3981.89
3462.50,5962.50,3513.00,3978.21
3487.50,5962.50,3538.44,3978.21
3500.00,5962.50,3551.11,3979.24
3525.00,5962.50,3575.40,3977.80
3537.50,5962.50,3588.28,3977.84
3600.00,5962.50,3652.40,3979.72
3612.50,5962.50,3665.71,3981.23
3637.50,5962.50,3687.66,3977.53
3650.00,5962.50,3700.68,3977.08
3675.00,5962.50,3724.75,3977.53
3712.50,5962.50,3763.78,3977.73
3725.00,5962.50,3776.40,3978.20
3750.00,5962.50,3799.35,3978.45
2600.00,5975.00,2654.79,3998.73
2625.00,5975.00,2679.03,3996.73
2637.50,5975.00,2692.17,3996.59
2662.50,5975.00,2716.38,3997.65
2675.00,5975.00,2730.65,3997.12
2700.00,5975.00,2754.71,3997.01
2712.50,5975.00,2768.35,3997.15
2737.50,5975.00,2791.41,3997.52
2750.00,5975.00,2804.13,3997.86
2862.50,5975.00,2915.33,3995.80
3150.00,5975.00,3203.11,3993.15
3562.50,5975.00,3613.22,3990.43
3575.00,5975.00,3626.18,3990.41
3687.50,5975.00,3738.73,3990.12
3762.50,5975.00,3814.21,3989.40
3787.50,5975.00,3839.32,3989.27
2887.50,5987.50,2941.33,4007.24
2900.00,5987.50,2953.36,4007.22
2925.00,5987.50,2979.03,4006.36
2937.50,5987.50,2990.81,4007.99
2962.50,5987.50,3015.77,4007.56
2975.00,5987.50,3026.93,4006.51
3000.00,5987.50,3053.45,4006.64
3012.50,5987.50,3065.78,4007.16
3037.50,5987.50,3090.75,4006.87
3050.00,5987.50,3103.94,4007.57
3075.00,5987.50,3129.06,4006.52
3087.50,5987.50,3140.27,4006.78
3112.50,5987.50,3166.10,4006.09
3537.50,5987.50,3587.90,4002.45
3612.50,5987.50,3663.42,4002.38
3650.00,5987.50,3700.76,4001.95
3675.00,5987.50,3725.60,4002.75
3687.50,5987.50,3738.60,4003.15
3712.50,5987.50,3764.10,4001.85
3725.00,5987.50,3776.97,4002.10
3750.00,5987.50,3801.05,4002.41
3762.50,5987.50,3814.24,4003.65
3787.50,5987.50,3837.98,4003.03
2600.00,6000.00,2656.64,4023.35
2625.00,6000.00,2679.57,4023.86
2637.50,6000.00,2693.06,4023.39
2662.50,6000.00,2717.68,4022.47
2675.00,6000.00,2730.77,4022.45
2687.50,6000.00,2743.42,4022.26
2712.50,6000.00,2768.19,4022.39
2737.50,6000.00,2793.58,4021.06
2750.00,6000.00,2804.62,4022.17
2862.50,6000.00,2917.68,4019.43
2887.50,6000.00,2940.87,4019.89
2900.00,6000.00,2953.11,4019.52
2925.00,6000.00,2977.77,4019.47
2937.50,6000.00,2989.57,4019.78
2962.50,6000.00,3015.65,4019.51
2975.00,6000.00,3027.71,4020.14
3000.00,6000.00,3053.79,4019.63
3012.50,6000.00,3067.36,4019.62
3037.50,6000.00,3092.21,4019.57
3050.00,6000.00,3105.03,4019.99
3075.00,6000.00,3129.27,4019.68
3087.50,6000.00,3141.59,4019.94
3100.00,6000.00,3154.52,4019.91
3125.00,6000.00,3179.99,4019.31
3512.50,6000.00,3562.89,4015.37
3537.50,6000.00,3587.96,4015.03
3600.00,6000.00,3650.00,4015.03
3637.50,6000.00,3687.74,4014.40
3650.00,6000.00,3701.00,4015.09
3675.00,6000.00,3725.26,4015.59
3687.50,6000.00,3738.69,4015.32
3712.50,6000.00,3763.99,4015.20
3725.00,6000.00,3777.02,4015.23
3750.00,6000.00,3800.56,4014.95
3787.50,6000.00,3837.90,4015.22
2625.00,6012.50,2679.73,4035.36
2637.50,6012.50,2693.19,4035.75
2662.50,6012.50,2717.98,4034.77
2675.00,6012.50,2730.78,4034.07
2700.00,6012.50,2755.48,4034.82
2712.50,6012.50,2768.40,4035.24
2725.00,6012.50,2781.67,4034.71
2750.00,6012.50,2805.25,4033.81
2887.50,6012.50,2941.12,4033.26
2925.00,6012.50,2977.82,4031.89
2937.50,6012.50,2989.96,4031.90
2975.00,6012.50,3028.56,4033.05
3000.00,6012.50,3054.20,4032.54
3012.50,6012.50,3067.20,4032.92
3050.00,6012.50,3105.19,4033.28
3075.00,6012.50,3129.48,4033.61
3087.50,6012.50,3142.71,4033.47
3112.50,6012.50,3167.64,4033.01
3125.00,6012.50,3180.16,4033.37
3762.50,6012.50,3813.58,4028.05
2862.50,6025.00,2916.38,4044.62
2900.00,6025.00,2952.77,4043.52
2962.50,6025.00,3015.66,4044.48
3037.50,6025.00,3092.34,4045.22
3650.00,6025.00,3700.68,4039.33
3675.00,6025.00,3724.75,4039.66
3700.00,6025.00,3750.67,4038.63
3712.50,6025.00,3762.13,4039.36
3725.00,6025.00,3776.60,4039.27
3750.00,6025.00,3801.35,4038.74
3762.50,6025.00,3813.91,4039.53
3787.50,6025.00,3837.06,4040.97
2600.00,6037.50,2657.18,4061.15
2612.50,6037.50,2669.90,4061.00
2637.50,6037.50,2692.81,4059.87
2650.00,6037.50,2705.80,4060.45
2675.00,6037.50,2730.88,4059.84
2700.00,6037.50,2755.18,4060.95
2712.50,6037.50,2768.50,4060.68
2725.00,6037.50,2781.92,4061.07
2750.00,6037.50,2806.56,4057.27
2862.50,6037.50,2915.87,4057.33
2887.50,6037.50,2941.35,4057.24
2900.00,6037.50,2953.09,4057.54
2925.00,6037.50,2979.31,4057.44
2937.50,6037.50,2992.14,4057.52
2962.50,6037.50,3017.10,4058.78
2975.00,6037.50,3029.61,4058.10
3000.00,6037.50,3053.56,4058.40
3012.50,6037.50,3068.06,4059.75
3037.50,6037.50,3093.30,4058.09
3050.00,6037.50,3105.65,4058.37
3062.50,6037.50,3118.84,4058.10
3087.50,6037.50,3143.24,4057.98
3100.00,6037.50,3155.71,4058.95
3125.00,6037.50,3180.52,4058.50
3575.00,6037.50,3625.90,4052.24
3650.00,6037.50,3699.89,4052.01
3700.00,6037.50,3750.68,4052.46
3712.50,6037.50,3762.98,4052.77
3725.00,6037.50,3776.14,4052.38
3787.50,6037.50,3838.70,4052.70
2600.00,6050.00,2655.65,4074.13
2625.00,6050.00,2680.70,4072.70
2637.50,6050.00,2692.93,4072.56
2662.50,6050.00,2718.07,4071.83
2675.00,6050.00,2730.18,4072.04
2687.50,6050.00,2744.49,4072.10
2712.50,6050.00,2768.82,4072.72
2725.00,6050.00,2781.20,4072.44
2750.00,6050.00,2805.87,4072.05
2962.50,6050.00,3016.99,4071.28
2975.00,6050.00,3030.66,4071.83
3000.00,6050.00,3055.21,4071.47
3012.50,6050.00,3068.49,4071.72
3037.50,6050.00,3093.25,4071.91
3050.00,6050.00,3105.83,4072.12
3075.00,6050.00,3130.57,4072.02
3087.50,6050.00,3143.26,4071.73
3100.00,6050.00,3155.81,4071.60
3750.00,6050.00,3800.46,4065.02
3762.50,6050.00,3813.87,4064.80
2825.00,6062.50,2879.39,4083.12
2850.00,6062.50,2903.66,4083.47
2862.50,6062.50,2917.61,4083.82
2875.00,6062.50,2929.86,4083.06
2900.00,6062.50,2955.52,4082.80
2925.00,6062.50,2979.70,4082.48
2937.50,6062.50,2992.80,4083.89
3137.50,6062.50,3195.53,4082.76
3575.00,6062.50,3627.21,4077.99
3725.00,6062.50,3775.28,4076.28
3750.00,6062.50,3799.54,4077.16
3762.50,6062.50,3813.70,4076.91
3787.50,6062.50,3837.78,4077.60
2600.00,6075.00,2655.67,4098.63
2612.50,6075.00,2668.30,4098.36
2637.50,6075.00,2693.81,4098.31
2662.50,6075.00,2717.93,4098.24
2675.00,6075.00,2730.78,4098.52
2687.50,6075.00,2744.12,4098.11
2712.50,6075.00,2768.36,4097.33
2737.50,6075.00,2793.05,4097.66
2750.00,6075.00,2805.80,4095.61
2762.50,6075.00,2820.18,4095.01
2787.50,6075.00,2845.50,4096.32
2825.00,6075.00,2879.42,4095.21
2850.00,6075.00,2904.50,4095.05
2862.50,6075.00,2917.67,4096.45
2875.00,6075.00,2929.24,4095.66
2900.00,6075.00,2955.96,4095.86
2925.00,6075.00,2979.33,4096.21
2937.50,6075.00,2993.34,4095.95
2950.00,6075.00,3005.84,4095.32
2975.00,6075.00,3031.18,4095.59
2987.50,6075.00,3043.47,4097.03
3012.50,6075.00,3068.44,4096.19
3025.00,6075.00,3081.16,4097.65
3050.00,6075.00,3105.85,4097.23
3075.00,6075.00,3130.19,4095.94
3087.50,6075.00,3143.21,4095.77
3100.00,6075.00,3155.79,4096.00
3125.00,6075.00,3181.50,4095.09
3150.00,6075.00,3205.56,4095.28
3162.50,6075.00,3218.43,4096.88
3750.00,6075.00,3800.05,4089.60
3787.50,6075.00,3837.84,4089.80
2600.00,6087.50,2655.98,4109.25
2625.00,6087.50,2679.99,4109.46
2637.50,6087.50,2693.26,4109.77
2662.50,6087.50,2717.04,4110.73
2675.00,6087.50,2731.21,4111.35
2737.50,6087.50,2793.48,4110.61
2787.50,6087.50,2843.00,4109.28
2812.50,6087.50,2867.07,4108.82
2825.00,6087.50,2880.49,4109.21
2837.50,6087.50,2893.90,4108.97
2862.50,6087.50,2918.23,4109.10
2900.00,6087.50,2955.82,4109.29
2925.00,6087.50,2980.37,4109.54
2937.50,6087.50,2993.10,4108.48
2975.00,6087.50,3030.65,4108.75
2987.50,6087.50,3043.66,4108.59
3012.50,6087.50,3068.32,4108.34
3025.00,6087.50,3080.96,4108.47
3075.00,6087.50,3129.18,4108.64
3087.50,6087.50,3143.08,4108.71
3112.50,6087.50,3169.11,4108.45
3125.00,6087.50,3181.28,4108.38
3137.50,6087.50,3194.15,4107.97
2775.00,6100.00,2829.90,4118.66
2875.00,6100.00,2931.42,4122.16
2962.50,6100.00,3017.01,4121.39
3050.00,6100.00,3105.40,4119.21
3775.00,6100.00,3824.80,4113.10
3787.50,6100.00,3837.45,4113.53
2600.00,6112.50,2655.95,4134.15
2625.00,6112.50,2680.11,4133.84
2637.50,6112.50,2692.72,4134.58
2662.50,6112.50,2717.94,4135.06
2675.00,6112.50,2731.20,4135.14
2687.50,6112.50,2745.65,4136.15
2712.50,6112.50,2770.09,4136.64
2775.00,6112.50,2829.72,4132.27
2787.50,6112.50,2843.03,4132.65
2812.50,6112.50,2867.65,4133.53
2825.00,6112.50,2880.86,4133.78
2850.00,6112.50,2904.84,4133.78
2862.50,6112.50,2918.54,4133.31
2875.00,6112.50,2931.87,4134.21
2900.00,6112.50,2955.51,4133.85
2912.50,6112.50,2969.16,4133.21
2937.50,6112.50,2993.15,4133.60
2950.00,6112.50,3006.62,4133.52
2975.00,6112.50,3031.58,4133.34
2987.50,6112.50,3044.70,4133.30
3012.50,6112.50,3068.42,4133.58
3025.00,6112.50,3080.72,4132.79
3050.00,6112.50,3105.11,4132.30
3075.00,6112.50,3129.33,4132.58
3087.50,6112.50,3142.36,4132.41
3100.00,6112.50,3155.05,4132.10
3125.00,6112.50,3180.63,4132.13
3150.00,6112.50,3205.30,4132.11
3162.50,6112.50,3218.78,4131.65
3200.00,6112.50,3254.35,4131.81
2600.00,6125.00,2656.38,4149.05
2612.50,6125.00,2669.23,4146.85
2637.50,6125.00,2693.42,4146.89
2650.00,6125.00,2705.46,4146.52
2675.00,6125.00,2730.80,4147.38
2687.50,6125.00,2743.74,4147.12
2712.50,6125.00,2768.56,4147.15
2725.00,6125.00,2783.17,4147.21
2750.00,6125.00,2806.38,4146.18
2762.50,6125.00,2816.79,4146.38
2787.50,6125.00,2842.98,4146.17
2812.50,6125.00,2868.92,4146.17
2825.00,6125.00,2881.06,4146.70
2837.50,6125.00,2895.16,4146.23
2862.50,6125.00,2917.89,4146.54
2875.00,6125.00,2931.61,4146.05
2900.00,6125.00,2955.72,4146.27
2925.00,6125.00,2980.10,4146.61
2937.50,6125.00,2993.31,4146.52
2950.00,6125.00,3005.30,4146.26
2975.00,6125.00,3031.52,4146.09
2987.50,6125.00,3043.91,4146.24
3012.50,6125.00,3068.96,4146.42
3025.00,6125.00,3081.98,4146.34
3050.00,6125.00,3106.27,4146.22
3087.50,6125.00,3143.06,4144.61
3162.50,6125.00,3219.04,4146.83
3787.50,6125.00,3837.81,4138.23
3200.00,6137.50,3254.76,4155.62
3225.00,6137.50,3278.61,4156.75
3575.00,6137.50,3627.60,4150.88
3762.50,6137.50,3812.52,4150.29
3787.50,6137.50,3837.22,4151.21
2600.00,6150.00,2656.22,4172.84
2612.50,6150.00,2668.77,4172.66
2637.50,6150.00,2693.66,4172.54
2650.00,6150.00,2706.91,4172.02
2675.00,6150.00,2731.45,4172.78
2700.00,6150.00,2754.90,4172.29
2712.50,6150.00,2768.04,4172.92
2725.00,6150.00,2780.84,4171.61
2750.00,6150.00,2806.94,4172.36
2762.50,6150.00,2818.29,4171.86
2787.50,6150.00,2843.55,4172.01
2800.00,6150.00,2856.15,4171.97
2825.00,6150.00,2882.39,4171.56
2837.50,6150.00,2893.45,4170.61
2862.50,6150.00,2918.47,4171.29
2875.00,6150.00,2930.52,4170.57
2900.00,6150.00,2956.66,4171.75
2912.50,6150.00,2969.45,4171.21
2937.50,6150.00,2993.52,4172.38
2950.00,6150.00,3007.23,4172.58
2975.00,6150.00,3032.34,4172.17
2987.50,6150.00,3044.18,4170.98
3012.50,6150.00,3069.47,4172.02
3025.00,6150.00,3082.07,4171.70
3050.00,6150.00,3107.60,4169.78
3087.50,6150.00,3145.49,4170.95
3100.00,6150.00,3157.79,4169.50
3162.50,6150.00,3219.38,4168.86
3187.50,6150.00,3241.35,4168.13
3200.00,6150.00,3254.37,4168.35
3225.00,6150.00,3277.13,4170.60
3237.50,6150.00,3292.55,4170.17
3500.00,6150.00,3553.99,4168.97
3537.50,6150.00,3588.75,4164.44
3575.00,6150.00,3625.98,4164.49
2612.50,6162.50,2669.66,4185.37
2637.50,6162.50,2695.37,4184.48
2662.50,6162.50,2718.15,4184.77
2675.00,6162.50,2731.02,4184.82
2700.00,6162.50,2755.81,4184.96
2712.50,6162.50,2768.68,4183.89
2737.50,6162.50,2793.33,4183.65
2750.00,6162.50,2806.16,4183.94
2762.50,6162.50,2817.97,4185.11
2787.50,6162.50,2844.36,4184.34
2800.00,6162.50,2856.85,4184.03
2825.00,6162.50,2881.24,4183.98
2837.50,6162.50,2894.38,4184.16
2862.50,6162.50,2918.76,4183.83
2887.50,6162.50,2943.98,4185.45
2900.00,6162.50,2956.57,4184.50
2912.50,6162.50,2969.92,4184.49
2937.50,6162.50,2994.29,4183.82
2962.50,6162.50,3018.04,4183.91
2975.00,6162.50,3030.97,4184.36
2987.50,6162.50,3044.11,4184.08
3012.50,6162.50,3068.99,4183.98
3025.00,6162.50,3082.55,4183.83
3050.00,6162.50,3107.50,4184.60
3100.00,6162.50,3157.17,4183.06
3525.00,6162.50,3576.61,4177.94
3725.00,6162.50,3775.77,4175.98
3750.00,6162.50,3800.15,4176.02
3775.00,6162.50,3825.38,4175.34
3787.50,6162.50,3838.09,4175.66
3087.50,6175.00,3145.74,4193.39
3162.50,6175.00,3218.24,4193.52
3187.50,6175.00,3241.41,4192.44
3200.00,6175.00,3256.18,4192.36
3212.50,6175.00,3270.80,4192.07
3275.00,6175.00,3329.55,4192.36
3300.00,6175.00,3354.12,4192.99
3312.50,6175.00,3366.27,4193.02
3337.50,6175.00,3391.26,4191.88
3350.00,6175.00,3403.45,4190.94
3375.00,6175.00,3428.94,4189.54
3387.50,6175.00,3441.25,4190.42
3412.50,6175.00,3464.60,4191.80
3425.00,6175.00,3475.99,4192.03
3450.00,6175.00,3503.15,4190.14
3475.00,6175.00,3527.29,4191.04
3487.50,6175.00,3540.80,4191.27
3500.00,6175.00,3552.83,4191.41
3525.00,6175.00,3578.23,4191.73
3537.50,6175.00,3589.79,4192.21
3562.50,6175.00,3616.41,4191.31
3575.00,6175.00,3629.02,4192.80
3600.00,6175.00,3651.50,4192.05
3612.50,6175.00,3666.09,4191.79
3650.00,6175.00,3701.91,4190.13
3675.00,6175.00,3726.65,4188.70
3700.00,6175.00,3750.96,4189.07
3712.50,6175.00,3763.43,4189.01
3725.00,6175.00,3776.16,4188.10
3750.00,6175.00,3800.54,4189.06
3762.50,6175.00,3814.02,4189.05
3787.50,6175.00,3839.71,4189.20
2600.00,6187.50,2657.25,4209.42
2612.50,6187.50,2671.84,4209.41
2637.50,6187.50,2695.64,4209.95
2650.00,6187.50,2707.47,4210.51
2675.00,6187.50,2732.89,4209.77
2687.50,6187.50,2744.83,4208.30
2712.50,6187.50,2768.65,4208.71
2737.50,6187.50,2792.67,4208.28
2750.00,6187.50,2806.30,4208.44
2762.50,6187.50,2818.69,4208.51
2787.50,6187.50,2844.95,4208.96
2800.00,6187.50,2856.16,4208.54
2825.00,6187.50,2881.62,4208.73
2850.00,6187.50,2902.68,4210.86
2862.50,6187.50,2919.51,4209.76
2887.50,6187.50,2943.39,4206.83
2900.00,6187.50,2955.57,4208.54
2912.50,6187.50,2970.18,4208.26
2937.50,6187.50,2993.48,4208.40
2950.00,6187.50,3007.13,4208.50
2975.00,6187.50,3031.71,4208.78
2987.50,6187.50,3045.11,4208.72
3012.50,6187.50,3069.93,4208.10
3025.00,6187.50,3081.83,4208.04
3050.00,6187.50,3108.58,4206.80
3150.00,6187.50,3204.32,4206.31
3162.50,6187.50,3217.00,4206.67
3187.50,6187.50,3242.89,4205.49
3200.00,6187.50,3255.17,4205.41
3225.00,6187.50,3275.27,4208.72
3237.50,6187.50,3289.91,4205.50
3262.50,6187.50,3316.38,4205.89
3275.00,6187.50,3330.19,4205.56
3300.00,6187.50,3354.19,4204.63
3312.50,6187.50,3366.37,4204.83
3337.50,6187.50,3389.97,4205.04
3350.00,6187.50,3405.94,4206.13
3387.50,6187.50,3440.43,4202.63
3412.50,6187.50,3466.22,4203.30
3425.00,6187.50,3477.06,4203.60
3450.00,6187.50,3501.64,4203.42
3462.50,6187.50,3515.72,4203.24
3487.50,6187.50,3540.85,4203.57
3500.00,6187.50,3553.24,4204.38
3525.00,6187.50,3579.19,4204.79
3537.50,6187.50,3591.88,4205.15
3562.50,6187.50,3617.13,4204.03
3575.00,6187.50,3628.97,4204.44
3600.00,6187.50,3653.71,4203.85
3612.50,6187.50,3668.52,4203.33
3625.00,6187.50,3681.33,4203.18
3650.00,6187.50,3703.83,4204.09
3675.00,6187.50,3728.88,4201.20
3687.50,6187.50,3739.49,4202.42
3712.50,6187.50,3763.74,4201.63
3725.00,6187.50,3778.74,4202.02
3750.00,6187.50,3803.46,4200.96
3762.50,6187.50,3817.91,4202.64
3787.50,6187.50,3838.98,4202.34
3800.00,5800.00,3854.28,3818.15
3900.00,5812.50,3949.19,3830.54
4025.00,5825.00,4079.28,3842.82
4050.00,5825.00,4102.70,3843.45
3800.00,5837.50,3854.20,3855.46
3825.00,5837.50,3877.62,3854.52
3837.50,5837.50,3890.07,3854.91
3862.50,5837.50,3915.52,3854.67
3875.00,5837.50,3927.90,3855.20
3900.00,5837.50,3953.87,3855.30
3912.50,5837.50,3965.04,3855.63
3937.50,5837.50,3990.73,3855.71
3950.00,5837.50,4003.55,3855.58
4062.50,5837.50,4113.70,3855.90
4087.50,5837.50,4140.90,3855.62
4100.00,5837.50,4153.66,3855.14
4125.00,5837.50,4178.53,3853.91
4137.50,5837.50,4190.27,3855.70
3800.00,5850.00,3851.76,3868.76
3825.00,5850.00,3876.67,3867.13
3837.50,5850.00,3889.41,3867.31
3862.50,5850.00,3915.16,3868.58
3875.00,5850.00,3927.55,3865.77
3900.00,5850.00,3951.18,3868.15
3912.50,5850.00,3965.27,3867.91
3937.50,5850.00,3988.75,3867.90
4087.50,5850.00,4137.97,3864.61
4100.00,5850.00,4152.55,3865.56
4125.00,5850.00,4177.63,3866.52
3800.00,5875.00,3852.82,3892.13
3825.00,5875.00,3877.85,3889.21
3837.50,5875.00,3890.52,3890.68
3862.50,5875.00,3913.66,3891.72
3875.00,5875.00,3927.88,3889.87
3900.00,5875.00,3953.09,3891.08
3912.50,5875.00,3962.71,3889.15
3925.00,5875.00,3981.10,3890.89
3950.00,5875.00,4005.70,3890.70
3987.50,5875.00,4042.71,3890.49
4050.00,5875.00,4100.93,3887.45
4062.50,5875.00,4113.70,3888.83
4087.50,5875.00,4136.28,3888.71
4100.00,5875.00,4151.72,3889.15
4125.00,5875.00,4176.29,3889.54
4137.50,5875.00,4189.08,3891.28
4162.50,5875.00,4215.59,3892.46
4175.00,5875.00,4228.79,3893.53
4187.50,5875.00,4241.78,3892.74
3800.00,5887.50,3853.23,3904.57
3825.00,5887.50,3875.78,3902.93
3850.00,5887.50,3901.73,3903.05
3862.50,5887.50,3914.69,3904.21
3875.00,5887.50,3926.63,3902.76
3900.00,5887.50,3951.83,3902.76
3912.50,5887.50,3964.27,3904.24
3937.50,5887.50,3988.08,3904.24
3950.00,5887.50,3999.56,3905.35
4012.50,5887.50,4063.94,3902.82
4025.00,5887.50,4076.78,3902.47
4050.00,5887.50,4099.91,3902.64
4062.50,5887.50,4114.14,3902.77
4087.50,5887.50,4139.39,3901.96
4100.00,5887.50,4153.30,3902.53
4125.00,5887.50,4176.87,3902.62
4137.50,5887.50,4190.08,3903.41
4162.50,5887.50,4215.70,3904.20
4175.00,5887.50,4229.06,3905.29
3975.00,5900.00,4026.56,3914.57
3812.50,5912.50,3862.35,3928.71
3825.00,5912.50,3875.94,3928.60
3837.50,5912.50,3888.84,3929.56
3862.50,5912.50,3912.58,3930.48
3875.00,5912.50,3927.38,3928.29
3900.00,5912.50,3951.69,3926.96
3912.50,5912.50,3964.13,3927.33
3937.50,5912.50,3989.53,3928.52
3950.00,5912.50,4002.50,3929.72
3975.00,5912.50,4028.50,3928.42
3987.50,5912.50,4040.14,3928.58
4012.50,5912.50,4065.18,3928.97
4025.00,5912.50,4077.75,3929.30
4050.00,5912.50,4103.09,3929.27
4062.50,5912.50,4115.13,3929.86
4087.50,5912.50,4140.96,3929.74
4100.00,5912.50,4151.85,3929.31
4125.00,5912.50,4176.48,3929.84
4137.50,5912.50,4190.30,3930.36
4162.50,5912.50,4216.92,3929.87
4175.00,5912.50,4230.03,3930.29
4187.50,5912.50,4243.17,3930.08
3825.00,5925.00,3876.34,3941.54
3837.50,5925.00,3888.55,3940.31
3862.50,5925.00,3912.99,3941.39
3875.00,5925.00,3925.98,3940.30
3900.00,5925.00,3950.72,3941.42
3912.50,5925.00,3965.35,3941.86
3937.50,5925.00,3990.67,3942.64
3950.00,5925.00,4003.01,3940.73
3975.00,5925.00,4028.75,3941.74
3987.50,5925.00,4041.52,3942.21
4012.50,5925.00,4066.05,3941.60
4025.00,5925.00,4079.29,3943.56
4050.00,5925.00,4103.70,3943.44
4062.50,5925.00,4116.65,3941.84
4087.50,5925.00,4141.28,3941.32
4100.00,5925.00,4153.65,3941.92
4162.50,5925.00,4216.60,3943.25
4187.50,5925.00,4243.24,3942.92
4237.50,5925.00,4290.64,3942.50
3800.00,5937.50,3851.71,3952.23
3800.00,5950.00,3853.13,3965.39
3825.00,5950.00,3875.76,3966.21
3837.50,5950.00,3889.04,3966.29
3862.50,5950.00,3913.58,3965.76
3875.00,5950.00,3926.68,3964.30
3900.00,5950.00,3950.52,3966.26
3912.50,5950.00,3964.32,3966.72
3937.50,5950.00,3990.78,3968.14
3950.00,5950.00,4002.64,3967.66
3975.00,5950.00,4027.63,3967.52
3987.50,5950.00,4042.12,3966.46
4012.50,5950.00,4066.22,3967.42
4025.00,5950.00,4079.17,3966.73
4050.00,5950.00,4104.19,3966.19
4062.50,5950.00,4118.46,3966.88
4075.00,5950.00,4130.69,3967.43
4100.00,5950.00,4153.96,3967.50
4125.00,5950.00,4178.62,3968.69
4162.50,5950.00,4215.59,3967.23
4175.00,5950.00,4229.60,3967.33
4212.50,5950.00,4267.28,3966.34
4250.00,5950.00,4302.44,3967.83
4312.50,5950.00,4366.47,3965.88
4325.00,5950.00,4378.76,3966.88
4350.00,5950.00,4403.99,3967.08
4362.50,5950.00,4417.23,3966.16
4400.00,5950.00,4452.46,3966.99
3862.50,5962.50,3914.66,3978.33
3875.00,5962.50,3927.46,3978.42
3900.00,5962.50,3950.66,3979.30
3912.50,5962.50,3963.86,3979.60
3937.50,5962.50,3991.09,3981.68
3950.00,5962.50,4003.68,3979.44
3975.00,5962.50,4028.60,3980.80
3987.50,5962.50,4041.43,3979.64
4012.50,5962.50,4064.58,3979.83
4025.00,5962.50,4078.35,3980.65
4050.00,5962.50,4104.21,3979.17
4062.50,5962.50,4117.07,3978.30
4075.00,5962.50,4131.75,3979.20
4100.00,5962.50,4154.55,3978.82
4162.50,5962.50,4213.76,3980.51
4350.00,5962.50,4400.65,3977.75
4362.50,5962.50,4414.41,3977.93
3800.00,5975.00,3852.84,3988.66
3825.00,5975.00,3876.81,3990.40
3837.50,5975.00,3888.59,3990.67
4037.50,5975.00,4092.27,3992.92
4387.50,5975.00,4438.17,3987.05
4400.00,5975.00,4451.82,3988.46
4425.00,5975.00,4477.84,3989.43
4462.50,5975.00,4514.52,3987.27
4475.00,5975.00,4527.77,3987.70
3800.00,5987.50,3853.47,4001.57
3825.00,5987.50,3876.64,4002.81
3837.50,5987.50,3888.80,4002.67
3862.50,5987.50,3915.07,4004.10
3875.00,5987.50,3926.97,4002.84
3900.00,5987.50,3952.94,4003.98
3912.50,5987.50,3965.83,4003.42
3937.50,5987.50,3991.69,4004.84
3950.00,5987.50,4004.74,4004.97
3975.00,5987.50,4029.07,4003.08
3987.50,5987.50,4041.67,4003.75
4025.00,5987.50,4077.93,4004.70
4062.50,5987.50,4117.89,4003.62
4075.00,5987.50,4131.31,4003.19
4100.00,5987.50,4154.70,4004.14
4387.50,5987.50,4437.64,3998.69
4400.00,5987.50,4449.79,3999.65
4437.50,5987.50,4488.24,4000.32
4462.50,5987.50,4512.85,4000.13
4487.50,5987.50,4539.28,4000.61
4500.00,5987.50,4552.84,4001.66
4512.50,5987.50,4566.57,4002.25
4537.50,5987.50,4591.83,4002.56
3800.00,6000.00,3851.98,4016.07
3825.00,6000.00,3878.74,4014.77
3837.50,6000.00,3890.01,4015.75
3862.50,6000.00,3913.88,4015.11
3875.00,6000.00,3927.86,4016.04
3900.00,6000.00,3951.76,4016.05
3912.50,6000.00,3966.28,4014.73
3937.50,6000.00,3990.99,4015.36
3950.00,6000.00,4004.77,4018.12
3975.00,6000.00,4029.18,4015.16
3987.50,6000.00,4042.18,4015.08
4012.50,6000.00,4065.83,4015.07
4025.00,6000.00,4079.41,4015.66
4050.00,6000.00,4103.84,4014.72
4062.50,6000.00,4117.38,4015.06
4087.50,6000.00,4139.48,4017.63
4100.00,6000.00,4154.49,4016.98
4537.50,6000.00,4590.48,4014.66
4550.00,6000.00,4603.70,4016.01
4475.00,6012.50,4525.35,4024.42
4512.50,6012.50,4564.17,4024.58
3800.00,6025.00,3851.39,4040.07
3825.00,6025.00,3875.87,4039.78
3837.50,6025.00,3890.90,4039.54
3862.50,6025.00,3914.63,4039.14
3875.00,6025.00,3927.23,4040.88
3900.00,6025.00,3950.47,4039.73
3912.50,6025.00,3964.78,4039.80
3937.50,6025.00,3989.45,4039.83
3950.00,6025.00,4003.15,4040.28
3975.00,6025.00,4028.49,4040.45
3987.50,6025.00,4040.36,4039.41
4012.50,6025.00,4064.36,4041.48
4025.00,6025.00,4077.31,4039.51
4050.00,6025.00,4102.56,4038.87
4062.50,6025.00,4114.46,4039.58
4087.50,6025.00,4137.63,4037.74
4100.00,6025.00,4152.65,4041.75
4500.00,6025.00,4550.01,4038.23
4512.50,6025.00,4563.97,4038.09
4537.50,6025.00,4591.06,4038.76
4550.00,6025.00,4603.28,4039.20
4562.50,6025.00,4616.73,4040.26
3800.00,6037.50,3851.82,4053.90
3825.00,6037.50,3876.17,4053.61
3837.50,6037.50,3889.48,4054.25
3875.00,6037.50,3927.02,4051.97
3912.50,6037.50,3967.10,4052.74
3937.50,6037.50,3987.85,4052.84
3950.00,6037.50,4001.49,4053.09
3975.00,6037.50,4027.14,4053.09
3987.50,6037.50,4039.07,4052.71
4012.50,6037.50,4064.62,4055.66
4025.00,6037.50,4076.53,4052.66
4050.00,6037.50,4101.59,4053.33
4537.50,6037.50,4588.94,4051.94
4550.00,6037.50,4601.81,4052.52
3900.00,6050.00,3951.22,4065.36
4062.50,6050.00,4114.12,4063.74
4087.50,6050.00,4139.15,4063.32
4100.00,6050.00,4151.68,4063.77
4125.00,6050.00,4177.82,4061.46
4137.50,6050.00,4190.88,4061.11
4512.50,6050.00,4564.26,4062.21
3800.00,6062.50,3853.21,4078.19
3812.50,6062.50,3868.60,4075.35
3850.00,6062.50,3900.80,4076.91
3862.50,6062.50,3913.82,4076.65
3875.00,6062.50,3926.39,4077.68
3900.00,6062.50,3951.64,4077.50
3925.00,6062.50,3975.74,4078.19
3937.50,6062.50,3990.69,4076.08
3950.00,6062.50,4002.21,4075.99
3975.00,6062.50,4027.59,4078.64
3987.50,6062.50,4040.41,4075.31
4012.50,6062.50,4061.97,4077.25
4025.00,6062.50,4076.36,4077.94
4050.00,6062.50,4102.32,4076.77
4062.50,6062.50,4115.05,4075.41
4087.50,6062.50,4139.93,4076.03
4100.00,6062.50,4151.85,4076.06
4125.00,6062.50,4177.56,4075.88
4137.50,6062.50,4189.83,4075.11
4200.00,6062.50,4250.09,4075.29
4225.00,6062.50,4275.26,4075.12
4237.50,6062.50,4289.04,4076.05
4287.50,6062.50,4339.22,4073.48
4312.50,6062.50,4364.00,4074.75
4425.00,6062.50,4475.48,4074.65
4437.50,6062.50,4489.29,4074.02
4462.50,6062.50,4513.62,4073.02
4500.00,6062.50,4550.47,4074.01
4512.50,6062.50,4564.06,4075.15
4537.50,6062.50,4590.62,4076.27
4550.00,6062.50,4602.05,4076.28
3800.00,6075.00,3851.05,4090.21
3825.00,6075.00,3875.95,4089.68
3837.50,6075.00,3892.79,4089.61
3862.50,6075.00,3914.33,4089.95
3875.00,6075.00,3926.76,4089.74
3937.50,6075.00,3991.08,4089.42
3950.00,6075.00,4002.04,4089.63
3975.00,6075.00,4026.37,4088.34
4050.00,6075.00,4102.83,4089.55
4062.50,6075.00,4114.18,4090.38
4087.50,6075.00,4140.77,4090.42
4100.00,6075.00,4152.61,4090.87
4125.00,6075.00,4177.68,4089.37
4137.50,6075.00,4190.06,4090.42
4237.50,6075.00,4290.19,4089.77
4250.00,6075.00,4304.58,4090.10
4275.00,6075.00,4325.98,4090.19
4287.50,6075.00,4339.27,4089.18
4462.50,6075.00,4515.23,4087.68
4475.00,6075.00,4525.80,4087.26
4500.00,6075.00,4552.32,4087.52
4537.50,6075.00,4590.76,4089.64
3900.00,6087.50,3950.83,4101.36
3912.50,6087.50,3966.04,4100.73
3987.50,6087.50,4040.37,4100.37
4012.50,6087.50,4063.29,4102.19
4025.00,6087.50,4076.19,4102.96
4162.50,6087.50,4214.64,4100.31
4200.00,6087.50,4252.25,4099.44
4212.50,6087.50,4264.97,4101.52
4312.50,6087.50,4364.36,4100.63
4325.00,6087.50,4379.27,4100.85
4350.00,6087.50,4402.53,4100.16
4362.50,6087.50,4414.39,4100.72
4387.50,6087.50,4441.03,4101.19
4400.00,6087.50,4453.98,4100.54
4425.00,6087.50,4477.03,4102.16
4437.50,6087.50,4491.17,4100.68
4525.00,6087.50,4576.97,4102.03
3800.00,6100.00,3850.41,4113.25
3825.00,6100.00,3876.35,4113.40
3837.50,6100.00,3889.92,4114.16
3862.50,6100.00,3914.42,4114.45
3875.00,6100.00,3926.92,4114.97
3900.00,6100.00,3950.36,4114.17
3912.50,6100.00,3965.44,4114.58
3937.50,6100.00,3988.34,4113.50
3950.00,6100.00,4002.00,4113.64
3975.00,6100.00,4026.34,4114.03
3987.50,6100.00,4039.56,4113.05
4012.50,6100.00,4065.51,4113.19
4025.00,6100.00,4075.86,4113.39
4050.00,6100.00,4102.73,4113.77
4062.50,6100.00,4114.63,4114.09
4087.50,6100.00,4140.63,4114.19
4100.00,6100.00,4152.89,4115.32
4125.00,6100.00,4178.73,4114.21
4137.50,6100.00,4190.54,4115.24
4162.50,6100.00,4215.17,4113.95
4175.00,6100.00,4226.47,4114.66
4200.00,6100.00,4253.07,4114.58
4212.50,6100.00,4265.80,4115.44
4225.00,6100.00,4279.07,4115.37
4250.00,6100.00,4306.04,4115.97
4275.00,6100.00,4328.97,4114.94
4287.50,6100.00,4340.80,4115.18
4312.50,6100.00,4366.91,4114.48
4325.00,6100.00,4380.79,4115.56
4350.00,6100.00,4404.80,4114.06
4362.50,6100.00,4416.65,4115.56
4387.50,6100.00,4441.67,4115.95
4400.00,6100.00,4454.03,4114.74
4425.00,6100.00,4477.38,4115.19
4475.00,6100.00,4527.56,4114.07
4500.00,6100.00,4553.71,4113.56
3862.50,6112.50,3911.93,4127.32
3875.00,6112.50,3926.63,4126.92
3900.00,6112.50,3950.79,4127.41
3975.00,6112.50,4026.01,4126.74
4125.00,6112.50,4178.14,4126.80
4137.50,6112.50,4189.45,4127.76
4162.50,6112.50,4214.39,4129.07
4175.00,6112.50,4227.29,4127.93
4200.00,6112.50,4253.06,4128.01
4212.50,6112.50,4265.84,4127.74
4225.00,6112.50,4279.71,4128.99
4250.00,6112.50,4303.63,4128.08
4275.00,6112.50,4329.81,4128.40
4287.50,6112.50,4342.18,4127.88
4312.50,6112.50,4367.36,4128.11
4475.00,6112.50,4528.69,4127.61
3800.00,6125.00,3850.49,4138.17
3912.50,6125.00,3964.17,4137.91
3937.50,6125.00,3987.79,4139.50
4000.00,6125.00,4051.35,4138.55
4012.50,6125.00,4063.86,4136.95
4025.00,6125.00,4076.73,4137.19
4062.50,6125.00,4115.21,4136.09
4075.00,6125.00,4130.01,4137.22
4100.00,6125.00,4151.67,4139.99
3812.50,6137.50,3862.74,4151.03
3825.00,6137.50,3874.83,4151.22
3837.50,6137.50,3888.80,4150.91
3862.50,6137.50,3913.33,4150.62
3875.00,6137.50,3926.44,4150.59
3900.00,6137.50,3951.52,4150.46
3912.50,6137.50,3965.39,4149.90
3937.50,6137.50,3987.68,4150.49
3950.00,6137.50,4000.11,4151.70
3975.00,6137.50,4026.23,4149.97
3987.50,6137.50,4039.29,4151.11
4012.50,6137.50,4063.94,4150.37
4037.50,6137.50,4088.18,4150.11
4050.00,6137.50,4099.79,4149.83
4062.50,6137.50,4114.56,4150.55
4087.50,6137.50,4140.93,4151.85
4100.00,6137.50,4152.67,4152.36
4125.00,6137.50,4177.75,4151.83
4137.50,6137.50,4190.20,4152.07
4162.50,6137.50,4214.92,4153.39
4175.00,6137.50,4228.68,4153.99
4200.00,6137.50,4254.93,4154.74
4212.50,6137.50,4267.77,4153.18
4225.00,6137.50,4280.04,4153.65
4312.50,6137.50,4367.40,4152.80
4387.50,6137.50,4439.66,4152.35
4425.00,6137.50,4477.55,4149.31
3900.00,6150.00,3956.07,4164.75
3912.50,6150.00,3964.02,4163.69
3937.50,6150.00,3986.84,4165.54
3962.50,6150.00,4012.20,4163.88
3975.00,6150.00,4027.09,4164.07
4012.50,6150.00,4064.22,4165.62
4025.00,6150.00,4076.99,4163.96
4050.00,6150.00,4101.46,4164.52
4062.50,6150.00,4114.51,4164.83
4087.50,6150.00,4141.58,4165.57
4100.00,6150.00,4152.81,4165.97
4125.00,6150.00,4179.41,4165.16
4137.50,6150.00,4191.43,4166.20
4162.50,6150.00,4215.43,4165.35
4175.00,6150.00,4228.80,4165.66
4200.00,6150.00,4254.16,4165.49
4212.50,6150.00,4267.48,4165.58
4250.00,6150.00,4305.33,4166.05
4287.50,6150.00,4342.00,4165.60
4312.50,6150.00,4366.88,4165.81
4325.00,6150.00,4380.10,4164.89
4350.00,6150.00,4404.79,4165.44
4425.00,6150.00,4475.24,4165.35
4462.50,6150.00,4516.64,4165.35
3800.00,6162.50,3851.75,4174.18
3825.00,6162.50,3877.37,4175.09
3837.50,6162.50,3890.10,4175.64
3862.50,6162.50,3912.64,4175.28
3875.00,6162.50,3927.20,4175.51
4387.50,6162.50,4441.89,4176.75
4400.00,6162.50,4455.32,4177.53
3800.00,6175.00,3852.55,4187.49
3837.50,6175.00,3889.20,4187.24
3862.50,6175.00,3913.04,4188.27
3875.00,6175.00,3926.81,4189.53
3900.00,6175.00,3951.35,4188.85
3912.50,6175.00,3963.14,4188.48
3937.50,6175.00,3988.86,4188.24
3950.00,6175.00,4000.82,4188.69
3975.00,6175.00,4025.64,4188.45
4000.00,6175.00,4051.59,4188.27
4012.50,6175.00,4064.75,4188.08
4025.00,6175.00,4077.64,4188.55
4050.00,6175.00,4102.64,4189.36
4062.50,6175.00,4113.36,4190.61
4087.50,6175.00,4138.04,4188.04
4100.00,6175.00,4151.56,4188.47
4125.00,6175.00,4178.01,4189.87
4137.50,6175.00,4191.24,4190.11
4162.50,6175.00,4215.86,4188.78
4175.00,6175.00,4228.46,4188.03
4200.00,6175.00,4253.45,4189.98
4212.50,6175.00,4266.97,4191.17
4237.50,6175.00,4291.23,4189.10
4250.00,6175.00,4305.00,4189.67
4275.00,6175.00,4328.70,4188.92
4312.50,6175.00,4366.37,4190.48
4325.00,6175.00,4379.19,4189.63
4362.50,6175.00,4416.69,4188.87
4387.50,6175.00,4439.99,4189.10
4400.00,6175.00,4454.55,4189.61
4425.00,6175.00,4478.91,4187.49
4437.50,6175.00,4493.71,4187.09
4462.50,6175.00,4516.27,4189.20
4475.00,6175.00,4529.31,4189.04
4500.00,6175.00,4553.63,4189.53
4512.50,6175.00,4566.01,4189.36
4537.50,6175.00,4591.00,4188.74
4550.00,6175.00,4603.96,4188.76
4562.50,6175.00,4616.76,4188.97
3800.00,6187.50,3853.28,4201.67
3862.50,6187.50,3912.16,4201.44
3875.00,6187.50,3926.74,4201.25
3900.00,6187.50,3950.52,4202.18
4050.00,6187.50,4102.21,4201.87
4062.50,6187.50,4115.35,4201.26
4087.50,6187.50,4138.43,4201.70
4100.00,6187.50,4152.04,4200.14
4125.00,6187.50,4177.73,4201.63
4137.50,6187.50,4190.28,4201.67
4162.50,6187.50,4215.33,4202.72
4175.00,6187.50,4230.05,4202.59
4200.00,6187.50,4253.31,4202.42
4212.50,6187.50,4265.54,4202.15
4237.50,6187.50,4291.54,4203.02
4287.50,6187.50,4342.13,4200.43
4312.50,6187.50,4366.13,4202.53
4325.00,6187.50,4379.58,4202.30
4387.50,6187.50,4441.07,4201.13
4400.00,6187.50,4454.48,4200.35
4475.00,6187.50,4528.51,4202.33
4500.00,6187.50,4554.21,4201.18
4512.50,6187.50,4566.33,4201.99
4537.50,6187.50,4589.62,4201.90
4550.00,6187.50,4604.62,4199.88
2212.50,6200.00,2270.03,4227.03
2300.00,6200.00,2359.10,4226.25
2362.50,6200.00,2420.60,4225.10
2412.50,6200.00,2471.70,4225.33
2450.00,6200.00,2507.76,4224.70
2475.00,6200.00,2532.42,4225.35
2487.50,6200.00,2545.22,4225.37
2587.50,6200.00,2645.69,4223.26
2000.00,6212.50,2061.21,4242.15
2025.00,6212.50,2085.44,4241.58
2037.50,6212.50,2098.16,4241.41
2212.50,6212.50,2271.96,4239.04
2287.50,6212.50,2347.52,4239.31
2300.00,6212.50,2359.96,4238.99
2325.00,6212.50,2384.60,4236.97
2362.50,6212.50,2421.18,4238.10
2375.00,6212.50,2432.44,4238.61
2400.00,6212.50,2460.00,4237.32
2412.50,6212.50,2472.05,4237.09
2437.50,6212.50,2496.07,4237.30
2450.00,6212.50,2509.03,4236.87
2475.00,6212.50,2533.57,4238.04
2500.00,6212.50,2557.81,4236.53
2587.50,6212.50,2646.14,4235.60
1987.50,6225.00,2047.74,4254.39
2025.00,6225.00,2085.58,4255.65
2037.50,6225.00,2098.79,4253.82
2325.00,6225.00,2383.03,4250.81
2225.00,6237.50,2284.74,4263.11
2250.00,6237.50,2309.24,4263.14
2262.50,6237.50,2320.68,4262.92
2287.50,6237.50,2346.91,4262.79
2300.00,6237.50,2358.65,4262.93
2350.00,6237.50,2406.53,4262.92
2362.50,6237.50,2422.05,4261.59
2387.50,6237.50,2446.65,4263.03
2437.50,6237.50,2495.20,4262.28
2450.00,6237.50,2508.49,4262.28
2587.50,6237.50,2644.83,4259.90
1987.50,6250.00,2048.65,4280.07
2000.00,6250.00,2061.11,4279.17
2025.00,6250.00,2084.92,4279.87
2037.50,6250.00,2098.27,4279.11
2225.00,6250.00,2283.73,4276.89
2250.00,6250.00,2309.15,4276.60
2262.50,6250.00,2321.44,4276.15
2287.50,6250.00,2346.64,4276.16
2300.00,6250.00,2358.21,4274.52
2325.00,6250.00,2382.97,4274.72
2350.00,6250.00,2407.55,4275.67
2562.50,6250.00,2621.47,4272.16
2587.50,6250.00,2643.80,4272.33
1962.50,6262.50,2024.05,4292.16
2025.00,6262.50,2085.24,4292.71
2212.50,6275.00,2271.11,4301.09
2225.00,6275.00,2282.83,4300.11
2250.00,6275.00,2308.74,4300.49
2262.50,6275.00,2321.99,4300.36
2300.00,6275.00,2358.77,4299.96
2525.00,6275.00,2582.45,4298.04
2550.00,6275.00,2605.58,4296.54
2562.50,6275.00,2619.60,4297.04
2587.50,6275.00,2644.32,4297.28
1925.00,6287.50,1985.55,4317.80
1950.00,6287.50,2010.55,4317.97
1962.50,6287.50,2023.64,4317.23
2025.00,6287.50,2085.74,4315.27
2225.00,6287.50,2283.36,4314.11
2250.00,6287.50,2308.61,4312.14
2287.50,6287.50,2345.36,4312.42
2300.00,6287.50,2358.02,4312.88
2337.50,6287.50,2398.58,4312.66
2525.00,6287.50,2581.33,4310.42
2550.00,6287.50,2606.33,4309.99
2587.50,6287.50,2644.27,4310.19
1925.00,6300.00,1986.30,4329.15
1950.00,6300.00,2010.59,4329.88
1962.50,6300.00,2024.01,4329.14
2037.50,6300.00,2099.14,4328.62
2487.50,6312.50,2544.27,4334.52
2512.50,6312.50,2568.16,4334.25
2525.00,6312.50,2581.65,4333.79
2550.00,6312.50,2606.13,4333.84
1950.00,6325.00,2010.56,4352.44
1962.50,6325.00,2024.14,4352.53
1987.50,6325.00,2047.60,4354.17
2487.50,6325.00,2543.85,4347.70
2525.00,6325.00,2581.94,4347.51
2550.00,6325.00,2605.96,4347.62
1762.50,6337.50,1823.39,4369.47
2450.00,6337.50,2507.38,4357.95
2512.50,6337.50,2568.45,4357.63
2562.50,6337.50,2619.51,4358.11
2587.50,6337.50,2643.67,4356.55
2400.00,6350.00,2455.79,4370.77
2437.50,6350.00,2493.26,4371.11
2475.00,6350.00,2531.91,4371.08
2487.50,6350.00,2543.24,4371.01
2512.50,6350.00,2567.48,4370.85
2550.00,6350.00,2606.29,4371.02
2587.50,6350.00,2645.39,4369.51
1762.50,6362.50,1823.41,4393.00
1775.00,6362.50,1835.99,4392.42
1962.50,6362.50,2023.07,4389.59
2450.00,6375.00,2506.66,4394.39
2475.00,6375.00,2530.63,4394.56
2550.00,6375.00,2606.94,4393.45
1750.00,6387.50,1811.89,4416.83
1775.00,6387.50,1836.79,4417.78
1775.00,6400.00,1836.45,4430.83
1800.00,6400.00,1859.92,4430.42
1812.50,6400.00,1873.92,4430.78
1737.50,6412.50,1799.06,4443.66
1800.00,6412.50,1860.16,4442.05
1812.50,6412.50,1874.09,4441.79
2037.50,6587.50,2097.56,4611.91
2037.50,6625.00,2098.73,4649.08
2062.50,6625.00,2123.18,4649.16
2075.00,6625.00,2134.42,4650.47
2100.00,6625.00,2160.06,4648.83
2037.50,6650.00,2098.87,4673.36
2062.50,6650.00,2119.83,4675.25
2050.00,6662.50,2110.19,4687.91
2300.00,6725.00,2360.17,4745.51
2325.00,6725.00,2383.96,4746.48
2062.50,6737.50,2123.08,4763.25
2075.00,6737.50,2136.19,4762.87
2062.50,6762.50,2122.21,4788.09
2287.50,6762.50,2347.18,4783.00
2025.00,6775.00,2084.60,4800.35
2037.50,6775.00,2099.40,4798.42
2062.50,6800.00,2123.42,4826.32
2075.00,6800.00,2135.57,4825.59
2112.50,6800.00,2173.39,4826.56
2137.50,6800.00,2199.50,4824.87
2250.00,6800.00,2310.23,4824.74
2262.50,6800.00,2323.49,4823.97
2075.00,6812.50,2136.57,4836.41
2087.50,6812.50,2148.90,4836.08
2137.50,6812.50,2198.30,4839.00
2225.00,6812.50,2286.92,4835.94
2262.50,6812.50,2323.38,4836.67
2287.50,6812.50,2348.89,4836.82
2050.00,6825.00,2111.70,4850.11
2075.00,6837.50,2136.66,4863.23
1925.00,6850.00,1986.38,4877.57
1812.50,6912.50,1874.14,4938.41
1812.50,6925.00,1873.43,4951.78
1837.50,6925.00,1899.35,4952.06
2562.50,6950.00,2622.85,4970.46
2587.50,6950.00,2647.25,4970.01
1787.50,6962.50,1849.72,4987.80
2587.50,6962.50,2647.62,4984.29
2600.00,6200.00,2659.97,4221.69
2625.00,6200.00,2683.29,4222.43
2637.50,6200.00,2695.36,4222.93
2662.50,6200.00,2721.24,4221.34
2675.00,6200.00,2732.57,4221.46
2700.00,6200.00,2756.41,4221.84
2725.00,6200.00,2781.11,4221.25
2737.50,6200.00,2793.10,4221.20
2762.50,6200.00,2818.46,4221.19
2775.00,6200.00,2830.65,4221.26
2787.50,6200.00,2843.69,4220.95
2812.50,6200.00,2868.93,4221.28
2825.00,6200.00,2882.01,4221.21
2850.00,6200.00,2908.21,4221.43
2862.50,6200.00,2921.52,4221.94
2887.50,6200.00,2946.36,4220.09
2900.00,6200.00,2956.76,4220.37
2925.00,6200.00,2981.07,4221.01
2937.50,6200.00,2994.15,4220.64
2962.50,6200.00,3018.69,4221.35
2975.00,6200.00,3031.99,4221.41
3000.00,6200.00,3056.87,4220.96
3012.50,6200.00,3070.03,4221.02
3037.50,6200.00,3093.88,4220.88
3075.00,6200.00,3133.64,4219.60
3087.50,6200.00,3146.51,4218.37
3150.00,6200.00,3205.57,4218.52
3175.00,6200.00,3229.33,4217.50
3187.50,6200.00,3240.63,4219.68
3212.50,6200.00,3265.45,4220.45
3225.00,6200.00,3277.42,4220.76
3262.50,6200.00,3318.80,4217.48
3287.50,6200.00,3341.96,4216.79
3300.00,6200.00,3354.07,4216.45
3375.00,6200.00,3429.63,4215.66
3412.50,6200.00,3464.45,4216.56
3437.50,6200.00,3491.13,4216.81
3450.00,6200.00,3503.43,4216.89
3462.50,6200.00,3516.35,4216.63
3487.50,6200.00,3542.20,4216.77
3512.50,6200.00,3566.75,4216.80
3525.00,6200.00,3579.78,4216.88
3550.00,6200.00,3604.37,4217.75
3562.50,6200.00,3617.80,4216.53
3575.00,6200.00,3629.92,4217.10
3600.00,6200.00,3655.67,4216.48
3775.00,6200.00,3828.62,4214.58
2600.00,6212.50,2658.94,4234.54
2625.00,6212.50,2682.06,4234.91
2637.50,6212.50,2695.16,4235.12
2675.00,6212.50,2732.51,4234.79
2700.00,6212.50,2756.54,4234.84
2712.50,6212.50,2771.85,4234.65
2737.50,6212.50,2793.73,4233.78
2762.50,6212.50,2818.88,4234.31
2775.00,6212.50,2831.06,4234.44
2787.50,6212.50,2844.66,4234.89
2812.50,6212.50,2868.69,4234.02
2825.00,6212.50,2881.74,4234.50
2850.00,6212.50,2908.98,4233.69
2862.50,6212.50,2921.07,4234.71
2912.50,6212.50,2967.42,4233.94
2925.00,6212.50,2980.69,4234.22
2937.50,6212.50,2993.92,4233.30
2962.50,6212.50,3018.65,4233.65
2975.00,6212.50,3031.75,4233.69
3000.00,6212.50,3056.47,4234.26
3250.00,6212.50,3304.17,4230.06
3337.50,6212.50,3391.49,4229.05
3400.00,6212.50,3453.73,4228.31
3750.00,6212.50,3802.23,4227.31
3787.50,6212.50,3841.27,4225.74
2887.50,6225.00,2944.00,4245.68
3037.50,6225.00,3093.46,4244.87
3075.00,6225.00,3132.01,4245.05
3087.50,6225.00,3145.02,4244.22
3112.50,6225.00,3168.19,4244.33
3125.00,6225.00,3179.55,4243.74
3187.50,6225.00,3244.41,4241.33
3212.50,6225.00,3265.97,4243.35
3225.00,6225.00,3278.52,4242.52
3250.00,6225.00,3303.60,4242.55
3262.50,6225.00,3316.35,4243.16
3287.50,6225.00,3341.70,4243.79
3300.00,6225.00,3353.73,4242.43
3325.00,6225.00,3378.42,4241.94
3337.50,6225.00,3391.22,4240.47
3362.50,6225.00,3416.47,4240.99
3375.00,6225.00,3428.34,4241.14
3400.00,6225.00,3453.86,4240.86
3412.50,6225.00,3466.36,4241.31
3437.50,6225.00,3491.73,4241.75
3450.00,6225.00,3503.73,4242.03
3475.00,6225.00,3528.43,4241.86
3487.50,6225.00,3541.75,4242.39
3500.00,6225.00,3553.91,4243.12
3525.00,6225.00,3579.49,4241.88
3550.00,6225.00,3604.76,4242.33
3562.50,6225.00,3617.45,4242.28
3587.50,6225.00,3642.12,4241.91
3600.00,6225.00,3656.07,4239.74
3712.50,6225.00,3769.13,4239.95
3737.50,6225.00,3790.17,4239.62
3750.00,6225.00,3801.98,4239.62
3775.00,6225.00,3826.35,4239.71
3787.50,6225.00,3843.78,4238.14
2600.00,6237.50,2657.29,4259.78
2625.00,6237.50,2681.32,4259.49
2637.50,6237.50,2695.29,4261.40
2662.50,6237.50,2718.73,4259.60
2675.00,6237.50,2732.36,4258.76
2700.00,6237.50,2757.34,4258.95
2712.50,6237.50,2769.70,4259.04
2737.50,6237.50,2794.04,4259.28
2750.00,6237.50,2806.70,4259.09
2775.00,6237.50,2831.09,4259.62
2787.50,6237.50,2844.36,4259.17
2812.50,6237.50,2869.05,4259.04
2825.00,6237.50,2882.53,4259.33
2850.00,6237.50,2906.56,4258.67
2862.50,6237.50,2919.40,4258.61
2887.50,6237.50,2943.50,4258.61
2900.00,6237.50,2956.53,4258.41
2925.00,6237.50,2981.12,4258.36
2937.50,6237.50,2994.99,4258.68
2962.50,6237.50,3020.51,4258.22
2975.00,6237.50,3031.93,4257.84
3000.00,6237.50,3055.81,4257.18
3012.50,6237.50,3069.28,4257.51
3037.50,6237.50,3093.91,4257.91
3062.50,6237.50,3118.27,4257.68
3075.00,6237.50,3130.98,4258.08
3087.50,6237.50,3144.57,4257.31
3112.50,6237.50,3168.16,4255.91
3212.50,6237.50,3265.89,4253.96
3225.00,6237.50,3278.31,4254.00
3250.00,6237.50,3304.31,4254.26
3262.50,6237.50,3316.00,4254.52
3287.50,6237.50,3341.49,4254.44
3300.00,6237.50,3354.77,4254.42
3325.00,6237.50,3378.97,4254.20
3337.50,6237.50,3392.93,4254.61
3362.50,6237.50,3416.73,4254.05
3375.00,6237.50,3429.53,4253.95
3400.00,6237.50,3453.90,4254.03
3412.50,6237.50,3466.47,4254.21
3437.50,6237.50,3491.65,4254.13
3450.00,6237.50,3504.13,4254.31
3475.00,6237.50,3529.12,4254.58
3487.50,6237.50,3541.68,4254.72
3512.50,6237.50,3566.63,4254.04
3525.00,6237.50,3580.30,4254.27
3537.50,6237.50,3591.66,4254.66
3562.50,6237.50,3618.10,4254.11
3575.00,6237.50,3629.19,4254.16
3675.00,6237.50,3729.71,4253.82
3737.50,6237.50,3790.01,4251.90
3775.00,6237.50,3827.46,4252.30
3787.50,6237.50,3840.00,4253.10
2600.00,6250.00,2656.64,4272.67
2625.00,6250.00,2681.08,4272.78
2637.50,6250.00,2695.26,4272.52
2662.50,6250.00,2718.61,4272.13
2675.00,6250.00,2731.85,4272.12
2700.00,6250.00,2756.77,4272.20
2712.50,6250.00,2769.72,4272.34
2737.50,6250.00,2794.66,4272.02
2750.00,6250.00,2807.39,4271.75
2787.50,6250.00,2844.65,4272.38
2850.00,6250.00,2906.66,4271.38
2862.50,6250.00,2919.40,4270.98
2925.00,6250.00,2981.57,4271.92
2937.50,6250.00,2994.75,4271.49
3012.50,6250.00,3071.35,4271.03
3637.50,6250.00,3693.41,4265.57
3712.50,6250.00,3766.18,4263.89
3750.00,6250.00,3802.36,4264.58
2775.00,6262.50,2830.57,4282.61
2812.50,6262.50,2869.00,4282.42
2825.00,6262.50,2881.30,4283.08
2887.50,6262.50,2943.68,4283.01
2900.00,6262.50,2955.79,4282.27
2962.50,6262.50,3019.39,4282.08
3000.00,6262.50,3055.56,4278.99
3037.50,6262.50,3096.02,4280.54
3062.50,6262.50,3116.87,4281.78
3075.00,6262.50,3130.06,4281.47
3087.50,6262.50,3142.24,4281.78
3112.50,6262.50,3167.10,4280.69
3212.50,6262.50,3266.25,4280.31
3225.00,6262.50,3279.22,4279.58
3250.00,6262.50,3304.64,4279.10
3262.50,6262.50,3316.34,4279.95
3287.50,6262.50,3343.17,4279.78
3300.00,6262.50,3355.22,4279.98
3325.00,6262.50,3379.65,4280.37
3337.50,6262.50,3391.50,4280.18
3362.50,6262.50,3417.72,4279.26
3375.00,6262.50,3429.03,4278.22
3400.00,6262.50,3454.35,4279.72
3412.50,6262.50,3466.36,4280.20
3437.50,6262.50,3491.76,4281.47
3450.00,6262.50,3505.28,4280.55
3475.00,6262.50,3529.59,4281.15
3487.50,6262.50,3543.17,4281.58
3500.00,6262.50,3556.35,4280.67
3525.00,6262.50,3582.25,4280.15
3562.50,6262.50,3616.61,4278.75
3600.00,6262.50,3655.94,4278.22
3612.50,6262.50,3670.08,4277.40
3637.50,6262.50,3693.32,4277.31
3662.50,6262.50,3716.65,4277.27
3675.00,6262.50,3729.74,4277.23
3700.00,6262.50,3753.47,4277.24
3712.50,6262.50,3768.11,4277.05
3737.50,6262.50,3789.70,4276.49
3750.00,6262.50,3802.13,4276.81
3775.00,6262.50,3827.53,4276.21
3787.50,6262.50,3841.24,4275.56
2600.00,6275.00,2657.17,4296.46
2625.00,6275.00,2682.43,4296.66
2637.50,6275.00,2695.89,4297.05
2662.50,6275.00,2719.85,4296.40
2675.00,6275.00,2731.57,4296.69
2700.00,6275.00,2757.30,4294.68
2737.50,6275.00,2793.82,4295.92
2750.00,6275.00,2807.05,4295.89
2775.00,6275.00,2831.00,4295.62
2787.50,6275.00,2844.44,4294.78
2812.50,6275.00,2868.53,4295.67
2837.50,6275.00,2893.65,4296.84
2850.00,6275.00,2905.92,4295.87
2862.50,6275.00,2918.67,4295.93
2887.50,6275.00,2943.82,4295.89
2900.00,6275.00,2956.27,4295.50
2925.00,6275.00,2981.43,4295.97
2937.50,6275.00,2994.76,4295.58
2962.50,6275.00,3018.89,4295.88
2975.00,6275.00,3033.08,4295.09
3037.50,6275.00,3097.05,4293.40
3050.00,6275.00,3107.42,4293.78
3075.00,6275.00,3130.39,4293.27
3100.00,6275.00,3154.28,4293.36
3112.50,6275.00,3167.07,4293.52
3187.50,6275.00,3241.69,4293.01
3212.50,6275.00,3266.69,4291.66
3225.00,6275.00,3278.51,4292.04
3250.00,6275.00,3303.96,4292.12
3262.50,6275.00,3316.83,4291.90
3287.50,6275.00,3342.11,4292.77
3300.00,6275.00,3355.26,4291.62
3325.00,6275.00,3378.68,4292.69
3337.50,6275.00,3392.23,4292.28
3350.00,6275.00,3403.69,4292.99
3375.00,6275.00,3430.24,4291.52
3400.00,6275.00,3454.27,4293.24
3412.50,6275.00,3467.40,4293.61
3437.50,6275.00,3491.77,4292.64
3450.00,6275.00,3505.65,4292.20
3475.00,6275.00,3530.88,4292.48
3487.50,6275.00,3543.40,4293.34
3500.00,6275.00,3557.17,4291.60
2812.50,6287.50,2868.49,4308.47
2837.50,6287.50,2893.50,4309.03
2850.00,6287.50,2906.04,4309.03
2862.50,6287.50,2919.33,4308.69
2887.50,6287.50,2943.40,4308.94
2900.00,6287.50,2957.23,4308.76
3612.50,6287.50,3668.95,4300.75
3637.50,6287.50,3691.30,4301.94
3650.00,6287.50,3705.35,4301.74
3700.00,6287.50,3754.09,4301.10
3712.50,6287.50,3764.78,4300.95
3737.50,6287.50,3790.08,4301.22
3750.00,6287.50,3802.28,4300.96
3775.00,6287.50,3827.34,4300.70
3787.50,6287.50,3840.49,4300.31
2750.00,6300.00,2805.64,4319.66
2775.00,6300.00,2830.82,4319.50
2787.50,6300.00,2843.27,4319.64
2925.00,6300.00,2980.85,4319.53
2937.50,6300.00,2994.09,4320.12
2962.50,6300.00,3018.54,4320.53
2975.00,6300.00,3032.09,4320.51
3037.50,6300.00,3096.89,4319.04
3050.00,6300.00,3107.79,4318.58
3075.00,6300.00,3130.71,4318.58
3087.50,6300.00,3143.16,4318.09
3112.50,6300.00,3167.98,4317.35
3137.50,6300.00,3192.42,4318.95
3150.00,6300.00,3204.63,4317.18
3175.00,6300.00,3229.89,4317.81
3187.50,6300.00,3242.98,4317.60
3212.50,6300.00,3267.24,4316.93
3225.00,6300.00,3281.50,4317.40
3237.50,6300.00,3292.48,4317.49
3262.50,6300.00,3316.68,4317.83
3287.50,6300.00,3342.00,4316.57
3300.00,6300.00,3354.48,4317.17
3325.00,6300.00,3379.35,4318.29
3337.50,6300.00,3392.56,4318.29
3362.50,6300.00,3417.63,4318.69
3375.00,6300.00,3430.73,4318.77
3400.00,6300.00,3454.54,4318.32
3412.50,6300.00,3467.89,4318.12
3437.50,6300.00,3492.79,4318.88
3450.00,6300.00,3505.15,4318.66
3475.00,6300.00,3529.67,4318.43
3487.50,6300.00,3543.05,4318.08
3500.00,6300.00,3555.20,4318.72
3525.00,6300.00,3580.47,4317.89
3637.50,6300.00,3693.02,4314.57
3650.00,6300.00,3706.53,4314.65
3675.00,6300.00,3728.30,4314.63
3700.00,6300.00,3753.68,4314.53
3712.50,6300.00,3764.44,4314.50
3737.50,6300.00,3790.63,4314.45
3750.00,6300.00,3803.23,4314.16
3775.00,6300.00,3826.92,4313.54
3787.50,6300.00,3841.75,4310.95
2750.00,6312.50,2804.83,4332.60
2775.00,6312.50,2830.65,4333.01
2787.50,6312.50,2843.66,4332.80
2812.50,6312.50,2868.51,4333.22
2825.00,6312.50,2881.67,4333.45
2850.00,6312.50,2906.16,4333.23
2862.50,6312.50,2918.48,4333.19
2887.50,6312.50,2943.93,4333.43
2900.00,6312.50,2957.51,4333.11
2925.00,6312.50,2980.98,4333.23
2937.50,6312.50,2994.27,4332.58
2962.50,6312.50,3018.41,4333.26
2975.00,6312.50,3031.53,4333.15
3000.00,6312.50,3055.79,4333.02
3012.50,6312.50,3068.93,4331.64
3037.50,6312.50,3094.14,4330.79
3050.00,6312.50,3106.47,4330.52
3075.00,6312.50,3130.33,4329.90
3100.00,6312.50,3156.17,4329.64
3112.50,6312.50,3168.68,4329.53
3125.00,6312.50,3180.50,4329.84
3150.00,6312.50,3204.59,4329.88
3175.00,6312.50,3229.25,4329.14
3187.50,6312.50,3242.74,4329.11
3212.50,6312.50,3267.58,4329.42
3225.00,6312.50,3279.19,4328.80
3237.50,6312.50,3293.12,4328.75
3262.50,6312.50,3315.85,4329.38
3300.00,6312.50,3355.23,4329.07
3325.00,6312.50,3379.26,4329.27
3337.50,6312.50,3392.80,4329.63
3362.50,6312.50,3417.22,4329.92
3375.00,6312.50,3430.32,4329.41
3400.00,6312.50,3454.80,4329.45
3412.50,6312.50,3468.38,4329.67
3437.50,6312.50,3492.71,4330.16
3450.00,6312.50,3506.02,4329.60
3475.00,6312.50,3531.02,4330.00
3487.50,6312.50,3542.89,4329.87
3512.50,6312.50,3567.70,4329.22
3525.00,6312.50,3580.09,4329.18
2812.50,6325.00,2868.03,4346.42
2825.00,6325.00,2881.68,4346.39
2850.00,6325.00,2906.24,4345.41
3287.50,6325.00,3341.31,4342.21
3637.50,6325.00,3691.02,4339.22
3662.50,6325.00,3715.12,4339.65
3675.00,6325.00,3728.16,4340.05
3700.00,6325.00,3753.18,4339.82
3712.50,6325.00,3766.30,4338.91
3737.50,6325.00,3792.68,4338.82
3750.00,6325.00,3804.44,4339.67
2737.50,6337.50,2792.59,4357.05
2762.50,6337.50,2817.13,4356.57
2775.00,6337.50,2831.15,4357.00
2787.50,6337.50,2844.25,4357.16
2862.50,6337.50,2920.43,4356.52
2900.00,6337.50,2957.76,4355.22
2925.00,6337.50,2980.01,4355.19
2950.00,6337.50,3004.80,4355.75
2962.50,6337.50,3017.20,4356.57
2987.50,6337.50,3041.84,4356.41
3000.00,6337.50,3054.28,4356.55
3012.50,6337.50,3067.68,4356.09
3037.50,6337.50,3092.74,4356.22
3062.50,6337.50,3117.88,4355.77
3075.00,6337.50,3129.00,4354.50
3100.00,6337.50,3154.65,4355.12
3112.50,6337.50,3167.21,4355.44
3125.00,6337.50,3180.10,4354.87
3150.00,6337.50,3204.65,4354.43
3175.00,6337.50,3229.21,4353.55
3187.50,6337.50,3241.45,4354.55
3212.50,6337.50,3264.08,4355.69
3225.00,6337.50,3277.76,4357.25
3237.50,6337.50,3291.99,4353.42
3262.50,6337.50,3315.34,4353.28
3287.50,6337.50,3341.66,4354.36
3300.00,6337.50,3354.85,4355.01
3325.00,6337.50,3379.48,4354.39
3337.50,6337.50,3391.82,4355.96
3362.50,6337.50,3417.23,4355.58
3375.00,6337.50,3430.36,4355.57
3400.00,6337.50,3454.33,4356.12
3412.50,6337.50,3467.99,4355.75
3437.50,6337.50,3491.87,4355.17
3450.00,6337.50,3505.12,4354.60
3475.00,6337.50,3529.59,4355.31
3487.50,6337.50,3542.93,4354.38
3500.00,6337.50,3556.14,4353.81
3525.00,6337.50,3580.18,4355.49
3550.00,6337.50,3604.22,4354.94
3612.50,6337.50,3669.81,4354.69
3637.50,6337.50,3690.77,4353.33
3662.50,6337.50,3716.51,4352.26
3675.00,6337.50,3728.89,4352.28
3700.00,6337.50,3754.00,4352.39
3712.50,6337.50,3767.20,4352.40
3737.50,6337.50,3792.13,4352.54
3750.00,6337.50,3804.33,4352.03
3775.00,6337.50,3827.63,4354.61
3787.50,6337.50,3842.00,4353.36
2637.50,6350.00,2696.38,4370.67
2662.50,6350.00,2719.54,4370.39
2700.00,6350.00,2755.22,4368.27
2725.00,6350.00,2778.93,4368.54
2737.50,6350.00,2791.78,4368.22
2762.50,6350.00,2816.69,4370.35
2775.00,6350.00,2830.62,4370.44
2787.50,6350.00,2844.68,4370.36
2812.50,6350.00,2868.48,4370.41
2825.00,6350.00,2880.97,4370.24
2850.00,6350.00,2907.46,4368.80
2862.50,6350.00,2922.08,4370.68
2937.50,6350.00,2994.63,4367.71
2962.50,6350.00,3018.03,4368.09
2975.00,6350.00,3031.33,4367.87
3000.00,6350.00,3053.74,4367.70
3025.00,6350.00,3080.71,4367.45
3037.50,6350.00,3091.69,4366.94
3062.50,6350.00,3116.52,4366.80
3075.00,6350.00,3129.09,4366.69
3100.00,6350.00,3155.71,4366.73
3112.50,6350.00,3167.23,4366.77
3137.50,6350.00,3191.73,4366.70
3150.00,6350.00,3205.20,4366.36
3175.00,6350.00,3229.19,4366.36
3187.50,6350.00,3241.06,4366.43
3212.50,6350.00,3266.16,4366.94
3225.00,6350.00,3279.38,4367.03
3237.50,6350.00,3291.40,4366.65
3262.50,6350.00,3316.19,4366.36
3287.50,6350.00,3341.74,4366.65
3300.00,6350.00,3355.44,4366.47
3325.00,6350.00,3379.32,4366.86
3337.50,6350.00,3393.08,4366.35
3350.00,6350.00,3406.54,4366.40
3375.00,6350.00,3430.51,4366.71
3400.00,6350.00,3454.28,4366.45
3412.50,6350.00,3467.90,4366.36
3437.50,6350.00,3491.78,4366.44
3450.00,6350.00,3505.50,4366.60
3475.00,6350.00,3529.54,4367.22
3487.50,6350.00,3542.96,4367.10
3512.50,6350.00,3567.84,4366.78
3525.00,6350.00,3580.77,4366.57
3537.50,6350.00,3594.04,4366.89
3562.50,6350.00,3618.43,4366.79
3587.50,6350.00,3642.21,4366.82
3600.00,6350.00,3654.11,4366.74
3637.50,6350.00,3693.00,4364.57
3662.50,6350.00,3716.77,4366.15
3675.00,6350.00,3729.66,4365.99
3687.50,6350.00,3744.24,4365.51
2812.50,6362.50,2868.06,4382.30
3750.00,6362.50,3806.37,4376.64
3775.00,6362.50,3828.78,4376.14
3787.50,6362.50,3842.25,4377.44
2612.50,6375.00,2665.78,4393.90
2625.00,6375.00,2678.34,4394.02
2650.00,6375.00,2704.08,4393.66
2662.50,6375.00,2717.44,4393.64
2687.50,6375.00,2741.20,4393.98
2700.00,6375.00,2753.39,4393.30
2725.00,6375.00,2779.11,4394.08
2737.50,6375.00,2791.14,4394.24
2762.50,6375.00,2817.08,4394.06
2775.00,6375.00,2830.68,4394.39
2787.50,6375.00,2844.61,4393.92
2837.50,6375.00,2891.25,4395.13
2850.00,6375.00,2906.56,4392.61
2875.00,6375.00,2929.34,4393.76
2887.50,6375.00,2942.11,4393.63
2900.00,6375.00,2956.05,4392.11
2925.00,6375.00,2980.14,4393.11
2937.50,6375.00,2992.94,4392.11
2962.50,6375.00,3017.94,4392.76
2975.00,6375.00,3030.16,4392.05
3000.00,6375.00,3055.41,4391.71
3025.00,6375.00,3078.97,4390.57
3037.50,6375.00,3092.46,4392.23
3062.50,6375.00,3115.96,4391.05
3075.00,6375.00,3129.34,4391.39
3100.00,6375.00,3154.07,4391.21
3112.50,6375.00,3167.35,4390.76
3137.50,6375.00,3191.42,4391.00
3150.00,6375.00,3203.59,4390.67
3175.00,6375.00,3229.00,4391.40
3187.50,6375.00,3241.31,4391.96
3200.00,6375.00,3254.35,4391.54
3225.00,6375.00,3279.83,4392.38
3237.50,6375.00,3293.00,4392.78
3262.50,6375.00,3318.28,4391.51
3275.00,6375.00,3331.42,4392.55
3300.00,6375.00,3356.09,4391.71
3325.00,6375.00,3379.56,4392.36
3337.50,6375.00,3391.52,4390.00
3362.50,6375.00,3417.03,4391.57
3375.00,6375.00,3429.54,4391.57
3400.00,6375.00,3453.89,4390.81
3412.50,6375.00,3466.90,4390.77
3437.50,6375.00,3491.47,4390.86
3450.00,6375.00,3505.70,4392.40
3475.00,6375.00,3529.81,4390.91
3487.50,6375.00,3542.47,4390.82
3512.50,6375.00,3567.12,4390.91
3525.00,6375.00,3580.50,4390.32
3550.00,6375.00,3604.64,4390.75
3562.50,6375.00,3618.02,4390.80
3575.00,6375.00,3630.53,4391.75
3600.00,6375.00,3655.09,4390.33
3625.00,6375.00,3679.91,4390.72
3637.50,6375.00,3693.30,4390.29
3650.00,6375.00,3705.17,4390.58
3675.00,6375.00,3725.86,4391.63
3750.00,6375.00,3806.04,4390.31
3775.00,6375.00,3829.05,4390.62
3787.50,6375.00,3842.40,4390.59
2625.00,6387.50,2679.11,4405.59
2687.50,6387.50,2741.98,4404.94
2725.00,6387.50,2779.34,4406.86
2737.50,6387.50,2791.64,4407.12
2762.50,6387.50,2817.65,4406.96
2775.00,6387.50,2830.58,4408.16
2787.50,6387.50,2845.10,4407.03
2837.50,6387.50,2891.83,4407.33
2850.00,6387.50,2903.98,4406.08
2875.00,6387.50,2929.38,4405.02
2887.50,6387.50,2941.23,4404.82
2912.50,6387.50,2965.70,4405.07
2925.00,6387.50,2978.80,4404.87
2937.50,6387.50,2994.91,4404.99
2962.50,6387.50,3017.64,4403.86
2987.50,6387.50,3041.07,4404.17
3000.00,6387.50,3055.82,4404.01
3025.00,6387.50,3079.45,4403.91
3037.50,6387.50,3092.09,4404.12
3062.50,6387.50,3116.91,4403.69
3075.00,6387.50,3129.76,4404.25
3100.00,6387.50,3154.84,4404.76
3137.50,6387.50,3191.24,4403.64
3150.00,6387.50,3203.07,4403.80
3175.00,6387.50,3229.15,4404.03
3187.50,6387.50,3241.74,4404.14
3200.00,6387.50,3255.90,4403.84
3225.00,6387.50,3282.08,4403.75
3237.50,6387.50,3296.08,4405.54
3262.50,6387.50,3320.92,4405.55
3275.00,6387.50,3331.74,4404.92
3300.00,6387.50,3356.70,4404.47
3312.50,6387.50,3371.32,4404.38
3337.50,6387.50,3393.65,4403.86
3362.50,6387.50,3417.23,4404.52
3400.00,6387.50,3453.97,4403.98
3412.50,6387.50,3466.75,4403.88
3437.50,6387.50,3491.99,4403.97
3450.00,6387.50,3505.46,4404.26
3475.00,6387.50,3529.47,4404.57
3487.50,6387.50,3542.92,4404.02
3512.50,6387.50,3567.57,4404.13
3525.00,6387.50,3580.21,4404.38
3550.00,6387.50,3604.25,4403.79
3562.50,6387.50,3617.46,4403.52
3587.50,6387.50,3642.15,4403.73
3600.00,6387.50,3655.33,4404.20
3625.00,6387.50,3679.53,4403.63
3675.00,6387.50,3729.75,4405.16
3712.50,6387.50,3768.41,4403.94
3775.00,6387.50,3828.83,4403.76
3787.50,6387.50,3842.91,4403.56
3112.50,6400.00,3166.19,4415.96
3375.00,6400.00,3429.98,4416.96
3637.50,6400.00,3692.75,4416.17
3650.00,6400.00,3705.83,4415.74
3687.50,6400.00,3742.04,4416.54
3737.50,6400.00,3792.37,4416.28
3750.00,6400.00,3805.47,4415.16
2612.50,6412.50,2666.58,4431.78
2625.00,6412.50,2680.05,4431.69
2650.00,6412.50,2704.72,4431.72
2662.50,6412.50,2718.60,4430.46
2687.50,6412.50,2741.35,4430.21
2700.00,6412.50,2755.08,4431.02
2725.00,6412.50,2779.30,4431.50
2737.50,6412.50,2793.09,4431.69
2762.50,6412.50,2816.99,4431.02
2775.00,6412.50,2830.63,4431.74
2800.00,6412.50,2854.80,4431.15
2812.50,6412.50,2867.87,4431.57
2837.50,6412.50,2892.39,4430.52
2850.00,6412.50,2905.15,4430.58
2875.00,6412.50,2929.63,4431.54
2887.50,6412.50,2942.39,4431.49
2912.50,6412.50,2965.71,4430.83
2925.00,6412.50,2977.61,4431.73
2937.50,6412.50,2991.24,4432.03
2962.50,6412.50,3018.38,4431.85
2987.50,6412.50,3041.89,4428.94
3000.00,6412.50,3054.59,4430.35
3025.00,6412.50,3077.07,4428.99
3037.50,6412.50,3092.27,4428.02
3062.50,6412.50,3116.74,4429.83
3075.00,6412.50,3129.36,4428.91
3087.50,6412.50,3140.96,4427.64
3112.50,6412.50,3165.80,4429.27
3137.50,6412.50,3191.01,4428.90
3150.00,6412.50,3203.56,4428.49
3175.00,6412.50,3229.25,4429.05
3187.50,6412.50,3241.01,4428.68
3200.00,6412.50,3256.41,4429.31
3225.00,6412.50,3280.25,4428.76
3237.50,6412.50,3292.09,4429.43
3262.50,6412.50,3317.67,4429.66
3287.50,6412.50,3342.54,4428.18
3300.00,6412.50,3355.12,4428.62
3325.00,6412.50,3379.01,4429.55
3337.50,6412.50,3392.83,4427.95
3362.50,6412.50,3417.84,4427.90
3375.00,6412.50,3430.12,4428.98
3387.50,6412.50,3442.32,4428.42
3412.50,6412.50,3466.62,4428.70
3437.50,6412.50,3492.08,4428.95
3450.00,6412.50,3505.45,4428.15
3475.00,6412.50,3528.96,4428.44
3487.50,6412.50,3541.79,4428.73
3500.00,6412.50,3555.52,4428.58
3525.00,6412.50,3580.41,4428.34
3550.00,6412.50,3604.19,4428.01
3562.50,6412.50,3617.85,4429.36
3587.50,6412.50,3641.91,4428.63
3600.00,6412.50,3655.21,4428.99
3612.50,6412.50,3667.77,4428.06
3637.50,6412.50,3693.21,4428.48
3662.50,6412.50,3717.32,4427.44
3675.00,6412.50,3730.31,4427.64
3687.50,6412.50,3743.11,4428.64
3712.50,6412.50,3768.07,4427.53
3725.00,6412.50,3780.98,4428.01
3750.00,6412.50,3805.53,4427.42
3787.50,6412.50,3842.21,4427.23
2612.50,6425.00,2666.73,4443.55
2625.00,6425.00,2679.92,4444.85
2650.00,6425.00,2705.59,4444.53
2662.50,6425.00,2718.89,4444.17
2687.50,6425.00,2742.01,4442.60
2700.00,6425.00,2754.57,4443.10
2725.00,6425.00,2779.48,4443.32
2737.50,6425.00,2792.54,4443.35
2762.50,6425.00,2817.54,4442.88
2775.00,6425.00,2830.04,4443.53
2787.50,6425.00,2842.23,4444.12
2812.50,6425.00,2867.76,4443.07
2837.50,6425.00,2892.53,4443.08
2850.00,6425.00,2904.66,4443.42
2875.00,6425.00,2929.80,4442.89
2887.50,6425.00,2941.15,4442.03
2912.50,6425.00,2966.43,4441.21
2925.00,6425.00,2978.95,4441.54
2950.00,6425.00,3004.28,4441.62
2962.50,6425.00,3017.88,4442.23
2987.50,6425.00,3041.46,4441.52
3000.00,6425.00,3054.02,4441.61
3025.00,6425.00,3078.58,4442.61
3037.50,6425.00,3091.62,4441.31
3062.50,6425.00,3116.52,4441.39
3075.00,6425.00,3128.94,4441.67
3100.00,6425.00,3154.21,4441.28
3112.50,6425.00,3165.98,4441.38
3137.50,6425.00,3191.69,4441.35
3150.00,6425.00,3204.73,4441.31
3175.00,6425.00,3229.23,4441.36
3187.50,6425.00,3242.83,4441.23
3212.50,6425.00,3266.99,4441.37
3225.00,6425.00,3280.20,4441.31
3250.00,6425.00,3304.09,4441.10
3262.50,6425.00,3316.92,4440.85
3300.00,6425.00,3354.29,4440.64
3337.50,6425.00,3392.54,4441.19
3362.50,6425.00,3416.70,4441.20
3375.00,6425.00,3429.82,4441.38
3387.50,6425.00,3443.06,4441.71
3412.50,6425.00,3467.28,4441.24
3425.00,6425.00,3480.17,4441.10
3450.00,6425.00,3505.96,4441.34
3475.00,6425.00,3529.04,4441.18
3487.50,6425.00,3542.76,4441.14
3512.50,6425.00,3567.25,4440.87
3525.00,6425.00,3579.55,4441.17
3550.00,6425.00,3604.39,4441.27
3562.50,6425.00,3617.50,4441.45
3587.50,6425.00,3642.11,4441.72
3600.00,6425.00,3655.25,4441.16
3612.50,6425.00,3667.02,4441.29
3637.50,6425.00,3692.88,4441.29
3662.50,6425.00,3717.97,4440.66
3675.00,6425.00,3730.68,4440.38
3700.00,6425.00,3754.53,4441.26
3712.50,6425.00,3768.08,4440.59
3750.00,6425.00,3806.47,4442.21
3787.50,6425.00,3844.12,4439.63
3287.50,6437.50,3341.69,4452.24
3325.00,6437.50,3378.13,4453.55
3725.00,6437.50,3782.42,4453.61
2612.50,6450.00,2666.70,4469.22
2625.00,6450.00,2680.20,4469.34
2650.00,6450.00,2705.06,4468.92
2662.50,6450.00,2718.21,4468.02
2675.00,6450.00,2731.70,4466.99
2700.00,6450.00,2755.11,4468.34
2725.00,6450.00,2779.07,4468.73
2737.50,6450.00,2792.11,4469.12
2762.50,6450.00,2816.76,4468.85
2775.00,6450.00,2830.05,4468.01
2787.50,6450.00,2842.61,4468.97
2812.50,6450.00,2868.39,4468.31
2825.00,6450.00,2879.97,4468.50
2850.00,6450.00,2907.87,4468.33
2862.50,6450.00,2918.73,4466.95
2887.50,6450.00,2941.99,4465.80
2912.50,6450.00,2966.57,4466.68
2925.00,6450.00,2978.21,4467.03
2950.00,6450.00,3003.95,4465.63
2962.50,6450.00,3017.04,4466.46
2987.50,6450.00,3041.34,4465.92
3000.00,6450.00,3053.53,4465.78
3025.00,6450.00,3078.87,4465.37
3037.50,6450.00,3091.87,4465.54
3062.50,6450.00,3115.85,4466.13
3075.00,6450.00,3127.90,4465.52
3100.00,6450.00,3153.63,4465.46
3112.50,6450.00,3167.20,4464.85
3137.50,6450.00,3190.82,4465.80
3150.00,6450.00,3205.38,4465.05
3175.00,6450.00,3229.15,4465.36
3187.50,6450.00,3240.59,4465.82
3212.50,6450.00,3266.65,4464.57
3225.00,6450.00,3279.24,4465.32
3250.00,6450.00,3304.06,4464.38
3262.50,6450.00,3315.45,4464.70
3287.50,6450.00,3341.31,4464.91
3300.00,6450.00,3353.79,4464.78
3325.00,6450.00,3378.88,4464.79
3337.50,6450.00,3391.20,4465.03
3362.50,6450.00,3416.69,4465.04
3375.00,6450.00,3429.08,4464.93
3400.00,6450.00,3454.43,4465.17
3412.50,6450.00,3468.47,4465.24
3425.00,6450.00,3484.02,4465.33
3475.00,6450.00,3528.38,4463.81
3487.50,6450.00,3540.61,4464.50
3512.50,6450.00,3566.44,4464.60
3525.00,6450.00,3578.48,4464.91
3550.00,6450.00,3603.94,4465.03
3562.50,6450.00,3617.40,4465.32
3587.50,6450.00,3642.27,4466.00
3600.00,6450.00,3655.38,4465.32
3625.00,6450.00,3680.08,4465.40
3637.50,6450.00,3693.02,4465.85
3662.50,6450.00,3716.80,4465.12
3675.00,6450.00,3730.56,4465.32
3687.50,6450.00,3742.32,4464.83
3712.50,6450.00,3768.30,4466.16
3725.00,6450.00,3780.59,4465.21
3750.00,6450.00,3805.47,4464.77
3775.00,6450.00,3829.68,4465.24
3787.50,6450.00,3842.51,4465.76
2600.00,6462.50,2654.78,4481.18
2625.00,6462.50,2680.11,4481.29
2650.00,6462.50,2705.57,4480.99
2662.50,6462.50,2718.95,4479.96
2687.50,6462.50,2742.41,4480.61
2700.00,6462.50,2755.40,4480.05
2725.00,6462.50,2779.66,4480.48
2737.50,6462.50,2792.88,4480.22
2762.50,6462.50,2817.22,4479.99
2775.00,6462.50,2830.85,4480.85
2787.50,6462.50,2841.76,4479.58
2812.50,6462.50,2868.06,4479.21
2837.50,6462.50,2891.82,4480.04
2850.00,6462.50,2905.64,4479.39
2875.00,6462.50,2929.28,4478.67
2887.50,6462.50,2942.25,4478.66
2912.50,6462.50,2966.47,4478.74
2925.00,6462.50,2979.51,4478.74
2950.00,6462.50,3003.66,4479.53
2962.50,6462.50,3017.38,4479.01
3000.00,6462.50,3052.74,4478.53
3025.00,6462.50,3078.27,4478.67
3037.50,6462.50,3090.58,4478.47
3062.50,6462.50,3116.10,4478.64
3075.00,6462.50,3127.93,4478.05
3100.00,6462.50,3153.88,4477.72
3112.50,6462.50,3166.83,4478.19
3150.00,6462.50,3204.19,4476.76
3187.50,6462.50,3240.22,4477.63
3287.50,6462.50,3339.15,4478.23
3300.00,6462.50,3351.65,4477.77
3325.00,6462.50,3378.83,4478.14
3337.50,6462.50,3392.02,4477.84
3362.50,6462.50,3416.07,4477.80
3550.00,6462.50,3604.04,4478.74
3562.50,6462.50,3618.14,4478.55
3587.50,6462.50,3641.70,4478.72
3600.00,6462.50,3655.80,4478.38
3637.50,6462.50,3692.62,4478.85
3662.50,6462.50,3717.13,4478.83
3675.00,6462.50,3730.63,4478.74
3700.00,6462.50,3754.26,4478.59
3712.50,6462.50,3768.19,4478.71
3750.00,6462.50,3805.09,4478.21
3775.00,6462.50,3829.10,4478.44
3375.00,6475.00,3427.73,4488.86
3400.00,6475.00,3453.79,4488.52
3412.50,6475.00,3466.38,4488.74
3437.50,6475.00,3491.52,4489.14
3450.00,6475.00,3504.12,4489.06
3475.00,6475.00,3529.05,4488.30
3487.50,6475.00,3541.56,4489.35
3512.50,6475.00,3566.86,4490.60
3525.00,6475.00,3578.97,4489.62
3625.00,6475.00,3681.12,4491.51
2600.00,6487.50,2654.58,4506.75
2625.00,6487.50,2680.00,4506.28
2637.50,6487.50,2694.00,4505.24
2700.00,6487.50,2754.29,4505.83
2725.00,6487.50,2778.93,4506.15
2737.50,6487.50,2792.54,4505.19
2762.50,6487.50,2817.71,4504.52
2775.00,6487.50,2830.83,4504.53
2812.50,6487.50,2867.77,4505.06
2850.00,6487.50,2904.65,4503.87
2862.50,6487.50,2916.86,4503.36
2887.50,6487.50,2943.03,4503.29
2925.00,6487.50,2978.56,4503.36
3325.00,6487.50,3377.61,4501.80
3337.50,6487.50,3389.08,4502.21
3362.50,6487.50,3415.76,4501.78
3375.00,6487.50,3428.24,4501.98
3400.00,6487.50,3454.13,4502.05
3412.50,6487.50,3465.41,4502.02
3437.50,6487.50,3491.25,4502.23
3450.00,6487.50,3503.82,4502.33
3475.00,6487.50,3528.32,4502.29
3487.50,6487.50,3541.51,4502.25
3512.50,6487.50,3566.36,4502.24
3525.00,6487.50,3578.82,4501.99
3550.00,6487.50,3604.36,4502.41
3562.50,6487.50,3617.08,4502.45
3587.50,6487.50,3641.68,4502.41
3600.00,6487.50,3654.92,4502.27
3625.00,6487.50,3679.96,4503.23
3637.50,6487.50,3692.89,4502.84
3662.50,6487.50,3717.27,4504.05
3675.00,6487.50,3730.67,4503.52
3687.50,6487.50,3742.81,4503.20
3712.50,6487.50,3768.31,4503.01
3737.50,6487.50,3792.52,4503.30
3750.00,6487.50,3805.08,4502.78
2600.00,6500.00,2655.35,4518.02
2625.00,6500.00,2680.06,4517.75
2662.50,6500.00,2721.39,4517.62
2737.50,6500.00,2791.91,4517.04
2750.00,6500.00,2807.08,4516.57
2850.00,6500.00,2904.19,4515.96
2862.50,6500.00,2916.98,4516.10
2887.50,6500.00,2941.05,4517.37
2925.00,6500.00,2981.73,4517.38
2937.50,6500.00,2994.46,4517.65
3512.50,6500.00,3566.62,4515.12
3525.00,6500.00,3578.96,4515.95
3562.50,6500.00,3617.16,4515.32
3600.00,6500.00,3654.46,4515.70
3625.00,6500.00,3679.89,4515.91
3637.50,6500.00,3693.16,4515.97
3675.00,6500.00,3730.36,4516.19
3687.50,6500.00,3744.26,4516.18
3712.50,6500.00,3768.25,4516.38
3737.50,6500.00,3790.67,4516.13
3362.50,6512.50,3415.17,4525.56
3375.00,6512.50,3427.40,4525.73
3400.00,6512.50,3452.67,4525.69
3412.50,6512.50,3464.71,4526.02
3437.50,6512.50,3490.29,4525.87
3450.00,6512.50,3503.26,4526.09
3475.00,6512.50,3528.33,4526.09
3487.50,6512.50,3539.85,4526.12
3550.00,6512.50,3603.25,4526.07
3587.50,6512.50,3641.82,4526.47
3662.50,6512.50,3717.23,4527.48
2625.00,6525.00,2680.13,4542.63
2750.00,6525.00,2805.23,4541.53
2900.00,6525.00,2958.79,4541.21
3037.50,6525.00,3091.95,4540.09
3362.50,6525.00,3415.50,4538.37
3400.00,6525.00,3452.71,4538.70
3437.50,6525.00,3489.94,4538.93
3450.00,6525.00,3501.78,4538.59
3475.00,6525.00,3527.34,4538.37
3487.50,6525.00,3539.79,4538.91
3512.50,6525.00,3565.36,4538.84
3525.00,6525.00,3577.72,4538.41
3550.00,6525.00,3602.93,4539.15
3562.50,6525.00,3615.73,4539.10
3587.50,6525.00,3641.41,4539.65
3600.00,6525.00,3654.91,4539.79
3625.00,6525.00,3679.38,4540.34
3637.50,6525.00,3692.09,4540.27
3662.50,6525.00,3716.86,4540.14
3675.00,6525.00,3730.53,4540.02
3687.50,6525.00,3743.61,4539.95
3712.50,6525.00,3768.52,4539.59
3725.00,6525.00,3781.85,4539.80
3637.50,6537.50,3692.14,4552.61
3662.50,6537.50,3717.00,4552.73
3675.00,6537.50,3729.71,4552.57
3512.50,6550.00,3564.54,4562.41
3525.00,6550.00,3576.34,4563.02
3550.00,6550.00,3602.61,4563.03
3562.50,6550.00,3615.26,4562.68
3587.50,6550.00,3640.07,4563.25
3600.00,6550.00,3652.02,4564.06
3625.00,6550.00,3679.06,4563.48
3687.50,6550.00,3743.05,4563.56
3712.50,6550.00,3768.29,4563.60
3725.00,6550.00,3779.91,4563.48
3212.50,6562.50,3265.48,4576.61
3512.50,6562.50,3564.31,4575.14
3525.00,6562.50,3577.02,4575.35
3550.00,6562.50,3602.71,4575.33
3562.50,6562.50,3614.88,4575.61
3587.50,6562.50,3640.47,4575.76
3600.00,6562.50,3653.36,4574.99
3625.00,6562.50,3678.80,4575.97
3637.50,6562.50,3691.44,4576.21
3662.50,6562.50,3716.68,4576.62
3675.00,6562.50,3729.80,4577.20
3687.50,6562.50,3742.30,4577.04
3712.50,6562.50,3766.87,4576.76
3737.50,6562.50,3791.80,4576.72
3750.00,6562.50,3804.68,4575.86
3775.00,6562.50,3829.59,4577.03
3787.50,6562.50,3842.17,4575.77
3137.50,6587.50,3190.55,4602.44
3150.00,6587.50,3203.10,4601.89
3212.50,6587.50,3267.00,4600.84
3225.00,6587.50,3280.22,4600.50
3475.00,6587.50,3527.97,4599.57
3550.00,6587.50,3602.35,4600.43
3562.50,6587.50,3614.13,4599.81
3587.50,6587.50,3639.33,4600.54
3600.00,6587.50,3652.15,4600.58
3625.00,6587.50,3678.47,4600.57
3637.50,6587.50,3690.92,4600.33
3662.50,6587.50,3716.65,4600.68
3675.00,6587.50,3729.47,4601.12
3700.00,6587.50,3753.88,4600.97
3712.50,6587.50,3766.55,4600.81
3737.50,6587.50,3792.34,4601.27
3750.00,6587.50,3804.37,4601.24
3775.00,6587.50,3829.97,4600.85
3787.50,6587.50,3842.10,4601.48
3100.00,6600.00,3154.03,4614.72
3112.50,6600.00,3166.02,4614.78
3150.00,6600.00,3203.96,4614.03
3175.00,6600.00,3228.99,4614.25
3187.50,6600.00,3240.61,4614.18
3212.50,6600.00,3266.22,4614.19
3362.50,6600.00,3415.87,4613.05
3437.50,6600.00,3490.42,4612.43
3475.00,6600.00,3528.24,4611.94
3550.00,6600.00,3602.52,4612.39
3587.50,6600.00,3639.65,4611.91
3600.00,6600.00,3653.00,4613.11
3625.00,6600.00,3678.26,4611.30
3637.50,6600.00,3689.89,4612.84
3662.50,6600.00,3716.11,4613.61
3675.00,6600.00,3729.28,4613.52
3700.00,6600.00,3754.21,4614.21
3712.50,6600.00,3767.10,4614.07
3737.50,6600.00,3791.70,4614.15
3750.00,6600.00,3804.78,4614.16
3775.00,6600.00,3829.46,4614.55
3787.50,6600.00,3843.06,4614.54
3137.50,6612.50,3190.64,4628.09
3675.00,6612.50,3728.15,4625.29
3787.50,6612.50,3842.90,4626.13
3112.50,6625.00,3166.53,4639.23
3150.00,6625.00,3204.92,4638.47
3225.00,6625.00,3280.35,4637.73
3362.50,6625.00,3415.29,4638.16
3375.00,6625.00,3427.97,4637.83
3400.00,6625.00,3453.40,4637.87
3437.50,6625.00,3490.96,4637.52
3475.00,6625.00,3528.04,4637.52
3487.50,6625.00,3539.99,4637.47
3625.00,6625.00,3676.24,4637.22
3637.50,6625.00,3689.02,4637.59
3662.50,6625.00,3715.92,4637.89
3700.00,6625.00,3753.86,4638.04
3712.50,6625.00,3767.21,4638.62
3737.50,6625.00,3791.63,4638.32
3750.00,6625.00,3804.26,4638.62
3775.00,6625.00,3829.22,4638.51
3100.00,6637.50,3153.98,4652.16
3137.50,6637.50,3191.10,4652.02
3150.00,6637.50,3203.47,4651.70
3250.00,6637.50,3303.55,4650.99
3362.50,6637.50,3417.03,4650.54
3375.00,6637.50,3429.41,4649.72
3450.00,6637.50,3503.01,4649.58
3475.00,6637.50,3527.65,4650.02
3525.00,6637.50,3578.18,4650.17
3550.00,6637.50,3601.85,4650.84
3662.50,6637.50,3716.23,4649.64
3675.00,6637.50,3728.15,4650.18
3700.00,6637.50,3753.35,4651.03
3712.50,6637.50,3766.59,4650.61
3737.50,6637.50,3791.34,4651.46
3750.00,6637.50,3804.15,4651.57
3775.00,6637.50,3828.94,4651.74
3787.50,6637.50,3842.33,4651.64
3400.00,6662.50,3452.93,4675.28
3437.50,6662.50,3490.77,4675.34
3450.00,6662.50,3502.67,4674.90
3475.00,6662.50,3528.45,4674.71
3487.50,6662.50,3540.48,4674.92
3512.50,6662.50,3565.49,4674.35
3550.00,6662.50,3601.99,4675.19
3562.50,6662.50,3614.11,4675.01
3587.50,6662.50,3640.46,4674.83
3600.00,6662.50,3653.44,4674.65
3625.00,6662.50,3677.75,4674.58
3637.50,6662.50,3690.64,4674.78
3662.50,6662.50,3715.39,4674.88
3675.00,6662.50,3727.42,4675.15
3700.00,6662.50,3753.85,4675.46
3712.50,6662.50,3767.59,4675.66
3737.50,6662.50,3791.26,4675.36
3750.00,6662.50,3804.51,4675.48
3775.00,6662.50,3829.57,4675.50
3787.50,6662.50,3842.66,4675.48
3487.50,6675.00,3540.26,4686.97
3512.50,6675.00,3565.54,4686.85
3550.00,6675.00,3603.09,4686.55
3562.50,6675.00,3615.06,4687.93
3587.50,6675.00,3640.50,4686.97
3600.00,6675.00,3653.70,4686.34
3625.00,6675.00,3678.43,4686.85
3637.50,6675.00,3691.25,4686.58
3662.50,6675.00,3715.24,4686.69
3675.00,6675.00,3727.20,4687.15
3700.00,6675.00,3753.84,4687.51
3712.50,6675.00,3766.40,4688.11
3725.00,6675.00,3779.24,4688.56
3750.00,6675.00,3804.83,4687.97
3775.00,6675.00,3828.77,4687.74
3787.50,6675.00,3842.25,4688.20
3437.50,6700.00,3491.15,4712.00
3450.00,6700.00,3502.97,4712.71
3475.00,6700.00,3528.69,4712.58
3487.50,6700.00,3540.95,4712.51
3512.50,6700.00,3565.90,4712.56
3525.00,6700.00,3577.48,4712.82
3550.00,6700.00,3603.40,4712.78
3562.50,6700.00,3615.48,4712.83
3587.50,6700.00,3641.60,4713.01
3600.00,6700.00,3653.58,4712.85
3612.50,6700.00,3665.89,4712.78
3637.50,6700.00,3692.24,4712.25
3662.50,6700.00,3715.89,4712.45
3675.00,6700.00,3728.57,4712.65
3700.00,6700.00,3754.25,4713.05
3712.50,6700.00,3767.26,4712.95
3737.50,6700.00,3791.00,4712.81
3750.00,6700.00,3804.57,4712.64
3775.00,6700.00,3829.03,4712.72
3787.50,6700.00,3841.73,4712.90
3337.50,6712.50,3390.32,4726.80
3350.00,6712.50,3403.74,4726.86
3437.50,6712.50,3491.25,4726.30
3450.00,6712.50,3504.01,4725.78
3475.00,6712.50,3528.46,4724.71
3487.50,6712.50,3540.97,4724.56
3512.50,6712.50,3566.35,4723.96
3525.00,6712.50,3577.90,4725.00
3550.00,6712.50,3604.24,4724.56
3562.50,6712.50,3615.88,4725.21
3587.50,6712.50,3641.00,4725.63
3600.00,6712.50,3654.57,4724.33
3625.00,6712.50,3679.24,4724.75
3637.50,6712.50,3692.33,4725.84
3662.50,6712.50,3716.42,4724.45
3675.00,6712.50,3728.82,4724.79
3700.00,6712.50,3754.24,4724.25
3712.50,6712.50,3765.25,4725.24
3737.50,6712.50,3791.76,4726.25
3750.00,6712.50,3804.74,4724.54
3775.00,6712.50,3829.54,4725.60
3787.50,6712.50,3842.32,4725.20
3450.00,6725.00,3505.10,4738.72
3325.00,6737.50,3379.17,4750.25
3337.50,6737.50,3391.21,4750.21
3362.50,6737.50,3416.44,4750.65
3375.00,6737.50,3429.01,4751.20
3400.00,6737.50,3454.10,4751.10
3412.50,6737.50,3466.44,4750.99
3437.50,6737.50,3491.02,4750.63
3475.00,6737.50,3529.17,4750.69
3487.50,6737.50,3542.55,4750.37
3512.50,6737.50,3567.07,4750.37
3525.00,6737.50,3579.71,4750.16
3550.00,6737.50,3604.00,4750.18
3562.50,6737.50,3616.84,4749.58
3587.50,6737.50,3641.61,4750.32
3600.00,6737.50,3653.21,4750.43
3625.00,6737.50,3678.43,4750.22
3637.50,6737.50,3691.12,4749.98
3662.50,6737.50,3714.89,4749.96
3675.00,6737.50,3728.64,4748.99
3700.00,6737.50,3753.99,4750.01
3712.50,6737.50,3767.36,4749.85
3737.50,6737.50,3791.45,4750.09
3750.00,6737.50,3805.07,4750.24
3775.00,6737.50,3829.40,4750.66
3787.50,6737.50,3842.65,4750.91
3300.00,6750.00,3353.04,4763.91
3325.00,6750.00,3379.33,4764.08
3337.50,6750.00,3392.23,4764.48
3362.50,6750.00,3416.64,4764.33
3375.00,6750.00,3429.14,4764.10
3400.00,6750.00,3454.83,4764.10
3412.50,6750.00,3466.45,4763.68
3425.00,6750.00,3479.52,4763.19
3450.00,6750.00,3505.31,4764.15
3475.00,6750.00,3529.27,4763.03
3487.50,6750.00,3541.41,4763.37
3512.50,6750.00,3566.77,4762.57
3525.00,6750.00,3579.36,4762.07
3550.00,6750.00,3604.54,4762.73
3562.50,6750.00,3617.78,4761.91
3587.50,6750.00,3642.46,4761.31
3600.00,6750.00,3653.68,4761.59
3625.00,6750.00,3678.76,4761.51
3637.50,6750.00,3691.74,4760.94
3662.50,6750.00,3716.00,4761.10
3675.00,6750.00,3728.08,4761.24
3700.00,6750.00,3753.55,4761.67
3712.50,6750.00,3767.40,4763.43
3737.50,6750.00,3791.87,4762.49
3750.00,6750.00,3805.02,4762.97
3775.00,6750.00,3830.15,4762.32
3787.50,6750.00,3842.66,4762.97
3387.50,6762.50,3441.89,4775.51
3412.50,6762.50,3467.11,4775.52
3250.00,6775.00,3304.19,4788.33
3262.50,6775.00,3316.85,4788.40
3287.50,6775.00,3341.18,4788.59
3300.00,6775.00,3353.41,4788.41
3325.00,6775.00,3379.27,4788.28
3337.50,6775.00,3392.49,4788.42
3362.50,6775.00,3416.60,4788.24
3375.00,6775.00,3429.51,4788.35
3425.00,6775.00,3478.97,4788.18
3450.00,6775.00,3505.21,4787.84
3462.50,6775.00,3517.35,4787.86
3487.50,6775.00,3541.99,4787.83
3512.50,6775.00,3566.48,4788.04
3525.00,6775.00,3578.73,4788.02
3550.00,6775.00,3604.03,4788.12
3562.50,6775.00,3617.58,4787.45
3587.50,6775.00,3642.51,4786.35
3600.00,6775.00,3654.09,4787.02
3625.00,6775.00,3679.09,4787.56
3637.50,6775.00,3692.54,4787.83
3662.50,6775.00,3716.77,4787.99
3675.00,6775.00,3729.78,4787.58
3700.00,6775.00,3754.05,4787.92
3712.50,6775.00,3767.52,4787.86
3737.50,6775.00,3792.61,4786.89
3750.00,6775.00,3805.29,4787.79
3762.50,6775.00,3816.93,4787.75
3787.50,6775.00,3843.11,4787.65
2887.50,6787.50,2942.82,4802.63
2925.00,6787.50,2980.36,4802.22
2962.50,6787.50,3017.52,4803.71
2975.00,6787.50,3033.68,4802.53
3000.00,6787.50,3056.20,4803.77
3012.50,6787.50,3069.00,4802.46
3037.50,6787.50,3092.29,4801.93
3100.00,6787.50,3154.59,4801.87
3112.50,6787.50,3167.74,4802.18
3137.50,6787.50,3192.14,4801.65
3150.00,6787.50,3205.14,4801.87
3175.00,6787.50,3229.20,4801.92
3187.50,6787.50,3242.49,4801.60
3212.50,6787.50,3266.90,4801.90
3225.00,6787.50,3279.43,4801.65
3250.00,6787.50,3305.25,4801.71
3262.50,6787.50,3317.38,4801.98
3287.50,6787.50,3342.04,4801.72
3300.00,6787.50,3355.29,4801.13
3325.00,6787.50,3379.37,4801.08
3337.50,6787.50,3392.04,4801.17
3362.50,6787.50,3416.77,4801.19
3375.00,6787.50,3430.55,4802.15
3387.50,6787.50,3442.56,4801.57
3412.50,6787.50,3467.64,4800.99
3425.00,6787.50,3479.12,4801.30
3450.00,6787.50,3505.32,4801.20
3462.50,6787.50,3517.08,4801.07
3487.50,6787.50,3542.12,4801.68
3500.00,6787.50,3556.02,4801.00
3525.00,6787.50,3580.42,4801.23
3550.00,6787.50,3603.88,4800.81
3562.50,6787.50,3616.35,4799.54
3587.50,6787.50,3642.13,4799.41
3600.00,6787.50,3655.58,4800.84
3625.00,6787.50,3678.71,4799.46
3637.50,6787.50,3691.70,4800.06
3662.50,6787.50,3717.32,4800.28
3675.00,6787.50,3730.27,4798.90
3700.00,6787.50,3754.48,4799.52
3712.50,6787.50,3767.20,4799.99
3737.50,6787.50,3792.24,4800.49
3750.00,6787.50,3804.75,4800.10
3762.50,6787.50,3816.43,4801.45
3787.50,6787.50,3842.44,4800.76
2662.50,6800.00,2718.38,4816.70
2925.00,6800.00,2979.96,4815.87
2962.50,6800.00,3018.03,4816.04
3050.00,6800.00,3104.77,4815.47
3075.00,6800.00,3130.51,4814.45
3087.50,6800.00,3143.65,4815.15
3112.50,6800.00,3168.30,4815.95
3125.00,6800.00,3181.57,4815.52
3150.00,6800.00,3205.96,4815.86
3162.50,6800.00,3219.05,4815.92
3212.50,6800.00,3267.49,4815.53
3225.00,6800.00,3280.92,4815.44
3237.50,6800.00,3293.56,4815.48
3275.00,6800.00,3331.61,4815.06
3337.50,6800.00,3392.34,4813.87
3362.50,6800.00,3416.91,4812.69
3512.50,6800.00,3567.15,4812.27
2937.50,6812.50,2993.37,4826.76
2975.00,6812.50,3031.40,4827.76
3000.00,6812.50,3055.87,4829.10
3012.50,6812.50,3068.44,4828.51
3037.50,6812.50,3093.64,4828.31
3187.50,6812.50,3244.82,4828.53
3262.50,6812.50,3319.41,4827.25
3300.00,6812.50,3356.01,4825.58
3312.50,6812.50,3369.18,4826.40
3375.00,6812.50,3430.41,4825.79
3412.50,6812.50,3467.69,4826.09
3425.00,6812.50,3480.79,4825.96
3450.00,6812.50,3506.18,4825.90
3462.50,6812.50,3518.78,4825.55
3487.50,6812.50,3542.69,4826.29
3525.00,6812.50,3580.35,4825.15
3550.00,6812.50,3604.66,4825.28
3562.50,6812.50,3618.08,4825.24
3587.50,6812.50,3641.74,4825.58
3600.00,6812.50,3655.16,4825.50
3625.00,6812.50,3679.49,4825.01
3637.50,6812.50,3693.00,4825.41
3662.50,6812.50,3716.80,4825.02
3675.00,6812.50,3729.94,4825.28
3700.00,6812.50,3754.24,4825.38
3712.50,6812.50,3768.22,4825.04
3737.50,6812.50,3792.36,4825.49
3750.00,6812.50,3805.00,4825.75
3762.50,6812.50,3817.52,4825.83
3787.50,6812.50,3843.21,4825.25
2625.00,6825.00,2681.55,4843.49
2637.50,6825.00,2694.50,4842.73
2662.50,6825.00,2720.02,4842.08
2675.00,6825.00,2732.72,4842.09
2700.00,6825.00,2756.13,4841.61
2712.50,6825.00,2769.53,4840.93
2737.50,6825.00,2793.59,4841.58
2750.00,6825.00,2807.23,4840.41
2775.00,6825.00,2831.66,4841.79
2787.50,6825.00,2845.38,4841.72
2925.00,6825.00,2980.74,4840.20
2937.50,6825.00,2993.94,4840.81
2962.50,6825.00,3018.68,4840.91
2975.00,6825.00,3031.80,4841.01
3000.00,6825.00,3056.28,4840.43
3012.50,6825.00,3069.70,4840.32
3037.50,6825.00,3094.37,4841.28
3050.00,6825.00,3106.96,4840.57
3075.00,6825.00,3132.23,4841.57
3087.50,6825.00,3144.81,4841.96
3112.50,6825.00,3169.93,4842.01
3125.00,6825.00,3182.37,4841.24
3150.00,6825.00,3207.13,4842.43
3162.50,6825.00,3221.20,4840.96
3187.50,6825.00,3244.05,4841.66
3200.00,6825.00,3259.02,4840.01
3225.00,6825.00,3282.89,4839.92
3237.50,6825.00,3295.11,4840.11
3262.50,6825.00,3318.68,4839.63
3275.00,6825.00,3332.03,4839.27
3300.00,6825.00,3355.86,4839.57
3325.00,6825.00,3380.15,4839.61
3337.50,6825.00,3393.31,4839.76
3350.00,6825.00,3406.22,4839.89
3375.00,6825.00,3430.50,4839.43
3387.50,6825.00,3444.36,4839.68
3412.50,6825.00,3468.22,4838.85
3425.00,6825.00,3480.71,4838.66
3450.00,6825.00,3505.45,4838.57
3475.00,6825.00,3530.74,4837.94
3487.50,6825.00,3543.89,4838.13
3512.50,6825.00,3567.06,4837.78
3525.00,6825.00,3580.33,4838.42
3550.00,6825.00,3604.66,4837.92
3562.50,6825.00,3618.98,4836.25
3587.50,6825.00,3642.35,4837.00
3600.00,6825.00,3655.72,4838.28
3625.00,6825.00,3679.20,4837.43
3637.50,6825.00,3691.67,4836.52
3662.50,6825.00,3716.59,4837.45
3675.00,6825.00,3729.36,4837.79
3700.00,6825.00,3755.09,4836.99
3712.50,6825.00,3768.18,4837.01
3725.00,6825.00,3780.36,4837.70
3750.00,6825.00,3804.54,4838.08
3762.50,6825.00,3818.52,4837.94
3787.50,6825.00,3843.13,4838.55
2600.00,6837.50,2657.36,4856.03
2625.00,6837.50,2682.10,4854.73
2637.50,6837.50,2694.24,4855.36
2662.50,6837.50,2720.74,4854.59
2675.00,6837.50,2732.70,4854.54
2700.00,6837.50,2758.93,4854.67
2712.50,6837.50,2769.90,4854.70
2737.50,6837.50,2793.67,4854.02
2750.00,6837.50,2807.08,4854.34
2775.00,6837.50,2832.16,4854.13
2787.50,6837.50,2844.96,4853.79
2812.50,6837.50,2868.08,4853.62
2825.00,6837.50,2881.71,4853.43
2850.00,6837.50,2905.64,4853.34
2875.00,6837.50,2930.20,4853.06
2887.50,6837.50,2943.25,4853.58
2925.00,6837.50,2980.96,4853.69
2937.50,6837.50,2994.52,4853.80
2962.50,6837.50,3019.28,4853.65
2975.00,6837.50,3032.23,4853.92
3000.00,6837.50,3057.54,4853.46
3012.50,6837.50,3070.19,4854.14
3037.50,6837.50,3094.92,4854.41
3050.00,6837.50,3108.41,4853.56
3075.00,6837.50,3132.72,4854.08
3087.50,6837.50,3145.54,4854.22
3112.50,6837.50,3171.10,4853.94
3125.00,6837.50,3182.58,4854.17
3150.00,6837.50,3208.17,4854.12
3162.50,6837.50,3221.14,4853.54
3187.50,6837.50,3246.09,4854.21
3200.00,6837.50,3257.92,4854.19
3237.50,6837.50,3295.48,4853.53
3275.00,6837.50,3331.83,4853.68
3300.00,6837.50,3355.92,4853.41
3312.50,6837.50,3369.52,4853.31
3350.00,6837.50,3407.31,4852.69
3625.00,6837.50,3679.02,4849.62
3787.50,6837.50,3843.19,4849.76
2912.50,6850.00,2968.09,4866.45
3225.00,6850.00,3282.31,4866.37
3262.50,6850.00,3319.17,4866.47
3337.50,6850.00,3393.80,4865.26
3375.00,6850.00,3432.31,4866.39
3387.50,6850.00,3445.13,4866.51
3412.50,6850.00,3470.41,4864.35
3475.00,6850.00,3531.49,4863.17
3487.50,6850.00,3543.39,4863.03
3500.00,6850.00,3556.90,4863.14
3525.00,6850.00,3579.83,4861.12
3537.50,6850.00,3592.82,4860.22
3562.50,6850.00,3621.12,4863.74
3575.00,6850.00,3633.95,4862.74
3600.00,6850.00,3656.07,4861.50
3637.50,6850.00,3691.97,4862.35
3662.50,6850.00,3716.69,4862.61
3675.00,6850.00,3729.94,4862.62
3700.00,6850.00,3754.37,4862.77
3712.50,6850.00,3767.49,4862.35
3725.00,6850.00,3780.43,4862.47
3750.00,6850.00,3805.38,4862.78
3775.00,6850.00,3830.02,4862.45
2600.00,6862.50,2658.01,4881.33
2625.00,6862.50,2682.94,4881.54
2637.50,6862.50,2695.41,4881.89
2662.50,6862.50,2721.50,4882.18
2675.00,6862.50,2732.75,4881.88
2700.00,6862.50,2759.68,4881.42
2712.50,6862.50,2772.02,4881.27
2737.50,6862.50,2795.41,4880.75
2750.00,6862.50,2807.84,4881.51
2775.00,6862.50,2832.70,4879.80
2787.50,6862.50,2845.42,4880.09
2812.50,6862.50,2870.29,4880.33
2825.00,6862.50,2883.25,4878.84
2850.00,6862.50,2908.69,4880.37
2862.50,6862.50,2922.53,4881.51
2887.50,6862.50,2943.43,4877.89
2900.00,6862.50,2956.68,4878.15
2925.00,6862.50,2981.12,4878.73
2937.50,6862.50,2994.96,4879.08
2962.50,6862.50,3019.94,4880.88
2975.00,6862.50,3033.46,4879.22
3000.00,6862.50,3058.31,4880.08
3012.50,6862.50,3069.97,4880.84
3037.50,6862.50,3095.88,4881.46
3050.00,6862.50,3108.18,4881.16
3075.00,6862.50,3134.18,4880.86
3087.50,6862.50,3145.73,4881.83
3112.50,6862.50,3171.78,4881.25
3125.00,6862.50,3183.70,4879.68
3150.00,6862.50,3209.44,4879.92
3187.50,6862.50,3246.52,4877.23
3200.00,6862.50,3258.31,4877.89
3225.00,6862.50,3283.24,4878.44
3237.50,6862.50,3296.07,4878.95
3262.50,6862.50,3320.70,4879.35
3275.00,6862.50,3333.13,4878.80
3300.00,6862.50,3358.59,4878.38
3312.50,6862.50,3369.99,4878.90
3337.50,6862.50,3394.05,4878.38
3350.00,6862.50,3408.41,4878.11
3375.00,6862.50,3434.10,4878.27
3387.50,6862.50,3446.36,4877.84
3412.50,6862.50,3471.44,4876.09
3462.50,6862.50,3519.96,4876.16
3487.50,6862.50,3543.52,4876.68
3500.00,6862.50,3557.48,4877.18
3525.00,6862.50,3582.16,4874.82
3625.00,6862.50,3680.30,4874.91
3637.50,6862.50,3693.75,4874.34
3650.00,6862.50,3705.46,4874.02
3675.00,6862.50,3730.73,4873.04
3700.00,6862.50,3754.42,4872.72
3712.50,6862.50,3767.95,4873.65
3737.50,6862.50,3792.43,4874.42
3750.00,6862.50,3805.17,4873.96
3775.00,6862.50,3829.42,4874.03
3787.50,6862.50,3843.24,4875.64
2600.00,6875.00,2657.42,4894.18
2625.00,6875.00,2684.31,4894.39
2637.50,6875.00,2695.57,4894.07
2662.50,6875.00,2721.71,4894.92
2675.00,6875.00,2733.43,4894.64
2700.00,6875.00,2759.72,4895.23
2712.50,6875.00,2771.12,4893.56
2737.50,6875.00,2796.78,4894.39
2750.00,6875.00,2808.33,4894.46
2775.00,6875.00,2835.00,4893.49
2787.50,6875.00,2847.11,4892.76
2812.50,6875.00,2871.60,4893.61
2825.00,6875.00,2885.71,4892.89
2837.50,6875.00,2898.47,4893.69
2862.50,6875.00,2921.25,4892.79
2887.50,6875.00,2944.34,4893.01
2900.00,6875.00,2957.33,4891.82
2925.00,6875.00,2981.77,4891.61
2937.50,6875.00,2994.87,4892.00
2962.50,6875.00,3021.63,4892.01
2975.00,6875.00,3034.06,4892.50
3000.00,6875.00,3058.89,4892.49
3012.50,6875.00,3070.92,4892.28
3037.50,6875.00,3096.73,4893.13
3050.00,6875.00,3108.78,4893.79
3075.00,6875.00,3135.13,4892.16
3112.50,6875.00,3172.36,4892.40
3125.00,6875.00,3184.92,4892.58
3150.00,6875.00,3208.67,4892.73
3162.50,6875.00,3220.47,4892.41
3187.50,6875.00,3245.69,4891.96
3200.00,6875.00,3258.19,4891.65
3225.00,6875.00,3282.76,4891.50
3237.50,6875.00,3295.67,4891.68
3262.50,6875.00,3321.65,4891.42
3275.00,6875.00,3333.16,4891.48
3300.00,6875.00,3359.34,4891.93
3312.50,6875.00,3370.08,4891.66
3337.50,6875.00,3396.46,4892.05
3350.00,6875.00,3407.60,4891.42
3375.00,6875.00,3433.35,4891.69
3425.00,6887.50,3484.85,4902.73
3450.00,6887.50,3507.29,4901.74
3462.50,6887.50,3521.41,4901.93
3487.50,6887.50,3546.26,4902.43
3500.00,6887.50,3559.08,4901.83
3637.50,6887.50,3693.24,4900.14
3650.00,6887.50,3706.75,4896.90
3675.00,6887.50,3732.36,4898.46
3687.50,6887.50,3741.75,4899.37
3712.50,6887.50,3767.62,4899.43
3725.00,6887.50,3779.43,4899.53
3750.00,6887.50,3805.96,4899.99
3762.50,6887.50,3817.85,4898.85
3787.50,6887.50,3843.60,4900.30
2600.00,6900.00,2657.58,4918.96
2625.00,6900.00,2684.28,4919.70
2637.50,6900.00,2696.94,4918.48
2662.50,6900.00,2722.27,4919.54
2675.00,6900.00,2734.85,4919.44
2700.00,6900.00,2760.22,4919.48
2712.50,6900.00,2773.24,4919.64
2737.50,6900.00,2797.86,4919.49
2750.00,6900.00,2810.71,4919.29
2775.00,6900.00,2834.93,4919.00
2787.50,6900.00,2847.63,4918.86
2812.50,6900.00,2872.75,4918.85
2825.00,6900.00,2884.69,4919.18
2850.00,6900.00,2907.81,4917.56
2862.50,6900.00,2920.22,4918.26
2887.50,6900.00,2947.35,4917.78
2900.00,6900.00,2958.37,4918.25
2925.00,6900.00,2983.87,4918.79
2937.50,6900.00,2995.78,4918.42
2962.50,6900.00,3021.03,4918.84
2975.00,6900.00,3033.91,4917.75
3000.00,6900.00,3059.31,4918.71
3012.50,6900.00,3071.75,4918.85
3037.50,6900.00,3097.30,4919.08
3050.00,6900.00,3109.12,4918.45
3075.00,6900.00,3134.30,4918.01
3087.50,6900.00,3145.92,4918.46
3112.50,6900.00,3171.57,4917.40
3125.00,6900.00,3183.85,4917.04
3150.00,6900.00,3209.52,4918.43
3162.50,6900.00,3221.65,4918.60
3200.00,6900.00,3259.92,4917.54
3237.50,6900.00,3296.46,4917.68
3312.50,6900.00,3371.44,4917.75
3337.50,6900.00,3396.13,4916.81
3425.00,6900.00,3483.76,4915.63
3462.50,6900.00,3521.59,4915.01
3500.00,6900.00,3559.03,4915.96
3612.50,6900.00,3671.27,4912.31
3637.50,6900.00,3693.56,4913.16
3650.00,6900.00,3706.89,4912.09
3675.00,6900.00,3732.05,4912.63
3687.50,6900.00,3742.72,4912.12
3712.50,6900.00,3768.35,4911.44
3725.00,6900.00,3780.89,4910.93
3750.00,6900.00,3805.96,4911.51
3775.00,6900.00,3829.84,4911.75
3787.50,6900.00,3843.36,4911.37
2600.00,6912.50,2658.34,4931.30
2625.00,6912.50,2684.40,4932.83
2637.50,6912.50,2695.78,4932.65
2662.50,6912.50,2722.35,4932.79
2675.00,6912.50,2734.51,4932.78
2700.00,6912.50,2760.19,4932.39
2712.50,6912.50,2771.92,4933.31
2737.50,6912.50,2797.64,4932.43
2750.00,6912.50,2810.76,4932.27
2775.00,6912.50,2834.68,4932.56
2787.50,6912.50,2847.45,4931.36
2812.50,6912.50,2872.66,4931.55
2825.00,6912.50,2885.04,4932.05
2850.00,6912.50,2908.90,4930.96
2862.50,6912.50,2921.43,4930.78
2887.50,6912.50,2946.10,4931.31
2900.00,6912.50,2958.97,4931.51
2925.00,6912.50,2984.79,4929.52
2937.50,6912.50,2996.69,4931.31
2962.50,6912.50,3022.35,4930.75
2975.00,6912.50,3034.99,4930.47
3000.00,6912.50,3058.98,4930.47
3012.50,6912.50,3070.80,4929.97
3037.50,6912.50,3097.00,4929.55
3050.00,6912.50,3109.44,4929.59
3075.00,6912.50,3133.56,4929.48
3087.50,6912.50,3145.46,4929.20
3112.50,6912.50,3172.53,4929.48
3125.00,6912.50,3184.74,4930.14
3150.00,6912.50,3209.90,4929.47
3162.50,6912.50,3220.88,4930.14
3187.50,6912.50,3247.28,4930.38
3200.00,6912.50,3259.91,4929.97
3225.00,6912.50,3284.71,4929.73
3425.00,6912.50,3483.68,4928.91
2700.00,6925.00,2760.16,4945.83
3487.50,6925.00,3546.84,4938.02
3637.50,6925.00,3694.39,4938.08
3675.00,6925.00,3731.69,4937.45
3700.00,6925.00,3755.48,4937.74
3712.50,6925.00,3768.46,4937.51
3725.00,6925.00,3782.10,4937.87
3750.00,6925.00,3805.42,4937.87
3762.50,6925.00,3818.34,4938.13
3787.50,6925.00,3843.82,4937.36
2600.00,6937.50,2658.42,4956.68
2625.00,6937.50,2685.01,4957.03
2637.50,6937.50,2698.49,4957.32
2662.50,6937.50,2723.22,4957.16
2675.00,6937.50,2736.26,4957.39
2725.00,6937.50,2786.32,4957.34
2750.00,6937.50,2811.48,4954.66
2800.00,6937.50,2860.99,4954.81
2850.00,6937.50,2909.04,4955.85
2862.50,6937.50,2923.39,4956.72
2887.50,6937.50,2947.86,4956.83
2900.00,6937.50,2959.35,4956.57
2912.50,6937.50,2972.73,4956.72
2937.50,6937.50,2996.93,4956.00
2962.50,6937.50,3022.29,4955.85
2975.00,6937.50,3035.08,4956.24
3000.00,6937.50,3060.15,4956.06
3012.50,6937.50,3072.67,4955.99
3037.50,6937.50,3097.18,4955.31
3050.00,6937.50,3109.27,4955.08
3075.00,6937.50,3135.40,4955.26
3087.50,6937.50,3147.38,4955.48
3112.50,6937.50,3172.31,4955.84
3125.00,6937.50,3185.07,4955.18
3562.50,6937.50,3620.76,4952.22
3575.00,6937.50,3632.36,4952.50
3600.00,6937.50,3657.08,4952.25
3612.50,6937.50,3669.82,4952.30
3637.50,6937.50,3695.62,4949.73
3650.00,6937.50,3707.81,4949.91
3687.50,6937.50,3746.81,4948.77
3712.50,6937.50,3768.76,4951.57
3725.00,6937.50,3780.48,4951.34
3750.00,6937.50,3805.89,4950.55
3762.50,6937.50,3820.22,4950.32
3787.50,6937.50,3845.50,4951.21
2600.00,6950.00,2661.00,4970.67
2625.00,6950.00,2685.67,4971.19
2637.50,6950.00,2698.47,4970.51
2650.00,6950.00,2711.22,4970.87
2737.50,6950.00,2795.50,4970.75
2862.50,6950.00,2922.92,4968.54
2900.00,6950.00,2960.28,4969.55
2937.50,6950.00,2998.23,4968.80
2962.50,6950.00,3022.15,4968.77
2975.00,6950.00,3035.67,4967.24
3000.00,6950.00,3059.36,4968.05
3012.50,6950.00,3072.67,4966.90
3037.50,6950.00,3097.83,4966.61
3050.00,6950.00,3109.21,4967.48
3075.00,6950.00,3135.13,4967.07
3087.50,6950.00,3147.13,4967.09
3112.50,6950.00,3172.36,4968.13
3125.00,6950.00,3184.97,4967.91
3612.50,6950.00,3670.47,4963.83
2625.00,6962.50,2685.72,4984.38
3575.00,6962.50,3633.19,4976.41
3600.00,6962.50,3658.59,4976.29
3712.50,6962.50,3769.16,4975.47
3725.00,6962.50,3782.27,4975.62
3750.00,6962.50,3806.27,4975.55
3762.50,6962.50,3819.88,4975.70
3787.50,6962.50,3843.74,4974.60
2862.50,6975.00,2923.35,4994.32
2887.50,6975.00,2947.80,4994.32
2925.00,6975.00,2985.37,4994.26
3000.00,6975.00,3060.22,4993.86
3462.50,6975.00,3521.23,4990.34
3487.50,6975.00,3546.55,4990.20
3500.00,6975.00,3558.31,4991.16
3525.00,6975.00,3583.78,4990.14
3562.50,6975.00,3621.26,4989.87
3575.00,6975.00,3633.41,4989.44
3612.50,6975.00,3670.76,4989.72
3712.50,6975.00,3770.08,4987.11
3737.50,6975.00,3794.71,4986.38
3750.00,6975.00,3806.33,4987.39
3762.50,6975.00,3819.77,4987.86
3787.50,6975.00,3842.07,4987.49
3037.50,6987.50,3097.79,5005.41
3487.50,6987.50,3546.37,5003.27
3712.50,6987.50,3769.25,5001.20
3525.00,7000.00,3584.32,5014.69
3562.50,7000.00,3621.59,5014.18
3575.00,7000.00,3632.69,5014.83
3725.00,7000.00,3782.46,5012.32
3750.00,7000.00,3806.02,5012.94
3762.50,7000.00,3819.50,5012.86
3537.50,7012.50,3596.06,5027.85
3575.00,7012.50,3633.05,5027.54
3687.50,7012.50,3746.46,5023.51
3750.00,7012.50,3807.87,5024.46
3762.50,7012.50,3820.07,5024.99
3787.50,7012.50,3843.53,5023.57
3525.00,7037.50,3583.04,5052.18
3537.50,7037.50,3596.46,5052.49
3750.00,7037.50,3806.48,5049.45
3775.00,7037.50,3831.88,5050.33
3787.50,7037.50,3843.46,5050.39
3425.00,7050.00,3483.75,5065.32
3525.00,7050.00,3584.24,5064.27
3575.00,7050.00,3632.83,5064.86
3675.00,7050.00,3731.02,5062.51
3750.00,7050.00,3806.74,5062.64
3762.50,7050.00,3819.11,5060.96
3787.50,7050.00,3844.16,5062.98
3337.50,7062.50,3396.01,5079.63
3575.00,7062.50,3633.60,5076.77
3762.50,7062.50,3820.47,5074.78
3787.50,7062.50,3844.42,5075.08
3537.50,7075.00,3596.77,5089.34
3600.00,7075.00,3658.11,5088.95
3650.00,7075.00,3708.72,5088.22
3712.50,7075.00,3769.97,5087.96
3725.00,7075.00,3782.57,5087.47
3750.00,7075.00,3806.44,5087.81
3150.00,7087.50,3210.74,5102.73
3537.50,7087.50,3596.31,5102.26
3612.50,7087.50,3670.89,5101.48
3675.00,7087.50,3733.76,5099.87
3712.50,7087.50,3769.52,5100.50
3725.00,7087.50,3782.75,5099.62
3750.00,7087.50,3807.28,5099.21
3762.50,7087.50,3820.31,5100.52
3575.00,7112.50,3633.75,5126.19
3787.50,7112.50,3845.01,5125.59
3575.00,7162.50,3633.76,5176.20
3525.00,7187.50,3584.39,5200.61
3550.00,7187.50,3608.08,5200.76
3562.50,7187.50,3621.74,5200.68
3525.00,7200.00,3583.27,5212.82
3550.00,7200.00,3607.38,5212.64
3562.50,7200.00,3621.20,5212.73
3512.50,7225.00,3569.30,5237.71
3525.00,7225.00,3583.16,5237.45
3550.00,7225.00,3606.47,5236.70
3562.50,7225.00,3619.36,5236.99
3575.00,7225.00,3632.44,5237.85
3600.00,7225.00,3658.86,5236.95
3612.50,7225.00,3670.78,5237.65
3737.50,7225.00,3791.38,5235.64
3750.00,7225.00,3806.42,5235.29
3762.50,7225.00,3820.23,5233.73
3787.50,7225.00,3843.77,5235.79
3525.00,7237.50,3581.49,5248.12
3537.50,7237.50,3595.31,5249.08
3562.50,7237.50,3619.50,5249.25
3587.50,7237.50,3643.65,5248.88
3600.00,7237.50,3657.32,5250.33
3637.50,7237.50,3696.79,5247.59
3662.50,7237.50,3719.27,5248.95
3675.00,7237.50,3730.84,5251.37
3687.50,7237.50,3746.30,5248.70
3712.50,7237.50,3768.62,5247.84
3737.50,7237.50,3793.63,5247.90
3750.00,7237.50,3806.58,5247.73
3762.50,7237.50,3819.78,5247.00
3787.50,7237.50,3843.60,5247.87
3525.00,7262.50,3582.56,5273.99
3562.50,7262.50,3619.36,5273.46
3575.00,7262.50,3632.58,5273.97
3600.00,7262.50,3656.80,5273.45
3612.50,7262.50,3670.06,5274.07
3637.50,7262.50,3695.00,5274.68
3650.00,7262.50,3707.72,5274.92
3675.00,7262.50,3733.00,5273.99
3687.50,7262.50,3745.53,5274.43
3712.50,7262.50,3770.50,5273.94
3725.00,7262.50,3783.09,5274.50
3750.00,7262.50,3807.74,5274.55
3762.50,7262.50,3820.18,5273.97
3787.50,7262.50,3845.58,5273.69
3525.00,7275.00,3581.56,5286.51
3537.50,7275.00,3594.53,5285.81
3562.50,7275.00,3619.93,5285.57
3575.00,7275.00,3632.41,5285.47
3600.00,7275.00,3657.91,5287.06
3637.50,7275.00,3696.22,5287.34
3650.00,7275.00,3708.44,5287.21
3675.00,7275.00,3733.24,5287.94
3787.50,7275.00,3846.10,5286.33
3600.00,7287.50,3659.00,5300.51
3612.50,7287.50,3671.27,5300.44
3712.50,7287.50,3772.11,5297.54
3487.50,7300.00,3543.94,5311.40
3500.00,7300.00,3557.51,5310.84
3525.00,7300.00,3582.67,5311.09
3537.50,7300.00,3594.82,5311.47
3562.50,7300.00,3621.05,5312.39
3575.00,7300.00,3633.10,5311.86
3762.50,7300.00,3821.69,5310.93
3787.50,7300.00,3847.00,5309.69
3462.50,7312.50,3520.87,5324.70
3487.50,7312.50,3545.36,5323.56
3500.00,7312.50,3558.33,5323.14
3525.00,7312.50,3584.53,5323.95
3537.50,7312.50,3596.75,5323.69
3562.50,7312.50,3620.69,5324.51
3575.00,7312.50,3633.84,5325.89
3462.50,7337.50,3521.63,5349.67
3487.50,7337.50,3547.34,5350.03
3500.00,7337.50,3559.52,5350.24
3525.00,7337.50,3584.30,5350.16
3537.50,7337.50,3596.84,5350.55
3487.50,7350.00,3547.09,5363.12
3500.00,7350.00,3558.92,5363.50
3762.50,7375.00,3822.32,5384.50
3887.50,6200.00,3938.69,4212.47
4075.00,6200.00,4128.49,4212.81
4112.50,6200.00,4163.92,4214.05
4150.00,6200.00,4202.77,4213.42
4162.50,6200.00,4215.31,4213.78
4187.50,6200.00,4240.22,4213.43
4312.50,6200.00,4365.70,4212.90
3825.00,6212.50,3877.47,4225.36
3850.00,6212.50,3900.77,4225.77
3862.50,6212.50,3914.03,4225.63
3912.50,6212.50,3964.00,4225.55
3925.00,6212.50,3975.16,4225.42
3937.50,6212.50,3989.26,4225.36
3962.50,6212.50,4014.40,4225.38
3975.00,6212.50,4026.11,4225.38
4000.00,6212.50,4051.30,4225.62
4012.50,6212.50,4063.97,4226.01
4037.50,6212.50,4088.67,4225.56
4050.00,6212.50,4101.69,4225.94
4087.50,6212.50,4139.73,4225.48
4125.00,6212.50,4177.11,4225.73
4200.00,6212.50,4253.27,4225.70
4225.00,6212.50,4278.69,4224.98
4237.50,6212.50,4291.07,4226.06
4262.50,6212.50,4315.97,4226.14
4275.00,6212.50,4328.66,4226.37
4350.00,6212.50,4402.41,4225.30
4375.00,6212.50,4428.40,4225.38
4387.50,6212.50,4439.86,4225.54
4412.50,6212.50,4465.70,4225.88
4425.00,6212.50,4478.17,4225.07
4450.00,6212.50,4503.96,4225.34
4462.50,6212.50,4515.55,4226.10
3812.50,6225.00,3867.61,4237.40
3825.00,6225.00,3878.77,4239.30
3850.00,6225.00,3901.86,4238.98
3862.50,6225.00,3913.83,4238.75
3887.50,6225.00,3938.73,4238.07
3912.50,6225.00,3963.82,4237.01
3925.00,6225.00,3976.84,4238.78
3937.50,6225.00,3988.53,4238.42
3962.50,6225.00,4013.69,4238.83
3975.00,6225.00,4026.33,4238.47
4000.00,6225.00,4052.80,4238.02
4012.50,6225.00,4064.14,4238.82
4037.50,6225.00,4089.37,4238.64
4050.00,6225.00,4102.31,4238.54
4075.00,6225.00,4126.88,4238.54
4087.50,6225.00,4138.87,4238.93
4112.50,6225.00,4164.65,4238.87
4125.00,6225.00,4176.37,4239.38
4150.00,6225.00,4202.64,4238.93
4162.50,6225.00,4215.81,4239.51
4187.50,6225.00,4240.58,4239.08
4200.00,6225.00,4252.58,4238.85
4225.00,6225.00,4278.46,4238.79
4237.50,6225.00,4291.18,4238.27
4262.50,6225.00,4314.14,4239.47
4275.00,6225.00,4328.05,4239.49
4375.00,6225.00,4427.48,4237.37
4387.50,6225.00,4439.99,4238.37
4412.50,6225.00,4465.13,4238.25
4425.00,6225.00,4477.95,4237.83
4450.00,6225.00,4503.23,4238.67
3900.00,6237.50,3951.78,4249.81
3937.50,6237.50,3988.82,4249.94
4087.50,6237.50,4139.09,4250.20
4125.00,6237.50,4177.62,4250.63
4500.00,6237.50,4553.30,4250.55
3825.00,6250.00,3876.82,4263.00
3850.00,6250.00,3902.55,4263.05
3862.50,6250.00,3914.47,4263.57
3887.50,6250.00,3939.58,4263.11
3925.00,6250.00,3977.90,4263.31
3962.50,6250.00,4015.44,4262.80
3975.00,6250.00,4026.62,4263.73
4000.00,6250.00,4052.77,4263.07
4012.50,6250.00,4064.45,4263.19
4037.50,6250.00,4089.25,4263.54
4050.00,6250.00,4102.04,4263.34
4075.00,6250.00,4127.46,4263.06
4112.50,6250.00,4164.00,4263.06
4150.00,6250.00,4203.52,4263.08
4162.50,6250.00,4214.18,4263.35
4187.50,6250.00,4240.37,4263.78
4200.00,6250.00,4253.04,4262.63
4225.00,6250.00,4278.50,4262.99
4237.50,6250.00,4289.71,4262.96
4262.50,6250.00,4316.01,4263.03
4275.00,6250.00,4327.73,4263.16
4375.00,6250.00,4425.87,4262.23
4387.50,6250.00,4439.73,4262.24
4412.50,6250.00,4465.47,4262.71
4425.00,6250.00,4477.52,4262.92
4450.00,6250.00,4503.05,4262.80
4462.50,6250.00,4515.40,4263.13
4487.50,6250.00,4540.59,4263.31
4537.50,6250.00,4590.68,4262.81
3812.50,6262.50,3863.82,4276.04
3825.00,6262.50,3876.28,4275.13
3850.00,6262.50,3901.77,4276.45
3862.50,6262.50,3913.67,4276.67
3887.50,6262.50,3940.89,4276.24
3900.00,6262.50,3953.50,4276.48
3925.00,6262.50,3976.10,4275.91
3937.50,6262.50,3989.90,4276.20
3962.50,6262.50,4015.61,4275.82
3975.00,6262.50,4027.08,4276.26
4000.00,6262.50,4052.79,4276.30
4012.50,6262.50,4064.36,4275.77
4037.50,6262.50,4090.36,4276.35
4050.00,6262.50,4102.65,4276.37
4075.00,6262.50,4127.54,4275.40
4087.50,6262.50,4138.72,4274.84
4112.50,6262.50,4164.87,4276.71
4125.00,6262.50,4176.42,4276.31
4150.00,6262.50,4202.46,4275.98
4162.50,6262.50,4213.69,4275.68
4187.50,6262.50,4240.34,4275.55
4200.00,6262.50,4251.96,4274.40
4225.00,6262.50,4277.81,4276.29
4237.50,6262.50,4290.04,4275.90
4262.50,6262.50,4315.37,4274.90
4275.00,6262.50,4327.34,4275.10
4287.50,6262.50,4341.70,4274.51
4375.00,6262.50,4427.28,4274.08
4387.50,6262.50,4439.61,4274.76
4412.50,6262.50,4464.13,4273.65
4425.00,6262.50,4476.88,4273.81
4450.00,6262.50,4502.87,4274.47
4462.50,6262.50,4514.79,4274.41
4487.50,6262.50,4540.59,4275.10
4500.00,6262.50,4552.99,4274.41
4537.50,6262.50,4591.02,4274.72
4562.50,6262.50,4615.87,4274.94
3850.00,6275.00,3902.55,4288.45
4075.00,6275.00,4127.39,4287.28
4087.50,6275.00,4139.75,4287.34
3800.00,6287.50,3853.79,4300.25
3875.00,6287.50,3924.78,4300.45
3887.50,6287.50,3938.39,4301.48
3900.00,6287.50,3952.12,4299.88
3925.00,6287.50,3977.37,4299.64
3937.50,6287.50,3989.26,4300.02
3962.50,6287.50,4013.75,4300.41
3975.00,6287.50,4026.19,4300.52
4000.00,6287.50,4052.40,4300.64
4012.50,6287.50,4065.14,4300.41
4037.50,6287.50,4089.10,4300.56
4050.00,6287.50,4102.27,4300.55
4112.50,6287.50,4165.00,4299.69
4125.00,6287.50,4179.02,4299.34
4150.00,6287.50,4201.82,4300.41
4162.50,6287.50,4213.82,4300.33
4187.50,6287.50,4240.24,4300.30
4200.00,6287.50,4252.82,4299.79
4225.00,6287.50,4276.88,4300.25
4237.50,6287.50,4288.95,4300.16
4262.50,6287.50,4315.40,4299.83
4275.00,6287.50,4327.69,4299.79
4375.00,6287.50,4426.04,4298.59
4387.50,6287.50,4438.62,4298.78
4412.50,6287.50,4463.28,4298.71
4425.00,6287.50,4476.12,4299.43
4450.00,6287.50,4502.18,4298.37
4462.50,6287.50,4514.62,4298.99
4487.50,6287.50,4539.04,4299.01
4500.00,6287.50,4552.08,4298.84
4525.00,6287.50,4575.88,4299.33
4537.50,6287.50,4589.57,4299.50
4562.50,6287.50,4615.05,4299.22
4575.00,6287.50,4627.88,4299.54
4600.00,6287.50,4652.68,4299.77
4612.50,6287.50,4664.88,4299.87
4637.50,6287.50,4690.18,4298.83
4650.00,6287.50,4702.54,4298.88
4675.00,6287.50,4728.32,4297.75
3875.00,6300.00,3926.05,4312.58
3887.50,6300.00,3938.25,4312.59
3900.00,6300.00,3950.86,4312.41
3925.00,6300.00,3975.84,4313.10
3937.50,6300.00,3988.53,4312.82
3962.50,6300.00,4013.98,4311.99
3975.00,6300.00,4026.39,4313.91
4000.00,6300.00,4051.72,4313.93
4012.50,6300.00,4064.34,4313.11
4037.50,6300.00,4090.19,4313.32
4050.00,6300.00,4101.42,4312.79
4075.00,6300.00,4127.74,4313.55
4087.50,6300.00,4139.70,4313.46
4112.50,6300.00,4165.85,4312.67
4125.00,6300.00,4180.24,4311.54
4150.00,6300.00,4202.40,4312.40
4162.50,6300.00,4214.32,4312.04
4187.50,6300.00,4240.60,4311.73
4200.00,6300.00,4253.40,4311.48
4225.00,6300.00,4275.14,4311.58
4237.50,6300.00,4289.21,4312.36
4262.50,6300.00,4315.16,4311.45
4275.00,6300.00,4327.66,4311.95
4375.00,6300.00,4425.83,4310.31
4400.00,6300.00,4449.91,4311.10
4412.50,6300.00,4463.03,4310.58
4425.00,6300.00,4476.45,4310.28
4450.00,6300.00,4502.55,4310.40
4462.50,6300.00,4513.73,4309.95
4487.50,6300.00,4538.26,4310.72
4500.00,6300.00,4551.08,4310.13
4525.00,6300.00,4575.77,4310.36
4537.50,6300.00,4589.31,4310.31
4562.50,6300.00,4615.13,4310.27
4575.00,6300.00,4626.93,4310.53
4600.00,6300.00,4652.72,4310.17
4612.50,6300.00,4665.29,4310.39
4637.50,6300.00,4690.20,4310.04
4650.00,6300.00,4701.96,4310.10
4675.00,6300.00,4725.86,4310.31
4687.50,6300.00,4738.90,4310.11
4712.50,6300.00,4763.73,4310.53
4725.00,6300.00,4776.32,4310.16
4750.00,6300.00,4802.80,4310.11
4762.50,6300.00,4814.44,4310.41
4787.50,6300.00,4840.21,4310.58
4800.00,6300.00,4852.46,4310.65
4837.50,6300.00,4889.73,4310.52
3887.50,6325.00,3939.60,4337.43
3900.00,6325.00,3950.45,4337.69
3925.00,6325.00,3976.21,4337.58
3937.50,6325.00,3989.07,4337.83
3962.50,6325.00,4014.76,4337.86
3975.00,6325.00,4027.12,4337.53
4012.50,6325.00,4064.96,4338.20
4037.50,6325.00,4089.91,4337.69
4050.00,6325.00,4102.02,4337.78
4075.00,6325.00,4128.48,4337.83
4087.50,6325.00,4139.76,4338.10
4112.50,6325.00,4163.99,4336.83
4125.00,6325.00,4177.34,4337.54
4150.00,6325.00,4202.65,4337.62
4187.50,6325.00,4239.15,4335.89
4200.00,6325.00,4252.49,4336.18
4225.00,6325.00,4275.11,4336.40
4237.50,6325.00,4288.53,4336.47
4262.50,6325.00,4313.56,4336.68
4275.00,6325.00,4326.68,4337.38
4425.00,6325.00,4477.08,4333.29
4450.00,6325.00,4500.32,4333.69
4462.50,6325.00,4513.52,4333.74
4487.50,6325.00,4537.79,4334.72
4500.00,6325.00,4550.01,4334.30
4525.00,6325.00,4574.95,4334.58
4537.50,6325.00,4588.58,4334.56
4562.50,6325.00,4613.42,4335.06
4575.00,6325.00,4626.04,4334.57
4600.00,6325.00,4650.51,4333.40
4612.50,6325.00,4663.95,4333.75
4637.50,6325.00,4688.52,4333.58
4650.00,6325.00,4701.00,4333.65
4675.00,6325.00,4725.66,4333.87
4687.50,6325.00,4739.44,4333.90
4712.50,6325.00,4763.17,4334.00
4725.00,6325.00,4777.22,4333.81
4750.00,6325.00,4801.23,4334.30
4762.50,6325.00,4814.14,4333.70
4787.50,6325.00,4838.89,4334.10
4800.00,6325.00,4851.95,4333.77
4825.00,6325.00,4876.80,4334.11
4837.50,6325.00,4889.81,4334.05
4862.50,6325.00,4915.17,4334.53
3812.50,6337.50,3865.64,4352.24
3825.00,6337.50,3878.31,4352.40
3837.50,6337.50,3891.95,4351.15
3862.50,6337.50,3916.44,4350.26
3887.50,6337.50,3940.67,4350.45
3900.00,6337.50,3951.78,4349.54
3925.00,6337.50,3977.02,4350.90
3937.50,6337.50,3989.70,4351.32
3962.50,6337.50,4016.19,4350.70
3975.00,6337.50,4027.90,4350.75
4012.50,6337.50,4065.38,4350.99
4037.50,6337.50,4090.39,4350.17
4050.00,6337.50,4102.33,4350.40
4075.00,6337.50,4128.47,4351.18
4087.50,6337.50,4140.24,4350.48
4112.50,6337.50,4165.30,4350.98
4125.00,6337.50,4177.67,4350.31
4150.00,6337.50,4202.72,4349.33
4162.50,6337.50,4214.19,4348.71
4187.50,6337.50,4239.58,4349.09
4200.00,6337.50,4252.85,4348.46
4225.00,6337.50,4275.89,4347.92
4262.50,6337.50,4314.44,4347.72
4275.00,6337.50,4326.18,4347.25
4487.50,6337.50,4537.08,4346.86
4500.00,6337.50,4550.93,4347.27
4525.00,6337.50,4575.33,4347.47
4537.50,6337.50,4588.32,4347.68
4562.50,6337.50,4613.14,4346.78
4575.00,6337.50,4626.27,4347.15
4600.00,6337.50,4650.55,4347.37
4612.50,6337.50,4663.74,4348.06
4637.50,6337.50,4689.08,4347.23
4650.00,6337.50,4701.14,4346.86
4675.00,6337.50,4728.07,4345.85
4712.50,6337.50,4762.55,4346.50
4725.00,6337.50,4776.23,4347.43
4750.00,6337.50,4800.95,4346.85
4787.50,6337.50,4839.71,4346.47
4800.00,6337.50,4852.18,4346.76
4825.00,6337.50,4876.90,4345.85
4862.50,6337.50,4915.29,4347.46
4875.00,6337.50,4927.30,4347.25
4237.50,6350.00,4288.35,4361.02
4762.50,6350.00,4814.74,4359.38
4837.50,6350.00,4889.55,4357.60
3812.50,6362.50,3866.48,4378.41
3825.00,6362.50,3879.96,4377.29
3900.00,6362.50,3955.68,4374.79
3937.50,6362.50,3990.50,4374.35
4112.50,6362.50,4164.63,4372.05
4187.50,6362.50,4239.11,4372.28
4200.00,6362.50,4252.06,4371.50
4225.00,6362.50,4274.99,4371.24
4237.50,6362.50,4288.96,4371.62
4262.50,6362.50,4312.10,4371.16
4450.00,6362.50,4498.55,4370.46
4475.00,6362.50,4523.43,4370.78
4487.50,6362.50,4536.83,4371.05
4512.50,6362.50,4562.09,4371.49
4525.00,6362.50,4575.27,4371.89
4537.50,6362.50,4588.76,4371.28
4562.50,6362.50,4613.71,4373.67
4575.00,6362.50,4626.31,4371.91
4600.00,6362.50,4652.30,4372.99
4612.50,6362.50,4663.70,4372.03
4637.50,6362.50,4689.40,4373.38
4650.00,6362.50,4701.57,4372.57
4675.00,6362.50,4726.58,4373.11
4687.50,6362.50,4738.88,4371.51
4712.50,6362.50,4764.04,4371.56
4725.00,6362.50,4776.59,4371.19
4750.00,6362.50,4801.48,4371.86
4762.50,6362.50,4815.81,4370.76
4787.50,6362.50,4840.29,4370.04
4800.00,6362.50,4851.35,4370.73
4825.00,6362.50,4877.15,4371.11
4837.50,6362.50,4889.75,4370.72
4862.50,6362.50,4914.23,4371.09
4875.00,6362.50,4926.69,4370.96
4900.00,6362.50,4953.17,4371.31
4912.50,6362.50,4965.75,4371.70
3812.50,6375.00,3867.01,4392.01
3825.00,6375.00,3880.63,4391.05
3837.50,6375.00,3893.76,4390.96
4237.50,6375.00,4287.25,4384.78
4262.50,6375.00,4311.91,4384.55
4500.00,6375.00,4549.95,4384.57
4525.00,6375.00,4575.61,4384.06
4537.50,6375.00,4588.33,4384.75
4562.50,6375.00,4613.73,4384.64
4575.00,6375.00,4626.07,4385.83
4600.00,6375.00,4652.02,4384.29
4612.50,6375.00,4664.29,4384.95
4637.50,6375.00,4689.17,4385.27
4650.00,6375.00,4701.87,4384.84
4675.00,6375.00,4727.23,4384.95
4725.00,6375.00,4776.93,4384.94
4750.00,6375.00,4801.48,4384.46
4762.50,6375.00,4814.28,4384.89
4787.50,6375.00,4839.57,4383.03
4800.00,6375.00,4852.44,4383.39
4875.00,6375.00,4926.84,4383.81
4900.00,6375.00,4952.82,4384.95
3812.50,6387.50,3867.23,4404.03
3825.00,6387.50,3880.60,4404.00
4450.00,6387.50,4498.49,4394.38
4475.00,6387.50,4523.40,4394.59
4487.50,6387.50,4536.62,4394.74
4712.50,6387.50,4764.43,4397.12
4837.50,6387.50,4890.35,4397.17
4862.50,6387.50,4915.40,4394.84
4912.50,6387.50,4966.07,4396.85
4475.00,6400.00,4523.18,4407.37
4487.50,6400.00,4535.97,4407.62
4500.00,6400.00,4549.56,4407.85
4525.00,6400.00,4574.71,4408.39
4550.00,6400.00,4600.91,4408.84
4562.50,6400.00,4611.99,4408.87
4575.00,6400.00,4625.75,4408.87
4600.00,6400.00,4651.14,4408.83
4612.50,6400.00,4663.29,4409.57
4637.50,6400.00,4688.57,4409.71
4650.00,6400.00,4702.01,4409.21
4675.00,6400.00,4727.65,4408.79
4687.50,6400.00,4738.87,4408.19
4712.50,6400.00,4764.66,4408.53
4725.00,6400.00,4776.34,4408.83
4750.00,6400.00,4802.43,4408.69
4762.50,6400.00,4815.00,4409.34
4787.50,6400.00,4839.10,4409.09
4800.00,6400.00,4851.99,4409.04
4825.00,6400.00,4877.70,4408.93
4837.50,6400.00,4889.97,4408.72
4862.50,6400.00,4915.17,4408.33
4875.00,6400.00,4926.89,4409.38
4900.00,6400.00,4953.76,4408.69
4912.50,6400.00,4965.41,4408.58
4950.00,6400.00,5002.92,4408.51
3812.50,6412.50,3866.80,4427.43
3825.00,6412.50,3880.19,4427.43
3862.50,6412.50,3916.76,4426.93
4537.50,6412.50,4587.49,4420.93
4600.00,6412.50,4650.55,4422.20
4637.50,6412.50,4689.28,4422.21
4650.00,6412.50,4700.57,4422.17
4725.00,6412.50,4776.23,4421.71
4750.00,6412.50,4802.82,4422.03
4762.50,6412.50,4814.19,4421.23
4787.50,6412.50,4841.10,4420.90
4800.00,6412.50,4853.42,4422.29
4825.00,6412.50,4877.27,4421.27
4837.50,6412.50,4889.88,4421.81
4862.50,6412.50,4914.09,4422.10
4912.50,6412.50,4965.54,4422.19
4950.00,6412.50,5002.72,4421.21
4525.00,6425.00,4573.93,4431.71
4562.50,6425.00,4611.81,4432.14
4575.00,6425.00,4624.56,4432.31
4612.50,6425.00,4663.57,4433.07
4675.00,6425.00,4725.40,4432.80
4687.50,6425.00,4739.26,4432.78
4712.50,6425.00,4763.83,4433.33
4875.00,6425.00,4928.52,4434.65
4900.00,6425.00,4953.65,4433.23
4975.00,6425.00,5027.77,4432.66
4987.50,6425.00,5039.57,4433.48
3812.50,6437.50,3866.39,4451.57
3825.00,6437.50,3879.58,4452.22
4525.00,6437.50,4573.06,4443.76
4550.00,6437.50,4598.70,4445.12
4562.50,6437.50,4611.80,4445.31
4575.00,6437.50,4625.49,4445.72
4600.00,6437.50,4650.24,4446.02
4612.50,6437.50,4662.93,4446.14
4637.50,6437.50,4687.97,4446.02
4662.50,6437.50,4713.15,4446.16
4675.00,6437.50,4725.56,4446.26
4687.50,6437.50,4738.56,4445.86
4712.50,6437.50,4764.33,4446.32
4725.00,6437.50,4776.20,4445.91
4750.00,6437.50,4801.58,4445.86
4762.50,6437.50,4814.48,4446.16
4787.50,6437.50,4838.83,4446.05
4800.00,6437.50,4851.84,4445.61
4825.00,6437.50,4877.42,4445.97
4837.50,6437.50,4888.97,4446.10
4862.50,6437.50,4915.80,4445.94
4875.00,6437.50,4927.57,4445.88
4900.00,6437.50,4953.51,4445.80
4912.50,6437.50,4966.02,4446.01
4937.50,6437.50,4990.80,4445.61
4950.00,6437.50,5002.99,4445.95
4975.00,6437.50,5028.10,4445.79
4987.50,6437.50,5039.54,4444.72
3812.50,6450.00,3866.74,4464.95
3825.00,6450.00,3880.26,4464.44
3837.50,6450.00,3892.91,4463.75
4625.00,6450.00,4674.79,4456.67
4637.50,6450.00,4687.22,4458.14
4687.50,6450.00,4738.42,4458.89
4750.00,6450.00,4802.41,4458.83
4787.50,6450.00,4838.89,4458.18
4800.00,6450.00,4852.18,4458.66
4912.50,6450.00,4964.74,4457.79
4937.50,6450.00,4990.71,4458.20
3812.50,6462.50,3867.62,4476.59
3825.00,6462.50,3880.37,4477.73
3837.50,6462.50,3893.89,4478.13
4562.50,6462.50,4610.92,4468.05
4587.50,6462.50,4635.60,4469.19
4600.00,6462.50,4649.26,4469.36
4650.00,6462.50,4701.05,4468.61
4675.00,6462.50,4725.71,4470.14
4712.50,6462.50,4762.75,4469.11
4725.00,6462.50,4776.34,4469.97
4825.00,6462.50,4876.15,4469.79
4862.50,6462.50,4913.29,4469.53
4875.00,6462.50,4926.64,4469.62
4900.00,6462.50,4951.18,4469.56
4950.00,6462.50,5002.20,4469.44
4975.00,6462.50,5027.61,4469.56
4987.50,6462.50,5040.02,4469.74
4587.50,6475.00,4635.66,4481.70
4600.00,6475.00,4648.92,4481.81
4612.50,6475.00,4661.94,4482.19
4637.50,6475.00,4686.95,4482.97
4650.00,6475.00,4700.79,4482.40
4675.00,6475.00,4725.71,4484.10
4687.50,6475.00,4738.75,4483.24
4712.50,6475.00,4763.61,4483.30
4725.00,6475.00,4776.40,4483.73
4750.00,6475.00,4800.63,4483.14
4825.00,6475.00,4875.95,4481.66
4850.00,6475.00,4900.05,4481.44
4862.50,6475.00,4912.90,4481.58
4875.00,6475.00,4926.48,4482.51
4900.00,6475.00,4950.62,4482.77
4912.50,6475.00,4962.83,4482.75
4937.50,6475.00,4989.15,4482.80
4950.00,6475.00,5002.29,4482.72
4975.00,6475.00,5028.33,4482.51
4987.50,6475.00,5039.79,4482.62
4650.00,6487.50,4700.35,4494.91
4675.00,6487.50,4725.06,4495.59
4687.50,6487.50,4739.03,4496.23
4725.00,6487.50,4776.91,4495.73
4600.00,6500.00,4648.20,4505.18
4625.00,6500.00,4674.14,4506.41
4637.50,6500.00,4687.22,4506.97
4712.50,6500.00,4763.03,4507.16
4837.50,6500.00,4887.69,4506.61
4862.50,6500.00,4912.44,4505.56
4875.00,6500.00,4925.39,4506.27
4900.00,6500.00,4950.07,4505.88
4912.50,6500.00,4963.26,4505.78
4937.50,6500.00,4987.33,4506.42
4950.00,6500.00,5001.01,4506.56
4975.00,6500.00,5025.73,4505.57
4987.50,6500.00,5037.62,4505.49
4562.50,6512.50,4610.23,4518.08
4587.50,6512.50,4636.06,4517.39
4600.00,6512.50,4648.65,4517.44
4625.00,6512.50,4673.52,4519.26
4637.50,6512.50,4687.02,4519.84
4650.00,6512.50,4700.52,4520.09
4675.00,6512.50,4725.70,4519.69
4687.50,6512.50,4738.21,4519.94
4712.50,6512.50,4762.54,4520.97
4725.00,6512.50,4775.93,4520.87
4750.00,6512.50,4800.21,4521.98
4850.00,6512.50,4899.16,4517.14
4862.50,6512.50,4912.40,4518.14
4875.00,6512.50,4925.56,4516.81
4900.00,6512.50,4950.03,4516.94
4912.50,6512.50,4962.62,4517.07
4937.50,6512.50,4987.27,4517.77
4950.00,6512.50,5000.73,4517.79
4975.00,6512.50,5024.96,4517.46
4987.50,6512.50,5037.61,4519.31
4662.50,6525.00,4711.70,4531.34
4675.00,6525.00,4723.44,4531.92
4687.50,6525.00,4737.87,4532.11
4600.00,6537.50,4648.66,4543.62
4625.00,6537.50,4672.94,4543.40
4637.50,6537.50,4687.42,4544.10
4712.50,6537.50,4761.58,4544.66
4725.00,6537.50,4775.09,4544.72
4750.00,6537.50,4801.55,4544.38
4762.50,6537.50,4813.54,4544.43
4837.50,6537.50,4892.39,4542.33
4862.50,6537.50,4912.68,4543.37
4875.00,6537.50,4925.79,4543.25
4900.00,6537.50,4948.88,4542.95
4925.00,6537.50,4974.50,4543.00
4937.50,6537.50,4988.09,4543.56
4950.00,6537.50,5000.27,4543.51
4975.00,6537.50,5025.64,4543.59
4600.00,6550.00,4648.53,4555.37
4625.00,6550.00,4673.68,4556.64
4637.50,6550.00,4686.91,4556.45
4662.50,6550.00,4711.63,4557.58
4675.00,6550.00,4724.46,4558.40
4687.50,6550.00,4738.42,4557.26
4712.50,6550.00,4762.31,4556.28
4725.00,6550.00,4776.06,4557.07
4750.00,6550.00,4800.52,4556.89
4762.50,6550.00,4813.39,4556.38
4787.50,6550.00,4839.41,4556.54
4800.00,6550.00,4854.80,4557.02
4837.50,6550.00,4888.92,4555.13
4862.50,6550.00,4912.60,4554.65
4875.00,6550.00,4925.83,4554.49
4900.00,6550.00,4949.36,4554.56
4925.00,6550.00,4974.57,4555.46
4937.50,6550.00,4987.20,4554.72
4950.00,6550.00,5000.64,4554.69
4975.00,6550.00,5025.09,4556.64
3800.00,6562.50,3855.34,4575.33
3825.00,6562.50,3879.98,4575.08
3862.50,6562.50,3916.57,4575.80
3887.50,6562.50,3941.73,4573.47
3900.00,6562.50,3952.82,4574.06
3837.50,6575.00,3891.38,4587.17
4550.00,6575.00,4598.08,4581.38
4562.50,6575.00,4611.52,4580.92
4587.50,6575.00,4636.88,4581.55
4600.00,6575.00,4649.72,4581.52
4612.50,6575.00,4662.98,4581.76
4637.50,6575.00,4687.06,4581.21
4662.50,6575.00,4711.31,4581.13
4675.00,6575.00,4725.85,4579.78
4700.00,6575.00,4748.27,4579.98
4712.50,6575.00,4761.24,4581.58
4725.00,6575.00,4774.71,4582.15
4750.00,6575.00,4798.98,4581.70
4762.50,6575.00,4811.89,4581.62
4787.50,6575.00,4837.80,4580.89
4800.00,6575.00,4851.50,4580.58
4825.00,6575.00,4875.32,4580.89
4850.00,6575.00,4899.54,4580.56
4862.50,6575.00,4914.57,4580.77
4875.00,6575.00,4927.99,4581.08
4900.00,6575.00,4952.67,4579.78
4912.50,6575.00,4964.49,4578.14
4937.50,6575.00,4988.07,4580.24
4950.00,6575.00,5000.76,4580.08
4975.00,6575.00,5025.14,4580.11
4987.50,6575.00,5038.13,4580.38
3825.00,6587.50,3880.05,4601.19
3862.50,6587.50,3917.50,4600.57
3887.50,6587.50,3941.56,4600.38
3900.00,6587.50,3954.67,4599.45
4525.00,6587.50,4573.78,4593.51
4550.00,6587.50,4598.50,4593.61
4562.50,6587.50,4611.88,4593.51
4575.00,6587.50,4625.33,4594.02
4600.00,6587.50,4649.66,4594.45
4612.50,6587.50,4663.08,4594.59
4637.50,6587.50,4688.05,4594.11
4650.00,6587.50,4700.04,4593.67
4750.00,6587.50,4799.42,4592.19
4762.50,6587.50,4812.93,4592.23
4787.50,6587.50,4837.16,4592.66
4800.00,6587.50,4850.65,4591.82
4825.00,6587.50,4874.81,4591.53
4837.50,6587.50,4888.40,4591.81
4862.50,6587.50,4911.56,4591.96
4875.00,6587.50,4925.99,4592.11
4900.00,6587.50,4950.64,4591.45
4912.50,6587.50,4965.75,4590.78
4937.50,6587.50,4987.80,4591.18
4950.00,6587.50,5000.64,4591.96
4975.00,6587.50,5025.52,4592.04
3812.50,6600.00,3866.91,4614.63
3825.00,6600.00,3879.62,4614.77
3850.00,6600.00,3904.49,4614.28
3862.50,6600.00,3917.37,4614.28
3887.50,6600.00,3942.26,4613.84
3900.00,6600.00,3955.32,4613.85
3925.00,6600.00,3979.68,4612.44
3937.50,6600.00,3991.55,4612.87
3962.50,6600.00,4017.09,4612.67
3975.00,6600.00,4031.04,4611.79
4562.50,6600.00,4612.04,4606.63
4600.00,6600.00,4650.85,4607.12
3875.00,6612.50,3931.15,4626.45
4375.00,6612.50,4423.96,4618.31
4400.00,6612.50,4448.45,4618.55
4412.50,6612.50,4462.02,4618.94
4437.50,6612.50,4486.27,4618.94
4450.00,6612.50,4500.21,4619.26
4462.50,6612.50,4513.31,4618.90
4487.50,6612.50,4536.78,4619.46
4500.00,6612.50,4550.34,4618.83
4525.00,6612.50,4574.62,4620.20
4550.00,6612.50,4599.30,4619.60
4575.00,6612.50,4627.08,4618.71
4662.50,6612.50,4713.41,4618.76
4675.00,6612.50,4725.17,4616.21
4687.50,6612.50,4739.51,4618.12
4712.50,6612.50,4766.67,4617.10
4725.00,6612.50,4780.55,4618.05
4750.00,6612.50,4801.83,4617.53
4775.00,6612.50,4822.68,4616.19
4787.50,6612.50,4837.02,4616.33
4800.00,6612.50,4849.43,4616.70
4825.00,6612.50,4874.05,4615.22
4850.00,6612.50,4898.54,4615.35
4862.50,6612.50,4911.60,4615.55
4887.50,6612.50,4935.77,4615.00
4900.00,6612.50,4948.91,4615.14
4912.50,6612.50,4961.38,4615.95
4937.50,6612.50,4986.99,4615.47
4962.50,6612.50,5011.20,4615.59
4975.00,6612.50,5023.71,4615.38
3812.50,6625.00,3867.59,4639.18
3825.00,6625.00,3880.30,4638.46
3837.50,6625.00,3894.23,4639.00
3862.50,6625.00,3917.61,4639.01
3900.00,6625.00,3956.17,4638.54
3912.50,6625.00,3968.57,4638.83
3937.50,6625.00,3992.39,4638.28
3962.50,6625.00,4016.70,4638.13
3975.00,6625.00,4030.30,4637.99
4000.00,6625.00,4055.05,4637.90
4012.50,6625.00,4067.17,4637.61
4037.50,6625.00,4092.21,4637.98
4050.00,6625.00,4104.50,4637.62
4075.00,6625.00,4129.12,4636.31
4087.50,6625.00,4143.43,4636.79
4100.00,6625.00,4156.22,4637.25
4125.00,6625.00,4179.46,4636.40
4337.50,6625.00,4387.23,4632.23
4350.00,6625.00,4400.11,4632.65
4375.00,6625.00,4424.65,4632.81
4387.50,6625.00,4437.94,4633.19
4412.50,6625.00,4463.69,4632.89
4425.00,6625.00,4476.53,4632.58
4450.00,6625.00,4501.26,4633.15
4462.50,6625.00,4513.93,4633.10
4487.50,6625.00,4541.03,4632.81
4500.00,6625.00,4552.52,4632.59
4525.00,6625.00,4575.54,4633.02
4550.00,6625.00,4600.46,4632.03
4562.50,6625.00,4612.68,4632.63
4575.00,6625.00,4627.13,4631.46
4675.00,6625.00,4724.24,4630.76
4687.50,6625.00,4739.62,4631.99
4850.00,6625.00,4898.06,4628.55
4925.00,6625.00,4973.38,4628.62
4937.50,6625.00,4986.75,4628.92
4962.50,6625.00,5010.99,4628.69
4975.00,6625.00,5024.54,4628.66
3800.00,6637.50,3855.19,4652.08
3825.00,6637.50,3881.06,4652.03
3837.50,6637.50,3894.24,4652.42
3862.50,6637.50,3917.62,4651.44
3875.00,6637.50,3930.39,4651.29
3900.00,6637.50,3955.33,4651.41
3912.50,6637.50,3967.26,4651.16
3937.50,6637.50,3991.70,4650.81
3962.50,6637.50,4016.64,4650.45
3975.00,6637.50,4030.36,4651.08
4000.00,6637.50,4054.27,4650.96
4012.50,6637.50,4067.85,4650.64
4037.50,6637.50,4092.30,4650.86
4050.00,6637.50,4105.38,4651.59
4075.00,6637.50,4129.62,4650.37
4087.50,6637.50,4142.99,4649.67
4100.00,6637.50,4156.22,4649.82
4125.00,6637.50,4179.97,4649.46
4137.50,6637.50,4192.84,4649.01
4375.00,6650.00,4428.42,4659.17
4387.50,6650.00,4439.42,4658.33
4412.50,6650.00,4463.80,4659.11
4675.00,6650.00,4724.45,4655.12
4687.50,6650.00,4737.17,4654.72
4712.50,6650.00,4765.70,4653.39
4925.00,6650.00,4972.84,4652.23
4937.50,6650.00,4985.76,4652.36
4962.50,6650.00,5011.27,4653.05
4975.00,6650.00,5023.88,4652.71
3812.50,6662.50,3866.92,4675.77
3825.00,6662.50,3880.48,4675.80
3837.50,6662.50,3892.13,4675.79
3862.50,6662.50,3918.15,4675.73
3900.00,6662.50,3954.96,4675.89
3925.00,6662.50,3979.41,4676.31
3937.50,6662.50,3992.78,4675.80
3950.00,6662.50,4005.19,4675.40
3975.00,6662.50,4030.69,4675.87
4000.00,6662.50,4055.13,4676.03
4012.50,6662.50,4068.83,4676.38
4037.50,6662.50,4093.84,4676.24
4062.50,6662.50,4118.93,4675.71
4087.50,6662.50,4143.12,4675.74
4112.50,6662.50,4167.41,4675.55
4125.00,6662.50,4180.83,4676.10
4137.50,6662.50,4194.03,4675.67
4162.50,6662.50,4218.61,4675.61
4375.00,6662.50,4427.50,4671.21
4387.50,6662.50,4440.00,4671.22
4400.00,6662.50,4454.72,4670.64
4675.00,6662.50,4725.87,4667.36
4700.00,6662.50,4746.95,4668.42
4712.50,6662.50,4762.56,4669.74
4725.00,6662.50,4778.58,4670.25
4750.00,6662.50,4799.59,4669.18
4800.00,6662.50,4851.87,4665.10
4937.50,6662.50,4985.62,4665.41
3812.50,6675.00,3867.26,4688.35
3825.00,6675.00,3880.42,4688.58
3837.50,6675.00,3893.45,4688.79
3862.50,6675.00,3917.75,4689.28
3887.50,6675.00,3942.03,4689.05
3900.00,6675.00,3954.91,4689.05
3912.50,6675.00,3969.47,4688.89
3937.50,6675.00,3993.27,4689.36
3950.00,6675.00,4005.35,4689.41
3975.00,6675.00,4031.15,4689.39
3987.50,6675.00,4044.18,4689.32
4012.50,6675.00,4068.42,4689.40
4025.00,6675.00,4081.43,4689.40
4050.00,6675.00,4107.07,4688.90
4087.50,6675.00,4143.35,4689.17
4825.00,6675.00,4873.25,4678.13
4862.50,6675.00,4910.71,4677.03
4912.50,6675.00,4960.64,4676.91
4962.50,6675.00,5010.83,4677.87
4975.00,6675.00,5023.80,4676.67
3900.00,6687.50,3955.53,4701.58
3912.50,6687.50,3969.27,4701.49
4037.50,6687.50,4092.51,4701.03
4675.00,6687.50,4726.74,4690.32
4712.50,6687.50,4762.02,4690.85
4750.00,6687.50,4798.15,4690.67
4762.50,6687.50,4810.93,4690.98
4787.50,6687.50,4836.77,4692.02
4800.00,6687.50,4849.32,4691.68
4837.50,6687.50,4887.50,4689.65
4862.50,6687.50,4910.97,4690.17
4887.50,6687.50,4935.50,4689.91
4900.00,6687.50,4948.21,4690.47
4925.00,6687.50,4973.23,4689.83
4937.50,6687.50,4987.19,4690.29
4962.50,6687.50,5010.90,4689.91
4975.00,6687.50,5024.09,4690.16
4987.50,6687.50,5036.74,4689.89
3812.50,6700.00,3867.57,4713.00
3825.00,6700.00,3880.14,4713.35
3850.00,6700.00,3904.45,4713.27
3862.50,6700.00,3917.62,4713.00
3875.00,6700.00,3931.26,4712.77
3937.50,6700.00,3993.31,4713.76
3962.50,6700.00,4017.05,4713.40
3975.00,6700.00,4030.83,4713.10
4000.00,6700.00,4055.42,4713.37
4012.50,6700.00,4068.44,4714.77
4050.00,6700.00,4106.11,4713.49
4062.50,6700.00,4119.22,4713.58
4087.50,6700.00,4143.89,4713.91
4637.50,6700.00,4686.12,4704.64
4650.00,6700.00,4700.88,4705.06
4675.00,6700.00,4724.20,4704.51
4700.00,6700.00,4748.77,4703.94
4712.50,6700.00,4761.86,4704.09
4737.50,6700.00,4786.27,4704.26
4750.00,6700.00,4799.78,4704.05
4762.50,6700.00,4812.52,4704.15
4787.50,6700.00,4837.47,4703.71
4800.00,6700.00,4851.31,4704.42
4825.00,6700.00,4875.18,4703.26
4837.50,6700.00,4889.04,4702.20
4875.00,6700.00,4923.43,4702.09
4900.00,6700.00,4949.14,4702.80
4925.00,6700.00,4973.33,4703.67
4937.50,6700.00,4986.47,4703.21
4962.50,6700.00,5010.94,4703.64
4975.00,6700.00,5024.06,4703.28
4987.50,6700.00,5036.97,4703.60
3812.50,6712.50,3866.95,4726.29
3825.00,6712.50,3880.60,4726.64
3837.50,6712.50,3893.26,4726.80
3862.50,6712.50,3917.69,4726.23
3875.00,6712.50,3930.09,4726.13
3900.00,6712.50,3955.74,4727.03
3925.00,6712.50,3979.98,4726.56
3937.50,6712.50,3992.87,4726.70
3962.50,6712.50,4016.96,4726.19
3975.00,6712.50,4031.19,4726.58
3987.50,6712.50,4043.86,4726.54
4012.50,6712.50,4068.25,4726.90
4862.50,6712.50,4911.40,4715.88
3900.00,6725.00,3955.82,4739.04
4100.00,6725.00,4156.96,4738.33
4600.00,6725.00,4650.26,4730.76
4612.50,6725.00,4662.95,4730.60
4637.50,6725.00,4687.42,4731.38
4650.00,6725.00,4700.97,4730.38
4675.00,6725.00,4724.95,4729.91
4687.50,6725.00,4737.36,4729.72
4712.50,6725.00,4763.13,4730.35
4725.00,6725.00,4776.03,4729.75
4750.00,6725.00,4800.90,4728.26
4762.50,6725.00,4812.69,4729.40
4787.50,6725.00,4836.85,4730.39
4800.00,6725.00,4849.87,4729.43
4825.00,6725.00,4876.02,4729.42
4837.50,6725.00,4889.39,4728.14
4862.50,6725.00,4911.60,4729.13
4887.50,6725.00,4935.88,4728.21
4900.00,6725.00,4948.29,4728.02
4925.00,6725.00,4973.60,4727.27
4937.50,6725.00,4986.45,4727.66
4950.00,6725.00,5000.22,4727.78
4975.00,6725.00,5024.26,4727.78
4987.50,6725.00,5037.23,4728.59
3812.50,6737.50,3867.60,4750.57
3825.00,6737.50,3880.57,4750.38
3837.50,6737.50,3892.06,4750.59
3862.50,6737.50,3917.99,4750.64
3875.00,6737.50,3929.58,4750.31
3925.00,6737.50,3979.39,4750.93
3937.50,6737.50,3992.55,4750.38
3950.00,6737.50,4006.30,4750.75
3975.00,6737.50,4030.53,4750.40
3987.50,6737.50,4044.10,4750.67
4012.50,6737.50,4068.54,4750.74
4037.50,6737.50,4093.43,4750.75
4050.00,6737.50,4105.68,4750.97
4062.50,6737.50,4119.25,4751.08
4087.50,6737.50,4144.03,4751.04
4562.50,6737.50,4611.79,4743.85
4575.00,6737.50,4625.15,4743.21
4600.00,6737.50,4650.39,4742.43
4612.50,6737.50,4663.44,4742.51
4637.50,6737.50,4688.18,4743.05
4650.00,6737.50,4701.24,4743.26
4675.00,6737.50,4726.30,4742.47
4687.50,6737.50,4741.07,4741.81
4712.50,6737.50,4762.26,4742.15
4725.00,6737.50,4775.43,4742.19
4750.00,6737.50,4799.69,4741.93
4775.00,6737.50,4825.15,4741.53
4787.50,6737.50,4837.38,4741.94
4800.00,6737.50,4849.72,4742.30
4825.00,6737.50,4875.49,4741.78
4837.50,6737.50,4888.87,4742.04
4862.50,6737.50,4915.09,4743.85
4875.00,6737.50,4926.27,4741.66
4900.00,6737.50,4949.51,4741.16
4925.00,6737.50,4974.34,4740.69
4937.50,6737.50,4987.58,4740.74
4950.00,6737.50,4999.60,4741.26
4975.00,6737.50,5024.90,4740.94
4987.50,6737.50,5038.00,4741.01
3812.50,6750.00,3866.02,4763.94
3825.00,6750.00,3880.07,4763.25
3837.50,6750.00,3893.00,4762.67
3862.50,6750.00,3917.95,4762.78
3887.50,6750.00,3941.91,4762.71
3900.00,6750.00,3955.08,4763.67
3912.50,6750.00,3968.49,4762.49
3937.50,6750.00,3992.99,4763.65
3950.00,6750.00,4006.06,4764.09
3975.00,6750.00,4031.71,4764.19
4012.50,6750.00,4069.07,4763.83
4025.00,6750.00,4081.96,4763.51
4050.00,6750.00,4105.83,4763.62
4087.50,6750.00,4143.61,4762.99
3825.00,6762.50,3880.22,4775.52
4537.50,6762.50,4590.77,4766.50
4562.50,6762.50,4613.04,4768.68
4575.00,6762.50,4625.83,4768.86
4600.00,6762.50,4649.72,4768.37
4612.50,6762.50,4663.00,4768.38
4637.50,6762.50,4688.59,4768.45
4650.00,6762.50,4700.87,4768.57
4675.00,6762.50,4725.24,4768.33
4687.50,6762.50,4737.89,4768.50
4712.50,6762.50,4762.35,4768.92
4737.50,6762.50,4788.10,4767.82
4750.00,6762.50,4801.67,4767.35
4762.50,6762.50,4812.84,4765.58
4787.50,6762.50,4837.48,4768.12
4800.00,6762.50,4850.42,4766.87
4825.00,6762.50,4876.87,4767.45
4862.50,6762.50,4912.98,4766.80
4875.00,6762.50,4926.15,4765.28
4900.00,6762.50,4950.13,4765.77
4925.00,6762.50,4975.12,4765.69
4937.50,6762.50,4987.46,4765.90
4950.00,6762.50,5000.02,4765.72
4975.00,6762.50,5024.65,4765.69
4987.50,6762.50,5038.13,4765.37
3812.50,6775.00,3867.61,4788.07
3850.00,6775.00,3904.21,4787.76
3862.50,6775.00,3918.00,4787.79
3875.00,6775.00,3929.93,4787.76
3900.00,6775.00,3955.58,4788.27
3912.50,6775.00,3968.92,4788.17
3937.50,6775.00,3993.61,4788.11
3950.00,6775.00,4006.67,4788.21
4000.00,6775.00,4055.28,4789.22
4012.50,6775.00,4068.96,4788.52
4025.00,6775.00,4082.44,4788.32
4050.00,6775.00,4106.26,4788.25
4537.50,6775.00,4591.42,4780.17
4562.50,6775.00,4612.92,4780.44
4575.00,6775.00,4625.27,4779.53
4600.00,6775.00,4650.53,4781.09
4612.50,6775.00,4662.90,4780.27
4637.50,6775.00,4688.79,4780.95
4650.00,6775.00,4700.83,4780.19
4675.00,6775.00,4725.81,4781.57
4687.50,6775.00,4738.39,4779.82
4712.50,6775.00,4763.98,4780.83
4725.00,6775.00,4776.37,4779.65
4750.00,6775.00,4799.62,4780.90
4762.50,6775.00,4813.28,4780.20
4787.50,6775.00,4837.63,4779.79
4800.00,6775.00,4851.40,4779.79
4862.50,6775.00,4915.18,4781.54
4875.00,6775.00,4926.08,4778.82
4900.00,6775.00,4950.65,4778.63
4912.50,6775.00,4962.90,4779.02
4937.50,6775.00,4987.95,4778.28
4950.00,6775.00,5000.77,4778.78
4975.00,6775.00,5024.92,4777.64
3812.50,6787.50,3868.09,4800.27
3825.00,6787.50,3879.17,4799.34
3850.00,6787.50,3904.76,4800.08
3862.50,6787.50,3918.19,4801.08
3875.00,6787.50,3930.89,4801.02
3900.00,6787.50,3955.97,4801.36
3925.00,6787.50,3980.34,4801.26
3937.50,6787.50,3993.70,4801.07
3975.00,6787.50,4030.87,4801.79
4000.00,6787.50,4057.36,4801.09
4825.00,6787.50,4876.10,4790.20
3937.50,6800.00,3993.75,4813.66
3950.00,6800.00,4006.94,4813.78
4525.00,6800.00,4575.70,4805.99
4537.50,6800.00,4588.76,4806.36
4562.50,6800.00,4614.89,4806.11
4575.00,6800.00,4626.39,4806.49
4600.00,6800.00,4650.99,4806.98
4612.50,6800.00,4663.71,4806.50
4637.50,6800.00,4689.56,4806.64
4650.00,6800.00,4702.03,4807.02
4675.00,6800.00,4727.09,4806.30
4687.50,6800.00,4739.00,4806.59
4712.50,6800.00,4764.12,4806.42
4725.00,6800.00,4776.55,4806.79
4750.00,6800.00,4801.60,4805.96
4762.50,6800.00,4813.92,4806.76
4787.50,6800.00,4837.87,4806.06
4800.00,6800.00,4851.81,4805.82
4825.00,6800.00,4876.10,4805.07
4837.50,6800.00,4890.27,4804.83
4862.50,6800.00,4914.32,4803.91
4875.00,6800.00,4927.77,4804.80
4937.50,6800.00,4988.24,4802.26
4950.00,6800.00,5001.25,4803.73
4975.00,6800.00,5024.96,4802.68
4987.50,6800.00,5038.12,4803.04
3812.50,6812.50,3867.49,4825.55
3825.00,6812.50,3880.82,4825.27
3850.00,6812.50,3904.67,4825.93
3862.50,6812.50,3918.02,4825.50
3875.00,6812.50,3931.71,4824.89
3900.00,6812.50,3955.85,4826.06
3912.50,6812.50,3969.69,4826.32
3975.00,6812.50,4031.16,4825.78
3987.50,6812.50,4044.51,4825.67
4012.50,6812.50,4068.88,4826.02
4500.00,6812.50,4551.39,4818.66
4525.00,6812.50,4576.75,4819.67
4537.50,6812.50,4589.09,4820.21
4562.50,6812.50,4615.61,4819.56
4575.00,6812.50,4627.45,4817.93
4600.00,6812.50,4651.93,4819.08
4612.50,6812.50,4663.53,4819.47
4637.50,6812.50,4688.77,4818.99
4650.00,6812.50,4701.83,4819.60
4675.00,6812.50,4727.35,4818.72
4687.50,6812.50,4739.17,4819.60
4712.50,6812.50,4765.27,4820.05
4725.00,6812.50,4776.67,4818.58
4750.00,6812.50,4801.69,4818.46
4762.50,6812.50,4813.69,4818.51
4787.50,6812.50,4838.93,4817.95
4800.00,6812.50,4852.85,4818.25
4825.00,6812.50,4876.78,4817.04
4837.50,6812.50,4890.94,4817.40
4862.50,6812.50,4912.46,4820.37
4875.00,6812.50,4928.36,4819.20
4912.50,6812.50,4967.82,4818.31
4937.50,6812.50,4988.52,4816.24
4950.00,6812.50,5001.56,4816.39
4975.00,6812.50,5025.31,4816.26
4987.50,6812.50,5038.66,4816.05
3812.50,6825.00,3867.37,4838.24
3825.00,6825.00,3880.76,4839.17
3837.50,6825.00,3894.22,4837.39
3862.50,6825.00,3918.53,4839.12
3875.00,6825.00,3932.12,4838.23
3900.00,6825.00,3956.08,4838.90
3912.50,6825.00,3968.57,4838.44
3937.50,6825.00,3994.17,4839.23
3950.00,6825.00,4007.08,4839.19
3975.00,6825.00,4031.51,4839.38
4687.50,6825.00,4739.90,4831.77
3912.50,6837.50,3969.77,4851.02
4487.50,6837.50,4539.40,4844.26
4500.00,6837.50,4552.59,4844.70
4525.00,6837.50,4577.95,4844.06
4537.50,6837.50,4591.18,4844.07
4562.50,6837.50,4615.99,4844.34
4575.00,6837.50,4627.73,4843.97
4600.00,6837.50,4652.24,4844.00
4612.50,6837.50,4664.94,4844.19
4637.50,6837.50,4689.67,4844.13
4650.00,6837.50,4702.48,4844.03
4675.00,6837.50,4728.09,4843.69
4712.50,6837.50,4763.34,4844.06
4725.00,6837.50,4776.69,4843.92
4750.00,6837.50,4802.11,4843.54
4762.50,6837.50,4815.22,4843.71
4787.50,6837.50,4836.73,4844.02
4825.00,6837.50,4877.17,4843.39
4850.00,6837.50,4901.10,4843.21
4862.50,6837.50,4913.93,4843.15
4875.00,6837.50,4926.48,4843.48
4900.00,6837.50,4952.77,4843.78
4912.50,6837.50,4963.80,4843.84
4937.50,6837.50,4989.91,4842.93
4950.00,6837.50,5001.93,4843.38
4975.00,6837.50,5027.72,4843.20
4987.50,6837.50,5039.03,4843.37
3812.50,6850.00,3868.19,4863.27
3825.00,6850.00,3880.76,4862.94
3837.50,6850.00,3892.64,4862.49
3862.50,6850.00,3918.11,4863.08
3875.00,6850.00,3931.68,4862.99
3900.00,6850.00,3956.36,4863.23
3950.00,6850.00,4007.53,4863.38
3975.00,6850.00,4032.47,4863.41
4012.50,6850.00,4069.36,4863.26
4050.00,6850.00,4105.78,4861.95
4300.00,6850.00,4354.55,4859.08
4312.50,6850.00,4367.42,4859.79
4325.00,6850.00,4380.05,4859.55
4350.00,6850.00,4404.26,4858.85
4375.00,6850.00,4428.34,4858.64
4387.50,6850.00,4441.50,4858.50
4487.50,6850.00,4540.32,4856.88
4500.00,6850.00,4552.72,4857.48
4525.00,6850.00,4577.01,4857.77
4537.50,6850.00,4589.89,4857.97
4562.50,6850.00,4616.00,4858.52
4575.00,6850.00,4627.69,4857.10
4600.00,6850.00,4653.13,4856.21
4612.50,6850.00,4664.56,4857.24
4637.50,6850.00,4690.45,4856.70
4650.00,6850.00,4701.70,4856.92
4675.00,6850.00,4728.18,4856.37
4687.50,6850.00,4740.99,4857.21
4712.50,6850.00,4765.41,4855.95
4725.00,6850.00,4777.75,4856.85
4750.00,6850.00,4803.13,4857.45
4762.50,6850.00,4815.10,4856.89
4787.50,6850.00,4838.63,4857.66
4825.00,6850.00,4878.73,4854.34
4837.50,6850.00,4889.18,4854.79
4862.50,6850.00,4914.59,4854.79
4875.00,6850.00,4927.03,4855.30
4900.00,6850.00,4953.01,4855.55
4912.50,6850.00,4964.72,4857.32
4937.50,6850.00,4990.99,4856.00
4950.00,6850.00,5003.55,4855.63
4975.00,6850.00,5029.28,4855.98
4987.50,6850.00,5041.48,4855.37
3812.50,6862.50,3867.55,4875.33
3825.00,6862.50,3880.87,4876.00
3850.00,6862.50,3905.21,4875.09
3862.50,6862.50,3918.11,4875.92
3875.00,6862.50,3931.60,4876.06
3900.00,6862.50,3955.74,4876.20
3912.50,6862.50,3969.42,4876.09
3937.50,6862.50,3995.02,4875.93
3950.00,6862.50,4007.08,4876.26
3975.00,6862.50,4032.17,4875.99
4012.50,6862.50,4069.89,4873.71
4050.00,6862.50,4106.64,4874.02
4087.50,6862.50,4144.50,4874.26
4100.00,6862.50,4157.94,4872.91
4275.00,6862.50,4329.52,4872.04
4300.00,6862.50,4354.35,4872.72
4312.50,6862.50,4367.63,4872.36
4325.00,6862.50,4379.63,4872.53
4350.00,6862.50,4404.81,4871.44
4375.00,6862.50,4428.98,4870.71
4387.50,6862.50,4442.15,4871.53
4400.00,6862.50,4453.38,4871.87
4912.50,6862.50,4966.10,4869.46
3912.50,6875.00,3969.65,4887.60
4200.00,6875.00,4255.61,4884.21
4237.50,6875.00,4292.49,4884.63
4250.00,6875.00,4304.99,4884.18
4450.00,6875.00,4500.95,4880.76
4487.50,6875.00,4537.49,4880.20
4537.50,6875.00,4590.12,4881.65
4562.50,6875.00,4615.00,4881.43
4575.00,6875.00,4626.77,4881.80
4600.00,6875.00,4652.61,4881.93
4612.50,6875.00,4664.16,4882.37
4637.50,6875.00,4690.47,4881.20
4650.00,6875.00,4702.86,4881.51
4675.00,6875.00,4728.08,4881.80
4687.50,6875.00,4739.38,4881.62
4712.50,6875.00,4764.85,4881.74
4725.00,6875.00,4777.69,4882.02
4750.00,6875.00,4803.18,4881.84
4762.50,6875.00,4816.09,4881.76
4787.50,6875.00,4840.62,4881.38
4800.00,6875.00,4853.20,4881.77
4825.00,6875.00,4878.75,4881.81
4837.50,6875.00,4890.73,4881.76
4862.50,6875.00,4914.32,4882.15
4875.00,6875.00,4928.39,4882.02
4900.00,6875.00,4953.96,4881.64
4937.50,6875.00,4991.59,4881.72
4950.00,6875.00,5004.73,4881.73
4962.50,6875.00,5017.41,4881.43
3812.50,6887.50,3866.89,4899.42
3825.00,6887.50,3880.83,4900.13
3850.00,6887.50,3905.46,4900.62
3862.50,6887.50,3918.63,4900.57
3875.00,6887.50,3932.13,4900.66
3900.00,6887.50,3956.09,4900.33
3937.50,6887.50,3993.82,4900.04
3950.00,6887.50,4006.62,4900.34
3975.00,6887.50,4032.12,4900.08
3987.50,6887.50,4044.69,4900.72
4012.50,6887.50,4069.85,4900.13
4025.00,6887.50,4081.94,4899.39
4050.00,6887.50,4106.05,4900.26
4200.00,6887.50,4255.52,4896.70
4225.00,6887.50,4278.93,4897.09
4237.50,6887.50,4292.88,4896.24
4262.50,6887.50,4317.26,4896.79
4275.00,6887.50,4328.27,4896.25
4300.00,6887.50,4354.03,4896.06
4312.50,6887.50,4364.90,4896.34
4337.50,6887.50,4390.64,4896.84
4350.00,6887.50,4405.11,4896.79
4375.00,6887.50,4428.29,4896.38
4387.50,6887.50,4441.54,4896.23
4400.00,6887.50,4455.31,4894.57
4450.00,6887.50,4500.99,4893.33
4462.50,6887.50,4517.36,4896.48
4487.50,6887.50,4539.06,4896.04
4500.00,6887.50,4552.91,4896.27
4525.00,6887.50,4578.09,4895.13
4537.50,6887.50,4590.03,4894.67
4562.50,6887.50,4615.23,4894.29
4575.00,6887.50,4626.85,4893.97
4600.00,6887.50,4653.18,4894.99
4612.50,6887.50,4664.49,4894.35
4637.50,6887.50,4688.96,4894.15
4650.00,6887.50,4702.80,4893.67
4675.00,6887.50,4727.75,4893.99
4687.50,6887.50,4740.21,4894.19
4712.50,6887.50,4764.49,4894.47
4725.00,6887.50,4777.61,4895.02
4750.00,6887.50,4803.67,4894.46
4762.50,6887.50,4815.30,4894.55
4787.50,6887.50,4841.32,4895.04
4800.00,6887.50,4853.83,4895.06
4825.00,6887.50,4878.73,4894.58
4837.50,6887.50,4890.37,4894.82
4862.50,6887.50,4916.55,4894.87
4875.00,6887.50,4929.38,4894.85
4900.00,6887.50,4954.15,4894.46
4912.50,6887.50,4966.30,4894.64
4950.00,6887.50,5004.92,4893.79
3800.00,6900.00,3855.07,4911.57
3825.00,6900.00,3880.67,4912.07
3837.50,6900.00,3893.89,4913.30
3862.50,6900.00,3918.93,4913.30
3875.00,6900.00,3932.27,4912.96
3900.00,6900.00,3956.96,4913.02
3912.50,6900.00,3969.85,4913.54
3937.50,6900.00,3994.38,4912.99
3950.00,6900.00,4006.91,4912.96
3975.00,6900.00,4031.71,4912.79
3987.50,6900.00,4044.99,4913.06
4012.50,6900.00,4069.11,4913.07
4025.00,6900.00,4082.34,4911.50
4050.00,6900.00,4106.61,4912.01
4200.00,6900.00,4255.27,4909.08
4262.50,6900.00,4315.66,4908.77
4275.00,6900.00,4327.11,4908.11
4312.50,6900.00,4365.27,4909.41
4337.50,6900.00,4390.34,4908.77
4350.00,6900.00,4402.64,4908.92
4362.50,6900.00,4417.11,4907.97
4787.50,6900.00,4842.09,4906.66
3862.50,6912.50,3918.76,4925.99
3875.00,6912.50,3931.70,4925.34
4225.00,6912.50,4277.96,4920.14
4237.50,6912.50,4292.45,4919.78
4300.00,6912.50,4352.40,4920.91
4387.50,6912.50,4442.15,4919.75
4437.50,6912.50,4488.18,4918.23
4450.00,6912.50,4502.23,4919.33
4462.50,6912.50,4514.27,4919.49
4487.50,6912.50,4540.66,4919.71
4500.00,6912.50,4552.64,4919.56
4525.00,6912.50,4577.63,4920.00
4537.50,6912.50,4590.42,4919.70
4562.50,6912.50,4616.35,4919.85
4575.00,6912.50,4629.47,4919.12
4600.00,6912.50,4653.05,4919.04
4612.50,6912.50,4664.36,4919.02
4637.50,6912.50,4691.12,4919.47
4650.00,6912.50,4702.57,4919.82
4675.00,6912.50,4728.59,4919.03
4687.50,6912.50,4739.62,4918.98
4712.50,6912.50,4765.54,4919.74
4725.00,6912.50,4777.53,4918.44
4750.00,6912.50,4802.57,4919.41
4762.50,6912.50,4815.72,4919.44
4800.00,6912.50,4854.77,4919.57
4825.00,6912.50,4879.20,4919.03
4837.50,6912.50,4892.24,4919.48
4862.50,6912.50,4916.53,4919.36
4887.50,6912.50,4942.02,4918.48
4937.50,6912.50,4991.92,4918.98
3800.00,6925.00,3856.65,4937.57
3825.00,6925.00,3880.86,4937.66
3837.50,6925.00,3894.31,4938.05
3912.50,6925.00,3969.31,4937.27
3937.50,6925.00,3994.08,4938.23
3950.00,6925.00,4007.25,4937.48
3975.00,6925.00,4031.05,4937.71
3987.50,6925.00,4044.38,4937.89
4012.50,6925.00,4068.34,4937.55
4025.00,6925.00,4081.92,4937.22
4050.00,6925.00,4105.90,4937.43
4062.50,6925.00,4118.94,4937.03
4087.50,6925.00,4143.80,4936.57
4200.00,6925.00,4254.48,4934.12
4225.00,6925.00,4279.11,4934.06
4237.50,6925.00,4292.90,4934.72
4262.50,6925.00,4317.55,4933.22
4275.00,6925.00,4328.82,4933.03
4300.00,6925.00,4353.71,4933.15
4312.50,6925.00,4365.36,4933.56
4337.50,6925.00,4389.91,4933.27
4350.00,6925.00,4403.26,4933.10
4375.00,6925.00,4428.42,4933.44
4387.50,6925.00,4440.88,4933.23
4412.50,6925.00,4464.94,4933.07
4425.00,6925.00,4477.48,4932.07
4450.00,6925.00,4502.60,4931.91
4462.50,6925.00,4514.94,4932.98
4487.50,6925.00,4540.79,4932.96
4500.00,6925.00,4552.17,4932.82
4525.00,6925.00,4578.63,4932.89
4537.50,6925.00,4590.86,4933.39
4562.50,6925.00,4616.26,4932.56
4575.00,6925.00,4628.98,4932.07
4600.00,6925.00,4652.77,4932.51
4612.50,6925.00,4665.90,4931.70
4637.50,6925.00,4691.10,4931.56
4650.00,6925.00,4702.86,4931.98
4675.00,6925.00,4727.95,4931.89
4687.50,6925.00,4740.75,4932.17
4712.50,6925.00,4766.00,4931.72
4725.00,6925.00,4778.08,4931.02
4737.50,6925.00,4791.66,4932.02
4762.50,6925.00,4816.82,4933.09
4787.50,6925.00,4841.84,4932.31
4825.00,6925.00,4879.01,4932.48
4837.50,6925.00,4891.30,4932.52
4862.50,6925.00,4916.46,4932.47
3800.00,6937.50,3858.59,4949.60
3825.00,6937.50,3880.72,4950.95
3837.50,6937.50,3894.49,4950.03
3862.50,6937.50,3919.08,4949.43
3875.00,6937.50,3931.79,4949.82
3900.00,6937.50,3958.05,4949.98
3925.00,6937.50,3981.32,4949.63
3937.50,6937.50,3993.84,4948.95
3962.50,6937.50,4018.07,4949.07
3975.00,6937.50,4030.93,4949.17
4000.00,6937.50,4055.91,4949.13
4012.50,6937.50,4068.09,4948.98
4025.00,6937.50,4081.11,4949.09
4050.00,6937.50,4106.22,4948.39
4062.50,6937.50,4119.14,4949.12
4087.50,6937.50,4143.76,4948.10
4237.50,6937.50,4292.86,4946.51
4537.50,6937.50,4590.85,4944.39
4575.00,6937.50,4629.09,4944.07
4187.50,6950.00,4241.98,4957.81
4200.00,6950.00,4256.13,4958.24
4262.50,6950.00,4316.23,4959.02
4275.00,6950.00,4328.74,4958.36
4287.50,6950.00,4341.94,4958.44
4312.50,6950.00,4366.25,4958.03
4337.50,6950.00,4391.25,4957.56
4350.00,6950.00,4404.17,4956.63
4375.00,6950.00,4428.12,4958.07
4387.50,6950.00,4440.15,4957.55
4412.50,6950.00,4466.38,4957.10
4425.00,6950.00,4477.95,4957.09
4450.00,6950.00,4503.42,4957.37
4462.50,6950.00,4516.28,4957.54
4487.50,6950.00,4540.49,4957.07
4500.00,6950.00,4554.03,4956.99
4525.00,6950.00,4578.77,4957.23
4562.50,6950.00,4615.80,4957.05
4600.00,6950.00,4653.90,4956.93
4612.50,6950.00,4665.23,4956.86
4637.50,6950.00,4691.22,4957.22
4650.00,6950.00,4703.26,4956.66
4662.50,6950.00,4717.38,4956.71
4687.50,6950.00,4740.91,4956.68
4712.50,6950.00,4767.08,4957.37
4725.00,6950.00,4779.52,4957.41
4750.00,6950.00,4804.35,4957.04
4762.50,6950.00,4817.32,4957.47
4775.00,6950.00,4830.66,4956.48
4800.00,6950.00,4855.16,4957.09
4825.00,6950.00,4879.59,4957.16
4837.50,6950.00,4891.21,4956.60
3825.00,6962.50,3880.93,4974.72
3837.50,6962.50,3894.53,4975.21
3862.50,6962.50,3918.51,4974.98
3887.50,6962.50,3943.17,4974.26
3900.00,6962.50,3956.45,4974.73
3912.50,6962.50,3969.24,4972.96
3937.50,6962.50,3993.70,4974.11
3962.50,6962.50,4018.04,4973.77
3975.00,6962.50,4030.67,4974.70
4000.00,6962.50,4054.39,4974.46
4012.50,6962.50,4067.18,4972.41
4037.50,6962.50,4093.08,4974.08
4050.00,6962.50,4106.45,4972.94
4062.50,6962.50,4117.94,4972.17
4087.50,6962.50,4142.35,4971.64
4187.50,6962.50,4241.69,4971.16
4200.00,6962.50,4254.54,4971.44
4212.50,6962.50,4265.91,4971.38
4237.50,6962.50,4291.72,4971.26
4262.50,6962.50,4316.50,4970.89
4275.00,6962.50,4329.78,4971.38
4300.00,6962.50,4353.96,4969.10
4312.50,6962.50,4367.34,4970.34
4325.00,6962.50,4380.20,4970.10
4350.00,6962.50,4403.96,4970.27
4375.00,6962.50,4428.72,4970.70
4387.50,6962.50,4440.25,4970.03
4412.50,6962.50,4466.52,4970.50
4425.00,6962.50,4478.52,4970.40
4450.00,6962.50,4503.51,4970.69
4462.50,6962.50,4516.53,4970.67
4487.50,6962.50,4540.98,4970.47
4500.00,6962.50,4553.43,4970.40
4525.00,6962.50,4578.33,4970.06
4537.50,6962.50,4591.57,4969.45
4562.50,6962.50,4615.98,4970.51
4575.00,6962.50,4628.55,4969.93
4600.00,6962.50,4653.15,4969.99
4612.50,6962.50,4666.98,4970.73
4637.50,6962.50,4691.62,4970.71
4650.00,6962.50,4704.16,4969.35
4675.00,6962.50,4729.28,4969.74
4712.50,6962.50,4766.66,4970.72
4725.00,6962.50,4778.61,4970.82
4750.00,6962.50,4804.41,4970.13
3825.00,6975.00,3881.28,4985.68
3837.50,6975.00,3894.54,4985.75
3862.50,6975.00,3918.82,4986.17
3875.00,6975.00,3931.81,4986.21
3900.00,6975.00,3956.88,4986.35
3912.50,6975.00,3969.26,4986.52
3937.50,6975.00,3992.94,4985.71
3962.50,6975.00,4017.95,4986.69
3975.00,6975.00,4030.73,4984.99
4000.00,6975.00,4054.45,4985.36
4012.50,6975.00,4067.26,4985.18
4037.50,6975.00,4091.54,4985.13
4050.00,6975.00,4103.96,4985.38
4087.50,6975.00,4144.41,4984.69
4200.00,6975.00,4254.15,4983.09
4212.50,6975.00,4266.15,4984.81
4237.50,6975.00,4291.81,4984.76
4262.50,6975.00,4316.14,4984.42
4275.00,6975.00,4329.49,4981.27
4537.50,6975.00,4591.59,4982.54
4675.00,6975.00,4729.40,4982.70
4350.00,6987.50,4404.56,4994.06
4375.00,6987.50,4428.02,4992.20
4387.50,6987.50,4440.07,4994.16
4412.50,6987.50,4465.13,4993.50
4425.00,6987.50,4476.93,4994.22
4450.00,6987.50,4503.17,4994.70
4462.50,6987.50,4514.76,4994.29
4487.50,6987.50,4540.29,4994.22
4500.00,6987.50,4553.21,4994.42
4525.00,6987.50,4577.50,4994.90
4562.50,6987.50,4615.57,4994.71
4575.00,6987.50,4628.59,4994.65
4587.50,6987.50,4642.62,4994.42
4612.50,6987.50,4666.63,4994.42
4637.50,6987.50,4690.72,4994.31
4650.00,6987.50,4703.87,4994.26
4687.50,6987.50,4742.82,4994.81
4712.50,6987.50,4766.73,4994.50
4725.00,6987.50,4779.07,4994.73
4762.50,6987.50,4817.13,4995.01
4787.50,6987.50,4841.95,4993.85
4800.00,6987.50,4855.11,4993.92
3800.00,7000.00,3856.89,5011.24
3825.00,7000.00,3880.97,5011.50
3837.50,7000.00,3893.84,5012.22
3862.50,7000.00,3919.36,5010.28
3875.00,7000.00,3932.55,5010.54
3900.00,7000.00,3956.41,5010.40
3912.50,7000.00,3969.78,5010.15
3937.50,7000.00,3993.48,5011.12
3950.00,7000.00,4007.24,5010.93
3975.00,7000.00,4029.55,5008.99
3987.50,7000.00,4043.21,5009.51
4012.50,7000.00,4067.34,5009.06
4037.50,7000.00,4091.14,5009.06
4050.00,7000.00,4104.55,5009.20
4087.50,7000.00,4139.49,5008.53
4125.00,7000.00,4180.45,5006.03
4162.50,7000.00,4215.28,5007.95
4187.50,7000.00,4239.42,5007.61
4200.00,7000.00,4252.58,5007.92
4225.00,7000.00,4278.25,5007.58
4375.00,7000.00,4427.62,5006.19
4387.50,7000.00,4439.66,5005.95
4412.50,7000.00,4463.60,5005.93
4425.00,7000.00,4476.38,5007.09
4450.00,7000.00,4503.32,5006.00
4462.50,7000.00,4515.07,5006.86
4487.50,7000.00,4541.13,5007.93
4500.00,7000.00,4553.40,5006.38
4525.00,7000.00,4578.41,5006.69
4537.50,7000.00,4590.18,5007.66
4562.50,7000.00,4616.24,5007.35
4575.00,7000.00,4629.79,5007.21
4600.00,7000.00,4655.96,5007.60
4612.50,7000.00,4668.54,5006.62
4625.00,7000.00,4679.41,5007.07
4650.00,7000.00,4704.12,5007.10
4675.00,7000.00,4729.10,5007.49
4687.50,7000.00,4742.37,5008.21
4712.50,7000.00,4767.13,5008.08
4725.00,7000.00,4779.95,5007.92
4787.50,7000.00,4842.16,5006.52
4825.00,7000.00,4879.47,5007.26
3800.00,7012.50,3857.82,5023.95
3825.00,7012.50,3881.03,5023.34
3837.50,7012.50,3894.06,5023.24
3937.50,7012.50,3993.51,5023.54
3962.50,7012.50,4016.71,5022.46
3975.00,7012.50,4030.00,5022.36
4012.50,7012.50,4066.80,5021.89
4037.50,7012.50,4091.91,5022.41
4050.00,7012.50,4102.56,5022.96
4100.00,7012.50,4154.23,5021.48
4725.00,7012.50,4780.04,5019.97
4000.00,7025.00,4054.25,5032.90
4075.00,7025.00,4126.74,5033.42
4087.50,7025.00,4141.29,5032.66
4125.00,7025.00,4178.73,5032.58
4150.00,7025.00,4203.45,5032.22
4162.50,7025.00,4215.10,5031.97
4187.50,7025.00,4239.67,5031.96
4200.00,7025.00,4252.91,5031.82
4212.50,7025.00,4265.55,5031.86
4387.50,7025.00,4438.14,5031.27
4412.50,7025.00,4464.38,5031.48
4425.00,7025.00,4476.54,5030.49
4450.00,7025.00,4503.02,5031.90
4462.50,7025.00,4515.15,5032.06
4487.50,7025.00,4541.19,5031.73
4500.00,7025.00,4553.88,5031.71
4525.00,7025.00,4577.99,5031.61
4537.50,7025.00,4591.14,5031.59
4562.50,7025.00,4616.26,5031.78
4575.00,7025.00,4629.20,5031.89
4587.50,7025.00,4642.31,5032.36
4612.50,7025.00,4665.86,5031.86
4637.50,7025.00,4691.81,5032.04
4650.00,7025.00,4704.22,5032.36
4675.00,7025.00,4728.86,5031.88
4687.50,7025.00,4742.09,5032.06
4712.50,7025.00,4766.31,5032.01
4750.00,7025.00,4804.16,5031.21
4762.50,7025.00,4817.29,5031.68
4775.00,7025.00,4829.55,5031.79
4800.00,7025.00,4854.69,5031.96
4837.50,7025.00,4891.17,5031.54
4862.50,7025.00,4916.76,5031.43
4875.00,7025.00,4929.42,5031.10
4900.00,7025.00,4953.99,5030.93
3800.00,7037.50,3857.89,5049.73
3825.00,7037.50,3883.48,5047.82
3837.50,7037.50,3895.68,5050.07
3975.00,7037.50,4029.83,5046.46
3987.50,7037.50,4041.94,5046.56
4012.50,7037.50,4067.31,5046.10
4037.50,7037.50,4094.11,5045.69
4050.00,7037.50,4105.71,5045.23
4075.00,7037.50,4128.40,5045.99
4087.50,7037.50,4140.75,5045.98
4100.00,7037.50,4155.37,5045.10
4125.00,7037.50,4179.12,5045.10
4150.00,7037.50,4202.65,5044.61
4162.50,7037.50,4215.28,5045.29
4187.50,7037.50,4240.63,5045.63
4200.00,7037.50,4252.60,5045.18
4225.00,7037.50,4278.88,5045.68
4237.50,7037.50,4293.15,5043.57
4275.00,7037.50,4328.26,5045.18
4300.00,7037.50,4351.73,5043.01
4312.50,7037.50,4363.60,5043.34
4350.00,7037.50,4400.76,5043.33
4375.00,7037.50,4425.98,5042.53
4412.50,7037.50,4464.83,5043.43
4425.00,7037.50,4477.83,5043.77
4450.00,7037.50,4503.13,5043.02
4462.50,7037.50,4514.16,5042.92
4487.50,7037.50,4540.41,5044.36
4500.00,7037.50,4552.28,5045.05
4525.00,7037.50,4578.57,5043.41
4537.50,7037.50,4591.75,5043.80
4562.50,7037.50,4615.98,5044.29
4575.00,7037.50,4628.64,5045.19
4600.00,7037.50,4653.73,5044.67
4612.50,7037.50,4666.10,5044.52
4637.50,7037.50,4691.38,5045.12
4650.00,7037.50,4704.79,5045.03
4675.00,7037.50,4729.24,5044.21
4687.50,7037.50,4741.13,5044.17
4712.50,7037.50,4766.32,5044.74
4725.00,7037.50,4778.51,5042.97
4737.50,7037.50,4792.29,5045.10
4762.50,7037.50,4816.83,5044.70
4787.50,7037.50,4841.71,5043.16
4800.00,7037.50,4854.39,5043.23
4812.50,7037.50,4867.95,5043.84
4837.50,7037.50,4890.97,5043.24
4862.50,7037.50,4915.88,5043.89
4875.00,7037.50,4928.71,5043.18
4900.00,7037.50,4953.89,5042.70
4912.50,7037.50,4967.50,5042.25
4950.00,7037.50,5004.87,5042.56
4975.00,7037.50,5029.19,5042.25
3800.00,7050.00,3856.85,5063.80
3825.00,7050.00,3883.93,5061.61
3975.00,7050.00,4030.41,5059.74
4075.00,7050.00,4128.87,5059.09
4087.50,7050.00,4141.39,5059.12
4000.00,7062.50,4054.61,5070.08
4012.50,7062.50,4068.09,5070.02
4112.50,7062.50,4165.99,5070.40
4125.00,7062.50,4179.11,5068.45
4150.00,7062.50,4202.80,5069.30
4162.50,7062.50,4217.09,5068.61
4187.50,7062.50,4239.90,5069.51
4200.00,7062.50,4252.49,5068.33
4225.00,7062.50,4277.73,5068.99
4237.50,7062.50,4289.61,5068.97
4262.50,7062.50,4314.85,5069.72
4275.00,7062.50,4327.18,5069.37
4300.00,7062.50,4352.43,5068.85
4312.50,7062.50,4364.20,5069.01
4337.50,7062.50,4389.41,5069.36
4350.00,7062.50,4401.46,5069.11
4387.50,7062.50,4440.74,5067.97
4412.50,7062.50,4464.86,5068.63
4425.00,7062.50,4476.49,5068.29
4450.00,7062.50,4501.93,5068.60
4462.50,7062.50,4513.99,5069.11
4487.50,7062.50,4539.70,5068.89
4500.00,7062.50,4553.14,5068.04
4525.00,7062.50,4578.05,5068.58
4537.50,7062.50,4589.89,5069.20
4562.50,7062.50,4615.48,5069.08
4575.00,7062.50,4627.84,5068.75
4600.00,7062.50,4653.30,5069.20
4612.50,7062.50,4665.47,5069.14
4637.50,7062.50,4690.67,5068.57
4650.00,7062.50,4704.34,5068.95
4675.00,7062.50,4728.57,5069.05
4687.50,7062.50,4742.13,5068.48
4712.50,7062.50,4766.09,5068.34
4725.00,7062.50,4779.07,5069.02
4750.00,7062.50,4803.87,5069.18
4762.50,7062.50,4817.06,5069.91
4837.50,7062.50,4891.55,5067.43
4862.50,7062.50,4916.35,5068.24
4875.00,7062.50,4930.72,5067.61
4887.50,7062.50,4941.70,5068.65
4912.50,7062.50,4966.82,5067.74
4925.00,7062.50,4978.74,5068.48
3962.50,7075.00,4016.68,5083.96
3975.00,7075.00,4030.03,5083.97
3987.50,7075.00,4042.30,5084.69
4012.50,7075.00,4069.15,5085.16
4112.50,7075.00,4165.40,5082.86
4125.00,7075.00,4177.99,5082.35
4150.00,7075.00,4202.77,5081.68
4162.50,7075.00,4217.29,5081.62
4187.50,7075.00,4239.89,5081.50
4200.00,7075.00,4252.28,5080.55
4225.00,7075.00,4277.78,5081.59
4237.50,7075.00,4289.27,5082.39
4262.50,7075.00,4316.12,5082.13
4275.00,7075.00,4327.76,5081.98
4300.00,7075.00,4351.42,5081.48
4312.50,7075.00,4366.60,5080.92
4337.50,7075.00,4390.99,5079.85
4350.00,7075.00,4402.30,5081.18
4375.00,7075.00,4430.32,5077.98
4387.50,7075.00,4442.55,5078.08
4425.00,7075.00,4477.31,5079.10
4450.00,7075.00,4501.47,5080.11
4462.50,7075.00,4514.24,5081.14
4487.50,7075.00,4539.82,5079.90
4500.00,7075.00,4552.87,5079.89
4525.00,7075.00,4578.51,5082.03
4537.50,7075.00,4590.17,5080.14
4562.50,7075.00,4615.13,5079.50
4575.00,7075.00,4627.31,5081.60
4600.00,7075.00,4653.09,5081.24
4612.50,7075.00,4665.38,5079.76
4637.50,7075.00,4691.11,5081.49
4650.00,7075.00,4703.44,5080.10
4675.00,7075.00,4729.24,5081.05
4687.50,7075.00,4741.40,5081.52
4712.50,7075.00,4766.70,5082.73
4750.00,7075.00,4803.53,5082.72
4812.50,7075.00,4867.14,5080.00
4837.50,7075.00,4890.82,5080.06
4862.50,7075.00,4917.12,5079.87
4875.00,7075.00,4928.61,5081.12
4900.00,7075.00,4954.26,5080.45
4975.00,7075.00,5029.97,5079.96
4987.50,7075.00,5041.99,5079.96
3800.00,7087.50,3858.62,5099.52
3975.00,7087.50,4030.51,5096.78
3987.50,7087.50,4043.79,5097.33
4150.00,7087.50,4203.12,5095.78
4162.50,7087.50,4215.33,5094.46
4187.50,7100.00,4240.47,5106.48
4200.00,7100.00,4252.77,5106.38
4225.00,7100.00,4278.53,5106.51
4237.50,7100.00,4291.44,5107.08
4262.50,7100.00,4315.34,5107.20
4275.00,7100.00,4328.07,5106.89
4300.00,7100.00,4353.66,5106.78
4312.50,7100.00,4366.10,5106.77
4337.50,7100.00,4389.08,5105.98
4375.00,7100.00,4427.81,5108.90
4400.00,7100.00,4457.21,5104.04
4425.00,7100.00,4477.48,5105.90
4450.00,7100.00,4502.44,5105.79
4462.50,7100.00,4514.64,5106.68
4487.50,7100.00,4541.07,5106.91
4500.00,7100.00,4552.40,5105.50
4525.00,7100.00,4577.56,5106.06
4537.50,7100.00,4589.92,5106.02
4562.50,7100.00,4614.41,5106.01
4575.00,7100.00,4627.83,5106.73
4600.00,7100.00,4652.76,5105.85
4612.50,7100.00,4665.89,5106.56
4637.50,7100.00,4690.56,5105.55
4650.00,7100.00,4703.71,5106.29
4675.00,7100.00,4728.25,5106.63
4687.50,7100.00,4740.97,5106.68
4712.50,7100.00,4766.14,5107.58
4725.00,7100.00,4777.87,5106.81
4750.00,7100.00,4803.56,5106.63
4762.50,7100.00,4817.77,5105.90
4775.00,7100.00,4830.79,5105.09
4800.00,7100.00,4855.26,5105.51
4812.50,7100.00,4866.35,5105.72
4837.50,7100.00,4891.52,5105.76
4912.50,7100.00,4966.27,5106.27
3912.50,7112.50,3970.15,5123.74
3937.50,7112.50,3993.21,5122.75
3950.00,7112.50,4005.89,5122.65
3975.00,7112.50,4030.35,5121.57
3987.50,7112.50,4044.87,5122.08
4050.00,7112.50,4107.16,5122.81
4087.50,7112.50,4143.15,5120.07
4112.50,7112.50,4167.00,5120.18
4125.00,7112.50,4179.62,5120.16
4150.00,7112.50,4203.93,5120.48
4162.50,7112.50,4215.67,5120.71
4187.50,7112.50,4240.03,5120.52
4200.00,7112.50,4254.29,5120.30
4225.00,7112.50,4277.83,5119.45
4237.50,7112.50,4291.53,5118.98
4262.50,7112.50,4316.52,5118.95
4275.00,7112.50,4327.79,5119.97
4300.00,7112.50,4353.10,5120.33
4312.50,7112.50,4366.76,5119.97
4337.50,7112.50,4391.59,5118.25
4350.00,7112.50,4404.77,5119.02
4375.00,7112.50,4428.70,5120.36
4387.50,7112.50,4440.56,5118.74
4412.50,7112.50,4464.07,5118.34
4425.00,7112.50,4476.65,5117.68
4450.00,7112.50,4501.97,5117.13
4462.50,7112.50,4515.22,5118.02
4487.50,7112.50,4540.98,5118.65
4500.00,7112.50,4553.66,5118.09
4525.00,7112.50,4577.56,5119.46
4537.50,7112.50,4591.24,5118.29
4562.50,7112.50,4614.83,5118.52
4575.00,7112.50,4627.41,5118.82
4600.00,7112.50,4653.35,5117.99
4612.50,7112.50,4665.29,5118.59
4637.50,7112.50,4690.94,5119.05
4650.00,7112.50,4704.23,5118.86
4675.00,7112.50,4728.98,5119.15
4687.50,7112.50,4742.11,5118.29
4712.50,7112.50,4766.37,5117.27
4725.00,7112.50,4779.73,5119.48
4750.00,7112.50,4804.69,5117.85
4762.50,7112.50,4816.31,5118.77
4775.00,7112.50,4829.95,5118.78
4800.00,7112.50,4855.29,5117.31
4812.50,7112.50,4867.39,5118.49
4837.50,7112.50,4892.77,5118.17
4862.50,7112.50,4916.60,5117.37
4900.00,7112.50,4953.48,5118.08
3912.50,7125.00,3968.20,5135.73
3937.50,7125.00,3992.96,5135.05
3950.00,7125.00,4006.06,5135.17
3975.00,7125.00,4030.93,5134.95
4000.00,7125.00,4057.27,5134.82
4087.50,7125.00,4143.18,5134.67
4237.50,7125.00,4291.87,5132.25
4725.00,7125.00,4778.38,5131.29
3825.00,7137.50,3881.31,5147.59
3850.00,7137.50,3905.41,5144.85
3862.50,7137.50,3918.58,5147.46
3875.00,7137.50,3932.53,5147.12
3900.00,7137.50,3955.37,5147.57
4275.00,7137.50,4326.84,5143.85
4300.00,7137.50,4353.01,5144.40
4312.50,7137.50,4364.98,5143.94
4337.50,7137.50,4391.54,5143.81
4350.00,7137.50,4404.43,5143.95
4375.00,7137.50,4428.32,5144.50
4387.50,7137.50,4440.36,5143.78
4412.50,7137.50,4466.13,5143.85
4425.00,7137.50,4477.91,5142.65
4450.00,7137.50,4503.14,5143.84
4462.50,7137.50,4515.59,5144.08
4487.50,7137.50,4540.57,5144.09
4500.00,7137.50,4551.75,5143.57
4525.00,7137.50,4578.10,5143.74
4537.50,7137.50,4590.86,5143.22
4562.50,7137.50,4616.07,5144.14
4575.00,7137.50,4628.30,5143.63
4600.00,7137.50,4654.06,5143.54
4612.50,7137.50,4666.03,5143.49
4637.50,7137.50,4691.38,5143.75
4650.00,7137.50,4704.22,5143.90
4675.00,7137.50,4728.94,5143.05
4687.50,7137.50,4741.44,5143.48
4712.50,7137.50,4766.86,5143.50
4750.00,7137.50,4804.49,5144.19
4825.00,7137.50,4879.68,5143.15
4875.00,7137.50,4929.89,5142.48
4900.00,7137.50,4954.33,5143.32
4912.50,7137.50,4966.76,5141.32
3825.00,7150.00,3880.29,5159.88
3837.50,7150.00,3892.95,5159.94
3862.50,7150.00,3919.63,5161.03
3875.00,7150.00,3931.95,5158.66
3900.00,7150.00,3956.23,5159.55
3912.50,7150.00,3969.26,5159.59
3937.50,7150.00,3993.69,5159.90
3950.00,7150.00,4007.19,5159.21
3975.00,7150.00,4031.06,5159.87
3987.50,7150.00,4044.57,5160.80
4012.50,7150.00,4068.02,5160.45
4025.00,7150.00,4081.80,5158.53
4237.50,7150.00,4290.07,5155.30
4262.50,7150.00,4314.88,5155.21
4275.00,7150.00,4327.31,5155.41
4300.00,7150.00,4352.58,5156.68
4312.50,7150.00,4365.13,5156.67
4337.50,7150.00,4391.32,5155.64
4350.00,7150.00,4402.98,5156.21
4375.00,7150.00,4428.58,5155.87
4387.50,7150.00,4441.35,5156.86
4412.50,7150.00,4466.60,5157.19
4425.00,7150.00,4478.01,5156.01
4437.50,7150.00,4491.38,5156.03
4462.50,7150.00,4515.55,5155.03
4487.50,7150.00,4540.44,5155.84
4500.00,7150.00,4552.53,5155.72
4525.00,7150.00,4575.96,5154.76
4537.50,7150.00,4589.60,5154.91
4562.50,7150.00,4616.16,5156.84
4575.00,7150.00,4627.60,5156.15
4600.00,7150.00,4652.69,5156.61
4612.50,7150.00,4665.52,5156.81
4637.50,7150.00,4691.41,5155.30
4650.00,7150.00,4704.48,5155.63
4675.00,7150.00,4727.97,5154.99
4687.50,7150.00,4741.55,5155.49
4712.50,7150.00,4767.22,5156.34
4725.00,7150.00,4780.05,5156.04
4750.00,7150.00,4804.62,5156.61
4762.50,7150.00,4817.25,5155.79
4787.50,7150.00,4843.02,5155.97
4837.50,7150.00,4892.84,5154.92
4862.50,7150.00,4917.95,5155.32
4875.00,7150.00,4930.16,5154.79
4912.50,7150.00,4967.34,5154.58
4937.50,7150.00,4991.88,5154.44
4950.00,7150.00,5004.76,5154.35
3825.00,7162.50,3881.59,5175.82
3850.00,7162.50,3905.21,5173.06
3862.50,7162.50,3919.21,5172.94
3875.00,7162.50,3932.33,5173.01
3912.50,7162.50,3968.02,5172.41
3937.50,7162.50,3993.57,5172.57
3950.00,7162.50,4006.95,5172.79
3975.00,7162.50,4031.34,5172.74
3987.50,7162.50,4044.67,5172.75
4012.50,7162.50,4069.33,5173.05
4025.00,7162.50,4082.14,5172.66
4050.00,7162.50,4106.00,5172.28
4387.50,7162.50,4441.08,5169.34
4712.50,7162.50,4766.61,5168.85
3900.00,7175.00,3955.35,5184.85
4237.50,7175.00,4290.45,5181.77
4262.50,7175.00,4316.16,5181.76
4275.00,7175.00,4328.76,5181.77
4300.00,7175.00,4354.27,5181.75
4312.50,7175.00,4367.32,5181.40
4337.50,7175.00,4391.51,5182.45
4350.00,7175.00,4405.21,5181.71
4362.50,7175.00,4417.49,5181.76
4412.50,7175.00,4466.19,5181.20
4425.00,7175.00,4479.37,5181.16
4450.00,7175.00,4503.76,5181.92
4462.50,7175.00,4516.23,5180.97
4487.50,7175.00,4541.22,5180.61
4500.00,7175.00,4554.11,5181.11
4525.00,7175.00,4578.77,5180.78
4537.50,7175.00,4591.53,5179.70
4562.50,7175.00,4615.54,5181.67
4575.00,7175.00,4628.44,5181.31
4600.00,7175.00,4652.72,5181.32
4612.50,7175.00,4666.30,5180.47
4637.50,7175.00,4691.41,5181.51
4650.00,7175.00,4704.51,5181.27
4675.00,7175.00,4728.60,5181.19
4687.50,7175.00,4740.74,5181.54
4725.00,7175.00,4779.75,5181.26
4750.00,7175.00,4804.28,5180.07
4762.50,7175.00,4816.69,5180.22
4787.50,7175.00,4841.93,5180.76
4875.00,7175.00,4929.69,5180.35
4937.50,7175.00,4991.75,5179.81
3812.50,7187.50,3867.78,5198.00
3825.00,7187.50,3881.10,5196.50
3837.50,7187.50,3894.10,5197.51
3862.50,7187.50,3918.17,5198.14
3875.00,7187.50,3931.04,5197.71
3900.00,7187.50,3956.24,5197.26
3912.50,7187.50,3968.73,5197.73
3937.50,7187.50,3993.63,5196.68
3950.00,7187.50,4007.08,5196.47
3975.00,7187.50,4031.66,5197.75
3987.50,7187.50,4043.92,5196.90
4012.50,7187.50,4068.43,5195.82
4025.00,7187.50,4083.03,5196.78
4050.00,7187.50,4106.56,5196.68
4062.50,7187.50,4119.55,5197.61
4087.50,7187.50,4142.88,5196.79
4200.00,7187.50,4254.56,5195.44
4225.00,7187.50,4279.10,5195.32
4237.50,7187.50,4292.89,5195.18
4262.50,7187.50,4316.65,5195.01
4275.00,7187.50,4329.16,5195.06
4300.00,7187.50,4353.81,5195.32
4312.50,7187.50,4367.27,5195.25
4337.50,7187.50,4391.98,5195.02
4350.00,7187.50,4405.49,5195.50
4362.50,7187.50,4419.26,5193.43
4387.50,7187.50,4441.81,5194.79
4412.50,7187.50,4466.41,5194.20
4425.00,7187.50,4480.00,5194.47
4450.00,7187.50,4504.96,5192.67
4462.50,7187.50,4517.48,5193.95
4475.00,7187.50,4528.68,5195.10
4500.00,7187.50,4555.10,5194.05
4512.50,7187.50,4569.25,5193.63
4537.50,7187.50,4590.86,5194.50
4562.50,7187.50,4615.98,5194.09
4575.00,7187.50,4627.90,5193.62
4600.00,7187.50,4654.03,5192.53
4612.50,7187.50,4666.80,5193.74
4637.50,7187.50,4691.56,5193.14
4650.00,7187.50,4705.16,5193.55
4675.00,7187.50,4728.06,5193.17
4687.50,7187.50,4741.96,5193.45
4712.50,7187.50,4765.68,5192.73
4725.00,7187.50,4779.01,5192.62
4750.00,7187.50,4803.84,5191.81
4762.50,7187.50,4816.95,5192.24
4787.50,7187.50,4841.94,5192.24
4800.00,7187.50,4855.07,5192.79
4825.00,7187.50,4879.63,5193.48
4837.50,7187.50,4891.30,5193.04
4862.50,7187.50,4916.33,5192.21
4875.00,7187.50,4930.65,5191.43
4900.00,7187.50,4954.11,5191.49
4912.50,7187.50,4967.20,5191.85
4937.50,7187.50,4991.90,5191.69
4975.00,7187.50,5029.25,5191.91
4987.50,7187.50,5042.67,5190.58
3800.00,7200.00,3855.67,5210.13
3825.00,7200.00,3880.99,5210.11
3837.50,7200.00,3894.53,5210.24
3862.50,7200.00,3919.65,5210.40
3875.00,7200.00,3931.51,5210.28
3900.00,7200.00,3956.67,5210.22
3912.50,7200.00,3969.77,5209.90
3937.50,7200.00,3993.65,5209.92
3950.00,7200.00,4006.99,5209.36
3975.00,7200.00,4033.03,5209.92
3987.50,7200.00,4044.09,5209.44
4050.00,7200.00,4106.19,5209.92
4137.50,7200.00,4194.41,5209.56
4162.50,7200.00,4218.89,5209.82
4062.50,7212.50,4120.01,5222.18
4087.50,7212.50,4143.52,5223.05
4100.00,7212.50,4156.88,5221.89
4125.00,7212.50,4180.67,5221.88
4187.50,7212.50,4242.80,5220.44
4200.00,7212.50,4255.90,5220.32
4212.50,7212.50,4268.60,5220.29
4237.50,7212.50,4295.01,5221.22
4250.00,7212.50,4307.29,5220.86
4275.00,7212.50,4329.99,5220.41
4300.00,7212.50,4354.46,5219.24
4312.50,7212.50,4368.15,5219.75
4325.00,7212.50,4382.41,5219.79
4362.50,7212.50,4419.36,5219.44
4387.50,7212.50,4442.56,5219.42
4400.00,7212.50,4454.59,5219.45
4425.00,7212.50,4480.72,5219.29
4450.00,7212.50,4504.61,5219.31
4462.50,7212.50,4518.94,5219.53
4475.00,7212.50,4532.33,5219.11
4500.00,7212.50,4556.06,5219.10
4525.00,7212.50,4577.60,5217.01
4537.50,7212.50,4594.44,5215.04
4575.00,7212.50,4629.97,5214.47
4600.00,7212.50,4651.34,5216.12
4612.50,7212.50,4665.31,5217.45
4637.50,7212.50,4689.34,5216.42
4650.00,7212.50,4702.78,5216.50
4675.00,7212.50,4728.04,5216.55
4687.50,7212.50,4740.94,5216.76
4712.50,7212.50,4765.36,5217.51
4725.00,7212.50,4778.28,5216.68
4750.00,7212.50,4804.42,5217.09
4762.50,7212.50,4817.41,5218.00
4787.50,7212.50,4841.83,5218.28
4800.00,7212.50,4853.57,5217.60
4825.00,7212.50,4879.46,5217.14
4837.50,7212.50,4891.73,5217.26
4862.50,7212.50,4916.40,5217.85
4875.00,7212.50,4928.98,5216.79
4900.00,7212.50,4954.10,5217.43
4950.00,7212.50,5002.82,5216.87
3800.00,7225.00,3857.28,5235.80
3825.00,7225.00,3881.58,5236.34
3837.50,7225.00,3895.05,5235.49
3862.50,7225.00,3918.72,5236.56
3887.50,7225.00,3944.41,5235.62
3900.00,7225.00,3956.84,5234.27
3912.50,7225.00,3969.99,5234.20
3937.50,7225.00,3994.04,5235.06
3950.00,7225.00,4007.34,5235.66
3975.00,7225.00,4032.30,5236.52
3987.50,7225.00,4044.84,5235.47
4025.00,7225.00,4081.46,5234.63
4050.00,7225.00,4105.32,5234.60
4062.50,7225.00,4119.62,5233.70
4087.50,7225.00,4144.47,5235.03
4100.00,7225.00,4157.34,5234.33
4125.00,7225.00,4181.90,5235.18
4137.50,7225.00,4193.24,5235.17
4162.50,7225.00,4218.67,5234.01
4187.50,7225.00,4243.65,5233.33
4200.00,7225.00,4257.13,5233.45
4212.50,7225.00,4269.95,5233.90
4237.50,7225.00,4293.94,5234.14
4275.00,7225.00,4330.82,5233.25
4287.50,7225.00,4344.38,5233.57
4312.50,7225.00,4369.59,5229.73
4362.50,7225.00,4418.61,5232.94
4387.50,7225.00,4442.96,5232.65
4400.00,7225.00,4456.16,5233.12
4425.00,7225.00,4480.02,5231.84
4437.50,7225.00,4494.55,5231.57
4462.50,7225.00,4517.75,5232.34
4475.00,7225.00,4531.23,5230.90
4537.50,7225.00,4592.28,5230.78
4600.00,7225.00,4652.85,5230.23
4612.50,7225.00,4664.48,5229.00
4637.50,7225.00,4690.23,5229.00
4675.00,7225.00,4728.81,5229.42
4687.50,7225.00,4741.12,5229.08
4712.50,7225.00,4765.30,5229.87
4725.00,7225.00,4778.08,5229.68
4750.00,7225.00,4804.06,5229.50
4762.50,7225.00,4817.14,5229.37
4787.50,7225.00,4841.27,5229.93
4800.00,7225.00,4854.43,5230.88
4862.50,7225.00,4917.64,5228.03
4875.00,7225.00,4929.06,5229.06
3800.00,7237.50,3857.85,5247.94
3825.00,7237.50,3882.43,5248.55
3837.50,7237.50,3895.34,5249.46
3862.50,7237.50,3921.41,5248.05
3875.00,7237.50,3932.57,5248.45
3912.50,7237.50,3970.40,5248.74
3937.50,7237.50,3994.10,5247.81
3950.00,7237.50,4007.11,5247.36
3975.00,7237.50,4032.66,5247.90
3987.50,7237.50,4045.30,5247.59
4025.00,7237.50,4082.65,5248.06
4050.00,7237.50,4106.03,5247.35
4075.00,7237.50,4130.16,5247.42
4100.00,7237.50,4157.97,5246.51
4125.00,7237.50,4181.12,5247.42
4162.50,7237.50,4217.73,5248.02
4187.50,7237.50,4243.70,5247.18
4212.50,7237.50,4268.87,5247.42
4500.00,7237.50,4555.69,5240.60
4525.00,7237.50,4579.04,5239.74
4650.00,7237.50,4703.13,5241.52
4012.50,7250.00,4068.93,5259.62
4350.00,7250.00,4405.51,5252.71
4387.50,7250.00,4443.48,5256.51
4400.00,7250.00,4456.70,5256.40
4425.00,7250.00,4482.39,5256.88
4450.00,7250.00,4505.95,5256.54
4462.50,7250.00,4518.11,5256.27
4475.00,7250.00,4530.43,5256.27
4500.00,7250.00,4555.43,5255.96
4525.00,7250.00,4579.28,5255.71
4537.50,7250.00,4592.30,5255.58
4562.50,7250.00,4617.10,5256.36
4575.00,7250.00,4630.01,5256.31
4600.00,7250.00,4654.32,5255.13
4612.50,7250.00,4666.40,5254.63
4637.50,7250.00,4691.60,5255.53
4650.00,7250.00,4704.40,5254.25
4675.00,7250.00,4728.87,5255.55
4687.50,7250.00,4741.13,5254.67
4712.50,7250.00,4765.79,5255.66
4725.00,7250.00,4779.21,5255.09
4750.00,7250.00,4803.89,5254.94
4762.50,7250.00,4817.57,5254.17
4775.00,7250.00,4830.73,5253.35
3800.00,7262.50,3858.13,5273.05
3862.50,7262.50,3921.62,5272.68
3875.00,7262.50,3933.24,5273.17
3900.00,7262.50,3956.35,5272.90
3912.50,7262.50,3970.53,5273.43
3937.50,7262.50,3995.40,5273.19
3950.00,7262.50,4007.30,5272.89
3975.00,7262.50,4031.42,5271.78
4050.00,7262.50,4106.67,5271.56
4062.50,7262.50,4119.27,5271.71
4100.00,7262.50,4157.22,5272.32
4125.00,7262.50,4179.86,5272.06
4162.50,7262.50,4219.18,5270.50
4175.00,7262.50,4231.50,5272.04
4200.00,7262.50,4255.79,5271.75
4212.50,7262.50,4269.01,5270.94
4275.00,7262.50,4331.20,5271.14
4312.50,7262.50,4368.42,5271.58
4350.00,7262.50,4407.45,5267.49
4362.50,7262.50,4419.50,5268.67
4387.50,7262.50,4442.63,5268.99
4412.50,7262.50,4467.68,5270.37
4425.00,7262.50,4480.80,5269.26
4450.00,7262.50,4504.57,5268.08
4462.50,7262.50,4517.95,5268.35
4487.50,7262.50,4542.21,5269.47
4500.00,7262.50,4555.56,5269.54
4525.00,7262.50,4580.16,5268.04
4537.50,7262.50,4592.14,5267.90
4562.50,7262.50,4617.66,5268.86
4575.00,7262.50,4629.63,5267.66
4600.00,7262.50,4653.81,5267.05
4612.50,7262.50,4667.10,5267.81
4625.00,7262.50,4680.61,5267.54
4650.00,7262.50,4705.04,5267.18
4675.00,7262.50,4729.08,5267.11
4687.50,7262.50,4743.00,5266.57
4700.00,7262.50,4754.93,5266.97
4725.00,7262.50,4778.58,5267.19
4750.00,7262.50,4803.55,5266.01
4762.50,7262.50,4817.69,5266.55
4787.50,7262.50,4841.43,5266.58
4800.00,7262.50,4854.98,5266.40
3800.00,7275.00,3858.98,5286.24
3900.00,7275.00,3956.24,5285.27
3912.50,7275.00,3970.49,5285.38
4087.50,7275.00,4143.98,5284.23
4100.00,7275.00,4155.86,5283.25
4125.00,7275.00,4180.71,5283.48
4137.50,7275.00,4193.33,5282.35
4162.50,7275.00,4219.33,5284.12
4187.50,7275.00,4243.08,5284.76
4200.00,7275.00,4256.63,5284.46
4237.50,7275.00,4293.65,5283.49
4975.00,7275.00,5027.03,5275.27
4987.50,7275.00,5038.83,5275.48
4275.00,7287.50,4330.29,5294.70
4300.00,7287.50,4355.72,5294.52
4312.50,7287.50,4368.11,5294.43
4337.50,7287.50,4392.75,5293.50
4350.00,7287.50,4407.84,5292.17
4362.50,7287.50,4420.01,5293.99
4387.50,7287.50,4443.18,5294.95
4400.00,7287.50,4455.60,5294.74
4425.00,7287.50,4480.75,5293.96
4450.00,7287.50,4504.78,5293.94
4462.50,7287.50,4516.57,5293.14
4487.50,7287.50,4542.86,5293.10
4500.00,7287.50,4554.36,5292.30
4525.00,7287.50,4581.12,5294.05
4537.50,7287.50,4593.14,5293.94
4562.50,7287.50,4617.23,5293.11
4575.00,7287.50,4631.26,5293.63
4587.50,7287.50,4644.25,5293.21
4637.50,7287.50,4691.66,5291.76
4650.00,7287.50,4704.22,5291.25
4675.00,7287.50,4729.32,5292.38
4687.50,7287.50,4741.64,5291.74
4700.00,7287.50,4754.75,5291.45
4725.00,7287.50,4778.94,5290.75
4750.00,7287.50,4803.64,5291.68
4762.50,7287.50,4815.82,5291.13
4787.50,7287.50,4840.88,5290.01
4800.00,7287.50,4853.09,5290.46
4950.00,7287.50,5001.72,5289.89
4975.00,7287.50,5027.34,5289.48
4987.50,7287.50,5041.69,5289.73
3825.00,7300.00,3883.36,5311.49
3837.50,7300.00,3895.68,5311.54
4062.50,7300.00,4121.06,5308.01
4087.50,7300.00,4143.38,5307.83
4100.00,7300.00,4157.01,5308.44
4125.00,7300.00,4180.93,5308.51
4137.50,7300.00,4193.53,5308.48
4162.50,7300.00,4216.88,5307.68
4175.00,7300.00,4232.27,5308.45
4200.00,7300.00,4256.50,5308.32
4212.50,7300.00,4269.88,5308.20
4237.50,7300.00,4292.87,5307.22
4262.50,7300.00,4317.76,5306.92
4275.00,7300.00,4330.44,5307.80
4287.50,7300.00,4344.29,5307.78
4312.50,7300.00,4367.94,5308.29
4337.50,7300.00,4392.49,5306.97
4350.00,7300.00,4405.91,5306.55
4362.50,7300.00,4419.06,5307.23
4387.50,7300.00,4441.82,5307.29
4412.50,7300.00,4467.25,5306.42
4425.00,7300.00,4480.75,5307.64
4450.00,7300.00,4503.05,5305.78
4462.50,7300.00,4517.40,5307.00
4475.00,7300.00,4530.34,5307.43
4500.00,7300.00,4554.12,5306.07
4525.00,7300.00,4579.76,5307.02
4537.50,7300.00,4591.34,5303.16
4550.00,7300.00,4606.28,5305.65
4575.00,7300.00,4632.24,5304.50
4612.50,7300.00,4667.94,5305.38
4675.00,7300.00,4728.58,5304.14
4687.50,7300.00,4741.38,5304.59
4700.00,7300.00,4753.92,5304.10
4725.00,7300.00,4779.55,5303.71
4750.00,7300.00,4802.08,5304.89
4762.50,7300.00,4815.71,5304.81
3825.00,7312.50,3883.16,5323.72
3837.50,7312.50,3895.43,5323.97
4175.00,7312.50,4231.58,5319.51
4200.00,7312.50,4256.13,5319.80
4212.50,7312.50,4269.12,5319.29
4650.00,7312.50,4704.84,5316.50
4875.00,7312.50,4928.12,5313.91
4887.50,7312.50,4942.66,5314.36
4912.50,7312.50,4966.54,5313.72
4925.00,7312.50,4978.88,5312.97
4950.00,7312.50,5003.23,5314.44
4975.00,7312.50,5027.64,5312.93
4987.50,7312.50,5041.36,5312.97
4087.50,7325.00,4143.56,5332.35
4112.50,7325.00,4168.27,5331.15
4125.00,7325.00,4183.27,5330.09
4137.50,7325.00,4195.96,5331.70
4162.50,7325.00,4217.97,5331.97
4237.50,7325.00,4292.92,5332.07
4262.50,7325.00,4316.91,5331.04
4275.00,7325.00,4331.25,5331.02
4287.50,7325.00,4342.05,5331.71
4312.50,7325.00,4368.40,5332.76
4325.00,7325.00,4381.81,5332.81
4350.00,7325.00,4405.30,5331.54
4362.50,7325.00,4417.62,5331.15
4387.50,7325.00,4443.23,5331.77
4400.00,7325.00,4455.37,5331.59
4425.00,7325.00,4481.97,5331.16
4500.00,7325.00,4554.09,5330.58
4525.00,7325.00,4579.97,5330.32
4537.50,7325.00,4592.44,5331.00
4550.00,7325.00,4605.93,5331.05
4575.00,7325.00,4629.96,5330.46
4600.00,7325.00,4654.68,5329.99
4612.50,7325.00,4666.71,5328.64
4637.50,7325.00,4690.46,5328.34
4650.00,7325.00,4704.57,5329.09
4675.00,7325.00,4729.33,5329.27
4687.50,7325.00,4742.39,5329.02
4712.50,7325.00,4767.06,5328.34
4725.00,7325.00,4779.83,5329.62
4737.50,7325.00,4793.37,5328.72
4762.50,7325.00,4815.52,5329.63
4787.50,7325.00,4840.80,5325.11
4862.50,7325.00,4916.32,5327.46
4875.00,7325.00,4927.57,5327.06
4900.00,7325.00,4953.11,5325.91
4912.50,7325.00,4965.12,5326.60
4937.50,7325.00,4990.32,5327.35
4950.00,7325.00,5001.64,5328.02
4975.00,7325.00,5028.95,5326.65
4987.50,7325.00,5043.35,5326.72
3937.50,7337.50,3993.62,5346.61
3950.00,7337.50,4008.20,5347.13
3975.00,7337.50,4031.80,5347.22
4012.50,7337.50,4069.12,5346.46
4025.00,7337.50,4082.67,5346.89
4050.00,7337.50,4107.74,5346.52
4062.50,7337.50,4119.19,5346.57
4087.50,7337.50,4144.58,5346.24
4100.00,7337.50,4155.96,5345.87
4125.00,7337.50,4181.79,5346.02
4137.50,7337.50,4195.59,5344.63
4162.50,7337.50,4218.24,5345.45
4175.00,7337.50,4231.31,5344.79
4200.00,7337.50,4255.90,5345.41
4212.50,7337.50,4268.96,5344.92
4237.50,7337.50,4291.94,5344.62
4250.00,7337.50,4305.04,5344.60
4275.00,7337.50,4329.21,5343.79
4300.00,7337.50,4354.26,5345.53
4312.50,7337.50,4366.48,5346.22
4337.50,7337.50,4391.46,5344.57
4350.00,7337.50,4405.30,5343.98
4362.50,7337.50,4419.87,5343.34
4387.50,7337.50,4442.99,5344.38
4412.50,7337.50,4466.56,5345.38
4425.00,7337.50,4482.04,5343.56
4450.00,7337.50,4505.02,5342.92
4462.50,7337.50,4518.78,5342.76
4487.50,7337.50,4541.67,5341.96
4500.00,7337.50,4554.67,5341.48
4525.00,7337.50,4579.63,5342.28
4537.50,7337.50,4592.61,5342.31
4562.50,7337.50,4617.88,5341.91
4575.00,7337.50,4630.33,5341.75
4600.00,7337.50,4654.43,5341.69
4612.50,7337.50,4667.29,5341.54
4675.00,7337.50,4729.76,5341.31
4687.50,7337.50,4742.71,5341.92
4712.50,7337.50,4766.88,5341.24
4725.00,7337.50,4779.07,5341.49
4750.00,7337.50,4802.62,5341.25
4975.00,7337.50,5027.57,5340.78
3937.50,7350.00,3994.78,5360.36
3950.00,7350.00,4007.64,5360.76
3975.00,7350.00,4033.03,5360.02
3987.50,7350.00,4044.87,5360.09
4087.50,7350.00,4145.13,5359.17
4125.00,7350.00,4181.38,5358.34
4162.50,7350.00,4217.39,5358.12
4187.50,7350.00,4242.12,5357.73
4637.50,7350.00,4691.73,5353.48
4650.00,7350.00,4704.94,5353.89
4837.50,7350.00,4891.27,5352.65
4862.50,7350.00,4914.67,5350.19
4875.00,7350.00,4929.36,5350.19
4900.00,7350.00,4954.13,5351.55
4912.50,7350.00,4966.80,5349.87
4012.50,7362.50,4069.73,5371.92
4025.00,7362.50,4082.58,5370.52
4050.00,7362.50,4106.90,5370.38
4062.50,7362.50,4121.20,5370.91
4200.00,7362.50,4254.31,5369.84
4212.50,7362.50,4268.91,5369.63
4237.50,7362.50,4295.23,5369.13
4275.00,7362.50,4330.45,5368.67
4300.00,7362.50,4354.06,5369.47
4312.50,7362.50,4367.42,5368.86
4325.00,7362.50,4379.77,5367.52
4350.00,7362.50,4406.03,5369.06
4362.50,7362.50,4418.32,5368.45
4387.50,7362.50,4442.18,5369.95
4412.50,7362.50,4466.27,5368.25
4425.00,7362.50,4479.02,5368.44
4450.00,7362.50,4505.86,5368.87
4462.50,7362.50,4518.32,5367.50
4475.00,7362.50,4529.99,5367.50
4500.00,7362.50,4555.30,5368.02
4525.00,7362.50,4578.94,5367.32
4537.50,7362.50,4591.90,5366.37
4550.00,7362.50,4605.99,5367.99
4575.00,7362.50,4630.00,5368.17
4600.00,7362.50,4652.99,5366.34
4612.50,7362.50,4666.95,5364.97
4650.00,7362.50,4706.27,5365.31
4675.00,7362.50,4729.16,5365.52
4687.50,7362.50,4739.99,5365.56
4712.50,7362.50,4766.55,5364.97
4725.00,7362.50,4778.32,5365.22
4750.00,7362.50,4802.14,5365.15
4762.50,7362.50,4817.94,5365.31
4787.50,7362.50,4840.90,5364.88
4800.00,7362.50,4855.13,5365.25
4812.50,7362.50,4866.14,5365.25
4837.50,7362.50,4892.37,5365.51
4862.50,7362.50,4916.32,5364.48
4875.00,7362.50,4928.32,5364.43
4900.00,7362.50,4952.55,5364.94
4912.50,7362.50,4967.61,5362.83
4950.00,7362.50,5006.65,5361.80
4975.00,7362.50,5029.34,5362.55
4987.50,7362.50,5040.78,5362.83
3875.00,7375.00,3933.62,5383.68
3937.50,7375.00,3994.73,5384.24
3950.00,7375.00,4007.78,5384.84
3987.50,7375.00,4045.08,5384.92
4012.50,7375.00,4069.77,5383.79
4025.00,7375.00,4082.77,5383.81
4050.00,7375.00,4106.57,5383.12
4162.50,7375.00,4218.52,5382.44
4187.50,7375.00,4243.54,5381.14
4200.00,7375.00,4256.50,5381.93
4212.50,7375.00,4270.01,5380.81
4237.50,7375.00,4293.79,5382.15
4250.00,7375.00,4307.71,5379.76
4275.00,7375.00,4329.93,5380.85
4300.00,7375.00,4353.93,5380.59
4312.50,7375.00,4367.90,5380.60
4325.00,7375.00,4381.35,5380.33
4350.00,7375.00,4405.92,5381.21
4362.50,7375.00,4419.00,5381.13
4387.50,7375.00,4443.59,5381.55
4412.50,7375.00,4467.79,5381.62
4425.00,7375.00,4479.70,5381.83
4462.50,7375.00,4518.37,5380.55
4475.00,7375.00,4530.37,5380.35
4512.50,7375.00,4567.67,5380.49
4537.50,7375.00,4593.13,5379.19
4550.00,7375.00,4606.49,5379.54
4575.00,7375.00,4630.68,5380.52
4612.50,7375.00,4667.54,5377.60
4712.50,7375.00,4765.88,5378.76
4725.00,7375.00,4777.62,5378.12
4750.00,7375.00,4803.41,5378.15
4762.50,7375.00,4815.47,5378.96
4787.50,7375.00,4841.38,5378.70
4812.50,7375.00,4867.25,5378.82
4875.00,7375.00,4930.10,5379.10
4887.50,7375.00,4942.39,5376.30
4950.00,7375.00,5005.74,5377.10
3937.50,7387.50,3994.76,5397.11
3950.00,7387.50,4007.33,5397.12
3975.00,7387.50,4033.45,5396.52
4012.50,7387.50,4069.90,5397.33
4200.00,7387.50,4256.98,5395.45
4437.50,7387.50,4495.14,5390.70
4650.00,7387.50,4704.89,5390.94
4675.00,7387.50,4728.05,5389.04
4687.50,7387.50,4741.89,5390.10
4800.00,7387.50,4853.70,5389.76
4837.50,7387.50,4890.97,5389.84
5012.50,6425.00,5065.01,4431.59
5025.00,6425.00,5077.83,4432.87
5012.50,6437.50,5064.65,4445.65
5025.00,6437.50,5077.66,4445.66
5050.00,6437.50,5103.09,4445.90
5125.00,6450.00,5176.79,4457.57
5000.00,6462.50,5050.42,4470.02
5012.50,6462.50,5063.64,4469.77
5025.00,6462.50,5077.11,4469.23
5050.00,6462.50,5102.58,4469.06
5212.50,6462.50,5266.16,4469.88
5000.00,6475.00,5051.11,4483.07
5012.50,6475.00,5062.95,4482.25
5025.00,6475.00,5076.22,4482.29
5050.00,6475.00,5101.88,4482.49
5062.50,6475.00,5114.64,4481.45
5087.50,6475.00,5140.07,4481.73
5125.00,6475.00,5176.62,4482.42
5137.50,6475.00,5190.22,4481.34
5162.50,6475.00,5214.47,4482.71
5175.00,6475.00,5227.18,4481.00
5012.50,6500.00,5062.80,4505.30
5025.00,6500.00,5075.10,4505.92
5050.00,6500.00,5101.28,4506.46
5062.50,6500.00,5114.65,4505.57
5087.50,6500.00,5138.78,4506.77
5100.00,6500.00,5150.85,4506.59
5125.00,6500.00,5177.76,4504.81
5162.50,6500.00,5213.61,4507.02
5237.50,6500.00,5289.75,4507.30
5000.00,6512.50,5049.87,4517.16
5012.50,6512.50,5062.77,4517.24
5037.50,6512.50,5087.02,4519.20
5050.00,6512.50,5101.33,4517.34
5062.50,6512.50,5113.90,4518.36
5087.50,6512.50,5138.67,4517.46
5100.00,6512.50,5151.98,4518.88
5125.00,6512.50,5176.69,4518.95
5137.50,6512.50,5190.14,4516.92
5162.50,6512.50,5214.26,4517.68
5200.00,6512.50,5252.76,4518.22
5212.50,6512.50,5265.04,4518.27
5237.50,6512.50,5289.80,4518.36
5262.50,6512.50,5315.25,4519.01
5000.00,6537.50,5049.94,4542.64
5012.50,6537.50,5063.08,4543.35
5037.50,6537.50,5087.65,4543.31
5050.00,6537.50,5101.28,4543.08
5062.50,6537.50,5114.22,4543.09
5087.50,6537.50,5140.71,4544.00
5112.50,6537.50,5162.25,4543.09
5125.00,6537.50,5176.29,4543.93
5137.50,6537.50,5190.81,4542.46
5162.50,6537.50,5213.69,4543.89
5175.00,6537.50,5227.89,4543.89
5200.00,6537.50,5251.37,4543.62
5225.00,6537.50,5276.69,4542.37
5237.50,6537.50,5289.21,4543.02
5262.50,6537.50,5312.67,4542.70
5275.00,6537.50,5326.30,4543.49
5287.50,6537.50,5341.63,4543.21
5000.00,6550.00,5050.18,4554.52
5012.50,6550.00,5062.33,4554.41
5025.00,6550.00,5076.07,4554.18
5050.00,6550.00,5101.17,4554.86
5062.50,6550.00,5114.34,4556.33
5125.00,6550.00,5176.17,4554.19
5137.50,6550.00,5189.92,4554.92
5162.50,6550.00,5214.97,4553.60
5225.00,6550.00,5276.99,4554.37
5237.50,6550.00,5289.38,4554.84
5262.50,6550.00,5313.60,4555.35
5275.00,6550.00,5327.18,4555.36
5287.50,6550.00,5340.15,4556.79
5200.00,6562.50,5250.83,4567.11
5000.00,6575.00,5051.62,4580.05
5012.50,6575.00,5063.31,4580.83
5025.00,6575.00,5075.80,4580.23
5050.00,6575.00,5101.40,4580.72
5075.00,6575.00,5125.00,4578.42
5087.50,6575.00,5138.82,4579.97
5100.00,6575.00,5151.34,4580.19
5125.00,6575.00,5176.03,4579.49
5137.50,6575.00,5187.77,4580.84
5162.50,6575.00,5213.70,4578.67
5187.50,6575.00,5237.11,4578.68
5200.00,6575.00,5250.96,4578.87
5212.50,6575.00,5264.82,4579.06
5237.50,6575.00,5289.65,4580.59
5262.50,6575.00,5314.04,4580.37
5275.00,6575.00,5327.61,4580.57
5300.00,6575.00,5352.05,4579.17
5350.00,6575.00,5402.80,4580.20
5362.50,6575.00,5416.12,4579.47
5012.50,6587.50,5063.61,4591.78
5025.00,6587.50,5075.99,4591.32
5050.00,6587.50,5100.72,4591.46
5062.50,6587.50,5113.70,4591.94
5087.50,6587.50,5137.68,4591.66
5100.00,6587.50,5151.60,4591.81
5125.00,6587.50,5175.76,4591.65
5150.00,6587.50,5200.14,4592.23
5162.50,6587.50,5213.73,4591.68
5187.50,6587.50,5237.51,4592.02
5200.00,6587.50,5251.47,4591.45
5212.50,6587.50,5265.03,4591.56
5237.50,6587.50,5290.63,4593.37
5262.50,6587.50,5313.17,4591.71
5275.00,6587.50,5326.46,4591.65
5287.50,6587.50,5339.54,4591.90
5312.50,6587.50,5364.37,4592.30
5325.00,6587.50,5377.77,4592.21
5350.00,6587.50,5402.49,4592.04
5387.50,6587.50,5440.27,4592.14
5400.00,6587.50,5453.27,4591.54
5425.00,6587.50,5477.62,4591.90
5000.00,6600.00,5049.13,4603.46
5475.00,6600.00,5528.38,4604.09
5000.00,6612.50,5049.04,4615.32
5012.50,6612.50,5061.61,4615.86
5025.00,6612.50,5076.25,4616.85
5050.00,6612.50,5100.06,4616.40
5075.00,6612.50,5124.27,4615.79
5087.50,6612.50,5137.80,4615.88
5100.00,6612.50,5151.13,4616.01
5125.00,6612.50,5176.26,4615.89
5150.00,6612.50,5200.15,4615.82
5162.50,6612.50,5212.54,4615.70
5187.50,6612.50,5237.69,4616.53
5200.00,6612.50,5251.21,4616.74
5212.50,6612.50,5265.19,4616.33
5237.50,6612.50,5288.69,4616.00
5262.50,6612.50,5313.38,4616.37
5275.00,6612.50,5326.07,4615.76
5287.50,6612.50,5338.15,4615.48
5312.50,6612.50,5363.99,4615.44
5325.00,6612.50,5377.15,4616.08
5350.00,6612.50,5402.18,4616.32
5362.50,6612.50,5415.93,4615.86
5387.50,6612.50,5440.67,4616.68
5412.50,6612.50,5464.46,4616.42
5425.00,6612.50,5477.72,4616.75
5000.00,6625.00,5049.33,4628.84
5012.50,6625.00,5062.34,4628.47
5025.00,6625.00,5074.46,4628.55
5050.00,6625.00,5100.59,4629.09
5125.00,6625.00,5175.52,4628.73
5150.00,6625.00,5199.04,4629.64
5162.50,6625.00,5212.36,4628.47
5212.50,6625.00,5263.70,4628.71
5312.50,6625.00,5363.81,4628.72
5350.00,6625.00,5403.11,4628.56
5362.50,6625.00,5415.91,4629.69
5425.00,6625.00,5478.36,4628.72
5437.50,6625.00,5490.60,4629.20
5462.50,6625.00,5515.04,4628.95
5075.00,6637.50,5123.99,4639.98
5187.50,6637.50,5237.79,4640.19
5200.00,6637.50,5250.33,4639.79
5237.50,6637.50,5287.12,4639.15
5275.00,6637.50,5325.95,4640.48
5300.00,6637.50,5350.32,4640.36
5325.00,6637.50,5376.10,4640.22
5000.00,6650.00,5049.13,4653.05
5012.50,6650.00,5062.39,4653.39
5025.00,6650.00,5076.84,4652.57
5050.00,6650.00,5100.95,4654.02
5075.00,6650.00,5124.92,4654.97
5087.50,6650.00,5138.94,4653.53
5112.50,6650.00,5162.22,4653.62
5125.00,6650.00,5175.13,4652.54
5150.00,6650.00,5200.18,4652.25
5162.50,6650.00,5213.27,4652.79
5187.50,6650.00,5237.12,4652.45
5200.00,6650.00,5249.93,4652.46
5225.00,6650.00,5274.84,4652.46
5237.50,6650.00,5288.43,4652.27
5250.00,6650.00,5301.98,4652.06
5275.00,6650.00,5326.13,4652.21
5300.00,6650.00,5350.47,4652.90
5312.50,6650.00,5363.61,4653.23
5325.00,6650.00,5376.71,4653.01
5350.00,6650.00,5402.61,4653.74
5362.50,6650.00,5416.36,4654.22
5387.50,6650.00,5439.25,4654.96
5400.00,6650.00,5453.51,4652.74
5425.00,6650.00,5476.76,4652.79
5437.50,6650.00,5490.65,4652.55
5462.50,6650.00,5515.67,4652.98
5500.00,6650.00,5552.44,4653.16
5525.00,6650.00,5576.21,4652.29
5537.50,6650.00,5588.69,4652.07
5562.50,6650.00,5615.33,4653.05
5575.00,6650.00,5628.04,4652.27
5012.50,6662.50,5061.98,4666.36
5025.00,6662.50,5076.24,4666.41
5050.00,6662.50,5100.86,4665.78
5075.00,6662.50,5124.67,4666.13
5087.50,6662.50,5138.36,4666.54
5125.00,6662.50,5174.89,4666.05
5150.00,6662.50,5200.19,4666.11
5275.00,6662.50,5325.78,4666.08
5300.00,6662.50,5350.32,4666.14
5312.50,6662.50,5363.84,4665.32
5350.00,6662.50,5401.75,4666.17
5425.00,6662.50,5478.82,4666.28
5562.50,6662.50,5614.29,4665.74
5575.00,6662.50,5627.32,4665.19
5000.00,6675.00,5049.39,4677.80
5162.50,6675.00,5213.39,4679.06
5187.50,6675.00,5238.19,4678.06
5200.00,6675.00,5250.66,4677.78
5225.00,6675.00,5274.44,4677.91
5237.50,6675.00,5288.44,4678.25
5250.00,6675.00,5301.36,4677.50
5325.00,6675.00,5378.68,4677.10
5362.50,6675.00,5415.74,4678.71
5387.50,6675.00,5441.17,4677.14
5537.50,6675.00,5588.87,4675.81
5000.00,6687.50,5048.97,4691.03
5012.50,6687.50,5063.29,4692.14
5037.50,6687.50,5087.18,4690.24
5050.00,6687.50,5100.67,4690.16
5062.50,6687.50,5112.82,4691.08
5087.50,6687.50,5137.74,4690.49
5112.50,6687.50,5162.86,4691.74
5125.00,6687.50,5175.14,4691.44
5150.00,6687.50,5200.57,4691.00
5162.50,6687.50,5214.20,4690.79
5187.50,6687.50,5237.89,4691.66
5200.00,6687.50,5250.87,4690.00
5225.00,6687.50,5275.39,4690.20
5237.50,6687.50,5288.23,4690.13
5250.00,6687.50,5301.92,4690.34
5275.00,6687.50,5326.68,4690.92
5287.50,6687.50,5338.43,4691.53
5312.50,6687.50,5366.39,4690.65
5325.00,6687.50,5378.69,4690.11
5350.00,6687.50,5402.20,4691.90
5362.50,6687.50,5416.20,4691.56
5387.50,6687.50,5439.76,4691.38
5425.00,6687.50,5475.84,4690.80
5512.50,6687.50,5565.35,4688.11
5537.50,6687.50,5589.28,4689.48
5562.50,6687.50,5613.89,4689.93
5575.00,6687.50,5627.62,4690.29
5612.50,6687.50,5665.40,4689.68
5000.00,6700.00,5049.21,4704.17
5050.00,6700.00,5100.58,4704.10
5075.00,6700.00,5124.68,4705.44
5087.50,6700.00,5138.78,4703.79
5112.50,6700.00,5162.48,4704.15
5125.00,6700.00,5176.04,4703.91
5137.50,6700.00,5188.82,4703.43
5162.50,6700.00,5213.19,4703.92
5187.50,6700.00,5237.48,4703.10
5200.00,6700.00,5251.31,4703.59
5237.50,6700.00,5287.79,4703.09
5262.50,6700.00,5312.73,4703.66
5300.00,6700.00,5349.75,4704.35
5350.00,6700.00,5402.65,4704.64
5537.50,6700.00,5589.74,4703.24
5575.00,6700.00,5627.24,4702.93
5587.50,6700.00,5639.89,4703.62
5012.50,6712.50,5063.06,4715.41
5025.00,6712.50,5075.46,4716.14
5225.00,6712.50,5274.94,4714.49
5275.00,6712.50,5326.94,4715.33
5312.50,6712.50,5364.14,4716.68
5325.00,6712.50,5377.51,4715.83
5362.50,6712.50,5415.89,4716.61
5387.50,6712.50,5440.13,4713.76
5412.50,6712.50,5464.17,4714.31
5425.00,6712.50,5477.60,4714.76
5437.50,6712.50,5491.01,4714.77
5462.50,6712.50,5514.22,4715.34
5500.00,6712.50,5551.90,4714.91
5000.00,6725.00,5049.00,4727.55
5012.50,6725.00,5063.50,4727.56
5025.00,6725.00,5076.35,4728.85
5050.00,6725.00,5100.35,4727.27
5062.50,6725.00,5113.14,4727.46
5087.50,6725.00,5138.47,4727.58
5100.00,6725.00,5151.77,4727.94
5125.00,6725.00,5175.85,4725.93
5137.50,6725.00,5189.58,4727.77
5162.50,6725.00,5212.31,4727.34
5187.50,6725.00,5237.18,4727.22
5250.00,6725.00,5299.82,4727.39
5275.00,6725.00,5325.67,4727.67
5287.50,6725.00,5339.88,4727.71
5312.50,6725.00,5364.15,4727.67
5337.50,6725.00,5387.75,4728.12
5350.00,6725.00,5401.42,4727.72
5362.50,6725.00,5414.52,4727.64
5387.50,6725.00,5439.91,4727.75
5400.00,6725.00,5453.03,4727.53
5425.00,6725.00,5477.42,4727.72
5437.50,6725.00,5491.16,4728.41
5462.50,6725.00,5515.72,4727.63
5475.00,6725.00,5528.45,4728.04
5500.00,6725.00,5552.82,4727.71
5537.50,6725.00,5590.43,4727.88
5000.00,6737.50,5049.44,4741.32
5012.50,6737.50,5063.10,4741.32
5050.00,6737.50,5100.39,4741.07
5062.50,6737.50,5113.67,4741.46
5137.50,6737.50,5188.12,4740.10
5162.50,6737.50,5213.27,4740.86
5237.50,6737.50,5288.26,4740.54
5262.50,6737.50,5312.82,4740.07
5275.00,6737.50,5325.36,4740.32
5300.00,6737.50,5350.09,4740.58
5312.50,6737.50,5364.05,4740.79
5337.50,6737.50,5387.72,4740.82
5387.50,6737.50,5439.53,4741.03
5425.00,6737.50,5478.00,4741.78
5100.00,6750.00,5151.52,4750.94
5125.00,6750.00,5175.61,4752.02
5350.00,6750.00,5401.43,4751.57
5362.50,6750.00,5414.06,4753.11
5000.00,6762.50,5050.25,4764.92
5012.50,6762.50,5063.94,4765.51
5037.50,6762.50,5087.49,4764.81
5050.00,6762.50,5101.32,4765.20
5087.50,6762.50,5137.99,4764.53
5100.00,6762.50,5151.32,4765.22
5125.00,6762.50,5175.95,4765.23
5150.00,6762.50,5200.65,4765.68
5162.50,6762.50,5213.28,4765.20
5187.50,6762.50,5238.22,4765.05
5200.00,6762.50,5251.19,4765.22
5225.00,6762.50,5276.01,4764.74
5237.50,6762.50,5288.59,4764.16
5262.50,6762.50,5312.29,4765.22
5275.00,6762.50,5326.02,4765.02
5300.00,6762.50,5351.02,4765.27
5312.50,6762.50,5363.72,4765.84
5337.50,6762.50,5387.74,4765.66
5350.00,6762.50,5401.86,4764.76
5362.50,6762.50,5415.21,4766.45
5387.50,6762.50,5440.75,4766.90
5400.00,6762.50,5453.87,4766.24
5000.00,6775.00,5050.24,4779.01
5012.50,6775.00,5063.29,4779.05
5037.50,6775.00,5086.76,4778.31
5050.00,6775.00,5100.71,4778.99
5075.00,6775.00,5125.75,4779.48
5087.50,6775.00,5137.71,4778.96
5100.00,6775.00,5151.36,4778.73
5125.00,6775.00,5176.46,4779.09
5137.50,6775.00,5189.25,4779.18
5162.50,6775.00,5213.97,4778.89
5175.00,6775.00,5227.81,4779.04
5200.00,6775.00,5251.97,4778.84
5275.00,6775.00,5325.39,4779.55
5300.00,6775.00,5350.22,4778.03
5312.50,6775.00,5363.31,4777.76
5325.00,6775.00,5376.42,4777.86
5350.00,6775.00,5402.30,4779.36
5400.00,6775.00,5453.71,4778.88
5237.50,6787.50,5292.46,4788.50
5250.00,6787.50,5301.79,4790.54
5000.00,6800.00,5050.27,4802.93
5012.50,6800.00,5064.05,4803.07
5025.00,6800.00,5077.47,4803.35
5050.00,6800.00,5101.20,4804.89
5062.50,6800.00,5114.64,4803.53
5087.50,6800.00,5139.15,4803.53
5100.00,6800.00,5153.39,4804.64
5125.00,6800.00,5178.41,4804.61
5137.50,6800.00,5190.30,4805.91
5162.50,6800.00,5214.76,4803.46
5175.00,6800.00,5228.04,4803.21
5200.00,6800.00,5250.21,4805.32
5225.00,6800.00,5276.19,4802.16
5237.50,6800.00,5289.09,4802.30
5250.00,6800.00,5303.01,4802.72
5275.00,6800.00,5326.72,4803.44
5287.50,6800.00,5339.78,4802.72
5312.50,6800.00,5364.94,4802.59
5325.00,6800.00,5377.28,4802.56
5350.00,6800.00,5402.30,4802.65
5375.00,6800.00,5427.62,4802.82
5387.50,6800.00,5439.77,4802.38
5412.50,6800.00,5464.03,4803.39
5425.00,6800.00,5477.37,4802.45
5462.50,6800.00,5515.62,4802.63
5475.00,6800.00,5528.67,4802.45
5500.00,6800.00,5552.89,4802.40
5000.00,6812.50,5050.22,4817.73
5012.50,6812.50,5063.77,4816.09
5025.00,6812.50,5077.27,4816.37
5050.00,6812.50,5101.59,4816.69
5062.50,6812.50,5114.63,4817.02
5087.50,6812.50,5140.36,4816.93
5100.00,6812.50,5152.98,4817.42
5125.00,6812.50,5177.04,4816.56
5137.50,6812.50,5190.49,4816.33
5162.50,6812.50,5215.43,4816.71
5175.00,6812.50,5228.14,4816.19
5262.50,6812.50,5314.58,4815.71
5275.00,6812.50,5326.14,4816.43
5287.50,6812.50,5340.22,4816.23
5312.50,6812.50,5364.41,4815.91
5350.00,6812.50,5401.10,4816.48
5375.00,6812.50,5427.90,4815.92
5387.50,6812.50,5439.75,4814.76
5400.00,6812.50,5452.85,4815.39
5425.00,6812.50,5477.12,4816.09
5462.50,6812.50,5514.91,4815.47
5500.00,6812.50,5552.50,4815.85
5125.00,6825.00,5177.43,4831.65
5200.00,6825.00,5253.28,4828.23
5237.50,6825.00,5289.97,4829.40
5437.50,6825.00,5491.72,4826.12
5512.50,6825.00,5566.53,4826.13
5000.00,6837.50,5051.42,4842.56
5012.50,6837.50,5064.53,4842.32
5025.00,6837.50,5077.74,4842.56
5050.00,6837.50,5101.58,4843.34
5062.50,6837.50,5116.21,4843.20
5100.00,6837.50,5153.30,4842.10
5162.50,6837.50,5215.79,4840.98
5187.50,6837.50,5237.71,4839.93
5200.00,6837.50,5251.50,4840.26
5225.00,6837.50,5277.96,4839.93
5237.50,6837.50,5289.89,4840.08
5250.00,6837.50,5302.19,4840.07
5275.00,6837.50,5327.04,4840.41
5287.50,6837.50,5340.46,4840.16
5312.50,6837.50,5364.57,4839.48
5375.00,6837.50,5426.42,4839.89
5387.50,6837.50,5438.92,4839.68
5400.00,6837.50,5452.24,4839.58
5425.00,6837.50,5477.01,4839.36
5450.00,6837.50,5502.34,4839.78
5462.50,6837.50,5514.73,4840.96
5500.00,6837.50,5552.29,4839.74
5512.50,6837.50,5566.11,4839.40
5000.00,6850.00,5050.03,4856.56
5012.50,6850.00,5064.67,4857.10
5025.00,6850.00,5078.40,4854.61
5050.00,6850.00,5103.21,4855.31
5162.50,6850.00,5216.48,4854.86
5187.50,6862.50,5238.71,4864.58
5225.00,6862.50,5276.71,4865.37
5250.00,6862.50,5302.54,4864.65
5275.00,6862.50,5327.11,4865.14
5287.50,6862.50,5340.99,4863.98
5312.50,6862.50,5365.28,4864.26
5387.50,6862.50,5441.17,4861.61
5425.00,6862.50,5476.39,4864.08
5462.50,6862.50,5515.53,4863.98
5475.00,6862.50,5526.97,4863.72
5500.00,6862.50,5552.03,4863.65
5512.50,6862.50,5565.86,4863.79
5012.50,6875.00,5066.57,4881.01
5200.00,6875.00,5250.67,4876.76
5225.00,6875.00,5275.26,4877.11
5237.50,6875.00,5289.08,4877.13
5250.00,6875.00,5302.51,4878.32
5275.00,6875.00,5327.23,4878.98
5287.50,6875.00,5341.23,4878.13
5312.50,6875.00,5364.91,4878.08
5425.00,6875.00,5476.82,4875.22
5437.50,6875.00,5488.51,4876.79
5487.50,6875.00,5539.91,4877.02
5500.00,6875.00,5552.05,4877.12
5537.50,6875.00,5590.65,4877.22
5237.50,6887.50,5289.38,4891.02
5250.00,6887.50,5302.85,4891.52
5275.00,6887.50,5329.07,4891.42
5287.50,6887.50,5341.17,4891.44
5462.50,6887.50,5513.56,4889.02
5487.50,6887.50,5539.86,4890.56
5200.00,6900.00,5251.31,4902.70
5212.50,6900.00,5265.09,4903.33
5025.00,6912.50,5079.42,4917.62
5162.50,6912.50,5215.49,4915.59
5175.00,6912.50,5227.73,4915.32
5200.00,6912.50,5252.79,4915.51
5212.50,6912.50,5266.04,4916.48
5237.50,6912.50,5291.47,4916.35
5462.50,6912.50,5516.48,4914.10
5500.00,6912.50,5553.46,4914.82
5175.00,6925.00,5228.51,4929.03
5487.50,6925.00,5540.08,4927.98
5350.00,6937.50,5404.19,4938.55
5212.50,7062.50,5266.87,5065.54
5212.50,7100.00,5265.01,5101.86
5237.50,7100.00,5290.95,5102.35
5250.00,7100.00,5303.31,5102.72
5275.00,7100.00,5328.90,5102.86
5287.50,7100.00,5341.07,5102.35
5212.50,7112.50,5265.67,5115.75
5250.00,7112.50,5303.54,5115.49
5275.00,7112.50,5326.89,5114.84
5237.50,7125.00,5291.66,5127.48
5062.50,7137.50,5116.86,5141.27
5200.00,7137.50,5252.87,5140.61
5212.50,7137.50,5265.63,5139.98
5250.00,7137.50,5303.47,5139.74
5275.00,7137.50,5327.34,5139.25
5287.50,7137.50,5341.14,5140.09
5312.50,7137.50,5365.24,5139.67
5325.00,7137.50,5379.20,5139.60
5350.00,7137.50,5402.45,5139.56
5037.50,7150.00,5092.10,5153.91
5062.50,7150.00,5117.46,5153.71
5137.50,7150.00,5191.35,5153.85
5212.50,7150.00,5265.83,5153.49
5400.00,7150.00,5454.04,5150.79
5162.50,7162.50,5217.49,5165.19
5275.00,7162.50,5329.09,5164.28
5325.00,7162.50,5379.69,5162.95
5375.00,7162.50,5428.79,5163.63
5387.50,7162.50,5440.90,5163.36
5012.50,7175.00,5067.21,5178.95
5025.00,7175.00,5079.47,5178.28
5050.00,7175.00,5104.34,5177.69
5062.50,7175.00,5117.63,5178.52
5087.50,7175.00,5140.81,5178.06
5100.00,7175.00,5154.16,5177.97
5200.00,7175.00,5250.68,5178.81
5225.00,7175.00,5277.08,5178.35
5237.50,7175.00,5288.85,5177.92
5250.00,7175.00,5303.33,5177.22
5275.00,7175.00,5327.98,5177.31
5325.00,7175.00,5380.06,5174.99
5387.50,7175.00,5439.72,5177.61
5012.50,7187.50,5065.90,5191.65
5025.00,7187.50,5078.58,5191.21
5062.50,7187.50,5116.71,5191.58
5087.50,7187.50,5140.30,5191.29
5100.00,7187.50,5154.09,5191.32
5350.00,7187.50,5402.82,5189.04
5387.50,7187.50,5440.86,5188.30
5250.00,7200.00,5303.70,5200.84
5275.00,7200.00,5328.51,5200.85
5287.50,7200.00,5340.77,5200.72
5312.50,7200.00,5366.06,5201.70
5400.00,7200.00,5453.45,5200.61
5475.00,7200.00,5528.91,5200.49
5050.00,7212.50,5101.99,5216.23
5062.50,7212.50,5114.94,5215.14
5087.50,7212.50,5140.31,5214.55
5100.00,7212.50,5154.33,5215.15
5137.50,7212.50,5190.91,5214.47
5175.00,7212.50,5227.85,5213.77
5200.00,7212.50,5254.11,5213.86
5275.00,7212.50,5328.20,5214.15
5287.50,7212.50,5340.86,5213.70
5462.50,7212.50,5515.84,5213.28
5212.50,7237.50,5267.61,5238.30
5025.00,7250.00,5078.48,5254.29
5200.00,7250.00,5253.67,5252.75
5212.50,7250.00,5266.49,5252.51
5237.50,7262.50,5290.75,5263.83
5025.00,7287.50,5078.51,5289.00
5025.00,7325.00,5078.16,5327.26
5050.00,7325.00,5102.72,5327.31
3750.00,7562.50,3809.46,5571.63
3887.50,7400.00,3945.25,5404.87
4087.50,7400.00,4144.17,5406.81
4512.50,7400.00,4567.17,5403.96
4525.00,7400.00,4579.59,5404.69
4562.50,7400.00,4616.89,5404.07
4575.00,7400.00,4630.94,5403.89
4600.00,7400.00,4655.36,5403.85
4625.00,7400.00,4679.51,5403.15
4637.50,7400.00,4692.10,5403.08
4662.50,7400.00,4715.75,5402.73
4675.00,7400.00,4729.73,5402.52
4712.50,7400.00,4766.78,5402.96
4737.50,7400.00,4790.31,5402.92
4750.00,7400.00,4804.00,5402.89
4762.50,7400.00,4815.53,5403.51
4787.50,7400.00,4841.77,5402.89
4812.50,7400.00,4865.73,5403.08
4937.50,7400.00,4991.31,5401.79
3887.50,7412.50,3945.32,5420.34
3900.00,7412.50,3957.27,5420.47
3925.00,7412.50,3982.53,5421.65
3937.50,7412.50,3994.24,5421.77
3962.50,7412.50,4020.58,5421.97
4000.00,7412.50,4057.40,5421.98
4012.50,7412.50,4069.45,5421.79
4037.50,7412.50,4094.87,5421.70
4150.00,7412.50,4206.48,5419.76
4162.50,7412.50,4218.71,5420.81
4237.50,7412.50,4294.05,5419.76
4300.00,7412.50,4356.17,5417.70
4312.50,7412.50,4368.35,5418.61
4337.50,7412.50,4392.66,5418.91
4350.00,7412.50,4405.91,5419.65
4375.00,7412.50,4430.38,5419.27
4387.50,7412.50,4443.71,5417.94
4412.50,7412.50,4468.70,5419.28
4425.00,7412.50,4481.42,5418.03
4450.00,7412.50,4502.50,5419.44
4512.50,7412.50,4566.51,5416.25
4525.00,7412.50,4579.08,5416.86
4537.50,7412.50,4591.70,5416.57
4562.50,7412.50,4617.22,5416.94
4575.00,7412.50,4631.02,5417.66
4600.00,7412.50,4654.97,5416.95
4612.50,7412.50,4666.04,5416.49
4637.50,7412.50,4692.48,5417.00
4662.50,7412.50,4716.02,5415.76
4712.50,7412.50,4765.37,5414.19
4737.50,7412.50,4790.63,5415.89
4750.00,7412.50,4803.42,5416.39
4762.50,7412.50,4816.53,5415.80
4787.50,7412.50,4841.40,5415.28
4800.00,7412.50,4853.16,5415.51
4825.00,7412.50,4878.59,5416.59
4887.50,7412.50,4941.07,5413.98
4900.00,7412.50,4953.40,5414.24
3900.00,7425.00,3958.78,5433.08
3912.50,7425.00,3970.58,5434.83
3937.50,7425.00,3994.95,5435.28
4150.00,7425.00,4207.14,5433.19
4225.00,7425.00,4281.41,5433.34
4300.00,7425.00,4357.55,5431.48
4312.50,7425.00,4368.82,5431.15
4337.50,7425.00,4392.75,5431.36
4350.00,7425.00,4406.38,5431.28
4375.00,7425.00,4430.70,5432.49
4387.50,7425.00,4443.42,5431.62
4550.00,7425.00,4603.67,5429.08
4562.50,7425.00,4616.47,5430.03
4600.00,7425.00,4654.43,5429.35
4612.50,7425.00,4666.94,5428.97
4000.00,7437.50,4057.19,5446.53
4412.50,7437.50,4468.94,5442.02
4425.00,7437.50,4481.47,5443.24
4450.00,7437.50,4506.43,5442.94
4475.00,7437.50,4531.08,5442.06
4512.50,7437.50,4567.65,5440.37
4525.00,7437.50,4579.87,5442.61
4575.00,7437.50,4629.19,5440.75
4637.50,7437.50,4691.45,5440.84
4662.50,7437.50,4716.67,5440.23
4675.00,7437.50,4729.48,5440.56
4700.00,7437.50,4753.35,5439.92
4712.50,7437.50,4766.35,5440.10
4725.00,7437.50,4778.28,5440.25
4750.00,7437.50,4802.75,5440.02
4775.00,7437.50,4828.28,5440.38
4787.50,7437.50,4840.23,5440.99
4800.00,7437.50,4854.33,5440.28
4825.00,7437.50,4878.78,5440.69
4900.00,7437.50,4953.72,5439.22
4912.50,7437.50,4965.53,5439.18
4937.50,7437.50,4991.38,5438.96
4975.00,7437.50,5028.20,5438.50
3925.00,7450.00,3982.12,5457.69
3937.50,7450.00,3995.21,5458.68
3962.50,7450.00,4020.94,5458.92
3975.00,7450.00,4032.33,5459.29
4012.50,7450.00,4069.54,5459.18
4050.00,7450.00,4107.45,5459.33
4087.50,7450.00,4144.58,5459.43
4312.50,7450.00,4369.16,5457.02
4337.50,7450.00,4393.67,5457.48
4350.00,7450.00,4404.92,5457.95
4375.00,7450.00,4431.53,5456.12
4412.50,7450.00,4469.51,5455.98
4437.50,7450.00,4493.56,5455.97
4450.00,7450.00,4507.69,5455.23
4462.50,7450.00,4518.94,5455.14
4487.50,7450.00,4543.02,5455.21
4525.00,7450.00,4581.50,5454.15
4550.00,7450.00,4602.99,5454.33
4562.50,7450.00,4616.29,5454.38
4587.50,7450.00,4641.42,5454.19
4600.00,7450.00,4653.64,5453.90
4662.50,7450.00,4715.63,5453.44
4675.00,7450.00,4729.87,5452.55
4700.00,7450.00,4753.64,5453.51
4712.50,7450.00,4766.15,5452.51
4725.00,7450.00,4780.63,5453.13
4750.00,7450.00,4803.84,5453.11
4775.00,7450.00,4827.47,5453.19
4787.50,7450.00,4840.82,5453.37
4812.50,7450.00,4865.46,5454.10
4825.00,7450.00,4877.86,5454.78
4925.00,7450.00,4978.01,5450.89
4962.50,7450.00,5014.68,5450.40
3925.00,7462.50,3981.72,5469.85
3937.50,7462.50,3994.71,5470.96
4312.50,7462.50,4369.03,5469.20
4437.50,7462.50,4493.92,5468.58
4450.00,7462.50,4505.67,5468.06
3975.00,7475.00,4032.99,5484.48
4525.00,7475.00,4580.12,5479.93
4712.50,7475.00,4764.85,5476.33
4737.50,7475.00,4790.52,5477.27
4750.00,7475.00,4804.04,5477.31
4775.00,7475.00,4827.63,5476.60
4787.50,7475.00,4840.47,5476.71
4812.50,7475.00,4865.22,5476.81
4850.00,7475.00,4903.29,5477.24
4862.50,7475.00,4916.00,5477.38
4900.00,7475.00,4952.61,5475.74
4937.50,7475.00,4990.12,5475.36
4975.00,7475.00,5025.75,5475.35
4462.50,7487.50,4519.38,5493.22
4487.50,7487.50,4543.54,5492.72
4525.00,7487.50,4582.67,5491.20
4750.00,7487.50,4803.31,5488.16
4775.00,7487.50,4828.62,5488.90
4787.50,7487.50,4840.38,5488.72
4800.00,7487.50,4852.49,5489.31
4825.00,7487.50,4878.03,5488.01
4887.50,7487.50,4939.92,5488.13
4900.00,7487.50,4952.56,5487.97
4962.50,7487.50,5013.27,5487.76
3900.00,7500.00,3957.72,5509.50
3975.00,7500.00,4033.14,5509.21
4300.00,7500.00,4356.81,5507.40
4312.50,7500.00,4369.53,5506.54
4337.50,7500.00,4394.51,5506.31
4462.50,7500.00,4520.03,5505.01
4525.00,7500.00,4581.24,5505.61
4500.00,7512.50,4557.07,5517.58
4750.00,7512.50,4803.61,5513.94
4775.00,7512.50,4827.40,5513.91
4787.50,7512.50,4841.05,5513.73
4812.50,7512.50,4864.74,5514.24
4862.50,7512.50,4914.98,5512.86
3975.00,7525.00,4033.15,5533.85
4037.50,7525.00,4096.48,5532.43
4312.50,7525.00,4368.44,5532.14
4337.50,7525.00,4394.68,5530.38
4525.00,7525.00,4582.00,5528.77
4737.50,7525.00,4790.46,5525.97
4750.00,7525.00,4804.32,5525.74
4775.00,7525.00,4826.84,5526.77
4787.50,7525.00,4842.12,5526.02
3975.00,7537.50,4033.07,5546.60
4000.00,7537.50,4056.42,5547.32
4075.00,7537.50,4132.97,5545.84
4087.50,7537.50,4144.90,5545.96
4150.00,7537.50,4206.77,5544.61
4187.50,7537.50,4244.62,5545.49
4200.00,7537.50,4257.03,5544.96
4212.50,7537.50,4270.79,5544.00
4300.00,7537.50,4356.86,5543.88
4312.50,7537.50,4368.06,5543.64
4562.50,7550.00,4617.88,5552.42
4575.00,7550.00,4628.94,5552.33
4600.00,7550.00,4653.97,5552.59
4612.50,7550.00,4667.27,5552.24
4637.50,7550.00,4691.99,5552.56
4712.50,7550.00,4766.40,5552.39
4737.50,7550.00,4789.92,5551.97
4750.00,7550.00,4803.71,5551.87
4775.00,7550.00,4827.53,5551.17
4787.50,7550.00,4840.95,5551.92
4812.50,7550.00,4863.30,5551.68
4825.00,7550.00,4877.10,5551.29
4037.50,7562.50,4095.70,5570.57
4050.00,7562.50,4108.22,5570.69
4075.00,7562.50,4132.43,5569.87
4087.50,7562.50,4144.46,5568.56
4112.50,7562.50,4170.16,5570.16
4125.00,7562.50,4182.75,5569.29
4150.00,7562.50,4207.10,5569.67
4162.50,7562.50,4219.37,5570.04
4187.50,7562.50,4244.48,5569.61
4200.00,7562.50,4257.02,5568.90
4237.50,7562.50,4294.63,5569.91
4300.00,7562.50,4355.53,5569.71
4562.50,7562.50,4615.43,5564.82
4575.00,7562.50,4628.91,5564.52
4600.00,7562.50,4653.96,5563.66
4625.00,7562.50,4678.14,5563.09
4637.50,7562.50,4691.42,5563.37
4650.00,7562.50,4704.02,5563.94
4737.50,7562.50,4790.43,5562.52
4750.00,7562.50,4803.54,5562.57
4775.00,7562.50,4828.43,5562.57
4787.50,7562.50,4840.65,5562.71
4812.50,7562.50,4865.62,5563.08
4050.00,7575.00,4108.30,5581.96
4075.00,7575.00,4132.28,5582.79
4100.00,7575.00,4154.94,5582.75
4112.50,7575.00,4169.78,5582.49
4125.00,7575.00,4181.71,5581.50
4162.50,7575.00,4219.66,5581.54
4187.50,7575.00,4244.37,5582.22
4225.00,7575.00,4281.03,5581.51
4312.50,7587.50,4369.89,5591.48
4562.50,7587.50,4615.02,5587.92
4587.50,7587.50,4639.80,5588.66
4600.00,7587.50,4652.26,5588.48
4625.00,7587.50,4676.02,5588.48
4637.50,7587.50,4689.59,5588.39
4037.50,7600.00,4095.47,5606.23
4050.00,7600.00,4107.06,5607.65
4075.00,7600.00,4130.72,5606.91
4112.50,7600.00,4169.99,5605.87
4150.00,7600.00,4206.90,5604.81
4162.50,7600.00,4219.74,5604.76
4300.00,7600.00,4355.96,5604.21
4312.50,7600.00,4367.07,5604.81
4337.50,7600.00,4390.56,5603.48
4587.50,7600.00,4640.36,5600.18
4600.00,7600.00,4652.56,5601.49
4012.50,7612.50,4071.54,5619.31
4050.00,7612.50,4108.22,5619.79
4075.00,7612.50,4133.01,5619.23
4162.50,7625.00,4219.58,5628.94
4312.50,7625.00,4369.23,5627.70
4337.50,7625.00,4394.57,5627.81
4962.50,7625.00,5013.98,5623.96
4162.50,7637.50,4218.65,5641.83
4325.00,7637.50,4377.75,5641.29
4337.50,7637.50,4390.79,5641.13
4375.00,7637.50,4428.64,5640.36
4312.50,7662.50,4365.75,5663.56
4337.50,7662.50,4391.53,5665.32
4325.00,7675.00,4377.99,5676.78
4337.50,7675.00,4391.06,5678.90
4487.50,7712.50,4542.10,5713.54
4375.00,8212.50,4428.90,6209.56
4362.50,8225.00,4415.67,6222.84
4375.00,8225.00,4428.33,6222.42
3975.00,8237.50,4034.98,6238.94
4375.00,8237.50,4429.90,6235.06
4225.00,8250.00,4280.30,6247.96
4237.50,8250.00,4292.91,6247.46
4012.50,8262.50,4072.19,6265.16
4225.00,8262.50,4282.91,6261.21
4337.50,8262.50,4395.77,6260.97
4350.00,8262.50,4408.21,6258.92
4075.00,8275.00,4131.93,6278.13
4237.50,8275.00,4296.71,6275.00
4275.00,8287.50,4332.65,6284.49
4300.00,8287.50,4354.10,6285.03
4050.00,8300.00,4109.10,6300.27
4075.00,8300.00,4133.04,6302.15
4200.00,8300.00,4256.53,6298.23
4237.50,8300.00,4294.83,6298.95
4300.00,8300.00,4354.32,6298.70
4325.00,8300.00,4377.92,6298.59
4337.50,8300.00,4391.77,6297.57
4375.00,8300.00,4429.22,6298.40
3975.00,8312.50,4033.68,6315.90
4012.50,8312.50,4071.89,6314.73
4037.50,8312.50,4096.34,6315.64
4050.00,8312.50,4107.24,6314.62
4075.00,8312.50,4131.01,6315.38
4375.00,8325.00,4429.44,6322.63
4387.50,8325.00,4443.55,6322.70
4412.50,8325.00,4467.88,6321.56
4012.50,8337.50,4072.73,6337.78
4087.50,8337.50,4145.31,6338.20
4112.50,8337.50,4170.24,6337.33
4150.00,8337.50,4205.88,6338.68
4175.00,8337.50,4231.43,6336.87
4187.50,8337.50,4243.46,6337.12
4312.50,8337.50,4368.32,6335.19
4337.50,8337.50,4393.14,6335.25
4375.00,8337.50,4429.12,6334.09
4087.50,8350.00,4146.27,6351.76
4112.50,8350.00,4169.02,6349.87
4125.00,8350.00,4181.31,6350.00
4150.00,8350.00,4205.61,6350.11
4187.50,8350.00,4245.44,6349.23
4087.50,8375.00,4144.26,6374.58
4112.50,8375.00,4169.26,6373.85
4125.00,8375.00,4181.60,6373.66
4150.00,8375.00,4207.15,6374.37
4162.50,8375.00,4219.34,6374.70
4187.50,8375.00,4243.77,6374.55
4200.00,8375.00,4256.65,6374.08
4112.50,8387.50,4169.08,6386.88
4150.00,8387.50,4207.17,6387.28
4175.00,8387.50,4231.97,6387.43
4187.50,8387.50,4242.61,6387.37
4200.00,8387.50,4257.31,6386.93
4125.00,8400.00,4181.69,6398.82
4125.00,8412.50,4183.62,6410.20
4150.00,8412.50,4205.33,6410.84
4162.50,8412.50,4218.50,6411.28
4187.50,8412.50,4244.05,6411.33
4200.00,8412.50,4256.24,6411.39
4200.00,8425.00,4256.17,6424.08
4187.50,8450.00,4242.63,6447.96
4200.00,8450.00,4256.18,6448.26
4225.00,8450.00,4280.09,6449.63
4437.50,8450.00,4490.01,6447.54
4450.00,8450.00,4504.43,6449.14
4237.50,8462.50,4293.00,6461.94
4225.00,8475.00,4279.76,6471.97
4400.00,8475.00,4453.25,6470.95
4412.50,8475.00,4466.20,6471.61
4437.50,8475.00,4491.18,6471.18
4450.00,8475.00,4504.34,6470.85
4225.00,8487.50,4279.67,6484.86
4237.50,8487.50,4293.38,6485.32
4262.50,8487.50,4317.53,6485.25
4275.00,8487.50,4330.03,6485.90
4300.00,8487.50,4354.56,6485.68
4312.50,8487.50,4368.35,6485.78
4337.50,8487.50,4392.78,6486.36
4362.50,8487.50,4415.99,6485.82
4375.00,8487.50,4429.84,6482.48
4400.00,8487.50,4454.79,6483.75
4412.50,8487.50,4467.10,6484.27
4425.00,8487.50,4479.78,6484.75
4450.00,8487.50,4504.24,6483.22
4462.50,8487.50,4517.40,6483.91
4487.50,8487.50,4541.88,6482.72
4237.50,8512.50,4292.84,6508.73
4262.50,8512.50,4317.78,6508.83
4275.00,8512.50,4330.43,6508.93
4325.00,8512.50,4380.09,6509.77
4337.50,8512.50,4392.38,6509.65
4350.00,8512.50,4405.84,6509.36
4375.00,8512.50,4430.54,6509.39
4387.50,8512.50,4442.94,6508.99
4412.50,8512.50,4468.14,6508.84
4437.50,8512.50,4491.91,6508.70
4250.00,8525.00,4304.35,6521.82
4262.50,8525.00,4316.45,6522.15
4300.00,8525.00,4354.62,6522.13
4325.00,8525.00,4378.86,6522.18
4337.50,8525.00,4392.44,6521.65
4350.00,8525.00,4404.89,6522.47
4375.00,8525.00,4429.29,6522.83
4387.50,8525.00,4444.11,6522.21
4412.50,8525.00,4467.35,6521.87
4037.50,8537.50,4094.28,6537.74
4075.00,8537.50,4131.57,6538.79
4262.50,8550.00,4317.55,6545.89
4325.00,8550.00,4379.14,6546.86
4337.50,8550.00,4392.13,6546.67
4350.00,8550.00,4404.77,6546.04
4375.00,8550.00,4430.17,6546.52
4387.50,8550.00,4442.11,6546.23
4037.50,8562.50,4093.81,6560.46
4062.50,8562.50,4118.57,6561.24
4075.00,8562.50,4131.23,6560.86
4087.50,8562.50,4143.80,6560.90
4112.50,8562.50,4169.23,6561.13
4237.50,8562.50,4296.46,6558.16
4262.50,8562.50,4317.55,6559.17
4325.00,8562.50,4379.58,6558.88
4337.50,8562.50,4392.37,6558.59
4375.00,8562.50,4429.54,6558.72
4062.50,8587.50,4118.86,6585.14
4075.00,8587.50,4130.20,6585.58
4087.50,8587.50,4143.90,6585.41
4112.50,8587.50,4168.44,6587.21
4225.00,8587.50,4280.43,6584.30
4237.50,8587.50,4295.43,6582.23
4262.50,8587.50,4318.41,6583.93
4275.00,8587.50,4334.49,6582.48
4300.00,8587.50,4355.40,6584.25
4337.50,8587.50,4391.67,6583.91
4375.00,8587.50,4429.27,6582.46
5700.00,7412.50,5746.74,5402.84
5712.50,7412.50,5759.82,5402.25
5750.00,7412.50,5798.05,5402.74
5775.00,7412.50,5822.38,5402.79
5787.50,7412.50,5836.07,5403.18
5812.50,7412.50,5860.96,5402.88
5825.00,7412.50,5872.91,5402.51
5837.50,7412.50,5886.05,5402.67
5862.50,7412.50,5911.40,5402.09
5887.50,7412.50,5935.51,5402.34
5900.00,7412.50,5948.03,5402.78
5512.50,7425.00,5560.30,5416.92
5575.00,7425.00,5624.04,5416.12
5637.50,7425.00,5685.90,5414.83
5700.00,7425.00,5746.09,5415.78
5737.50,7425.00,5784.07,5414.99
5750.00,7425.00,5797.77,5414.40
5762.50,7425.00,5810.39,5415.61
5787.50,7425.00,5836.05,5415.30
5825.00,7425.00,5873.80,5415.19
5850.00,7425.00,5897.81,5414.62
5887.50,7425.00,5934.69,5414.84
5900.00,7425.00,5948.15,5415.62
5500.00,7450.00,5548.71,5441.36
5525.00,7450.00,5572.50,5441.61
5550.00,7450.00,5597.90,5440.54
5587.50,7450.00,5634.83,5440.64
5600.00,7450.00,5648.13,5440.62
5637.50,7450.00,5685.45,5440.02
5650.00,7450.00,5699.27,5440.38
5675.00,7450.00,5722.51,5439.75
5725.00,7450.00,5774.39,5439.91
5750.00,7450.00,5798.09,5439.86
5812.50,7450.00,5859.21,5439.60
5825.00,7450.00,5871.69,5439.40
5850.00,7450.00,5897.58,5439.20
5862.50,7450.00,5910.10,5439.39
5875.00,7450.00,5923.53,5439.07
5900.00,7450.00,5948.78,5439.93
6025.00,7450.00,6073.98,5438.57
5450.00,7462.50,5497.93,5454.47
5487.50,7462.50,5535.09,5454.56
5537.50,7462.50,5585.05,5454.25
5587.50,7462.50,5634.93,5454.03
5600.00,7462.50,5648.14,5454.20
5625.00,7462.50,5671.86,5454.08
5637.50,7462.50,5686.23,5452.52
5675.00,7462.50,5721.75,5452.81
5837.50,7462.50,5884.95,5451.78
5862.50,7462.50,5910.81,5450.52
5887.50,7462.50,5935.65,5452.15
5900.00,7462.50,5948.61,5451.19
5912.50,7462.50,5961.15,5451.10
5937.50,7462.50,5986.33,5450.92
5475.00,7475.00,5522.05,5466.92
5600.00,7475.00,5648.21,5466.37
5512.50,7487.50,5560.00,5478.50
5525.00,7487.50,5572.99,5479.13
5637.50,7487.50,5685.76,5476.98
5800.00,7487.50,5847.97,5476.04
5825.00,7487.50,5872.02,5476.33
5837.50,7487.50,5884.74,5476.54
5862.50,7487.50,5910.59,5476.15
5887.50,7487.50,5934.75,5476.51
5900.00,7487.50,5947.99,5476.30
5912.50,7487.50,5961.45,5476.04
5937.50,7487.50,5985.91,5476.84
5950.00,7487.50,5998.47,5476.54
5975.00,7487.50,6023.62,5475.80
6012.50,7487.50,6061.04,5476.21
6037.50,7487.50,6085.88,5475.25
6050.00,7487.50,6097.92,5476.73
6062.50,7487.50,6110.96,5476.85
6162.50,7487.50,6211.03,5473.22
6187.50,7487.50,6235.38,5473.14
5475.00,7500.00,5522.78,5491.98
5512.50,7500.00,5559.30,5491.72
5525.00,7500.00,5573.70,5491.19
5662.50,7500.00,5709.51,5491.44
5675.00,7500.00,5722.75,5489.22
5787.50,7500.00,5834.53,5488.65
5825.00,7500.00,5872.36,5488.44
5887.50,7500.00,5934.71,5487.91
5900.00,7500.00,5947.35,5487.49
5937.50,7500.00,5985.59,5487.51
5950.00,7500.00,5998.05,5487.76
5975.00,7500.00,6023.48,5487.46
5987.50,7500.00,6036.15,5487.42
6012.50,7500.00,6061.05,5487.31
5512.50,7512.50,5559.43,5503.97
5525.00,7512.50,5572.80,5503.15
6087.50,7512.50,6136.28,5500.11
5450.00,7525.00,5498.18,5515.93
5487.50,7525.00,5535.56,5515.54
5750.00,7525.00,5796.89,5513.91
5925.00,7525.00,5971.70,5512.49
5937.50,7525.00,5985.71,5512.17
5962.50,7525.00,6010.66,5511.51
5975.00,7525.00,6023.28,5511.64
5987.50,7525.00,6034.92,5512.63
6012.50,7525.00,6061.34,5511.96
6037.50,7525.00,6084.62,5511.45
6050.00,7525.00,6098.58,5512.35
6062.50,7525.00,6111.36,5511.66
6087.50,7525.00,6136.23,5510.95
5400.00,7537.50,5448.24,5529.25
5937.50,7537.50,5985.08,5524.74
5962.50,7537.50,6009.79,5524.46
5975.00,7537.50,6023.43,5524.72
6000.00,7537.50,6047.48,5524.90
6012.50,7537.50,6060.43,5524.71
6037.50,7537.50,6084.86,5525.12
6050.00,7537.50,6097.47,5524.66
6087.50,7537.50,6136.21,5524.50
6075.00,7550.00,6122.08,5536.04
5337.50,7562.50,5385.86,5554.05
5375.00,7562.50,5423.37,5553.76
5662.50,7562.50,5709.35,5552.22
5812.50,7562.50,5859.12,5550.80
5887.50,7562.50,5935.13,5549.81
5900.00,7562.50,5947.84,5549.56
6012.50,7562.50,6060.80,5548.44
6037.50,7562.50,6084.95,5548.44
6050.00,7562.50,6098.26,5548.37
6075.00,7562.50,6122.01,5548.85
6087.50,7562.50,6133.59,5550.41
5337.50,7575.00,5386.02,5566.42
5350.00,7575.00,5398.14,5566.91
5375.00,7575.00,5423.88,5565.81
5862.50,7575.00,5909.76,5562.48
5950.00,7575.00,5998.56,5561.80
6037.50,7575.00,6084.59,5561.90
6050.00,7575.00,6098.54,5562.03
6062.50,7575.00,6110.78,5561.62
6087.50,7575.00,6133.04,5563.11
5975.00,7587.50,6022.15,5574.05
6037.50,7600.00,6084.51,5585.78
6050.00,7600.00,6097.66,5585.67
6062.50,7600.00,6111.15,5585.62
6087.50,7600.00,6135.73,5586.23
5900.00,7612.50,5947.79,5599.25
6000.00,7612.50,6047.10,5598.67
6037.50,7612.50,6084.06,5599.65
5275.00,7637.50,5324.10,5628.61
6012.50,7637.50,6060.74,5624.47
6037.50,7637.50,6084.34,5623.21
5450.00,7650.00,5497.64,5641.68
6087.50,7662.50,6135.99,5647.32
6075.00,7675.00,6122.22,5660.32
6112.50,7675.00,6160.01,5660.46
6125.00,7675.00,6172.94,5659.75
6162.50,7675.00,6209.84,5659.36
6087.50,7700.00,6135.29,5684.43
6112.50,7700.00,6160.08,5684.26
6125.00,7700.00,6173.31,5684.15
6175.00,7700.00,6223.04,5683.96
5900.00,7712.50,5947.91,5698.43
5937.50,7712.50,5985.22,5698.11
6050.00,7712.50,6098.22,5697.11
6062.50,7712.50,6109.29,5697.64
6087.50,7712.50,6135.70,5697.32
6100.00,7712.50,6147.78,5697.63
5950.00,7725.00,5997.10,5710.94
6137.50,7737.50,6185.53,5721.21
5750.00,7750.00,5797.12,5739.46
5750.00,7762.50,5798.29,5751.84
6238.94,7475.00,6287.94,5460.40
6201.21,7487.50,6249.29,5472.93
6251.52,7487.50,6300.43,5473.64
6276.67,7487.50,6325.38,5472.72
6213.79,7512.50,6262.82,5497.99
6238.94,7512.50,6287.47,5497.80
6201.21,7525.00,6249.54,5510.93
6201.21,7537.50,6247.15,5526.28
6201.21,7562.50,6250.86,5547.31
6251.52,7600.00,6300.54,5585.19
6213.79,7625.00,6261.78,5609.36
6238.94,7637.50,6286.91,5621.71
6251.52,7637.50,6301.22,5622.11
6201.21,7662.50,6249.29,5646.24
6213.79,7675.00,6263.11,5659.16
6213.79,7700.00,6263.39,5683.90
6201.21,7712.50,6249.27,5696.40
6213.79,7712.50,6263.31,5696.26
6201.21,7725.00,6248.43,5710.22
6213.79,7737.50,6262.34,5721.08
6238.94,7737.50,6287.49,5721.37
6201.21,7750.00,6248.66,5734.21
6213.79,7750.00,6262.70,5733.14
6201.21,7787.50,6248.16,5770.87
6251.52,7862.50,6300.07,5844.55
6213.79,7875.00,6262.14,5860.15
4087.50,8600.00,4147.69,6596.65
4262.50,8600.00,4318.32,6597.00
4075.00,8612.50,4131.74,6611.64
4112.50,8612.50,4170.13,6611.20
4212.50,8612.50,4269.70,6610.42
4187.50,8637.50,4243.65,6635.13
4250.00,8637.50,4306.75,6634.51
4225.00,8650.00,4283.21,6646.01
4250.00,8650.00,4305.16,6649.20
4337.50,8675.00,4395.24,6672.52
4250.00,8687.50,4306.62,6685.68
4337.50,8687.50,4393.65,6684.24
4325.00,8712.50,4381.27,6708.57
4262.50,8725.00,4318.78,6720.65
4300.00,8725.00,4357.15,6720.59
4400.00,8725.00,4456.33,6721.47
4412.50,8725.00,4470.78,6721.24
4287.50,8750.00,4344.96,6745.76
4337.50,8762.50,4395.53,6760.26
4325.00,8787.50,4383.45,6783.83
4325.00,8800.00,4382.88,6797.53
4450.00,8825.00,4507.81,6820.37
4475.00,8837.50,4530.94,6833.28
4450.00,8862.50,4507.65,6855.89
4587.50,8862.50,4642.33,6853.19
4450.00,8887.50,4509.38,6880.07
4525.00,9075.00,4584.94,7067.25
5037.50,8650.00,5086.60,6637.79
5137.50,8687.50,5187.33,6673.17
5137.50,8700.00,5186.72,6686.68
5175.00,8700.00,5225.10,6686.77
5187.50,8700.00,5236.09,6686.76
5225.00,8700.00,5273.79,6686.39
5375.00,8700.00,5425.06,6683.47
5550.00,8700.00,5597.69,6684.11
5187.50,8725.00,5236.70,6710.65
5212.50,8725.00,5261.49,6710.42
5262.50,8725.00,5312.90,6708.74
5400.00,8725.00,5448.92,6708.78
5437.50,8725.00,5487.08,6708.31
5112.50,8737.50,5161.92,6723.96
5150.00,8737.50,5199.66,6722.90
5262.50,8737.50,5313.10,6721.73
5287.50,8737.50,5337.35,6723.73
5400.00,8737.50,5448.98,6720.89
5325.00,8762.50,5374.66,6746.79
5487.50,8762.50,5537.14,6745.45
5512.50,8762.50,5560.94,6746.81
5525.00,8762.50,5572.75,6746.59
5337.50,8775.00,5387.21,6758.44
5437.50,8775.00,5486.37,6757.82
5450.00,8775.00,5499.01,6757.73
5487.50,8775.00,5537.00,6757.49
5062.50,8787.50,5112.53,6773.90
5362.50,8787.50,5411.62,6770.96
5525.00,8787.50,5575.61,6769.62
5025.00,8800.00,5074.98,6786.40
5100.00,8800.00,5150.19,6784.88
5362.50,8800.00,5410.97,6784.04
5425.00,8800.00,5474.67,6783.22
5450.00,8800.00,5498.45,6783.93
5475.00,8800.00,5524.17,6782.78
5487.50,8800.00,5536.72,6782.17
5525.00,8800.00,5574.21,6781.96
5062.50,8812.50,5112.30,6798.91
5187.50,8812.50,5237.60,6796.62
5475.00,8812.50,5524.53,6794.94
5550.00,8812.50,5598.93,6794.97
5487.50,8837.50,5536.29,6819.65
5600.00,8862.50,5649.14,6843.54
5037.50,8875.00,5087.95,6860.57
5387.50,8875.00,5436.97,6857.65
5475.00,8875.00,5523.95,6859.36
5487.50,8875.00,5536.14,6858.27
5562.50,8875.00,5612.54,6855.12
5637.50,8875.00,5685.71,6855.82
5137.50,8887.50,5187.29,6871.84
5150.00,8887.50,5199.69,6872.48
5175.00,8887.50,5224.32,6872.15
5187.50,8887.50,5236.33,6873.53
5400.00,8887.50,5449.50,6869.46
5450.00,8887.50,5498.93,6870.07
5475.00,8887.50,5523.86,6869.69
5137.50,8900.00,5187.31,6885.42
5150.00,8900.00,5199.99,6885.78
5300.00,8912.50,5350.25,6895.70
5037.50,8925.00,5087.46,6911.14
5075.00,8925.00,5125.28,6910.83
5112.50,8925.00,5162.41,6911.48
5137.50,8925.00,5188.65,6910.57
5150.00,8925.00,5200.69,6910.19
5175.00,8925.00,5224.28,6911.68
5287.50,8925.00,5337.61,6908.43
5325.00,8925.00,5374.38,6910.30
5337.50,8925.00,5386.98,6910.75
5412.50,8925.00,5463.35,6907.80
5437.50,8925.00,5486.63,6907.00
5487.50,8925.00,5535.75,6907.21
5750.00,8925.00,5797.95,6904.58
5350.00,8937.50,5400.99,6920.04
5737.50,8937.50,5786.23,6916.71
5337.50,8950.00,5385.92,6934.09
5750.00,8950.00,5798.41,6929.67
5775.00,8950.00,5824.36,6930.79
5450.00,8962.50,5500.74,6944.80
5475.00,8962.50,5523.64,6944.85
5487.50,8962.50,5536.89,6945.32
5400.00,8975.00,5449.06,6957.26
5437.50,8975.00,5487.28,6956.23
5737.50,8975.00,5786.06,6954.51
5750.00,8975.00,5800.00,6954.10
5775.00,8975.00,5822.78,6954.49
6112.50,8975.00,6161.75,6950.13
6125.00,8975.00,6173.56,6951.24
6162.50,8975.00,6212.88,6950.65
5712.50,8987.50,5760.21,6967.49
5737.50,8987.50,5786.38,6967.21
5750.00,8987.50,5797.97,6967.81
5775.00,8987.50,5823.21,6967.68
5787.50,8987.50,5834.96,6967.90
5812.50,8987.50,5859.85,6967.87
5825.00,8987.50,5873.88,6966.11
5837.50,8987.50,5888.23,6966.44
5862.50,8987.50,5911.94,6967.87
6012.50,8987.50,6060.34,6964.30
6087.50,8987.50,6138.30,6963.34
6100.00,8987.50,6151.25,6963.91
5287.50,9000.00,5336.56,6984.48
5812.50,9000.00,5860.99,6979.82
6125.00,9000.00,6175.58,6975.63
5737.50,9012.50,5786.14,6991.59
5775.00,9012.50,5824.14,6992.25
5787.50,9012.50,5836.69,6992.04
5837.50,9012.50,5888.29,6990.80
5862.50,9012.50,5911.47,6991.51
5887.50,9012.50,5936.99,6991.46
5900.00,9012.50,5950.44,6991.54
6087.50,9012.50,6136.50,6987.83
6100.00,9012.50,6149.12,6987.55
5000.00,9025.00,5052.49,7012.39
5250.00,9025.00,5299.66,7009.17
5262.50,9025.00,5312.48,7007.84
5287.50,9025.00,5336.49,7009.30
5325.00,9025.00,5374.22,7009.40
5337.50,9025.00,5388.65,7008.66
5362.50,9025.00,5412.87,7008.49
5375.00,9025.00,5424.65,7008.33
5712.50,9025.00,5761.05,7004.82
5737.50,9025.00,5786.15,7004.98
5750.00,9025.00,5799.54,7005.61
5775.00,9025.00,5824.14,7005.13
5787.50,9025.00,5837.60,7004.48
5837.50,9025.00,5889.26,7003.19
5862.50,9025.00,5912.31,7001.95
5875.00,9025.00,5925.65,7002.97
5900.00,9025.00,5949.60,7002.06
5912.50,9025.00,5963.61,7002.95
6112.50,9025.00,6161.84,7000.83
6125.00,9025.00,6175.10,7000.87
5000.00,9037.50,5052.76,7024.56
5025.00,9037.50,5077.61,7024.60
5037.50,9037.50,5090.58,7025.13
5050.00,9037.50,5102.62,7024.66
5075.00,9037.50,5127.81,7024.71
5262.50,9037.50,5312.86,7021.18
5287.50,9037.50,5337.13,7021.39
5300.00,9037.50,5351.38,7020.91
5325.00,9037.50,5375.18,7020.45
5337.50,9037.50,5387.21,7020.34
5350.00,9037.50,5402.01,7020.98
5375.00,9037.50,5426.58,7021.59
5387.50,9037.50,5439.83,7023.05
5762.50,9037.50,5812.71,7017.25
5787.50,9037.50,5839.06,7017.15
5887.50,9037.50,5935.99,7016.47
6137.50,9037.50,6188.07,7013.81
5662.50,9050.00,5712.01,7029.26
5700.00,9050.00,5748.79,7028.88
5712.50,9050.00,5761.86,7029.26
5862.50,9050.00,5911.05,7027.72
5900.00,9050.00,5949.33,7026.93
5912.50,9050.00,5961.39,7028.18
5937.50,9050.00,5986.69,7027.54
6012.50,9050.00,6065.08,7025.72
6037.50,9050.00,6086.53,7026.22
6050.00,9050.00,6098.76,7025.92
6062.50,9050.00,6112.68,7025.45
6087.50,9050.00,6137.36,7025.36
6112.50,9050.00,6160.93,7025.07
6125.00,9050.00,6175.15,7025.10
6137.50,9050.00,6188.20,7024.77
5287.50,9062.50,5338.43,7045.91
5300.00,9062.50,5350.11,7046.88
5325.00,9062.50,5375.35,7047.06
5337.50,9062.50,5387.60,7047.61
5350.00,9062.50,5400.36,7047.33
5375.00,9062.50,5426.88,7047.10
5387.50,9062.50,5439.53,7044.84
5450.00,9062.50,5502.05,7046.08
5487.50,9062.50,5539.78,7047.53
5625.00,9062.50,5674.32,7043.15
5637.50,9062.50,5687.98,7043.14
5662.50,9062.50,5711.75,7043.62
5675.00,9062.50,5724.24,7043.29
5762.50,9062.50,5813.88,7040.86
5787.50,9062.50,5838.48,7042.01
5925.00,9062.50,5973.89,7039.38
5937.50,9062.50,5985.66,7039.57
6075.00,9062.50,6123.82,7038.18
6087.50,9062.50,6136.79,7038.20
6125.00,9062.50,6173.57,7037.62
5000.00,9075.00,5053.31,7061.99
5012.50,9075.00,5066.14,7062.10
5037.50,9075.00,5090.20,7060.27
5050.00,9075.00,5105.30,7060.84
5287.50,9075.00,5338.03,7058.14
5325.00,9075.00,5374.86,7058.62
5337.50,9075.00,5386.88,7058.77
5362.50,9075.00,5411.49,7058.99
5400.00,9075.00,5449.94,7059.19
5487.50,9075.00,5539.05,7057.68
5500.00,9075.00,5553.13,7057.84
5525.00,9075.00,5576.14,7057.79
5537.50,9075.00,5588.44,7057.94
5637.50,9075.00,5688.46,7054.83
5675.00,9075.00,5724.72,7056.79
5037.50,9087.50,5091.05,7076.35
5450.00,9087.50,5503.05,7068.47
5462.50,9087.50,5514.73,7069.59
5600.00,9087.50,5651.42,7068.93
5625.00,9087.50,5675.32,7070.30
5762.50,9087.50,5815.01,7066.54
6125.00,9087.50,6173.55,7061.98
5300.00,9100.00,5351.67,7081.98
5337.50,9100.00,5388.21,7082.95
5362.50,9100.00,5413.09,7084.26
5450.00,9100.00,5502.34,7083.54
5475.00,9100.00,5525.49,7084.00
5487.50,9100.00,5539.01,7084.04
5512.50,9100.00,5563.80,7083.49
5525.00,9100.00,5577.54,7083.15
5562.50,9100.00,5614.75,7083.86
5600.00,9100.00,5651.93,7081.91
5612.50,9100.00,5664.77,7081.48
5637.50,9100.00,5688.92,7081.90
5650.00,9100.00,5702.52,7082.37
5750.00,9100.00,5800.92,7079.31
5012.50,9112.50,5067.09,7099.95
5037.50,9112.50,5090.55,7100.88
5050.00,9112.50,5103.89,7100.31
5075.00,9112.50,5128.68,7100.25
5300.00,9112.50,5350.98,7096.84
5337.50,9112.50,5388.52,7096.49
5375.00,9112.50,5427.19,7096.18
5387.50,9112.50,5440.08,7097.50
5412.50,9112.50,5464.76,7095.40
5425.00,9112.50,5479.14,7095.88
5450.00,9112.50,5501.89,7095.54
5500.00,9112.50,5551.84,7096.70
5525.00,9112.50,5578.45,7094.75
5537.50,9112.50,5592.21,7096.29
5562.50,9112.50,5615.15,7093.99
5575.00,9112.50,5630.29,7096.18
5000.00,9125.00,5052.93,7114.15
5012.50,9125.00,5066.84,7113.64
5037.50,9125.00,5090.67,7112.47
5487.50,9125.00,5539.13,7108.36
5750.00,9125.00,5801.76,7104.22
6050.00,9125.00,6099.67,7100.18
5300.00,9137.50,5352.63,7122.49
5375.00,9137.50,5428.16,7122.02
5387.50,9137.50,5439.94,7122.29
5412.50,9137.50,5464.28,7121.76
5425.00,9137.50,5477.94,7122.28
5450.00,9137.50,5502.21,7121.48
5475.00,9137.50,5527.14,7122.25
5487.50,9137.50,5539.43,7122.25
5512.50,9137.50,5564.13,7121.67
5525.00,9137.50,5578.16,7122.59
5550.00,9137.50,5601.39,7122.70
5562.50,9137.50,5616.76,7118.36
5750.00,9137.50,5801.67,7119.78
5762.50,9137.50,5816.38,7117.89
5787.50,9137.50,5836.67,7117.13
5800.00,9137.50,5850.89,7117.06
5000.00,9150.00,5055.22,7138.81
5012.50,9150.00,5067.46,7136.61
5037.50,9150.00,5093.98,7137.32
5075.00,9150.00,5129.58,7136.28
5112.50,9150.00,5165.18,7139.18
5125.00,9150.00,5180.79,7138.15
5150.00,9150.00,5204.62,7138.09
5162.50,9150.00,5216.95,7138.10
5187.50,9150.00,5241.03,7137.72
5212.50,9150.00,5265.99,7137.13
5225.00,9150.00,5278.29,7136.83
5375.00,9150.00,5427.44,7135.62
5387.50,9150.00,5441.60,7133.70
5462.50,9150.00,5516.41,7132.60
5487.50,9150.00,5540.02,7133.61
5500.00,9150.00,5553.34,7134.36
5525.00,9150.00,5577.91,7132.76
5550.00,9150.00,5599.81,7133.88
5687.50,9150.00,5738.59,7132.01
5750.00,9150.00,5802.05,7130.47
5000.00,9162.50,5053.71,7151.61
5012.50,9162.50,5067.23,7151.20
5037.50,9162.50,5094.28,7149.46
5150.00,9162.50,5205.04,7148.53
5187.50,9162.50,5240.78,7149.59
5237.50,9162.50,5291.53,7150.01
5787.50,9162.50,5837.53,7141.80
5800.00,9162.50,5852.00,7141.53
5825.00,9162.50,5878.00,7140.32
5837.50,9162.50,5891.01,7141.56
5075.00,9175.00,5130.88,7162.19
5162.50,9175.00,5216.51,7160.99
5200.00,9175.00,5254.92,7160.40
5225.00,9175.00,5278.41,7162.29
5487.50,9175.00,5539.76,7159.33
5512.50,9175.00,5563.29,7158.27
5525.00,9175.00,5576.41,7157.34
5600.00,9175.00,5653.00,7157.07
5612.50,9175.00,5665.38,7158.10
5675.00,9175.00,5727.07,7155.73
5700.00,9175.00,5750.49,7157.27
5712.50,9175.00,5764.32,7155.30
5737.50,9175.00,5787.99,7154.92
5750.00,9175.00,5801.43,7155.68
5775.00,9175.00,5824.30,7154.99
5787.50,9175.00,5839.19,7155.50
5800.00,9175.00,5852.38,7155.11
5825.00,9175.00,5877.00,7151.39
5837.50,9175.00,5889.17,7154.04
5000.00,9187.50,5053.27,7175.55
5012.50,9187.50,5068.25,7175.60
5037.50,9187.50,5092.64,7175.00
5112.50,9187.50,5168.15,7173.90
5187.50,9187.50,5240.62,7173.41
5200.00,9187.50,5253.99,7174.52
5225.00,9187.50,5279.50,7174.05
5237.50,9187.50,5291.49,7173.99
5262.50,9187.50,5315.71,7173.80
5487.50,9187.50,5539.63,7169.94
5525.00,9187.50,5574.58,7169.79
5575.00,9187.50,5629.46,7170.48
5600.00,9187.50,5651.58,7169.67
5612.50,9187.50,5665.21,7170.18
5637.50,9187.50,5690.31,7169.88
5650.00,9187.50,5701.64,7170.55
5750.00,9187.50,5801.47,7169.24
5787.50,9187.50,5838.01,7166.57
5187.50,9200.00,5240.11,7186.89
5225.00,9200.00,5279.21,7186.83
5237.50,9200.00,5291.69,7186.07
5675.00,9200.00,5727.06,7178.35
5687.50,9200.00,5740.33,7179.01
5712.50,9200.00,5765.66,7181.03
5725.00,9200.00,5777.89,7180.20
5825.00,9200.00,5877.58,7178.30
6012.50,9200.00,6062.84,7176.16
5550.00,9212.50,5600.29,7193.99
5562.50,9212.50,5613.91,7194.10
5575.00,9212.50,5625.98,7194.25
5600.00,9212.50,5651.37,7193.98
5612.50,9212.50,5665.55,7193.58
5637.50,9212.50,5689.57,7194.44
5675.00,9212.50,5726.52,7193.60
5700.00,9212.50,5751.11,7193.85
5712.50,9212.50,5764.48,7192.77
5725.00,9212.50,5777.99,7193.60
5775.00,9212.50,5825.77,7193.15
5787.50,9212.50,5838.98,7193.12
5800.00,9212.50,5853.10,7192.87
6012.50,9212.50,6064.52,7190.36
5187.50,9225.00,5241.21,7211.38
5200.00,9225.00,5253.45,7211.06
5225.00,9225.00,5279.08,7211.31
5237.50,9225.00,5290.02,7211.77
5262.50,9225.00,5316.35,7212.69
5587.50,9225.00,5638.03,7207.23
5600.00,9225.00,5651.88,7206.94
5637.50,9225.00,5690.07,7208.61
5650.00,9225.00,5703.20,7208.61
5712.50,9225.00,5763.82,7207.11
5725.00,9225.00,5777.12,7206.23
5187.50,9237.50,5240.95,7223.24
5200.00,9237.50,5253.84,7224.87
5262.50,9237.50,5315.94,7226.27
5612.50,9237.50,5665.17,7218.19
5675.00,9237.50,5727.12,7216.77
5687.50,9237.50,5740.27,7217.47
5787.50,9237.50,5839.26,7217.06
5800.00,9237.50,5852.36,7218.29
5225.00,9250.00,5278.38,7235.64
5237.50,9250.00,5291.66,7236.86
5600.00,9250.00,5651.27,7231.11
5625.00,9250.00,5676.14,7231.67
5637.50,9250.00,5689.95,7231.21
5662.50,9250.00,5714.04,7229.94
5675.00,9250.00,5726.57,7230.22
5687.50,9250.00,5740.92,7230.55
5787.50,9250.00,5838.66,7230.00
5825.00,9250.00,5876.03,7229.27
5200.00,9262.50,5254.54,7249.96
5225.00,9262.50,5279.72,7248.54
5237.50,9262.50,5291.33,7249.61
5262.50,9262.50,5315.15,7249.39
5275.00,9262.50,5328.91,7249.11
5350.00,9262.50,5405.95,7248.86
5600.00,9262.50,5651.06,7244.09
5625.00,9262.50,5675.83,7244.26
5637.50,9262.50,5689.84,7243.96
5662.50,9262.50,5713.42,7244.04
5675.00,9262.50,5726.42,7244.25
5575.00,9275.00,5631.50,7253.72
5700.00,9275.00,5750.90,7253.60
5762.50,9275.00,5818.06,7252.40
5787.50,9275.00,5839.60,7252.46
5800.00,9275.00,5852.36,7253.27
6012.50,9275.00,6064.03,7251.07
6050.00,9275.00,6101.71,7250.26
5412.50,9287.50,5465.18,7270.59
5575.00,9287.50,5632.65,7268.50
5600.00,9287.50,5651.24,7269.30
5612.50,9287.50,5664.33,7268.25
5637.50,9287.50,5688.47,7268.94
5662.50,9287.50,5712.65,7266.90
5675.00,9287.50,5728.01,7267.59
5687.50,9287.50,5740.69,7268.17
5712.50,9287.50,5764.67,7267.10
6050.00,9287.50,6100.86,7262.48
5187.50,9300.00,5241.69,7285.67
5612.50,9300.00,5663.36,7281.56
5725.00,9300.00,5777.32,7280.19
5687.50,9312.50,5742.61,7290.46
6062.50,9312.50,6114.63,7288.46
6137.50,9325.00,6190.85,7299.67
5487.50,9337.50,5539.11,7321.01
5750.00,9387.50,5801.94,7366.55
5337.50,9400.00,5391.97,7384.82
2612.50,17562.50,2688.75,15510.44
2687.50,17562.50,2762.80,15509.44
2712.50,17562.50,2788.93,15508.19
2725.00,17562.50,2800.52,15509.15
2800.00,17562.50,2875.63,15508.39
2825.00,17562.50,2900.47,15508.27
2837.50,17562.50,2913.02,15508.43
2875.00,17562.50,2949.85,15507.44
2900.00,17562.50,2974.86,15507.57
2687.50,17575.00,2764.30,15520.24
2712.50,17575.00,2789.16,15520.89
2725.00,17575.00,2800.94,15520.86
2750.00,17575.00,2826.58,15519.52
2762.50,17575.00,2838.52,15520.78
2787.50,17575.00,2863.28,15519.53
2800.00,17575.00,2875.87,15520.32
2825.00,17575.00,2901.39,15519.54
2862.50,17575.00,2937.12,15520.23
2875.00,17575.00,2950.13,15519.15
2900.00,17575.00,2974.79,15519.52
2912.50,17575.00,2987.65,15519.54
2937.50,17575.00,3012.20,15519.31
2950.00,17575.00,3025.23,15518.61
3012.50,17587.50,3086.36,15532.20
2600.00,17600.00,2676.61,15546.42
2612.50,17600.00,2688.97,15546.36
2637.50,17600.00,2713.49,15545.19
2650.00,17600.00,2724.99,15545.75
2687.50,17600.00,2762.28,15545.08
2712.50,17600.00,2787.75,15544.14
2725.00,17600.00,2800.71,15545.39
2750.00,17600.00,2826.48,15544.34
2762.50,17600.00,2838.11,15543.80
2787.50,17600.00,2863.51,15545.23
2800.00,17600.00,2875.73,15544.34
2825.00,17600.00,2900.00,15545.56
2862.50,17600.00,2937.41,15543.43
2875.00,17600.00,2950.05,15545.78
2900.00,17600.00,2975.10,15544.39
2912.50,17600.00,2987.63,15543.73
2937.50,17600.00,3012.81,15544.20
2975.00,17600.00,3050.17,15543.94
3000.00,17600.00,3074.94,15543.91
3012.50,17600.00,3087.07,15544.26
3050.00,17600.00,3124.76,15542.96
3087.50,17600.00,3161.85,15542.97
3100.00,17600.00,3174.48,15542.77
3125.00,17600.00,3198.90,15542.78
3150.00,17600.00,3222.72,15543.09
3162.50,17600.00,3236.22,15542.72
3187.50,17600.00,3261.32,15542.10
3200.00,17600.00,3273.48,15542.38
2600.00,17612.50,2674.00,15557.76
2612.50,17612.50,2687.89,15557.61
2637.50,17612.50,2712.94,15557.59
2650.00,17612.50,2725.30,15556.92
2675.00,17612.50,2749.43,15557.15
2687.50,17612.50,2762.71,15557.73
2712.50,17612.50,2788.01,15556.33
2725.00,17612.50,2800.86,15556.78
2750.00,17612.50,2825.54,15557.12
2762.50,17612.50,2837.41,15557.33
2787.50,17612.50,2861.99,15556.97
2800.00,17612.50,2875.27,15556.92
2825.00,17612.50,2900.85,15556.84
2837.50,17612.50,2912.71,15556.76
2862.50,17612.50,2937.02,15556.20
2875.00,17612.50,2950.07,15556.77
2900.00,17612.50,2974.48,15556.45
2912.50,17612.50,2987.17,15556.53
2937.50,17612.50,3011.34,15557.62
2950.00,17612.50,3025.09,15556.78
2975.00,17612.50,3049.39,15556.26
3012.50,17612.50,3087.13,15556.41
3050.00,17612.50,3124.19,15555.85
3062.50,17612.50,3137.29,15556.01
3087.50,17612.50,3161.97,15555.34
3175.00,17612.50,3248.91,15554.71
3200.00,17612.50,3274.00,15554.65
3125.00,17625.00,3198.87,15566.36
3150.00,17625.00,3221.68,15566.37
3162.50,17625.00,3235.46,15565.93
2600.00,17637.50,2674.95,15581.52
2612.50,17637.50,2688.44,15582.55
2637.50,17637.50,2712.53,15582.05
2650.00,17637.50,2726.25,15581.07
2675.00,17637.50,2749.94,15581.40
2687.50,17637.50,2762.43,15582.46
2712.50,17637.50,2787.97,15581.18
2762.50,17637.50,2838.94,15581.40
2787.50,17637.50,2862.08,15581.76
2800.00,17637.50,2874.94,15581.57
2825.00,17637.50,2899.64,15580.73
2850.00,17637.50,2923.58,15580.34
2862.50,17637.50,2936.43,15581.02
2875.00,17637.50,2949.93,15580.79
2900.00,17637.50,2973.95,15580.55
2912.50,17637.50,2986.75,15580.12
2937.50,17637.50,3012.24,15580.78
2950.00,17637.50,3025.27,15580.65
2975.00,17637.50,3049.31,15579.63
3000.00,17637.50,3074.42,15579.92
3012.50,17637.50,3087.41,15579.84
3050.00,17637.50,3122.93,15579.92
3062.50,17637.50,3137.65,15579.63
3087.50,17637.50,3160.64,15579.93
3112.50,17637.50,3186.48,15579.23
3125.00,17637.50,3197.87,15579.76
3150.00,17637.50,3222.15,15579.01
3162.50,17637.50,3235.30,15579.11
3187.50,17637.50,3260.33,15579.71
3200.00,17637.50,3273.81,15578.61
3212.50,17637.50,3285.65,15579.06
3237.50,17637.50,3310.95,15579.44
2612.50,17650.00,2687.76,15594.32
2637.50,17650.00,2712.35,15594.69
2650.00,17650.00,2725.68,15594.22
2675.00,17650.00,2748.72,15593.97
2687.50,17650.00,2762.15,15594.02
2712.50,17650.00,2786.63,15594.04
2725.00,17650.00,2799.71,15594.34
2750.00,17650.00,2824.45,15593.83
2787.50,17650.00,2861.11,15594.19
2875.00,17650.00,2949.14,15594.03
2900.00,17650.00,2973.68,15594.17
2912.50,17650.00,2987.51,15593.53
3062.50,17650.00,3137.82,15591.47
2600.00,17662.50,2675.28,15607.13
2762.50,17662.50,2837.10,15605.57
2800.00,17662.50,2874.06,15603.51
2825.00,17662.50,2897.89,15605.96
2850.00,17662.50,2921.83,15604.49
2862.50,17662.50,2935.96,15603.99
2937.50,17662.50,3010.68,15603.49
2962.50,17662.50,3035.74,15603.39
2975.00,17662.50,3047.91,15603.39
2987.50,17662.50,3061.98,15603.96
3012.50,17662.50,3087.02,15603.92
3025.00,17662.50,3099.02,15603.51
3050.00,17662.50,3123.42,15603.29
3087.50,17662.50,3160.66,15603.03
3100.00,17662.50,3173.01,15603.38
3125.00,17662.50,3197.95,15604.19
3150.00,17662.50,3222.59,15603.35
3162.50,17662.50,3235.97,15603.40
3187.50,17662.50,3259.89,15603.50
3200.00,17662.50,3272.74,15602.79
3225.00,17662.50,3297.75,15603.28
3237.50,17662.50,3310.15,15603.48
3250.00,17662.50,3323.49,15603.36
3275.00,17662.50,3348.45,15603.03
3300.00,17662.50,3372.70,15602.77
3312.50,17662.50,3385.29,15603.19
3337.50,17662.50,3410.15,15602.98
3375.00,17662.50,3447.23,15602.90
3412.50,17662.50,3484.78,15603.19
3425.00,17662.50,3497.33,15602.80
2600.00,17675.00,2673.93,15618.47
2612.50,17675.00,2686.83,15617.89
2637.50,17675.00,2713.33,15617.81
2662.50,17675.00,2736.74,15618.41
2675.00,17675.00,2749.94,15617.63
2700.00,17675.00,2773.60,15618.16
2712.50,17675.00,2786.68,15618.09
2725.00,17675.00,2799.95,15617.39
2750.00,17675.00,2823.42,15617.42
2762.50,17675.00,2838.05,15616.69
2787.50,17675.00,2861.23,15617.48
2800.00,17675.00,2874.19,15617.88
2825.00,17675.00,2897.80,15617.48
2850.00,17675.00,2922.56,15618.24
2862.50,17675.00,2935.85,15618.01
2875.00,17675.00,2948.92,15617.23
2900.00,17675.00,2973.10,15617.42
2912.50,17675.00,2985.99,15617.23
2937.50,17675.00,3010.63,15616.94
2962.50,17675.00,3035.64,15616.87
2975.00,17675.00,3048.13,15616.54
3000.00,17675.00,3072.98,15616.96
3012.50,17675.00,3085.61,15616.57
3025.00,17675.00,3098.43,15616.84
3050.00,17675.00,3122.37,15617.12
3062.50,17675.00,3135.94,15616.82
3087.50,17675.00,3160.13,15615.40
3112.50,17675.00,3184.97,15616.12
3125.00,17675.00,3198.09,15616.04
3150.00,17675.00,3222.62,15616.33
3162.50,17675.00,3234.27,15616.19
3175.00,17675.00,3247.27,15615.30
3200.00,17675.00,3272.10,15615.43
3212.50,17675.00,3285.19,15615.61
3237.50,17675.00,3309.97,15614.82
3250.00,17675.00,3323.73,15614.97
3275.00,17675.00,3348.26,15615.21
3300.00,17675.00,3372.00,15615.68
3312.50,17675.00,3384.65,15615.84
3325.00,17675.00,3398.64,15615.08
3350.00,17675.00,3422.82,15614.54
3375.00,17675.00,3447.15,15614.84
3387.50,17675.00,3460.28,15615.01
3412.50,17675.00,3484.19,15614.10
3425.00,17675.00,3497.42,15613.60
3450.00,17675.00,3521.82,15614.17
3462.50,17675.00,3534.96,15614.66
3487.50,17675.00,3559.23,15613.87
3500.00,17675.00,3572.53,15614.13
3525.00,17675.00,3596.86,15613.05
3537.50,17675.00,3609.68,15613.82
3562.50,17675.00,3634.39,15614.11
3575.00,17675.00,3645.87,15613.71
3600.00,17675.00,3671.24,15613.95
3612.50,17675.00,3683.45,15613.59
3650.00,17675.00,3720.59,15614.17
2662.50,17687.50,2736.10,15630.77
2675.00,17687.50,2749.40,15629.88
2687.50,17687.50,2761.57,15630.34
2712.50,17687.50,2786.71,15629.59
2737.50,17687.50,2810.73,15630.71
2600.00,17700.00,2674.69,15643.68
2612.50,17700.00,2688.86,15641.51
2637.50,17700.00,2711.26,15643.16
2750.00,17700.00,2823.42,15641.67
2775.00,17700.00,2847.97,15641.02
2787.50,17700.00,2861.46,15641.44
2800.00,17700.00,2873.90,15641.26
2825.00,17700.00,2898.04,15641.38
2850.00,17700.00,2922.25,15641.10
2862.50,17700.00,2935.59,15640.98
2887.50,17700.00,2959.80,15641.08
2900.00,17700.00,2972.89,15641.32
2912.50,17700.00,2986.77,15640.85
2937.50,17700.00,3009.46,15640.66
2962.50,17700.00,3034.51,15641.08
2975.00,17700.00,3047.89,15640.48
3000.00,17700.00,3072.46,15640.69
3012.50,17700.00,3084.90,15640.53
3037.50,17700.00,3109.60,15640.72
3050.00,17700.00,3122.67,15640.21
3075.00,17700.00,3145.98,15640.00
3087.50,17700.00,3159.62,15639.93
3112.50,17700.00,3184.84,15640.51
3125.00,17700.00,3196.80,15640.60
3150.00,17700.00,3221.35,15640.39
3162.50,17700.00,3233.58,15639.00
3187.50,17700.00,3259.69,15640.65
3200.00,17700.00,3272.70,15639.52
3225.00,17700.00,3296.58,15640.66
3237.50,17700.00,3310.26,15640.39
3262.50,17700.00,3334.35,15639.87
3275.00,17700.00,3347.12,15639.20
3300.00,17700.00,3372.77,15639.85
3312.50,17700.00,3383.76,15638.49
3337.50,17700.00,3408.98,15639.19
3350.00,17700.00,3421.50,15640.06
3375.00,17700.00,3446.29,15637.08
3387.50,17700.00,3459.01,15637.64
3412.50,17700.00,3483.65,15638.46
3425.00,17700.00,3495.75,15637.87
3450.00,17700.00,3520.71,15638.50
3462.50,17700.00,3533.82,15639.04
3487.50,17700.00,3558.42,15637.02
3500.00,17700.00,3570.63,15637.87
3525.00,17700.00,3595.62,15637.62
3537.50,17700.00,3607.85,15637.48
3562.50,17700.00,3633.96,15637.99
3575.00,17700.00,3645.64,15637.90
3600.00,17700.00,3671.17,15638.36
3612.50,17700.00,3682.67,15637.96
3637.50,17700.00,3707.69,15637.79
3650.00,17700.00,3719.86,15637.53
3687.50,17700.00,3757.27,15637.20
2600.00,17712.50,2673.56,15654.71
2612.50,17712.50,2687.73,15654.70
2637.50,17712.50,2711.64,15655.18
2662.50,17712.50,2736.49,15654.94
2675.00,17712.50,2748.99,15654.91
2700.00,17712.50,2772.04,15653.98
2712.50,17712.50,2785.73,15654.31
2737.50,17712.50,2810.29,15654.20
2750.00,17712.50,2823.60,15654.46
2775.00,17712.50,2847.28,15654.50
2787.50,17712.50,2859.69,15653.80
2800.00,17712.50,2873.64,15654.62
2825.00,17712.50,2897.49,15654.43
2850.00,17712.50,2923.06,15652.29
2862.50,17712.50,2936.51,15653.99
2887.50,17712.50,2959.75,15653.14
2900.00,17712.50,2972.95,15653.50
2925.00,17712.50,2997.39,15651.51
2937.50,17712.50,3010.08,15652.02
2962.50,17712.50,3034.35,15651.56
2975.00,17712.50,3047.78,15651.55
3000.00,17712.50,3072.12,15650.96
3012.50,17712.50,3085.32,15651.94
3037.50,17712.50,3109.58,15652.14
3050.00,17712.50,3122.26,15651.55
3075.00,17712.50,3146.10,15651.13
3087.50,17712.50,3159.86,15650.79
3112.50,17712.50,3184.40,15651.23
3125.00,17712.50,3196.50,15651.58
3150.00,17712.50,3220.90,15651.27
3162.50,17712.50,3234.85,15651.33
3175.00,17712.50,3247.89,15650.67
3200.00,17712.50,3272.08,15651.28
3225.00,17712.50,3296.72,15651.09
3237.50,17712.50,3310.21,15650.79
3262.50,17712.50,3334.41,15651.13
3275.00,17712.50,3347.69,15650.64
3300.00,17712.50,3371.44,15650.59
3312.50,17712.50,3383.87,15650.62
3350.00,17712.50,3422.07,15651.15
3375.00,17712.50,3445.90,15650.05
3387.50,17712.50,3457.93,15650.13
3450.00,17712.50,3519.07,15650.35
3487.50,17712.50,3557.85,15650.92
3525.00,17712.50,3595.76,15650.52
3537.50,17712.50,3608.58,15650.34
3575.00,17712.50,3644.75,15650.44
3637.50,17712.50,3707.78,15649.85
3650.00,17712.50,3720.23,15650.03
3675.00,17712.50,3746.00,15650.46
3687.50,17712.50,3757.70,15650.40
3712.50,17712.50,3783.63,15650.20
3725.00,17712.50,3795.35,15650.51
2600.00,17725.00,2673.35,15666.99
2825.00,17725.00,2897.64,15665.73
3337.50,17725.00,3406.53,15661.56
3412.50,17725.00,3482.81,15661.63
3425.00,17725.00,3494.70,15662.75
3462.50,17725.00,3531.86,15661.32
3500.00,17725.00,3569.91,15661.22
3562.50,17725.00,3632.28,15661.54
3600.00,17725.00,3669.43,15662.19
3612.50,17725.00,3681.97,15661.13
2625.00,17737.50,2697.35,15679.45
2637.50,17737.50,2710.84,15679.34
2650.00,17737.50,2724.40,15678.58
2675.00,17737.50,2748.35,15678.46
2700.00,17737.50,2772.77,15678.19
2712.50,17737.50,2785.46,15678.44
2737.50,17737.50,2809.97,15678.25
2750.00,17737.50,2823.12,15678.56
2762.50,17737.50,2836.89,15678.58
2787.50,17737.50,2861.54,15677.23
2812.50,17737.50,2885.25,15677.44
2850.00,17737.50,2922.17,15677.06
2862.50,17737.50,2934.48,15677.42
2887.50,17737.50,2959.53,15677.31
2900.00,17737.50,2972.24,15676.72
2912.50,17737.50,2983.62,15675.90
2937.50,17737.50,3010.56,15677.95
2962.50,17737.50,3034.01,15677.23
2975.00,17737.50,3047.00,15677.69
3000.00,17737.50,3072.05,15676.32
3012.50,17737.50,3085.06,15676.49
3037.50,17737.50,3108.26,15675.38
3050.00,17737.50,3120.99,15676.59
3075.00,17737.50,3145.86,15675.79
3087.50,17737.50,3158.47,15676.57
3112.50,17737.50,3183.73,15675.35
3125.00,17737.50,3195.64,15674.53
3150.00,17737.50,3221.29,15675.06
3162.50,17737.50,3232.41,15675.58
3187.50,17737.50,3259.02,15674.40
3200.00,17737.50,3269.81,15675.67
3225.00,17737.50,3296.17,15674.39
3237.50,17737.50,3308.90,15674.52
3262.50,17737.50,3332.43,15674.60
3275.00,17737.50,3344.44,15674.20
3300.00,17737.50,3370.30,15673.31
3337.50,17737.50,3407.07,15673.65
3350.00,17737.50,3419.49,15674.08
3375.00,17737.50,3444.23,15673.69
3387.50,17737.50,3456.58,15673.62
3412.50,17737.50,3481.13,15673.70
3425.00,17737.50,3494.11,15674.01
3450.00,17737.50,3518.56,15673.37
3462.50,17737.50,3530.97,15674.08
3487.50,17737.50,3556.33,15673.92
3500.00,17737.50,3568.83,15674.04
3525.00,17737.50,3594.26,15673.75
3537.50,17737.50,3606.32,15673.21
3562.50,17737.50,3630.64,15673.56
3575.00,17737.50,3644.25,15673.58
3600.00,17737.50,3669.54,15673.68
3612.50,17737.50,3681.52,15673.76
3637.50,17737.50,3707.37,15673.83
3650.00,17737.50,3719.17,15674.12
3675.00,17737.50,3744.49,15674.58
3687.50,17737.50,3757.07,15675.17
3712.50,17737.50,3782.50,15674.93
3725.00,17737.50,3795.16,15675.34
3750.00,17737.50,3820.90,15675.09
2600.00,17750.00,2675.39,15691.75
2625.00,17750.00,2697.47,15691.62
2637.50,17750.00,2710.64,15691.11
2650.00,17750.00,2723.17,15692.39
2675.00,17750.00,2748.22,15691.43
2687.50,17750.00,2760.87,15691.28
2712.50,17750.00,2785.53,15690.41
2725.00,17750.00,2799.74,15690.74
2750.00,17750.00,2823.45,15691.27
2775.00,17750.00,2848.21,15690.70
2787.50,17750.00,2861.61,15690.58
2812.50,17750.00,2884.10,15690.09
2825.00,17750.00,2895.77,15688.95
2850.00,17750.00,2922.11,15688.86
2862.50,17750.00,2933.91,15689.27
2887.50,17750.00,2960.63,15690.10
2900.00,17750.00,2973.24,15689.20
2925.00,17750.00,2995.99,15688.91
2937.50,17750.00,3009.33,15688.32
2962.50,17750.00,3033.49,15688.08
2975.00,17750.00,3046.79,15688.18
3000.00,17750.00,3071.46,15688.07
3012.50,17750.00,3084.02,15688.02
3037.50,17750.00,3108.38,15688.41
3050.00,17750.00,3120.53,15688.47
3075.00,17750.00,3145.52,15688.01
3087.50,17750.00,3157.33,15687.72
3150.00,17750.00,3219.87,15687.69
3162.50,17750.00,3233.57,15687.51
3187.50,17750.00,3258.79,15686.85
3387.50,17750.00,3455.96,15685.92
3412.50,17750.00,3480.74,15686.45
3425.00,17750.00,3493.30,15687.11
3487.50,17750.00,3556.16,15686.97
3500.00,17750.00,3568.63,15686.55
3637.50,17750.00,3707.32,15686.01
3687.50,17750.00,3756.68,15687.28
3712.50,17750.00,3783.57,15687.33
3725.00,17750.00,3795.46,15687.83
3112.50,17762.50,3182.75,15698.68
3125.00,17762.50,3195.16,15699.59
3200.00,17762.50,3269.20,15698.24
3225.00,17762.50,3296.04,15697.95
3237.50,17762.50,3307.89,15697.95
3262.50,17762.50,3332.98,15697.30
3275.00,17762.50,3343.86,15698.12
3300.00,17762.50,3367.40,15697.21
3325.00,17762.50,3393.02,15697.33
3337.50,17762.50,3405.64,15696.73
3350.00,17762.50,3418.19,15697.32
3375.00,17762.50,3442.61,15697.39
3450.00,17762.50,3517.69,15697.26
3475.00,17762.50,3544.13,15697.91
3525.00,17762.50,3593.15,15697.46
3537.50,17762.50,3605.99,15697.75
3562.50,17762.50,3631.04,15697.12
3575.00,17762.50,3643.80,15697.08
3600.00,17762.50,3668.50,15697.52
3612.50,17762.50,3680.91,15697.26
3650.00,17762.50,3719.43,15697.65
3675.00,17762.50,3744.67,15698.97
3762.50,17762.50,3832.43,15698.59
2600.00,17775.00,2673.24,15715.99
2625.00,17775.00,2698.23,15716.32
2637.50,17775.00,2711.32,15716.04
2662.50,17775.00,2734.90,15716.37
2675.00,17775.00,2750.17,15715.97
2687.50,17775.00,2763.55,15715.46
2775.00,17775.00,2847.04,15714.88
2787.50,17775.00,2860.62,15715.11
2800.00,17775.00,2872.65,15714.18
2825.00,17775.00,2898.85,15714.81
2850.00,17775.00,2920.72,15713.78
2862.50,17775.00,2934.70,15713.78
2887.50,17775.00,2958.88,15713.58
2900.00,17775.00,2971.52,15712.10
2925.00,17775.00,2996.24,15712.69
2937.50,17775.00,3008.02,15712.77
2962.50,17775.00,3033.76,15712.52
2975.00,17775.00,3046.63,15712.61
3000.00,17775.00,3071.76,15712.99
3012.50,17775.00,3082.05,15711.52
3037.50,17775.00,3107.27,15711.38
3050.00,17775.00,3120.80,15710.95
3075.00,17775.00,3145.47,15711.45
3087.50,17775.00,3157.05,15711.36
3112.50,17775.00,3181.36,15711.11
3125.00,17775.00,3194.46,15710.84
3150.00,17775.00,3219.37,15711.08
3162.50,17775.00,3235.37,15712.37
3187.50,17775.00,3257.66,15711.03
3200.00,17775.00,3270.22,15710.88
3225.00,17775.00,3294.62,15710.35
3237.50,17775.00,3306.47,15710.70
3262.50,17775.00,3331.83,15710.66
3275.00,17775.00,3343.74,15710.63
3300.00,17775.00,3367.15,15709.68
3325.00,17775.00,3392.16,15710.83
3337.50,17775.00,3405.31,15709.97
3350.00,17775.00,3418.50,15709.45
3375.00,17775.00,3442.19,15709.84
3387.50,17775.00,3455.43,15710.16
3412.50,17775.00,3479.81,15709.82
3425.00,17775.00,3492.99,15710.44
3450.00,17775.00,3517.96,15710.01
3462.50,17775.00,3530.50,15710.98
3487.50,17775.00,3556.48,15711.22
3500.00,17775.00,3568.63,15710.40
3525.00,17775.00,3593.86,15710.13
3537.50,17775.00,3606.18,15709.75
3562.50,17775.00,3630.73,15710.83
3575.00,17775.00,3644.26,15710.83
3600.00,17775.00,3668.55,15710.64
3612.50,17775.00,3680.86,15710.23
3637.50,17775.00,3707.00,15711.03
3650.00,17775.00,3719.37,15711.20
3675.00,17775.00,3745.35,15710.92
3687.50,17775.00,3756.50,15711.77
3712.50,17775.00,3781.62,15711.12
3725.00,17775.00,3795.26,15711.13
3750.00,17775.00,3820.29,15711.63
3762.50,17775.00,3832.96,15711.51
3787.50,17775.00,3857.60,15711.64
2600.00,17787.50,2672.80,15729.62
2612.50,17787.50,2686.10,15729.83
2637.50,17787.50,2710.89,15729.52
2662.50,17787.50,2735.86,15728.17
2675.00,17787.50,2748.73,15728.33
2687.50,17787.50,2765.15,15729.20
2712.50,17787.50,2789.19,15729.86
2725.00,17787.50,2800.25,15730.69
2750.00,17787.50,2823.06,15726.51
2775.00,17787.50,2847.48,15727.08
2787.50,17787.50,2861.40,15727.54
2800.00,17787.50,2872.69,15725.75
2875.00,17787.50,2947.06,15725.77
2900.00,17787.50,2972.29,15725.48
2925.00,17787.50,2996.23,15725.51
2937.50,17787.50,3007.52,15724.61
2962.50,17787.50,3032.14,15725.35
2975.00,17787.50,3044.59,15725.27
3125.00,17787.50,3194.83,15723.73
3150.00,17787.50,3220.28,15722.48
3750.00,17787.50,3820.49,15724.56
3762.50,17787.50,3833.01,15723.60
3787.50,17787.50,3856.59,15724.57
2650.00,17800.00,2724.05,15742.52
2675.00,17800.00,2749.06,15740.19
2862.50,17800.00,2934.46,15738.01
3000.00,17800.00,3070.30,15736.51
3037.50,17800.00,3108.29,15735.78
3050.00,17800.00,3120.05,15736.17
3075.00,17800.00,3144.56,15737.29
3087.50,17800.00,3159.06,15735.31
3112.50,17800.00,3182.62,15735.38
3275.00,17800.00,3342.85,15734.84
3337.50,17800.00,3405.15,15733.91
3350.00,17800.00,3417.55,15733.71
3375.00,17800.00,3442.17,15734.00
3387.50,17800.00,3454.23,15734.13
3412.50,17800.00,3480.67,15734.75
3425.00,17800.00,3492.77,15734.43
3450.00,17800.00,3517.95,15734.30
3462.50,17800.00,3530.51,15734.40
3487.50,17800.00,3555.91,15734.50
3500.00,17800.00,3569.38,15733.82
3525.00,17800.00,3593.72,15735.00
3537.50,17800.00,3606.37,15734.77
3562.50,17800.00,3631.12,15734.61
3587.50,17800.00,3656.01,15735.01
3600.00,17800.00,3668.34,15735.23
3612.50,17800.00,3681.47,15734.85
3637.50,17800.00,3707.36,15734.63
3650.00,17800.00,3718.74,15735.11
3675.00,17800.00,3742.95,15736.00
3687.50,17800.00,3756.47,15734.89
3712.50,17800.00,3781.20,15735.05
3725.00,17800.00,3794.27,15735.48
2600.00,17812.50,2674.49,15753.43
2612.50,17812.50,2687.19,15753.84
2637.50,17812.50,2712.86,15753.46
2687.50,17812.50,2761.12,15753.26
2712.50,17812.50,2786.64,15752.95
2725.00,17812.50,2798.99,15752.92
2750.00,17812.50,2822.28,15750.86
2775.00,17812.50,2848.65,15750.95
2812.50,17812.50,2883.80,15751.59
2825.00,17812.50,2896.58,15751.54
2850.00,17812.50,2920.75,15750.21
2862.50,17812.50,2934.70,15749.76
2900.00,17812.50,2970.45,15750.25
2975.00,17812.50,3044.48,15749.54
3000.00,17812.50,3070.55,15748.60
3037.50,17812.50,3107.49,15748.67
3050.00,17812.50,3119.99,15748.84
3112.50,17812.50,3182.89,15748.48
3125.00,17812.50,3194.66,15747.85
3262.50,17812.50,3329.45,15747.71
3387.50,17812.50,3455.21,15746.21
3412.50,17812.50,3480.46,15746.00
3425.00,17812.50,3492.84,15746.38
3450.00,17812.50,3517.66,15746.79
3462.50,17812.50,3531.21,15747.78
3487.50,17812.50,3555.25,15747.35
3500.00,17812.50,3568.49,15746.74
3525.00,17812.50,3592.93,15747.49
3537.50,17812.50,3606.38,15747.89
3562.50,17812.50,3630.33,15748.14
3575.00,17812.50,3643.61,15747.76
3600.00,17812.50,3668.56,15748.19
3612.50,17812.50,3681.45,15747.94
3637.50,17812.50,3706.28,15747.66
3650.00,17812.50,3719.20,15747.43
3675.00,17812.50,3743.67,15747.46
3687.50,17812.50,3756.32,15747.97
3712.50,17812.50,3781.54,15748.42
3725.00,17812.50,3794.67,15748.60
3750.00,17812.50,3819.74,15748.57
3762.50,17812.50,3832.14,15748.57
3787.50,17812.50,3858.03,15748.53
2600.00,17825.00,2674.34,15766.38
2612.50,17825.00,2687.39,15764.91
2637.50,17825.00,2712.63,15767.02
2675.00,17825.00,2748.34,15765.51
2700.00,17825.00,2772.82,15765.21
2712.50,17825.00,2785.92,15765.26
2725.00,17825.00,2796.98,15763.66
2750.00,17825.00,2823.81,15764.60
2787.50,17825.00,2860.35,15764.16
2812.50,17825.00,2884.34,15762.93
2850.00,17825.00,2921.48,15762.94
2862.50,17825.00,2933.79,15762.68
2875.00,17825.00,2946.63,15762.33
2962.50,17825.00,3032.29,15762.64
3737.50,17825.00,3805.62,15760.63
3750.00,17825.00,3818.34,15761.24
3762.50,17825.00,3831.64,15761.28
3787.50,17825.00,3856.58,15761.18
2762.50,17837.50,2835.43,15775.32
3312.50,17837.50,3381.02,15771.51
3387.50,17837.50,3454.86,15770.73
3412.50,17837.50,3480.00,15772.00
3425.00,17837.50,3493.26,15771.75
3450.00,17837.50,3518.25,15772.05
3462.50,17837.50,3530.74,15771.99
3487.50,17837.50,3555.12,15772.19
3500.00,17837.50,3568.00,15771.72
3525.00,17837.50,3593.01,15772.28
3537.50,17837.50,3606.07,15772.10
3562.50,17837.50,3630.54,15772.29
3575.00,17837.50,3643.90,15771.99
3600.00,17837.50,3668.72,15772.32
3612.50,17837.50,3681.52,15772.05
3637.50,17837.50,3705.15,15772.42
3650.00,17837.50,3719.30,15771.94
3675.00,17837.50,3743.42,15773.00
3700.00,17837.50,3769.42,15773.32
3712.50,17837.50,3781.38,15773.01
2600.00,17850.00,2674.44,15791.77
2625.00,17850.00,2697.68,15790.44
2637.50,17850.00,2711.18,15790.83
2650.00,17850.00,2725.42,15789.58
2675.00,17850.00,2748.42,15789.73
2737.50,17850.00,2809.67,15789.28
2787.50,17850.00,2861.29,15787.98
2850.00,17850.00,2921.41,15787.53
2887.50,17850.00,2959.00,15787.48
3237.50,17850.00,3305.75,15784.78
3300.00,17850.00,3367.62,15784.17
3325.00,17850.00,3392.09,15784.29
3337.50,17850.00,3405.89,15784.08
3350.00,17850.00,3418.48,15783.40
3387.50,17850.00,3455.41,15783.23
3412.50,17850.00,3480.20,15784.81
3437.50,17850.00,3504.87,15785.14
3450.00,17850.00,3518.29,15784.16
3462.50,17850.00,3531.44,15784.13
3487.50,17850.00,3555.73,15783.65
3500.00,17850.00,3568.65,15784.49
3525.00,17850.00,3592.91,15785.18
3537.50,17850.00,3606.10,15785.22
3562.50,17850.00,3630.76,15785.25
3575.00,17850.00,3643.83,15785.02
3600.00,17850.00,3668.29,15784.92
3612.50,17850.00,3681.05,15785.58
3637.50,17850.00,3706.30,15784.23
3650.00,17850.00,3719.25,15784.98
3675.00,17850.00,3744.03,15784.56
3687.50,17850.00,3756.58,15785.17
3712.50,17850.00,3782.10,15786.28
3725.00,17850.00,3794.31,15785.65
3750.00,17850.00,3819.36,15786.13
3762.50,17850.00,3832.39,15785.72
3787.50,17850.00,3856.87,15785.72
2600.00,17862.50,2673.76,15804.28
2612.50,17862.50,2686.24,15803.26
2637.50,17862.50,2711.11,15803.87
2650.00,17862.50,2724.91,15803.66
2675.00,17862.50,2749.11,15802.74
2700.00,17862.50,2772.42,15801.38
2712.50,17862.50,2786.02,15801.81
2725.00,17862.50,2799.61,15802.43
2750.00,17862.50,2823.32,15801.13
2775.00,17862.50,2846.67,15801.88
2787.50,17862.50,2860.43,15802.38
2800.00,17862.50,2876.98,15802.59
2825.00,17862.50,2897.24,15800.08
2887.50,17862.50,2959.18,15799.24
3562.50,17862.50,3630.47,15797.32
3575.00,17862.50,3643.75,15797.62
3762.50,17862.50,3832.56,15796.77
3262.50,17875.00,3330.27,15809.62
3287.50,17875.00,3356.26,15809.39
3300.00,17875.00,3368.08,15809.62
3312.50,17875.00,3381.26,15809.58
3337.50,17875.00,3405.48,15809.75
3350.00,17875.00,3418.65,15809.50
3375.00,17875.00,3443.08,15809.51
3400.00,17875.00,3468.82,15809.13
3412.50,17875.00,3480.23,15809.44
3437.50,17875.00,3506.27,15809.49
3450.00,17875.00,3518.41,15810.19
3462.50,17875.00,3530.97,15809.77
3487.50,17875.00,3556.03,15810.10
3500.00,17875.00,3568.87,15809.66
3525.00,17875.00,3594.43,15810.44
3537.50,17875.00,3606.14,15809.78
3600.00,17875.00,3668.77,15809.99
3612.50,17875.00,3682.47,15810.20
3637.50,17875.00,3706.78,15810.31
3650.00,17875.00,3719.12,15810.10
3675.00,17875.00,3743.53,15809.48
3687.50,17875.00,3756.55,15809.77
3712.50,17875.00,3781.39,15809.97
3725.00,17875.00,3794.94,15810.56
3750.00,17875.00,3820.32,15809.61
3787.50,17875.00,3857.27,15810.49
2600.00,17887.50,2674.37,15828.36
2625.00,17887.50,2699.03,15828.12
2637.50,17887.50,2711.46,15827.84
2650.00,17887.50,2724.88,15827.75
2675.00,17887.50,2749.35,15827.83
2700.00,17887.50,2772.19,15826.84
2712.50,17887.50,2785.95,15827.62
2725.00,17887.50,2799.15,15827.49
2750.00,17887.50,2823.08,15828.17
2787.50,17887.50,2863.01,15826.11
2937.50,17887.50,3009.22,15823.78
3037.50,17887.50,3107.52,15823.51
3162.50,17887.50,3231.58,15822.62
3200.00,17887.50,3268.53,15822.85
3237.50,17887.50,3306.63,15821.86
3275.00,17887.50,3343.67,15821.84
3300.00,17887.50,3367.60,15823.16
3312.50,17887.50,3381.20,15822.78
3337.50,17887.50,3405.25,15822.49
3350.00,17887.50,3418.12,15822.88
3375.00,17887.50,3443.64,15821.33
3387.50,17887.50,3456.39,15822.42
3412.50,17887.50,3481.11,15821.57
3425.00,17887.50,3494.59,15822.67
3450.00,17887.50,3517.83,15821.18
3475.00,17887.50,3543.75,15822.13
3487.50,17887.50,3555.93,15822.03
3500.00,17887.50,3568.90,15822.66
3525.00,17887.50,3594.82,15822.50
3537.50,17887.50,3606.01,15822.01
3562.50,17887.50,3632.13,15823.70
3575.00,17887.50,3644.34,15822.66
3600.00,17887.50,3669.06,15822.49
3612.50,17887.50,3681.90,15822.79
3637.50,17887.50,3705.91,15822.80
3650.00,17887.50,3718.94,15822.90
3675.00,17887.50,3744.61,15822.51
3687.50,17887.50,3756.78,15822.27
3712.50,17887.50,3781.85,15822.58
3725.00,17887.50,3794.13,15823.03
3750.00,17887.50,3819.39,15823.34
3762.50,17887.50,3831.60,15823.18
3787.50,17887.50,3857.48,15822.77
2600.00,17900.00,2673.67,15841.26
2625.00,17900.00,2698.96,15841.92
2637.50,17900.00,2711.25,15840.20
2650.00,17900.00,2723.85,15841.46
2675.00,17900.00,2749.19,15841.33
2700.00,17900.00,2773.80,15841.46
2712.50,17900.00,2786.39,15841.22
2725.00,17900.00,2798.28,15840.40
2750.00,17900.00,2823.77,15840.85
2862.50,17900.00,2934.70,15837.62
2900.00,17900.00,2972.05,15836.55
2925.00,17900.00,2997.13,15837.46
2975.00,17900.00,3046.22,15836.24
3037.50,17900.00,3107.25,15836.17
3350.00,17900.00,3418.60,15835.28
3487.50,17900.00,3556.68,15834.11
3500.00,17900.00,3569.01,15834.31
3525.00,17900.00,3593.99,15834.79
3562.50,17900.00,3631.40,15834.63
3712.50,17900.00,3782.83,15835.37
3750.00,17900.00,3820.24,15835.19
2600.00,17912.50,2674.17,15855.16
2887.50,17912.50,2958.71,15849.48
2937.50,17912.50,3007.99,15850.49
2950.00,17912.50,3021.52,15850.11
3050.00,17912.50,3122.22,15847.81
3075.00,17912.50,3144.91,15847.75
3087.50,17912.50,3158.31,15847.68
3112.50,17912.50,3183.09,15847.37
3125.00,17912.50,3194.44,15848.16
3187.50,17912.50,3257.39,15847.58
3237.50,17912.50,3306.36,15847.15
3262.50,17912.50,3330.55,15847.55
3275.00,17912.50,3343.85,15847.29
3300.00,17912.50,3368.83,15848.06
3312.50,17912.50,3381.41,15846.99
3337.50,17912.50,3405.58,15847.81
3375.00,17912.50,3443.60,15847.24
3387.50,17912.50,3456.53,15847.13
3412.50,17912.50,3481.60,15846.97
3425.00,17912.50,3494.02,15847.23
3450.00,17912.50,3519.04,15847.64
3462.50,17912.50,3531.97,15847.11
3537.50,17912.50,3606.48,15847.54
3575.00,17912.50,3644.20,15847.52
3600.00,17912.50,3669.53,15847.36
3612.50,17912.50,3681.77,15847.48
3637.50,17912.50,3707.24,15847.33
3650.00,17912.50,3720.37,15846.98
3675.00,17912.50,3744.67,15847.51
3687.50,17912.50,3756.52,15847.29
3725.00,17912.50,3794.17,15847.24
3762.50,17912.50,3832.36,15846.70
3787.50,17912.50,3857.11,15846.86
2612.50,17925.00,2687.83,15866.64
2637.50,17925.00,2713.07,15866.41
2650.00,17925.00,2725.53,15866.37
2675.00,17925.00,2749.68,15865.17
2687.50,17925.00,2762.85,15864.90
2850.00,17925.00,2922.41,15864.12
2862.50,17925.00,2935.50,15865.01
2887.50,17925.00,2959.17,15861.93
2900.00,17925.00,2971.78,15861.62
2912.50,17925.00,2983.66,15861.71
2937.50,17925.00,3008.61,15861.29
2962.50,17925.00,3034.42,15861.58
2975.00,17925.00,3047.10,15861.38
3000.00,17925.00,3070.87,15861.74
3012.50,17925.00,3082.86,15861.63
3037.50,17925.00,3109.23,15861.34
3050.00,17925.00,3121.46,15861.28
3075.00,17925.00,3146.48,15861.17
3087.50,17925.00,3158.16,15860.75
3112.50,17925.00,3183.94,15860.90
3125.00,17925.00,3195.79,15860.47
3150.00,17925.00,3219.97,15859.75
3162.50,17925.00,3231.29,15860.94
3187.50,17925.00,3257.00,15860.31
3200.00,17925.00,3269.13,15860.09
3225.00,17925.00,3294.10,15860.72
3237.50,17925.00,3306.03,15860.70
3262.50,17925.00,3331.65,15860.51
3275.00,17925.00,3344.80,15860.14
3300.00,17925.00,3370.04,15859.66
3312.50,17925.00,3381.46,15860.38
3337.50,17925.00,3406.63,15859.74
3362.50,17925.00,3432.30,15860.46
3375.00,17925.00,3444.35,15860.23
3387.50,17925.00,3456.45,15860.93
3412.50,17925.00,3481.57,15860.03
3425.00,17925.00,3493.91,15860.13
3450.00,17925.00,3520.29,15860.29
3462.50,17925.00,3531.40,15860.29
3487.50,17925.00,3556.99,15860.62
3500.00,17925.00,3569.07,15860.17
3525.00,17925.00,3594.57,15860.53
3537.50,17925.00,3606.56,15860.82
3562.50,17925.00,3631.84,15860.90
3575.00,17925.00,3644.59,15860.59
3600.00,17925.00,3669.86,15860.26
3612.50,17925.00,3682.14,15860.65
3637.50,17925.00,3707.81,15859.71
3650.00,17925.00,3720.36,15859.95
3675.00,17925.00,3744.96,15859.83
3687.50,17925.00,3757.13,15860.20
3712.50,17925.00,3782.31,15860.77
3725.00,17925.00,3794.70,15861.12
3750.00,17925.00,3820.36,15860.71
3762.50,17925.00,3832.59,15860.24
3787.50,17925.00,3856.40,15860.46
2600.00,17937.50,2675.27,15880.04
2612.50,17937.50,2688.88,15879.96
2637.50,17937.50,2713.93,15879.32
2850.00,17937.50,2922.39,15875.79
2862.50,17937.50,2933.77,15875.66
2887.50,17937.50,2959.00,15875.24
2900.00,17937.50,2971.67,15875.47
2912.50,17937.50,2984.91,15875.33
2937.50,17937.50,3009.01,15875.41
2962.50,17937.50,3033.68,15874.96
3000.00,17937.50,3071.22,15874.64
3487.50,17937.50,3557.00,15871.90
3500.00,17937.50,3569.38,15872.44
3600.00,17937.50,3669.41,15872.25
2975.00,17950.00,3045.75,15888.18
3012.50,17950.00,3083.23,15888.01
3037.50,17950.00,3109.34,15887.21
3050.00,17950.00,3121.65,15887.87
3075.00,17950.00,3147.13,15885.84
3087.50,17950.00,3158.42,15886.16
3112.50,17950.00,3184.19,15885.96
3125.00,17950.00,3197.77,15884.79
3150.00,17950.00,3220.95,15886.12
3162.50,17950.00,3231.59,15884.85
3187.50,17950.00,3257.74,15884.98
3200.00,17950.00,3270.00,15885.05
3225.00,17950.00,3295.79,15885.08
3237.50,17950.00,3307.10,15884.77
3262.50,17950.00,3332.71,15885.21
3275.00,17950.00,3344.11,15885.25
3300.00,17950.00,3371.04,15885.48
3312.50,17950.00,3381.84,15885.68
3337.50,17950.00,3408.49,15885.15
3350.00,17950.00,3419.58,15885.54
3375.00,17950.00,3446.06,15884.98
3387.50,17950.00,3456.86,15884.86
3412.50,17950.00,3482.57,15884.99
3425.00,17950.00,3494.85,15884.68
3450.00,17950.00,3520.43,15884.88
3462.50,17950.00,3532.13,15885.35
3525.00,17950.00,3595.84,15884.88
3537.50,17950.00,3607.16,15884.97
3562.50,17950.00,3633.71,15884.75
3575.00,17950.00,3644.59,15885.42
3612.50,17950.00,3681.59,15884.88
3637.50,17950.00,3708.35,15884.74
3650.00,17950.00,3719.85,15885.00
3675.00,17950.00,3745.53,15884.76
3687.50,17950.00,3756.99,15884.95
3712.50,17950.00,3782.59,15884.33
3725.00,17950.00,3794.53,15884.63
3750.00,17950.00,3821.05,15884.75
3762.50,17950.00,3831.57,15884.22
3787.50,17950.00,3856.63,15884.63
2637.50,17962.50,2709.97,15901.63
2862.50,17962.50,2935.62,15900.57
2887.50,17962.50,2958.74,15899.68
2900.00,17962.50,2972.50,15900.39
2925.00,17962.50,2996.42,15900.16
2937.50,17962.50,3008.96,15899.62
2962.50,17962.50,3034.29,15900.41
2975.00,17962.50,3046.44,15899.87
3000.00,17962.50,3071.86,15900.13
3012.50,17962.50,3084.41,15899.55
3037.50,17962.50,3109.67,15900.23
3050.00,17962.50,3122.63,15899.36
3075.00,17962.50,3146.77,15898.96
3087.50,17962.50,3159.57,15899.85
3112.50,17962.50,3184.28,15899.35
3125.00,17962.50,3197.60,15898.75
3150.00,17962.50,3221.72,15898.83
3162.50,17962.50,3234.32,15898.29
3187.50,17962.50,3258.51,15898.20
3200.00,17962.50,3270.75,15898.60
3225.00,17962.50,3296.40,15898.77
3237.50,17962.50,3307.99,15898.42
3262.50,17962.50,3333.57,15898.32
3275.00,17962.50,3344.92,15898.44
3300.00,17962.50,3371.22,15898.46
3312.50,17962.50,3383.40,15898.46
3337.50,17962.50,3408.81,15897.07
3350.00,17962.50,3419.31,15898.64
3375.00,17962.50,3445.83,15898.15
3387.50,17962.50,3456.87,15898.46
3412.50,17962.50,3482.97,15897.98
3425.00,17962.50,3495.13,15898.01
3450.00,17962.50,3520.48,15898.24
3462.50,17962.50,3533.14,15898.01
3487.50,17962.50,3558.38,15898.09
3500.00,17962.50,3569.59,15898.64
3525.00,17962.50,3595.14,15897.95
3537.50,17962.50,3607.01,15898.13
3562.50,17962.50,3633.94,15897.85
3575.00,17962.50,3645.96,15898.15
3600.00,17962.50,3669.72,15897.63
3612.50,17962.50,3682.14,15897.89
3637.50,17962.50,3707.08,15897.94
3650.00,17962.50,3719.23,15897.00
3675.00,17962.50,3745.44,15898.33
3687.50,17962.50,3757.37,15897.53
3712.50,17962.50,3782.33,15897.23
3725.00,17962.50,3793.96,15897.59
3750.00,17962.50,3820.76,15897.26
3762.50,17962.50,3832.01,15897.04
3787.50,17962.50,3857.14,15897.34
2862.50,17975.00,2935.45,15912.99
2887.50,17975.00,2959.09,15913.46
2900.00,17975.00,2971.97,15913.48
2925.00,17975.00,2996.62,15913.07
2937.50,17975.00,3010.35,15913.19
2950.00,17975.00,3021.98,15912.84
2975.00,17975.00,3048.35,15912.25
3000.00,17975.00,3072.07,15913.27
3012.50,17975.00,3085.73,15913.22
3025.00,17975.00,3097.02,15913.58
3050.00,17975.00,3123.05,15912.82
3075.00,17975.00,3147.27,15912.53
3087.50,17975.00,3160.00,15912.78
3112.50,17975.00,3185.22,15912.20
3125.00,17975.00,3199.57,15911.98
3212.50,17975.00,3285.36,15912.33
3237.50,17975.00,3308.94,15912.12
3250.00,17975.00,3321.62,15911.56
3275.00,17975.00,3347.63,15910.29
3300.00,17975.00,3371.87,15912.44
3412.50,17975.00,3483.34,15910.29
3425.00,17975.00,3495.93,15910.15
3450.00,17975.00,3521.15,15910.97
3462.50,17975.00,3534.53,15910.53
3575.00,17975.00,3646.07,15910.64
3650.00,17975.00,3719.50,15909.25
3712.50,17975.00,3782.72,15909.79
3150.00,17987.50,3222.74,15923.92
3162.50,17987.50,3235.22,15925.88
3187.50,17987.50,3259.38,15925.75
3200.00,17987.50,3272.13,15925.55
3312.50,17987.50,3384.19,15922.73
3337.50,17987.50,3409.32,15922.43
3350.00,17987.50,3421.70,15923.34
3375.00,17987.50,3446.26,15923.56
3387.50,17987.50,3457.94,15922.91
3487.50,17987.50,3558.48,15922.80
3500.00,17987.50,3569.80,15923.18
3525.00,17987.50,3596.17,15922.12
3537.50,17987.50,3608.42,15922.24
3562.50,17987.50,3633.84,15922.89
3600.00,17987.50,3670.89,15922.19
3612.50,17987.50,3682.51,15923.03
3637.50,17987.50,3708.13,15921.56
3675.00,17987.50,3745.37,15922.15
3687.50,17987.50,3757.30,15921.85
3725.00,17987.50,3794.32,15921.53
3750.00,17987.50,3820.22,15922.09
3762.50,17987.50,3832.04,15922.30
3787.50,17987.50,3857.59,15921.07
2600.00,18000.00,2675.97,15941.77
2612.50,18000.00,2687.84,15942.25
2637.50,18000.00,2712.96,15941.85
2712.50,18000.00,2790.09,15941.88
2787.50,18000.00,2861.55,15940.58
2825.00,18000.00,2900.92,15940.47
2837.50,18000.00,2912.65,15939.90
2862.50,18000.00,2935.85,15938.69
2887.50,18000.00,2959.81,15939.29
2900.00,18000.00,2973.33,15938.83
2925.00,18000.00,2997.11,15939.07
2937.50,18000.00,3010.70,15938.47
2962.50,18000.00,3034.55,15939.61
2975.00,18000.00,3047.94,15938.47
2987.50,18000.00,3061.00,15939.14
3012.50,18000.00,3086.10,15938.10
3037.50,18000.00,3111.02,15937.59
3050.00,18000.00,3123.54,15937.90
3062.50,18000.00,3136.31,15937.87
3087.50,18000.00,3160.45,15937.71
3112.50,18000.00,3185.80,15938.10
3125.00,18000.00,3197.83,15938.19
3137.50,18000.00,3210.53,15936.91
3162.50,18000.00,3235.46,15936.65
3175.00,18000.00,3249.14,15937.52
3200.00,18000.00,3272.54,15938.12
3225.00,18000.00,3297.57,15937.19
3237.50,18000.00,3309.54,15936.47
3262.50,18000.00,3334.30,15936.61
3275.00,18000.00,3347.27,15936.46
3300.00,18000.00,3372.19,15936.38
3312.50,18000.00,3383.65,15936.83
3337.50,18000.00,3409.41,15936.15
3350.00,18000.00,3421.98,15936.24
3375.00,18000.00,3446.60,15936.18
3387.50,18000.00,3458.54,15936.35
3412.50,18000.00,3483.61,15936.87
3425.00,18000.00,3496.04,15936.88
3450.00,18000.00,3521.54,15935.85
3462.50,18000.00,3534.18,15936.33
3487.50,18000.00,3558.79,15936.18
3500.00,18000.00,3570.69,15935.92
3525.00,18000.00,3596.17,15935.51
3537.50,18000.00,3608.35,15935.49
3562.50,18000.00,3633.80,15935.87
3575.00,18000.00,3645.83,15935.59
3600.00,18000.00,3670.85,15933.92
3612.50,18000.00,3683.00,15935.65
3637.50,18000.00,3708.44,15935.29
3650.00,18000.00,3719.98,15935.58
3675.00,18000.00,3746.21,15934.86
3687.50,18000.00,3758.06,15935.25
3712.50,18000.00,3781.45,15933.48
3725.00,18000.00,3794.03,15934.28
3750.00,18000.00,3819.22,15934.09
3762.50,18000.00,3831.77,15934.20
3787.50,18000.00,3856.86,15934.26
2600.00,18012.50,2674.84,15955.04
2612.50,18012.50,2687.93,15954.86
2637.50,18012.50,2713.93,15954.92
2650.00,18012.50,2725.57,15954.55
2675.00,18012.50,2752.64,15954.40
2687.50,18012.50,2763.37,15954.52
2712.50,18012.50,2789.26,15954.48
2725.00,18012.50,2801.78,15954.19
2750.00,18012.50,2825.46,15955.04
2762.50,18012.50,2838.97,15954.29
2787.50,18012.50,2862.15,15953.51
2825.00,18012.50,2900.49,15952.81
2837.50,18012.50,2912.70,15952.09
2862.50,18012.50,2937.90,15950.79
2887.50,18012.50,2957.98,15951.00
2900.00,18012.50,2973.06,15952.04
2912.50,18012.50,2986.28,15951.76
2937.50,18012.50,3010.85,15950.20
2962.50,18012.50,3035.36,15950.60
2975.00,18012.50,3048.59,15950.62
2987.50,18012.50,3061.06,15950.35
3012.50,18012.50,3085.96,15950.56
3050.00,18012.50,3123.48,15950.70
3075.00,18012.50,3147.23,15950.53
3087.50,18012.50,3160.00,15951.03
3125.00,18012.50,3198.18,15950.38
3137.50,18012.50,3211.53,15950.61
3162.50,18012.50,3235.51,15949.75
3175.00,18012.50,3248.08,15950.01
3200.00,18012.50,3272.60,15950.32
3212.50,18012.50,3285.16,15950.15
3237.50,18012.50,3310.64,15950.06
3262.50,18012.50,3334.75,15949.92
3275.00,18012.50,3346.93,15950.06
3287.50,18012.50,3359.36,15949.81
3375.00,18012.50,3447.05,15949.59
3387.50,18012.50,3459.65,15949.04
3412.50,18012.50,3484.43,15949.85
3425.00,18012.50,3495.39,15949.25
3450.00,18012.50,3522.05,15948.82
3462.50,18012.50,3533.00,15948.41
3487.50,18012.50,3558.79,15948.58
3637.50,18012.50,3707.96,15947.01
3725.00,18012.50,3794.95,15946.44
2650.00,18025.00,2725.84,15967.87
2712.50,18025.00,2789.02,15967.45
2762.50,18025.00,2838.29,15967.17
2787.50,18025.00,2863.77,15965.98
3037.50,18025.00,3110.07,15963.21
3112.50,18025.00,3185.82,15961.93
3312.50,18025.00,3385.04,15961.53
3337.50,18025.00,3409.54,15960.29
3350.00,18025.00,3422.57,15962.02
3500.00,18025.00,3570.10,15960.16
3525.00,18025.00,3596.22,15959.74
3537.50,18025.00,3607.33,15960.14
3562.50,18025.00,3633.16,15959.53
3575.00,18025.00,3646.01,15959.55
3600.00,18025.00,3670.29,15959.38
3612.50,18025.00,3683.02,15959.51
3650.00,18025.00,3720.12,15958.83
3675.00,18025.00,3747.01,15958.57
3687.50,18025.00,3758.18,15959.24
3712.50,18025.00,3782.48,15958.38
3750.00,18025.00,3819.89,15958.67
3762.50,18025.00,3832.17,15959.16
3787.50,18025.00,3856.23,15957.63
2600.00,18037.50,2674.52,15978.82
2612.50,18037.50,2688.05,15978.86
2637.50,18037.50,2713.74,15978.95
2675.00,18037.50,2751.79,15978.72
2687.50,18037.50,2763.75,15979.93
2725.00,18037.50,2802.05,15978.81
2862.50,18037.50,2938.44,15976.95
2900.00,18037.50,2976.40,15976.78
2912.50,18037.50,2987.18,15975.12
2937.50,18037.50,3011.07,15976.41
2950.00,18037.50,3023.54,15976.58
2975.00,18037.50,3048.94,15977.32
2987.50,18037.50,3061.88,15976.41
3012.50,18037.50,3086.63,15976.06
3037.50,18037.50,3110.93,15976.43
3050.00,18037.50,3123.97,15976.39
3062.50,18037.50,3135.68,15976.27
3087.50,18037.50,3160.85,15975.18
3112.50,18037.50,3184.87,15975.01
3125.00,18037.50,3198.44,15975.16
3150.00,18037.50,3222.89,15976.25
3162.50,18037.50,3235.56,15975.59
3175.00,18037.50,3248.64,15975.28
3200.00,18037.50,3273.15,15974.27
3225.00,18037.50,3297.10,15973.15
3237.50,18037.50,3310.48,15974.04
3262.50,18037.50,3334.95,15974.10
3275.00,18037.50,3348.12,15975.22
3300.00,18037.50,3372.83,15973.92
3312.50,18037.50,3385.53,15974.09
3337.50,18037.50,3409.13,15973.95
3350.00,18037.50,3423.36,15973.92
3375.00,18037.50,3447.78,15973.70
3387.50,18037.50,3460.32,15973.56
3412.50,18037.50,3484.25,15973.47
3425.00,18037.50,3495.99,15973.00
3450.00,18037.50,3520.46,15973.08
3462.50,18037.50,3533.55,15972.25
3487.50,18037.50,3559.04,15972.43
3500.00,18037.50,3570.23,15973.28
3525.00,18037.50,3596.14,15972.91
3537.50,18037.50,3606.86,15973.12
3562.50,18037.50,3633.11,15972.70
3575.00,18037.50,3645.24,15971.88
3600.00,18037.50,3669.05,15971.93
3612.50,18037.50,3682.29,15971.43
3637.50,18037.50,3707.77,15971.85
3650.00,18037.50,3719.41,15971.32
3675.00,18037.50,3745.49,15971.33
3687.50,18037.50,3758.41,15971.43
3712.50,18037.50,3782.03,15972.36
3725.00,18037.50,3794.30,15972.11
3750.00,18037.50,3819.62,15970.15
3762.50,18037.50,3832.37,15971.43
3787.50,18037.50,3856.63,15970.55
2600.00,18050.00,2676.50,15992.27
2612.50,18050.00,2688.01,15992.49
2637.50,18050.00,2713.77,15992.28
2650.00,18050.00,2725.60,15992.82
2675.00,18050.00,2750.58,15992.66
2687.50,18050.00,2763.60,15992.08
2712.50,18050.00,2789.12,15992.13
2725.00,18050.00,2801.05,15992.18
2762.50,18050.00,2838.39,15992.49
2787.50,18050.00,2864.26,15991.01
2800.00,18050.00,2877.65,15989.94
2825.00,18050.00,2901.92,15989.74
2837.50,18050.00,2913.64,15989.90
2862.50,18050.00,2938.69,15989.45
2875.00,18050.00,2952.46,15988.72
2900.00,18050.00,2973.48,15989.48
2925.00,18050.00,2998.74,15988.39
2937.50,18050.00,3011.87,15988.78
2950.00,18050.00,3024.02,15988.32
2975.00,18050.00,3048.46,15988.43
2987.50,18050.00,3062.39,15988.47
3012.50,18050.00,3085.93,15988.11
3025.00,18050.00,3098.77,15988.06
3050.00,18050.00,3123.62,15988.38
3062.50,18050.00,3135.82,15987.95
3087.50,18050.00,3161.13,15987.92
3112.50,18050.00,3185.33,15987.83
3125.00,18050.00,3197.73,15988.73
3150.00,18050.00,3223.04,15987.62
3162.50,18050.00,3235.37,15987.73
3187.50,18050.00,3260.53,15988.55
3200.00,18050.00,3273.09,15988.00
3212.50,18050.00,3285.57,15987.60
3237.50,18050.00,3310.67,15987.71
3275.00,18050.00,3348.59,15987.53
3312.50,18050.00,3385.08,15986.39
3337.50,18050.00,3409.64,15987.20
3350.00,18050.00,3422.84,15987.51
3362.50,18050.00,3434.98,15986.35
3412.50,18050.00,3483.86,15986.96
3450.00,18050.00,3521.71,15983.93
2600.00,18062.50,2675.01,16004.89
2637.50,18062.50,2714.45,16004.85
2650.00,18062.50,2726.25,16005.25
2687.50,18062.50,2763.61,16005.02
2712.50,18062.50,2789.47,16004.60
2725.00,18062.50,2800.49,16005.89
2750.00,18062.50,2826.84,16005.05
2762.50,18062.50,2838.43,16004.01
2775.00,18062.50,2852.32,16003.26
3262.50,18062.50,3335.62,15999.11
3300.00,18062.50,3371.86,15998.76
3387.50,18062.50,3460.36,15997.39
3462.50,18062.50,3534.02,15996.49
3487.50,18062.50,3558.80,15996.93
3500.00,18062.50,3569.50,15997.16
3525.00,18062.50,3595.87,15996.73
3537.50,18062.50,3606.88,15997.00
3562.50,18062.50,3632.19,15996.83
3575.00,18062.50,3645.67,15996.65
3600.00,18062.50,3670.43,15996.95
3612.50,18062.50,3682.31,15996.96
3637.50,18062.50,3707.69,15996.85
3650.00,18062.50,3719.57,15996.61
3675.00,18062.50,3744.72,15996.61
3687.50,18062.50,3758.37,15994.85
3712.50,18062.50,3782.27,15995.72
3725.00,18062.50,3794.21,15995.71
3750.00,18062.50,3818.76,15996.18
3762.50,18062.50,3831.75,15996.34
3787.50,18062.50,3856.16,15995.65
2612.50,18075.00,2688.47,16016.84
2675.00,18075.00,2752.25,16017.03
2825.00,18075.00,2901.87,16016.20
2837.50,18075.00,2913.78,16016.36
2862.50,18075.00,2938.01,16015.99
2875.00,18075.00,2950.21,16015.02
2912.50,18075.00,2988.41,16014.94
2937.50,18075.00,3012.04,16014.82
2950.00,18075.00,3025.50,16011.95
3050.00,18075.00,3123.54,16012.92
3075.00,18075.00,3146.54,16011.67
3087.50,18075.00,3159.26,16012.82
3112.50,18075.00,3185.25,16012.84
3125.00,18075.00,3199.05,16012.48
3150.00,18075.00,3222.41,16011.30
3162.50,18075.00,3235.98,16011.87
3175.00,18075.00,3248.22,16011.80
3200.00,18075.00,3273.34,16011.45
3212.50,18075.00,3286.51,16011.93
3237.50,18075.00,3310.62,16012.12
3262.50,18075.00,3335.03,16011.46
3275.00,18075.00,3348.34,16011.57
3300.00,18075.00,3372.30,16010.52
3312.50,18075.00,3384.76,16011.13
3337.50,18075.00,3410.02,16011.05
3350.00,18075.00,3422.60,16011.08
3375.00,18075.00,3447.01,16011.17
3387.50,18075.00,3460.61,16010.80
3400.00,18075.00,3475.36,16009.05
3487.50,18075.00,3557.25,16009.59
3500.00,18075.00,3569.17,16008.33
3525.00,18075.00,3594.53,16008.38
3537.50,18075.00,3607.91,16007.68
3562.50,18075.00,3631.75,16008.88
3575.00,18075.00,3644.25,16008.98
3600.00,18075.00,3670.59,16008.93
3612.50,18075.00,3682.27,16009.48
3637.50,18075.00,3707.78,16008.34
3650.00,18075.00,3719.60,16008.27
3675.00,18075.00,3744.52,16008.07
3687.50,18075.00,3756.59,16008.03
3712.50,18075.00,3782.12,16008.12
3725.00,18075.00,3794.13,16007.53
3750.00,18075.00,3819.73,16007.21
3762.50,18075.00,3831.39,16007.55
3787.50,18075.00,3857.05,16007.54
2600.00,18087.50,2676.77,16029.29
2612.50,18087.50,2690.35,16030.03
2637.50,18087.50,2714.63,16030.15
2650.00,18087.50,2726.88,16030.05
2712.50,18087.50,2789.74,16029.66
2725.00,18087.50,2801.99,16030.15
2837.50,18087.50,2913.39,16028.23
2862.50,18087.50,2938.09,16028.34
2875.00,18087.50,2951.36,16028.35
2900.00,18087.50,2975.50,16029.37
2912.50,18087.50,2987.65,16028.09
2937.50,18087.50,3013.96,16025.36
3112.50,18087.50,3184.51,16025.38
3125.00,18087.50,3198.48,16024.62
3150.00,18087.50,3222.21,16025.22
3162.50,18087.50,3235.96,16025.37
3187.50,18087.50,3260.58,16024.85
3200.00,18087.50,3272.95,16025.17
3225.00,18087.50,3297.22,16025.19
3312.50,18087.50,3385.45,16024.36
2600.00,18100.00,2676.76,16042.92
2612.50,18100.00,2688.47,16043.24
3237.50,18100.00,3310.73,16036.22
3262.50,18100.00,3335.79,16034.92
3275.00,18100.00,3348.73,16036.06
3300.00,18100.00,3371.80,16035.04
3337.50,18100.00,3409.32,16035.77
3350.00,18100.00,3421.55,16035.31
3375.00,18100.00,3446.56,16035.27
3387.50,18100.00,3460.17,16034.79
3412.50,18100.00,3483.89,16035.13
3425.00,18100.00,3495.31,16034.51
3487.50,18100.00,3558.98,16034.42
3500.00,18100.00,3570.08,16033.94
3525.00,18100.00,3593.75,16034.07
3537.50,18100.00,3606.94,16033.96
3562.50,18100.00,3632.68,16034.31
3575.00,18100.00,3645.12,16034.01
3600.00,18100.00,3669.76,16034.26
3612.50,18100.00,3682.34,16034.01
3637.50,18100.00,3708.25,16033.83
3650.00,18100.00,3719.72,16033.98
3675.00,18100.00,3744.48,16034.20
3687.50,18100.00,3756.49,16034.00
3712.50,18100.00,3781.23,16033.12
3725.00,18100.00,3794.16,16032.98
3750.00,18100.00,3818.88,16033.24
3762.50,18100.00,3831.60,16032.67
3787.50,18100.00,3857.00,16032.49
2637.50,18112.50,2715.25,16054.15
2725.00,18112.50,2802.50,16053.50
2750.00,18112.50,2826.23,16053.61
2762.50,18112.50,2838.83,16053.90
2800.00,18112.50,2876.76,16053.45
2825.00,18112.50,2901.98,16053.71
2837.50,18112.50,2913.28,16053.35
2912.50,18112.50,2988.82,16048.88
2937.50,18112.50,3013.27,16051.27
2975.00,18112.50,3050.71,16051.39
3075.00,18112.50,3148.13,16050.60
3087.50,18112.50,3160.45,16049.84
3100.00,18112.50,3174.35,16049.64
3125.00,18112.50,3197.98,16049.45
3150.00,18112.50,3222.49,16049.37
3162.50,18112.50,3235.05,16049.29
3175.00,18112.50,3249.33,16051.16
3200.00,18112.50,3273.23,16049.67
3225.00,18112.50,3298.04,16049.96
3237.50,18112.50,3310.60,16049.28
3262.50,18112.50,3335.13,16048.61
3275.00,18112.50,3349.11,16048.46
3287.50,18112.50,3361.69,16048.43
3312.50,18112.50,3384.51,16048.68
3337.50,18112.50,3409.34,16048.04
3350.00,18112.50,3421.99,16048.18
3375.00,18112.50,3446.20,16048.54
3387.50,18112.50,3459.57,16048.41
3412.50,18112.50,3483.76,16046.34
3425.00,18112.50,3496.48,16047.18
3437.50,18112.50,3508.57,16048.15
3462.50,18112.50,3533.48,16049.10
3487.50,18112.50,3559.36,16045.55
3500.00,18112.50,3569.39,16046.44
3525.00,18112.50,3594.84,16045.25
3537.50,18112.50,3607.27,16045.58
3562.50,18112.50,3633.15,16047.22
3575.00,18112.50,3644.52,16046.43
3600.00,18112.50,3670.29,16047.18
3612.50,18112.50,3683.82,16046.22
3637.50,18112.50,3708.61,16046.64
3650.00,18112.50,3721.12,16046.06
3675.00,18112.50,3745.87,16045.40
3687.50,18112.50,3756.90,16045.34
3712.50,18112.50,3781.09,16045.40
3737.50,18112.50,3806.62,16045.62
3750.00,18112.50,3819.09,16045.65
3762.50,18112.50,3831.69,16045.08
3787.50,18112.50,3856.72,16044.74
2600.00,18125.00,2677.77,16067.58
2612.50,18125.00,2689.35,16067.43
2675.00,18125.00,2752.18,16067.68
2762.50,18125.00,2839.04,16067.34
2800.00,18125.00,2875.57,16067.21
2862.50,18125.00,2939.71,16065.02
2912.50,18125.00,2988.80,16065.81
2937.50,18125.00,3013.11,16064.55
2950.00,18125.00,3024.99,16063.04
2975.00,18125.00,3049.41,16063.88
2987.50,18125.00,3063.33,16064.76
3025.00,18125.00,3099.55,16063.70
3050.00,18125.00,3124.09,16063.00
3062.50,18125.00,3137.20,16062.89
3087.50,18125.00,3161.26,16062.94
3100.00,18125.00,3174.12,16062.87
3125.00,18125.00,3198.20,16062.89
3150.00,18125.00,3222.21,16062.62
3162.50,18125.00,3235.92,16062.34
3175.00,18125.00,3249.81,16062.85
3200.00,18125.00,3273.32,16062.45
3225.00,18125.00,3297.32,16063.00
3237.50,18125.00,3311.04,16062.56
3275.00,18125.00,3349.53,16062.21
3012.50,18137.50,3088.09,16075.31
3262.50,18137.50,3334.50,16072.86
3300.00,18137.50,3372.20,16072.64
3312.50,18137.50,3384.37,16072.75
3325.00,18137.50,3396.40,16072.43
3350.00,18137.50,3421.96,16072.46
3375.00,18137.50,3447.18,16072.67
3387.50,18137.50,3459.25,16073.50
3412.50,18137.50,3485.45,16072.16
3425.00,18137.50,3497.60,16072.13
3450.00,18137.50,3521.58,16072.25
3462.50,18137.50,3534.61,16072.29
3487.50,18137.50,3559.40,16071.64
3500.00,18137.50,3573.44,16072.09
3525.00,18137.50,3596.15,16071.97
3537.50,18137.50,3607.71,16071.49
3562.50,18137.50,3633.03,16071.58
3575.00,18137.50,3645.19,16071.30
3600.00,18137.50,3669.97,16071.40
3612.50,18137.50,3682.11,16071.85
3637.50,18137.50,3709.13,16071.72
3650.00,18137.50,3719.87,16070.87
3675.00,18137.50,3745.93,16071.50
3687.50,18137.50,3756.76,16071.12
3712.50,18137.50,3781.79,16070.77
3725.00,18137.50,3794.13,16070.50
3750.00,18137.50,3818.65,16070.68
3762.50,18137.50,3831.91,16070.58
3787.50,18137.50,3856.83,16070.37
2762.50,18150.00,2839.26,16091.31
2862.50,18150.00,2938.71,16088.12
2875.00,18150.00,2951.28,16090.22
2900.00,18150.00,2976.78,16089.05
2912.50,18150.00,2988.63,16089.44
2937.50,18150.00,3011.57,16089.88
2950.00,18150.00,3024.86,16089.25
2975.00,18150.00,3049.94,16087.89
2987.50,18150.00,3063.16,16088.69
3012.50,18150.00,3086.72,16088.16
3037.50,18150.00,3112.08,16087.15
3050.00,18150.00,3123.49,16086.69
3062.50,18150.00,3136.84,16088.70
3087.50,18150.00,3162.46,16087.93
3112.50,18150.00,3185.85,16087.64
3125.00,18150.00,3199.13,16086.73
3150.00,18150.00,3222.75,16086.93
3162.50,18150.00,3235.63,16087.08
3175.00,18150.00,3248.78,16087.30
3200.00,18150.00,3273.17,16086.33
3225.00,18150.00,3297.47,16086.32
3237.50,18150.00,3311.32,16085.86
3262.50,18150.00,3334.54,16086.21
3275.00,18150.00,3348.35,16084.70
3300.00,18150.00,3372.05,16086.07
3312.50,18150.00,3384.47,16085.88
3337.50,18150.00,3409.23,16086.03
3350.00,18150.00,3422.29,16086.00
3375.00,18150.00,3447.06,16086.07
3387.50,18150.00,3460.46,16086.19
3412.50,18150.00,3485.01,16085.07
3425.00,18150.00,3497.72,16083.47
3450.00,18150.00,3522.26,16085.86
3462.50,18150.00,3533.67,16085.65
3487.50,18150.00,3559.37,16083.78
3500.00,18150.00,3572.77,16084.96
3525.00,18150.00,3596.40,16084.43
3537.50,18150.00,3607.16,16084.30
3562.50,18150.00,3633.32,16084.67
3575.00,18150.00,3645.68,16084.12
3600.00,18150.00,3670.88,16084.60
3612.50,18150.00,3683.35,16084.00
3637.50,18150.00,3708.63,16082.17
3650.00,18150.00,3720.28,16082.91
3675.00,18150.00,3745.62,16083.11
3687.50,18150.00,3756.80,16082.38
3712.50,18150.00,3782.23,16082.16
3725.00,18150.00,3795.00,16082.83
3750.00,18150.00,3818.98,16083.35
3762.50,18150.00,3831.55,16082.63
3787.50,18150.00,3856.68,16082.43
2837.50,18162.50,2914.32,16103.00
2875.00,18162.50,2951.72,16101.92
2900.00,18162.50,2974.64,16101.58
2912.50,18162.50,2988.31,16100.93
2937.50,18162.50,3013.84,16101.07
2950.00,18162.50,3025.48,16100.79
2975.00,18162.50,3049.23,16100.76
2987.50,18162.50,3062.64,16100.50
3012.50,18162.50,3086.24,16100.95
3025.00,18162.50,3099.31,16100.61
3050.00,18162.50,3123.84,16100.39
3062.50,18162.50,3136.89,16100.20
3087.50,18162.50,3161.53,16100.11
3112.50,18162.50,3185.94,16099.59
3125.00,18162.50,3199.06,16099.41
3162.50,18162.50,3236.64,16100.03
3275.00,18162.50,3348.72,16098.99
3387.50,18162.50,3460.07,16099.29
3412.50,18162.50,3484.55,16098.57
3425.00,18162.50,3498.18,16098.08
3137.50,18175.00,3212.00,16111.95
3187.50,18175.00,3260.36,16111.94
3200.00,18175.00,3273.61,16112.26
3225.00,18175.00,3297.38,16110.09
3237.50,18175.00,3311.39,16110.63
3250.00,18175.00,3323.25,16110.85
3300.00,18175.00,3372.70,16111.02
3312.50,18175.00,3385.23,16110.14
3337.50,18175.00,3409.91,16110.16
3350.00,18175.00,3421.81,16110.06
3375.00,18175.00,3447.10,16110.86
3450.00,18175.00,3522.02,16110.00
3462.50,18175.00,3535.90,16109.78
3487.50,18175.00,3559.28,16109.73
3500.00,18175.00,3571.90,16109.61
3525.00,18175.00,3596.90,16109.87
3537.50,18175.00,3609.77,16109.65
3562.50,18175.00,3632.77,16109.70
3575.00,18175.00,3645.88,16109.26
3600.00,18175.00,3671.04,16109.44
3612.50,18175.00,3682.06,16109.05
3637.50,18175.00,3708.44,16109.19
3650.00,18175.00,3720.03,16108.22
3675.00,18175.00,3745.04,16108.74
3687.50,18175.00,3758.17,16107.64
3712.50,18175.00,3782.56,16107.83
3725.00,18175.00,3794.89,16108.55
3750.00,18175.00,3820.36,16109.21
3762.50,18175.00,3832.94,16107.44
3787.50,18175.00,3857.54,16107.61
2837.50,18187.50,2913.86,16127.92
2862.50,18187.50,2939.07,16128.03
2875.00,18187.50,2951.11,16127.14
2912.50,18187.50,2988.96,16127.29
2937.50,18187.50,3012.76,16126.58
2950.00,18187.50,3024.92,16126.44
2975.00,18187.50,3050.17,16126.84
2987.50,18187.50,3062.64,16127.08
3012.50,18187.50,3086.79,16126.41
3025.00,18187.50,3099.65,16125.15
3050.00,18187.50,3124.51,16125.67
3062.50,18187.50,3137.85,16124.37
3087.50,18187.50,3161.16,16125.02
3100.00,18187.50,3174.54,16124.88
3125.00,18187.50,3198.42,16124.75
3137.50,18187.50,3212.50,16124.24
3162.50,18187.50,3237.02,16124.32
3175.00,18187.50,3250.07,16124.03
3200.00,18187.50,3273.12,16124.18
3225.00,18187.50,3298.03,16123.90
3237.50,18187.50,3310.13,16123.79
3250.00,18187.50,3324.34,16123.72
3275.00,18187.50,3348.53,16124.23
3300.00,18187.50,3372.44,16123.63
3312.50,18187.50,3386.06,16123.52
3337.50,18187.50,3409.95,16123.30
3350.00,18187.50,3422.90,16123.50
3375.00,18187.50,3447.68,16123.64
3387.50,18187.50,3460.22,16123.28
3412.50,18187.50,3485.21,16123.43
3425.00,18187.50,3498.30,16123.55
3450.00,18187.50,3520.75,16123.63
3462.50,18187.50,3534.99,16122.99
3487.50,18187.50,3559.58,16122.71
3500.00,18187.50,3573.14,16121.75
3525.00,18187.50,3596.98,16123.05
3537.50,18187.50,3608.46,16122.40
3562.50,18187.50,3633.78,16121.89
3575.00,18187.50,3646.16,16122.71
3587.50,18187.50,3659.13,16122.48
3612.50,18187.50,3683.58,16121.25
3637.50,18187.50,3709.08,16121.36
3650.00,18187.50,3720.78,16120.31
3675.00,18187.50,3745.98,16120.66
3687.50,18187.50,3756.79,16119.67
3712.50,18187.50,3783.18,16120.03
3725.00,18187.50,3794.91,16120.28
3750.00,18187.50,3820.63,16120.33
3762.50,18187.50,3832.26,16121.56
3787.50,18187.50,3857.69,16120.32
3837.50,17762.50,3907.55,15698.37
3837.50,17775.00,3907.39,15711.37
3837.50,17800.00,3907.05,15736.31
3875.00,17800.00,3945.95,15735.63
3800.00,17812.50,3869.13,15748.38
3825.00,17812.50,3894.92,15748.44
3837.50,17812.50,3906.63,15748.66
3862.50,17812.50,3931.26,15748.24
3875.00,17812.50,3944.61,15748.44
3825.00,17825.00,3894.33,15760.60
3900.00,17825.00,3970.42,15760.28
3800.00,17837.50,3868.83,15772.24
3837.50,17837.50,3907.03,15772.97
3862.50,17837.50,3932.17,15772.75
3800.00,17850.00,3870.00,15785.26
3825.00,17850.00,3894.00,15785.55
3837.50,17850.00,3906.72,15785.43
3800.00,17875.00,3869.24,15809.86
3825.00,17875.00,3894.63,15809.77
3837.50,17875.00,3907.51,15810.18
3862.50,17875.00,3932.84,15810.60
3875.00,17875.00,3944.02,15810.01
3800.00,17887.50,3869.39,15823.58
3825.00,17887.50,3894.40,15822.56
3837.50,17887.50,3906.92,15823.19
3862.50,17887.50,3931.98,15823.02
3900.00,17887.50,3969.20,15822.71
3800.00,17912.50,3869.29,15846.72
3825.00,17912.50,3893.97,15847.45
3837.50,17912.50,3907.17,15847.35
3862.50,17912.50,3932.24,15847.16
3900.00,17912.50,3969.70,15847.59
3800.00,17925.00,3868.77,15860.57
3825.00,17925.00,3894.13,15860.17
3837.50,17925.00,3907.02,15859.25
3800.00,17950.00,3869.00,15884.48
3825.00,17950.00,3894.56,15884.98
3837.50,17950.00,3906.49,15884.66
3825.00,17962.50,3894.91,15897.74
3825.00,18025.00,3894.88,15959.19
1337.50,18700.00,1418.98,16649.86
1337.50,18712.50,1418.15,16662.41
1362.50,18712.50,1442.21,16662.18
1387.50,18712.50,1465.38,16662.76
1350.00,18737.50,1428.43,16686.22
1362.50,18737.50,1441.78,16685.93
1387.50,18737.50,1465.18,16685.04
1350.00,18750.00,1427.51,16698.36
1362.50,18750.00,1441.64,16698.76
1387.50,18750.00,1465.26,16699.18
1387.50,18762.50,1465.20,16711.99
1362.50,18787.50,1441.39,16736.17
1387.50,18787.50,1465.30,16735.54
1337.50,18812.50,1419.22,16760.16
1387.50,18812.50,1464.96,16760.49
1375.00,18825.00,1455.42,16771.71
1387.50,18862.50,1465.65,16809.16
1362.50,19037.50,1439.67,16981.67
1387.50,19050.00,1464.24,16995.52
1362.50,19075.00,1441.55,17019.25
1362.50,19087.50,1439.91,17033.71
1425.00,18725.00,1503.14,16673.83
1400.00,18750.00,1479.04,16699.73
1425.00,18750.00,1501.72,16699.64
1437.50,18750.00,1516.49,16698.94
1462.50,18750.00,1539.81,16697.90
1475.00,18750.00,1552.67,16698.98
1500.00,18750.00,1578.35,16698.71
1425.00,18762.50,1502.77,16710.16
1437.50,18762.50,1515.96,16710.77
1400.00,18775.00,1478.22,16723.41
1462.50,18775.00,1540.25,16721.84
1475.00,18775.00,1554.44,16723.14
1500.00,18775.00,1578.76,16722.64
1537.50,18775.00,1615.89,16722.79
1612.50,18775.00,1691.13,16720.93
1400.00,18787.50,1477.48,16735.72
1412.50,18787.50,1491.96,16736.04
1437.50,18787.50,1516.73,16735.43
1462.50,18787.50,1541.41,16736.09
1475.00,18787.50,1553.69,16736.18
1487.50,18787.50,1565.87,16734.04
1512.50,18787.50,1590.81,16735.17
1612.50,18787.50,1690.75,16732.90
1925.00,18800.00,2001.86,16740.35
1950.00,18800.00,2026.85,16741.24
1987.50,18800.00,2064.87,16739.55
2037.50,18800.00,2113.66,16739.30
2187.50,18800.00,2263.75,16738.05
2287.50,18800.00,2362.82,16737.22
1400.00,18812.50,1477.82,16760.16
1425.00,18812.50,1503.17,16760.49
1437.50,18812.50,1517.31,16760.02
1450.00,18812.50,1527.19,16760.42
1475.00,18812.50,1554.47,16760.46
2037.50,18812.50,2113.43,16751.07
2112.50,18812.50,2188.74,16751.46
2212.50,18812.50,2287.19,16749.02
1400.00,18825.00,1478.57,16772.64
1412.50,18825.00,1492.43,16773.65
1437.50,18825.00,1516.30,16771.63
1450.00,18825.00,1529.76,16771.40
2025.00,18825.00,2101.40,16762.89
2062.50,18825.00,2137.52,16760.94
2075.00,18825.00,2150.40,16761.29
2100.00,18825.00,2176.19,16762.22
2137.50,18825.00,2212.91,16761.16
2150.00,18825.00,2225.39,16762.44
2175.00,18825.00,2250.16,16760.84
2187.50,18825.00,2262.90,16761.04
2225.00,18825.00,2300.60,16761.57
2250.00,18825.00,2324.59,16760.81
2262.50,18825.00,2337.97,16760.93
2287.50,18825.00,2362.89,16761.41
2300.00,18825.00,2374.98,16760.78
2325.00,18825.00,2399.58,16760.35
2337.50,18825.00,2412.50,16761.08
2362.50,18825.00,2437.69,16761.23
2375.00,18825.00,2449.91,16761.50
2400.00,18825.00,2474.91,16760.96
2062.50,18837.50,2135.98,16774.03
2100.00,18837.50,2174.25,16773.27
2112.50,18837.50,2187.25,16774.88
2137.50,18837.50,2211.64,16774.03
2150.00,18837.50,2225.06,16772.93
2175.00,18837.50,2248.63,16772.70
2187.50,18837.50,2262.50,16773.69
2212.50,18837.50,2287.63,16773.29
2237.50,18837.50,2311.59,16773.54
2250.00,18837.50,2324.04,16771.79
2262.50,18837.50,2337.30,16773.99
2287.50,18837.50,2362.10,16772.50
2300.00,18837.50,2374.22,16771.42
2325.00,18837.50,2400.05,16773.09
2337.50,18837.50,2412.50,16771.87
2362.50,18837.50,2437.72,16772.94
2375.00,18837.50,2449.82,16772.89
2400.00,18837.50,2474.16,16772.29
2475.00,18837.50,2549.41,16772.53
2550.00,18837.50,2624.34,16771.11
1400.00,18850.00,1478.36,16797.43
1425.00,18850.00,1502.14,16797.38
1437.50,18850.00,1516.23,16797.58
1462.50,18850.00,1539.61,16797.72
1400.00,18862.50,1479.06,16809.36
1412.50,18862.50,1490.92,16809.10
1437.50,18862.50,1515.37,16808.78
1462.50,18862.50,1540.30,16808.31
2250.00,18862.50,2323.37,16795.99
2312.50,18862.50,2384.58,16796.63
2325.00,18862.50,2398.13,16796.81
2362.50,18862.50,2435.68,16796.58
2375.00,18862.50,2448.65,16796.71
2400.00,18862.50,2473.16,16795.58
2412.50,18862.50,2486.24,16794.97
2437.50,18862.50,2511.53,16796.36
2450.00,18862.50,2524.29,16795.66
2475.00,18862.50,2548.50,16796.49
2487.50,18862.50,2561.87,16795.54
2512.50,18862.50,2586.14,16796.50
2550.00,18862.50,2623.52,16796.36
2587.50,18862.50,2661.68,16796.52
2325.00,18875.00,2397.92,16807.76
2362.50,18875.00,2435.20,16808.11
2437.50,18875.00,2510.91,16807.86
2450.00,18875.00,2524.33,16808.57
2475.00,18875.00,2548.48,16807.91
2487.50,18875.00,2561.75,16808.38
2512.50,18875.00,2586.45,16808.26
2525.00,18875.00,2599.19,16809.04
2562.50,18875.00,2636.66,16808.61
2587.50,18875.00,2661.72,16808.49
1400.00,18887.50,1479.66,16833.66
1412.50,18887.50,1493.56,16834.21
1437.50,18887.50,1516.45,16833.48
2400.00,18887.50,2472.94,16820.14
2412.50,18887.50,2485.01,16820.77
2550.00,18887.50,2623.59,16819.81
1400.00,18900.00,1480.44,16847.75
2437.50,18900.00,2510.01,16831.79
2450.00,18900.00,2522.50,16832.20
2475.00,18900.00,2548.69,16831.77
2487.50,18900.00,2561.65,16832.59
2512.50,18900.00,2585.40,16833.05
2525.00,18900.00,2598.85,16832.46
2550.00,18900.00,2624.89,16832.46
2562.50,18900.00,2637.43,16832.84
2587.50,18900.00,2661.33,16832.61
2412.50,18912.50,2484.46,16845.13
2437.50,18912.50,2510.60,16845.02
2475.00,18912.50,2549.36,16844.53
2487.50,18912.50,2561.44,16844.92
2512.50,18912.50,2586.11,16845.28
2525.00,18912.50,2599.02,16845.69
2562.50,18912.50,2637.13,16845.93
2587.50,18912.50,2661.74,16845.64
2462.50,18925.00,2535.23,16857.30
2550.00,18925.00,2623.45,16858.63
2437.50,18937.50,2510.36,16868.78
2450.00,18937.50,2522.84,16869.07
2475.00,18937.50,2548.37,16869.70
2487.50,18937.50,2560.81,16869.68
2512.50,18937.50,2585.71,16869.74
2525.00,18937.50,2599.16,16869.54
2550.00,18937.50,2624.00,16870.18
2562.50,18937.50,2636.86,16870.84
2587.50,18937.50,2662.24,16871.06
2500.00,18950.00,2572.21,16882.91
2512.50,18950.00,2585.98,16882.72
2525.00,18950.00,2599.47,16882.64
2550.00,18950.00,2623.74,16883.10
2562.50,18950.00,2636.99,16883.22
2587.50,18950.00,2662.68,16883.22
2450.00,18962.50,2523.24,16895.35
2475.00,18962.50,2548.10,16894.21
2400.00,18975.00,2473.08,16906.23
2437.50,18975.00,2510.60,16906.80
2450.00,18975.00,2522.59,16906.85
2475.00,18975.00,2547.78,16907.11
2500.00,18975.00,2572.86,16908.30
2512.50,18975.00,2586.37,16908.70
2525.00,18975.00,2599.74,16907.81
2550.00,18975.00,2623.88,16907.52
2562.50,18975.00,2637.44,16908.53
2587.50,18975.00,2662.73,16907.24
2437.50,18987.50,2510.75,16919.30
2462.50,18987.50,2535.38,16919.31
2475.00,18987.50,2548.31,16920.05
2487.50,18987.50,2561.54,16919.75
2512.50,18987.50,2586.43,16920.54
2525.00,18987.50,2599.40,16920.30
2550.00,18987.50,2625.02,16920.64
2562.50,18987.50,2638.04,16920.78
2587.50,18987.50,2661.58,16920.15
2387.50,19000.00,2459.91,16932.02
2400.00,19000.00,2472.77,16931.31
2387.50,19012.50,2461.56,16943.63
2400.00,19012.50,2473.17,16944.31
2412.50,19012.50,2486.10,16944.11
2437.50,19012.50,2510.91,16944.19
2450.00,19012.50,2524.43,16944.21
2475.00,19012.50,2548.85,16944.43
2487.50,19012.50,2561.93,16945.41
2512.50,19012.50,2586.78,16944.25
2537.50,19012.50,2612.85,16946.06
2550.00,19012.50,2624.30,16945.33
2562.50,19012.50,2637.30,16946.47
2587.50,19012.50,2662.27,16945.52
2375.00,19025.00,2449.20,16955.79
2400.00,19025.00,2473.50,16957.50
2412.50,19025.00,2486.56,16957.35
2450.00,19025.00,2524.35,16957.64
2475.00,19025.00,2548.64,16957.79
2487.50,19025.00,2562.40,16957.44
2525.00,19025.00,2599.90,16957.61
2550.00,19025.00,2625.04,16958.34
2562.50,19025.00,2637.60,16958.03
1400.00,19037.50,1478.69,16981.97
1412.50,19037.50,1491.43,16982.84
1475.00,19037.50,1554.00,16982.26
2337.50,19037.50,2411.60,16969.78
2362.50,19037.50,2435.80,16970.04
2437.50,19037.50,2512.01,16970.73
2512.50,19037.50,2587.39,16971.20
1400.00,19050.00,1478.11,16995.42
2287.50,19050.00,2360.69,16981.89
2300.00,19050.00,2373.76,16981.79
2325.00,19050.00,2399.31,16981.93
2337.50,19050.00,2410.80,16982.02
2362.50,19050.00,2435.59,16981.90
2375.00,19050.00,2449.30,16982.59
2400.00,19050.00,2473.99,16982.08
2412.50,19050.00,2487.29,16981.89
2437.50,19050.00,2512.34,16982.84
2450.00,19050.00,2524.46,16982.87
2475.00,19050.00,2549.82,16982.71
2487.50,19050.00,2562.37,16982.41
2512.50,19050.00,2588.21,16983.00
2525.00,19050.00,2600.14,16983.89
2550.00,19050.00,2625.79,16983.07
2562.50,19050.00,2637.83,16983.62
2587.50,19050.00,2663.19,16982.66
2237.50,19062.50,2309.98,16995.28
2250.00,19062.50,2323.32,16994.95
2262.50,19062.50,2335.95,16994.93
2287.50,19062.50,2360.87,16995.08
2300.00,19062.50,2374.06,16995.52
2350.00,19062.50,2423.05,16995.09
2362.50,19062.50,2437.21,16995.12
2375.00,19062.50,2449.80,16995.26
2400.00,19062.50,2474.20,16995.18
2425.00,19062.50,2499.31,16995.42
2437.50,19062.50,2512.02,16996.59
2450.00,19062.50,2524.42,16996.48
2475.00,19062.50,2550.06,16994.98
2487.50,19062.50,2562.48,16995.48
2512.50,19062.50,2587.75,16995.66
2525.00,19062.50,2600.71,16995.95
2550.00,19062.50,2625.72,16996.25
2562.50,19062.50,2638.21,16996.52
2587.50,19062.50,2662.15,16995.75
1400.00,19075.00,1478.55,17019.14
1425.00,19075.00,1503.16,17019.03
1437.50,19075.00,1514.99,17018.96
1462.50,19075.00,1539.94,17018.84
1475.00,19075.00,1552.73,17018.63
1487.50,19075.00,1566.91,17017.45
1512.50,19075.00,1590.71,17017.41
1550.00,19075.00,1629.18,17017.80
2062.50,19075.00,2136.11,17009.09
2075.00,19075.00,2149.66,17008.26
2100.00,19075.00,2173.43,17008.65
2325.00,19075.00,2398.51,17007.60
1912.50,19087.50,1987.32,17024.25
1950.00,19087.50,2023.42,17024.36
1962.50,19087.50,2038.08,17022.87
1987.50,19087.50,2061.54,17023.23
2000.00,19087.50,2075.00,17023.11
2025.00,19087.50,2100.40,17022.46
2037.50,19087.50,2112.51,17022.55
2062.50,19087.50,2136.94,17023.08
2075.00,19087.50,2149.71,17022.88
2100.00,19087.50,2173.36,17021.46
2112.50,19087.50,2187.40,17021.26
2137.50,19087.50,2210.94,17021.52
2150.00,19087.50,2224.15,17020.63
2175.00,19087.50,2249.15,17020.42
2200.00,19087.50,2273.44,17020.73
2212.50,19087.50,2286.46,17019.58
2225.00,19087.50,2299.67,17019.72
2250.00,19087.50,2323.80,17020.27
2262.50,19087.50,2336.16,17021.05
2287.50,19087.50,2361.18,17020.12
2300.00,19087.50,2374.91,17020.60
2325.00,19087.50,2399.36,17019.55
2337.50,19087.50,2412.32,17019.81
2362.50,19087.50,2437.82,17021.08
2375.00,19087.50,2450.42,17021.29
2400.00,19087.50,2474.45,17021.79
2412.50,19087.50,2488.08,17021.28
2437.50,19087.50,2512.42,17020.49
2450.00,19087.50,2524.70,17021.46
2475.00,19087.50,2551.79,17021.21
2487.50,19087.50,2563.27,17020.34
2512.50,19087.50,2589.04,17020.17
2525.00,19087.50,2601.28,17020.00
2550.00,19087.50,2625.90,17021.47
1400.00,19100.00,1478.47,17044.51
1437.50,19100.00,1516.31,17044.99
1462.50,19100.00,1540.28,17044.25
1475.00,19100.00,1553.13,17042.78
1512.50,19100.00,1591.28,17042.95
1537.50,19100.00,1616.20,17042.62
1550.00,19100.00,1629.50,17043.10
1700.00,19100.00,1777.46,17040.73
1725.00,19100.00,1801.06,17041.25
1762.50,19100.00,1840.32,17038.68
1775.00,19100.00,1853.87,17039.50
1812.50,19100.00,1888.90,17040.82
1887.50,19100.00,1964.11,17037.66
1912.50,19100.00,1988.56,17037.28
1925.00,19100.00,2000.86,17037.22
1950.00,19100.00,2026.17,17036.40
1962.50,19100.00,2038.52,17036.55
1987.50,19100.00,2062.16,17036.60
2000.00,19100.00,2074.88,17036.79
2025.00,19100.00,2101.06,17035.36
2037.50,19100.00,2112.94,17036.74
2062.50,19100.00,2137.29,17034.94
2075.00,19100.00,2149.92,17034.95
2100.00,19100.00,2174.59,17033.79
2112.50,19100.00,2186.79,17034.55
2137.50,19100.00,2211.69,17033.59
2162.50,19100.00,2236.39,17034.04
2175.00,19100.00,2248.92,17033.77
2200.00,19100.00,2274.59,17033.36
2212.50,19100.00,2286.17,17032.89
2225.00,19100.00,2299.78,17032.97
2250.00,19100.00,2324.22,17032.73
2275.00,19100.00,2349.24,17033.84
2287.50,19100.00,2362.28,17033.82
2300.00,19100.00,2374.72,17032.84
2325.00,19100.00,2400.23,17033.36
2387.50,19100.00,2462.83,17034.35
2400.00,19100.00,2475.93,17034.12
2412.50,19100.00,2487.44,17033.79
2437.50,19100.00,2513.03,17033.92
2450.00,19100.00,2525.61,17033.24
2475.00,19100.00,2551.38,17034.80
2487.50,19100.00,2563.39,17034.05
2512.50,19100.00,2589.08,17033.19
1400.00,19112.50,1479.09,17056.91
1412.50,19112.50,1492.99,17057.60
1437.50,19112.50,1516.99,17056.13
1462.50,19112.50,1540.42,17055.82
1475.00,19112.50,1552.44,17055.80
1500.00,19112.50,1577.63,17056.25
1512.50,19112.50,1590.79,17055.88
1525.00,19112.50,1604.00,17054.71
1550.00,19112.50,1627.80,17056.27
1587.50,19112.50,1667.71,17053.07
1725.00,19112.50,1803.05,17052.13
1737.50,19112.50,1816.27,17051.95
1762.50,19112.50,1840.91,17051.92
1775.00,19112.50,1854.04,17052.28
1850.00,19112.50,1927.16,17052.09
1925.00,19112.50,2000.79,17048.70
2062.50,19112.50,2138.74,17047.76
2337.50,19112.50,2412.91,17046.59
2362.50,19112.50,2438.11,17045.77
1800.00,19125.00,1878.07,17063.75
1812.50,19125.00,1891.57,17063.41
1875.00,19125.00,1952.35,17063.04
1887.50,19125.00,1963.64,17062.42
1912.50,19125.00,1989.58,17062.63
1962.50,19125.00,2038.31,17061.59
1987.50,19125.00,2065.50,17062.22
2000.00,19125.00,2076.03,17062.03
2025.00,19125.00,2102.02,17061.12
2037.50,19125.00,2114.02,17061.23
2075.00,19125.00,2151.14,17060.94
2100.00,19125.00,2176.33,17060.47
2112.50,19125.00,2189.24,17060.19
2137.50,19125.00,2213.97,17060.83
2150.00,19125.00,2225.50,17060.88
2175.00,19125.00,2250.62,17060.43
2187.50,19125.00,2262.53,17060.52
2212.50,19125.00,2288.54,17060.34
2225.00,19125.00,2300.06,17060.01
2250.00,19125.00,2325.03,17059.39
2262.50,19125.00,2337.72,17059.54
2287.50,19125.00,2362.93,17059.77
2300.00,19125.00,2375.14,17060.16
2325.00,19125.00,2400.46,17059.54
2337.50,19125.00,2413.22,17059.63
2362.50,19125.00,2439.00,17059.98
2375.00,19125.00,2450.50,17059.94
2400.00,19125.00,2476.66,17058.63
2412.50,19125.00,2487.67,17059.01
2437.50,19125.00,2514.42,17058.90
2450.00,19125.00,2525.48,17058.38
2475.00,19125.00,2551.84,17059.63
2487.50,19125.00,2563.99,17060.36
1462.50,19137.50,1539.62,17080.43
1475.00,19137.50,1553.80,17079.62
1500.00,19137.50,1577.46,17079.65
1512.50,19137.50,1589.78,17079.82
1537.50,19137.50,1615.28,17080.13
1550.00,19137.50,1627.69,17079.63
1562.50,19137.50,1640.74,17079.31
1587.50,19137.50,1666.20,17079.64
1600.00,19137.50,1677.76,17079.48
1625.00,19137.50,1703.66,17079.28
1662.50,19137.50,1741.33,17079.19
1687.50,19137.50,1765.61,17078.79
1700.00,19137.50,1779.29,17078.01
1725.00,19137.50,1801.76,17078.63
1737.50,19137.50,1815.47,17078.03
1762.50,19137.50,1841.07,17078.67
1775.00,19137.50,1853.85,17077.41
1787.50,19137.50,1868.19,17075.74
1812.50,19137.50,1892.65,17077.32
1825.00,19137.50,1906.28,17074.91
1850.00,19137.50,1928.38,17075.49
1875.00,19137.50,1952.29,17076.11
1887.50,19137.50,1964.78,17075.56
1912.50,19137.50,1989.33,17075.80
1925.00,19137.50,2001.14,17076.89
1950.00,19137.50,2026.66,17075.54
1962.50,19137.50,2038.54,17075.85
1987.50,19137.50,2065.01,17074.69
2000.00,19137.50,2078.17,17074.71
2025.00,19137.50,2102.73,17074.44
2037.50,19137.50,2114.48,17073.94
2062.50,19137.50,2139.44,17074.46
2075.00,19137.50,2151.55,17074.69
2100.00,19137.50,2177.35,17073.05
2112.50,19137.50,2189.61,17073.48
2137.50,19137.50,2215.14,17074.14
2150.00,19137.50,2226.34,17073.34
2175.00,19137.50,2252.03,17073.57
2187.50,19137.50,2263.50,17072.89
2212.50,19137.50,2288.00,17072.64
2225.00,19137.50,2300.86,17070.90
2250.00,19137.50,2325.44,17071.81
2262.50,19137.50,2338.35,17072.49
2287.50,19137.50,2362.94,17071.03
2300.00,19137.50,2376.50,17071.50
2325.00,19137.50,2401.13,17071.16
2337.50,19137.50,2413.50,17071.47
2362.50,19137.50,2439.88,17071.04
2375.00,19137.50,2450.65,17071.18
2400.00,19137.50,2476.78,17072.11
2412.50,19137.50,2488.44,17071.98
2437.50,19137.50,2514.28,17071.27
2450.00,19137.50,2526.29,17071.95
2475.00,19137.50,2552.00,17071.61
2512.50,19137.50,2589.74,17071.48
2550.00,19137.50,2627.29,17070.77
1462.50,19150.00,1540.07,17092.89
1475.00,19150.00,1552.49,17092.88
1500.00,19150.00,1576.70,17092.87
1512.50,19150.00,1588.78,17092.65
1537.50,19150.00,1615.19,17093.10
1550.00,19150.00,1627.60,17091.29
1562.50,19150.00,1640.36,17092.66
1587.50,19150.00,1667.10,17092.29
1600.00,19150.00,1677.47,17092.02
1625.00,19150.00,1702.57,17092.60
1650.00,19150.00,1728.14,17091.54
1662.50,19150.00,1741.49,17091.27
1687.50,19150.00,1764.89,17092.54
1700.00,19150.00,1779.27,17089.47
1725.00,19150.00,1803.19,17091.37
1737.50,19150.00,1816.76,17089.54
1775.00,19150.00,1855.09,17089.15
1912.50,19150.00,1989.71,17088.28
1987.50,19150.00,2065.41,17088.46
1462.50,19162.50,1539.45,17105.32
1475.00,19162.50,1551.97,17106.55
1850.00,19162.50,1927.57,17100.25
1875.00,19162.50,1951.42,17101.55
1887.50,19162.50,1964.20,17100.53
1925.00,19162.50,2002.19,17099.89
1950.00,19162.50,2027.29,17101.62
1962.50,19162.50,2039.99,17100.29
2000.00,19162.50,2077.26,17099.90
2025.00,19162.50,2102.76,17099.10
2037.50,19162.50,2115.57,17099.88
2062.50,19162.50,2140.14,17098.41
2075.00,19162.50,2153.36,17098.64
2100.00,19162.50,2176.94,17098.82
2112.50,19162.50,2188.70,17098.22
2137.50,19162.50,2215.34,17097.93
2150.00,19162.50,2226.96,17097.77
2175.00,19162.50,2252.36,17098.27
2187.50,19162.50,2263.88,17097.88
2212.50,19162.50,2289.47,17097.67
2225.00,19162.50,2301.71,17097.59
2250.00,19162.50,2327.02,17097.69
2262.50,19162.50,2339.45,17097.67
2287.50,19162.50,2364.56,17097.67
2300.00,19162.50,2376.10,17097.19
2325.00,19162.50,2401.12,17097.31
2337.50,19162.50,2413.26,17097.14
2362.50,19162.50,2439.80,17096.91
2375.00,19162.50,2451.84,17096.39
2400.00,19162.50,2476.86,17096.78
2412.50,19162.50,2488.90,17096.69
2437.50,19162.50,2514.95,17097.14
2450.00,19162.50,2526.67,17096.52
2500.00,19162.50,2577.32,17097.09
2537.50,19162.50,2614.14,17097.06
1500.00,19175.00,1576.99,17117.72
1512.50,19175.00,1589.63,17117.42
1537.50,19175.00,1614.97,17116.96
1550.00,19175.00,1627.47,17117.04
1575.00,19175.00,1652.27,17116.61
1587.50,19175.00,1664.90,17116.44
1600.00,19175.00,1679.55,17116.57
1625.00,19175.00,1702.18,17115.62
1637.50,19175.00,1716.71,17114.92
1662.50,19175.00,1740.58,17115.49
1687.50,19175.00,1765.39,17114.56
1700.00,19175.00,1777.88,17114.95
1725.00,19175.00,1802.87,17115.45
1737.50,19175.00,1816.39,17116.11
1750.00,19175.00,1826.95,17116.46
1775.00,19175.00,1854.73,17114.79
1787.50,19175.00,1868.71,17113.44
1812.50,19175.00,1890.72,17114.79
1837.50,19175.00,1915.13,17113.04
1850.00,19175.00,1926.57,17112.68
1875.00,19175.00,1952.48,17113.21
1887.50,19175.00,1964.15,17113.12
1912.50,19175.00,1989.63,17113.53
1925.00,19175.00,2003.12,17113.30
1937.50,19175.00,2014.46,17113.06
1962.50,19175.00,2039.97,17113.14
1987.50,19175.00,2065.21,17112.97
2000.00,19175.00,2077.70,17112.82
2012.50,19175.00,2089.83,17112.76
2037.50,19175.00,2116.13,17112.46
2062.50,19175.00,2140.75,17112.41
2075.00,19175.00,2152.31,17112.14
2100.00,19175.00,2177.72,17112.27
2112.50,19175.00,2190.66,17111.80
2137.50,19175.00,2214.82,17110.59
2150.00,19175.00,2228.59,17110.70
2175.00,19175.00,2252.36,17110.76
2187.50,19175.00,2264.59,17110.32
2212.50,19175.00,2288.85,17110.83
2225.00,19175.00,2301.62,17109.81
2250.00,19175.00,2327.66,17109.59
2262.50,19175.00,2339.08,17109.41
2287.50,19175.00,2365.21,17109.88
2300.00,19175.00,2376.42,17109.44
2325.00,19175.00,2401.26,17109.18
2337.50,19175.00,2414.73,17108.39
2362.50,19175.00,2439.66,17108.93
2375.00,19175.00,2451.95,17109.11
2400.00,19175.00,2476.65,17109.32
2412.50,19175.00,2488.59,17109.26
2437.50,19175.00,2515.13,17108.30
2450.00,19175.00,2527.39,17108.43
2475.00,19175.00,2551.55,17109.01
2487.50,19175.00,2564.12,17108.35
2512.50,19175.00,2589.81,17108.40
2525.00,19175.00,2602.44,17108.91
2550.00,19175.00,2627.41,17108.60
1437.50,19187.50,1516.33,17130.78
1462.50,19187.50,1541.43,17129.73
1475.00,19187.50,1553.96,17129.24
1500.00,19187.50,1577.21,17130.02
1512.50,19187.50,1592.05,17129.06
1537.50,19187.50,1616.12,17128.13
1550.00,19187.50,1627.96,17128.86
1575.00,19187.50,1652.54,17128.77
1587.50,19187.50,1666.59,17127.60
1600.00,19187.50,1679.52,17128.35
1625.00,19187.50,1705.02,17128.64
1637.50,19187.50,1717.20,17129.18
1662.50,19187.50,1739.66,17127.42
1687.50,19187.50,1765.16,17126.86
1700.00,19187.50,1778.40,17126.61
1725.00,19187.50,1802.61,17127.54
1737.50,19187.50,1814.83,17127.38
1775.00,19187.50,1853.58,17127.62
1800.00,19187.50,1878.02,17126.51
1812.50,19187.50,1890.67,17126.17
1850.00,19187.50,1927.25,17126.50
2000.00,19187.50,2078.75,17125.87
1762.50,19200.00,1840.17,17140.28
1837.50,19200.00,1915.77,17137.62
1875.00,19200.00,1953.03,17138.64
1887.50,19200.00,1964.94,17138.56
1912.50,19200.00,1990.35,17137.92
1925.00,19200.00,2003.04,17137.51
1950.00,19200.00,2028.48,17138.54
1962.50,19200.00,2041.42,17136.85
1987.50,19200.00,2065.48,17136.55
2025.00,19200.00,2103.02,17136.73
2037.50,19200.00,2116.21,17136.88
2062.50,19200.00,2140.44,17136.64
2075.00,19200.00,2153.38,17136.46
2087.50,19200.00,2165.09,17136.21
2112.50,19200.00,2191.02,17136.44
2137.50,19200.00,2215.19,17136.19
2150.00,19200.00,2229.35,17135.51
2175.00,19200.00,2252.19,17136.19
2187.50,19200.00,2264.77,17135.96
2212.50,19200.00,2289.84,17135.19
2225.00,19200.00,2302.42,17135.15
2250.00,19200.00,2327.37,17134.90
2262.50,19200.00,2340.56,17135.40
2287.50,19200.00,2364.71,17134.12
2300.00,19200.00,2376.10,17134.39
2325.00,19200.00,2402.31,17133.54
2337.50,19200.00,2413.81,17134.43
2362.50,19200.00,2439.53,17134.91
2375.00,19200.00,2450.73,17133.25
2400.00,19200.00,2475.73,17133.74
2412.50,19200.00,2488.79,17132.69
2437.50,19200.00,2514.99,17134.19
2450.00,19200.00,2526.69,17133.66
2475.00,19200.00,2552.00,17133.98
2487.50,19200.00,2564.61,17133.94
2512.50,19200.00,2589.70,17133.10
2525.00,19200.00,2601.82,17133.18
2550.00,19200.00,2627.41,17132.78
2562.50,19200.00,2639.42,17132.75
1500.00,19212.50,1577.83,17153.97
1512.50,19212.50,1590.74,17154.14
1537.50,19212.50,1616.99,17151.93
1550.00,19212.50,1629.09,17153.69
1575.00,19212.50,1652.34,17153.21
1587.50,19212.50,1665.75,17153.19
1612.50,19212.50,1689.08,17153.01
1625.00,19212.50,1702.23,17152.41
1650.00,19212.50,1726.27,17151.67
1662.50,19212.50,1738.13,17151.22
1687.50,19212.50,1764.54,17150.85
1700.00,19212.50,1776.44,17151.96
1725.00,19212.50,1802.14,17150.79
1737.50,19212.50,1813.81,17150.85
1762.50,19212.50,1839.65,17151.52
1775.00,19212.50,1851.68,17150.89
1800.00,19212.50,1876.94,17151.57
1812.50,19212.50,1890.47,17151.61
1837.50,19212.50,1915.18,17150.54
1850.00,19212.50,1927.57,17150.76
1875.00,19212.50,1953.01,17150.99
1887.50,19212.50,1965.48,17150.65
1912.50,19212.50,1990.33,17150.12
1925.00,19212.50,2003.12,17150.07
1950.00,19212.50,2028.73,17151.17
1962.50,19212.50,2040.86,17149.90
1987.50,19212.50,2065.84,17149.85
2000.00,19212.50,2077.74,17149.35
2025.00,19212.50,2102.63,17149.77
2037.50,19212.50,2116.33,17149.22
2062.50,19212.50,2139.64,17150.20
2075.00,19212.50,2152.30,17149.66
2100.00,19212.50,2178.25,17150.03
2112.50,19212.50,2191.34,17149.79
2137.50,19212.50,2215.34,17149.52
2150.00,19212.50,2228.21,17149.36
2175.00,19212.50,2252.96,17149.42
2187.50,19212.50,2264.55,17148.92
2212.50,19212.50,2288.31,17149.04
2225.00,19212.50,2301.58,17147.21
2250.00,19212.50,2327.63,17147.36
2262.50,19212.50,2339.51,17147.19
2287.50,19212.50,2365.27,17147.15
2300.00,19212.50,2375.72,17146.17
2325.00,19212.50,2402.81,17146.65
2337.50,19212.50,2413.58,17145.95
2362.50,19212.50,2439.46,17146.22
2375.00,19212.50,2451.13,17146.00
2400.00,19212.50,2475.74,17145.84
2412.50,19212.50,2488.29,17145.73
2437.50,19212.50,2514.18,17145.88
2450.00,19212.50,2526.37,17145.50
2475.00,19212.50,2552.71,17145.81
2487.50,19212.50,2564.24,17146.68
2512.50,19212.50,2589.57,17145.42
2525.00,19212.50,2601.42,17145.02
2550.00,19212.50,2626.90,17146.00
2562.50,19212.50,2640.25,17145.20
1575.00,19225.00,1650.73,17164.25
1587.50,19225.00,1663.42,17163.77
1600.00,19225.00,1677.33,17164.24
1625.00,19225.00,1701.24,17164.18
1700.00,19225.00,1776.62,17164.14
1762.50,19225.00,1839.70,17164.07
1775.00,19225.00,1852.19,17164.23
1800.00,19225.00,1876.89,17164.00
1812.50,19225.00,1890.06,17163.74
1837.50,19225.00,1914.83,17164.04
1850.00,19225.00,1927.55,17163.35
1875.00,19225.00,1952.61,17163.68
2075.00,19225.00,2152.60,17162.03
2087.50,19225.00,2167.16,17163.43
2112.50,19225.00,2191.01,17160.25
1650.00,19237.50,1726.17,17175.78
1687.50,19237.50,1764.03,17176.95
1725.00,19237.50,1802.23,17175.63
1737.50,19237.50,1814.32,17176.73
1887.50,19237.50,1966.72,17173.83
1912.50,19237.50,1990.00,17174.98
1925.00,19237.50,2002.91,17174.93
1950.00,19237.50,2027.35,17174.36
1962.50,19237.50,2040.74,17174.14
1987.50,19237.50,2064.99,17174.65
2000.00,19237.50,2076.94,17174.35
2025.00,19237.50,2102.51,17173.65
2037.50,19237.50,2115.55,17174.38
2062.50,19237.50,2139.54,17173.95
2137.50,19237.50,2215.26,17173.36
2150.00,19237.50,2227.56,17173.26
2175.00,19237.50,2252.31,17173.16
2187.50,19237.50,2265.32,17172.84
2212.50,19237.50,2290.17,17172.82
2225.00,19237.50,2301.90,17171.98
2250.00,19237.50,2327.13,17172.54
2262.50,19237.50,2339.56,17172.48
2287.50,19237.50,2364.25,17171.97
2300.00,19237.50,2378.84,17171.48
2325.00,19237.50,2402.34,17170.49
2337.50,19237.50,2413.00,17172.00
2362.50,19237.50,2439.46,17171.63
2375.00,19237.50,2450.64,17171.45
2400.00,19237.50,2476.31,17170.07
2412.50,19237.50,2488.43,17170.26
2437.50,19237.50,2514.41,17170.14
2450.00,19237.50,2526.19,17170.87
2475.00,19237.50,2551.66,17169.45
2487.50,19237.50,2564.32,17170.57
2512.50,19237.50,2587.65,17171.26
2525.00,19237.50,2601.58,17170.20
2550.00,19237.50,2627.48,17169.70
2562.50,19237.50,2639.83,17170.20
2575.00,19237.50,2652.04,17170.27
1575.00,19250.00,1651.88,17190.85
1587.50,19250.00,1663.93,17188.35
1662.50,19250.00,1738.02,17187.48
1687.50,19250.00,1763.07,17187.58
1700.00,19250.00,1775.66,17187.87
1725.00,19250.00,1801.97,17187.84
1737.50,19250.00,1813.52,17187.71
1762.50,19250.00,1838.54,17187.55
1775.00,19250.00,1851.41,17187.77
1800.00,19250.00,1876.88,17187.59
1812.50,19250.00,1889.00,17188.43
1837.50,19250.00,1915.16,17187.69
1850.00,19250.00,1926.04,17187.24
1875.00,19250.00,1952.57,17187.53
1887.50,19250.00,1964.73,17187.45
1912.50,19250.00,1989.86,17187.82
1925.00,19250.00,2002.35,17187.06
1950.00,19250.00,2027.14,17186.86
1962.50,19250.00,2041.22,17186.51
1987.50,19250.00,2064.70,17186.67
2000.00,19250.00,2075.72,17186.88
2025.00,19250.00,2103.20,17185.87
2037.50,19250.00,2114.70,17186.70
2062.50,19250.00,2139.18,17186.67
2075.00,19250.00,2152.05,17185.12
2100.00,19250.00,2177.08,17186.63
2112.50,19250.00,2189.16,17184.75
2137.50,19250.00,2213.88,17185.42
2150.00,19250.00,2226.70,17186.00
2175.00,19250.00,2252.59,17185.33
2187.50,19250.00,2265.27,17184.74
2212.50,19250.00,2289.78,17184.67
2225.00,19250.00,2301.73,17183.68
2250.00,19250.00,2326.88,17185.13
2262.50,19250.00,2338.59,17184.38
2287.50,19250.00,2364.80,17183.63
2300.00,19250.00,2376.52,17183.21
2325.00,19250.00,2401.80,17182.72
2337.50,19250.00,2413.54,17183.31
2375.00,19250.00,2451.30,17182.24
2400.00,19250.00,2476.36,17182.84
2412.50,19250.00,2489.15,17183.02
2437.50,19250.00,2514.09,17183.80
2450.00,19250.00,2526.16,17183.01
2487.50,19250.00,2563.90,17183.11
2512.50,19250.00,2588.83,17182.97
2525.00,19250.00,2600.90,17183.09
2550.00,19250.00,2626.30,17183.31
1800.00,19262.50,1876.32,17200.09
1912.50,19262.50,1988.16,17199.98
2362.50,19262.50,2439.70,17195.00
2475.00,19262.50,2550.61,17195.15
2562.50,19262.50,2639.00,17194.86
1762.50,19275.00,1838.54,17211.40
1775.00,19275.00,1850.56,17211.49
1812.50,19275.00,1887.79,17211.10
1837.50,19275.00,1914.18,17211.58
1850.00,19275.00,1925.56,17211.36
1875.00,19275.00,1952.04,17210.66
1887.50,19275.00,1963.60,17210.87
1925.00,19275.00,2001.68,17211.15
1950.00,19275.00,2027.63,17211.08
1962.50,19275.00,2039.34,17210.16
1987.50,19275.00,2065.02,17210.38
2000.00,19275.00,2077.21,17210.68
2025.00,19275.00,2102.13,17210.55
2037.50,19275.00,2115.34,17210.58
2062.50,19275.00,2138.74,17210.45
2075.00,19275.00,2151.59,17210.21
2100.00,19275.00,2176.00,17209.99
2112.50,19275.00,2188.44,17209.66
2137.50,19275.00,2212.99,17208.77
2150.00,19275.00,2226.23,17209.68
2175.00,19275.00,2252.22,17208.97
2187.50,19275.00,2263.04,17209.82
2212.50,19275.00,2289.29,17209.06
2225.00,19275.00,2301.06,17207.37
2250.00,19275.00,2326.45,17208.36
2262.50,19275.00,2339.20,17207.76
2287.50,19275.00,2364.03,17207.18
2300.00,19275.00,2377.28,17207.21
2325.00,19275.00,2401.29,17208.42
2337.50,19275.00,2412.73,17207.22
2362.50,19275.00,2437.43,17206.98
2375.00,19275.00,2450.21,17206.97
2400.00,19275.00,2474.77,17206.81
2412.50,19275.00,2487.74,17206.46
2437.50,19275.00,2513.21,17207.02
2450.00,19275.00,2525.43,17207.22
2475.00,19275.00,2551.35,17206.13
2487.50,19275.00,2562.06,17206.09
2512.50,19275.00,2589.29,17207.34
2525.00,19275.00,2601.01,17206.92
2537.50,19275.00,2614.80,17206.31
2562.50,19275.00,2638.76,17206.78
2575.00,19275.00,2652.30,17206.54
1750.00,19287.50,1825.42,17224.06
1762.50,19287.50,1838.16,17224.49
1775.00,19287.50,1850.14,17224.42
1800.00,19287.50,1876.31,17224.33
1812.50,19287.50,1888.21,17223.63
1837.50,19287.50,1913.56,17223.82
1850.00,19287.50,1925.19,17224.00
1875.00,19287.50,1951.68,17223.59
1887.50,19287.50,1963.42,17223.68
1912.50,19287.50,1988.28,17223.06
1925.00,19287.50,2000.73,17223.82
1950.00,19287.50,2027.10,17224.49
1962.50,19287.50,2039.15,17223.11
1987.50,19287.50,2064.60,17222.31
2000.00,19287.50,2076.71,17223.69
2025.00,19287.50,2100.16,17222.92
2037.50,19287.50,2113.57,17222.10
2062.50,19287.50,2137.79,17221.36
2075.00,19287.50,2151.72,17221.19
2100.00,19287.50,2175.07,17221.78
2112.50,19287.50,2188.76,17221.48
2137.50,19287.50,2213.60,17221.14
2150.00,19287.50,2226.02,17221.54
2175.00,19287.50,2251.26,17220.74
2187.50,19287.50,2262.79,17219.96
2212.50,19287.50,2288.66,17220.39
2225.00,19287.50,2301.13,17220.22
2250.00,19287.50,2327.40,17220.52
2262.50,19287.50,2338.90,17220.20
2287.50,19287.50,2364.52,17219.64
2300.00,19287.50,2377.73,17219.73
2325.00,19287.50,2400.97,17220.36
2487.50,19287.50,2562.80,17217.68
2512.50,19287.50,2588.21,17218.87
2537.50,19287.50,2614.67,17219.77
2350.00,19300.00,2425.30,17231.47
2362.50,19300.00,2438.08,17231.03
2375.00,19300.00,2450.88,17231.72
2400.00,19300.00,2476.54,17230.74
2412.50,19300.00,2488.11,17230.84
2437.50,19300.00,2512.89,17230.60
2450.00,19300.00,2525.58,17230.08
2475.00,19300.00,2550.82,17230.07
2525.00,19300.00,2600.12,17229.72
2562.50,19300.00,2638.14,17228.83
2587.50,19300.00,2661.97,17228.94
1800.00,19312.50,1875.61,17248.00
1812.50,19312.50,1887.70,17248.34
1850.00,19312.50,1924.90,17248.24
1875.00,19312.50,1951.75,17248.02
1887.50,19312.50,1963.70,17247.93
1912.50,19312.50,1989.06,17248.21
1925.00,19312.50,2001.63,17248.13
1950.00,19312.50,2025.33,17247.92
1962.50,19312.50,2038.11,17247.59
1987.50,19312.50,2063.05,17246.67
2000.00,19312.50,2076.05,17247.06
2025.00,19312.50,2100.36,17247.19
2037.50,19312.50,2112.50,17245.93
2062.50,19312.50,2138.43,17246.40
2075.00,19312.50,2150.95,17246.21
2100.00,19312.50,2176.15,17247.20
2112.50,19312.50,2187.67,17246.59
2137.50,19312.50,2213.90,17246.64
2150.00,19312.50,2225.90,17246.59
2175.00,19312.50,2251.31,17246.61
2187.50,19312.50,2266.89,17247.60
2212.50,19312.50,2288.22,17245.41
2225.00,19312.50,2299.48,17244.09
2250.00,19312.50,2324.70,17244.32
2262.50,19312.50,2338.87,17243.96
2287.50,19312.50,2363.27,17243.43
2300.00,19312.50,2376.46,17243.95
2325.00,19312.50,2401.08,17246.07
2350.00,19312.50,2425.42,17243.64
2362.50,19312.50,2437.00,17243.63
2375.00,19312.50,2449.75,17243.08
2400.00,19312.50,2475.16,17243.64
2412.50,19312.50,2488.38,17243.84
2437.50,19312.50,2512.95,17243.46
2450.00,19312.50,2524.85,17243.35
2475.00,19312.50,2549.40,17243.01
2500.00,19312.50,2573.55,17243.34
2512.50,19312.50,2585.85,17242.91
2525.00,19312.50,2601.18,17242.59
2550.00,19312.50,2625.95,17242.32
2562.50,19312.50,2640.32,17242.67
2587.50,19312.50,2663.60,17241.72
1775.00,19325.00,1850.95,17260.40
1800.00,19325.00,1875.75,17260.49
1875.00,19325.00,1951.18,17258.97
1887.50,19325.00,1963.65,17260.14
1912.50,19325.00,1988.09,17260.53
1950.00,19325.00,2025.51,17258.95
1962.50,19325.00,2038.98,17259.65
1987.50,19325.00,2063.05,17259.01
2000.00,19325.00,2075.28,17259.41
2025.00,19325.00,2099.66,17258.14
2037.50,19325.00,2112.60,17257.99
2062.50,19325.00,2139.14,17258.07
2075.00,19325.00,2150.21,17258.14
2100.00,19325.00,2175.23,17258.70
2112.50,19325.00,2188.00,17258.12
2150.00,19325.00,2225.30,17258.00
2175.00,19325.00,2249.30,17259.30
2187.50,19325.00,2264.31,17258.16
2262.50,19325.00,2338.11,17257.42
2287.50,19325.00,2362.17,17258.12
2137.50,19337.50,2213.06,17269.73
2212.50,19337.50,2288.36,17268.67
2225.00,19337.50,2300.84,17268.64
2250.00,19337.50,2326.77,17267.60
2300.00,19337.50,2375.97,17268.53
2325.00,19337.50,2400.45,17267.39
2350.00,19337.50,2424.29,17267.06
2362.50,19337.50,2435.92,17266.88
2375.00,19337.50,2449.90,17266.84
2400.00,19337.50,2475.75,17267.00
2412.50,19337.50,2487.83,17267.38
2437.50,19337.50,2512.02,17266.43
2450.00,19337.50,2524.42,17266.99
2475.00,19337.50,2548.78,17266.67
2487.50,19337.50,2561.81,17265.75
2512.50,19337.50,2586.18,17265.24
2525.00,19337.50,2599.62,17266.56
2550.00,19337.50,2623.59,17266.91
2562.50,19337.50,2637.89,17265.73
2587.50,19337.50,2660.99,17265.98
1737.50,19350.00,1814.62,17286.18
1775.00,19350.00,1851.01,17285.74
1800.00,19350.00,1875.59,17286.19
1887.50,19350.00,1963.35,17283.87
1912.50,19350.00,1988.37,17284.15
1925.00,19350.00,2000.45,17284.53
1950.00,19350.00,2025.91,17283.27
1962.50,19350.00,2038.46,17282.85
1987.50,19350.00,2063.60,17282.90
2025.00,19350.00,2100.44,17283.45
2037.50,19350.00,2113.30,17283.34
2075.00,19350.00,2149.67,17282.46
2100.00,19350.00,2174.35,17281.51
2112.50,19350.00,2186.82,17281.78
2137.50,19350.00,2212.63,17281.51
2150.00,19350.00,2225.85,17281.89
2175.00,19350.00,2249.24,17281.68
2187.50,19350.00,2262.13,17280.71
2212.50,19350.00,2287.01,17281.08
2237.50,19350.00,2313.35,17281.20
2250.00,19350.00,2324.97,17281.36
2262.50,19350.00,2337.13,17281.56
2287.50,19350.00,2361.63,17280.67
2300.00,19350.00,2374.44,17280.14
2325.00,19350.00,2399.18,17280.75
2337.50,19350.00,2412.48,17280.59
2362.50,19350.00,2436.79,17280.42
2387.50,19350.00,2461.91,17279.86
2400.00,19350.00,2476.37,17279.28
2412.50,19350.00,2487.83,17280.71
2437.50,19350.00,2512.61,17280.85
2450.00,19350.00,2525.14,17278.37
2475.00,19350.00,2548.30,17279.38
2487.50,19350.00,2561.36,17277.97
2512.50,19350.00,2585.92,17277.88
2537.50,19350.00,2609.89,17278.50
2550.00,19350.00,2623.84,17278.65
2562.50,19350.00,2637.14,17279.19
2587.50,19350.00,2660.56,17277.84
1800.00,19362.50,1876.33,17297.30
1987.50,19362.50,2064.09,17295.29
2012.50,19362.50,2087.29,17295.68
2025.00,19362.50,2099.63,17295.61
2037.50,19362.50,2113.67,17295.67
2075.00,19362.50,2149.94,17295.10
2100.00,19362.50,2174.59,17294.55
2125.00,19362.50,2199.73,17294.89
2137.50,19362.50,2211.67,17295.03
2212.50,19375.00,2287.62,17304.64
2225.00,19375.00,2298.97,17305.51
2250.00,19375.00,2323.83,17305.25
2262.50,19375.00,2337.12,17304.69
2287.50,19375.00,2361.46,17304.53
2337.50,19375.00,2411.17,17304.46
2362.50,19375.00,2436.77,17304.35
2387.50,19375.00,2460.23,17304.22
2400.00,19375.00,2473.47,17303.20
2412.50,19375.00,2487.49,17303.69
2437.50,19375.00,2512.42,17302.50
2450.00,19375.00,2523.69,17303.63
2512.50,19375.00,2586.65,17303.00
2537.50,19375.00,2610.12,17303.64
2550.00,19375.00,2623.10,17303.04
2562.50,19375.00,2636.25,17302.78
2587.50,19375.00,2660.42,17303.35
2150.00,19387.50,2224.75,17318.05
2175.00,19387.50,2249.19,17318.53
2187.50,19387.50,2262.52,17318.34
2212.50,19387.50,2287.90,17317.02
2225.00,19387.50,2298.72,17318.22
2262.50,19387.50,2337.10,17317.30
2287.50,19387.50,2361.19,17317.27
2300.00,19387.50,2373.97,17316.73
2362.50,19387.50,2437.51,17315.63
2437.50,19387.50,2510.72,17315.42
2450.00,19387.50,2523.19,17315.30
2512.50,19387.50,2586.02,17314.71
2537.50,19387.50,2610.15,17314.82
2550.00,19387.50,2622.59,17315.38
2562.50,19387.50,2636.17,17315.05
2587.50,19387.50,2660.96,17314.95
3600.00,18612.50,3672.33,16543.59
3562.50,18625.00,3636.03,16554.49
3575.00,18625.00,3649.95,16555.02
3712.50,18625.00,3784.62,16554.34
3525.00,18637.50,3599.14,16568.50
3562.50,18637.50,3636.01,16568.22
3587.50,18637.50,3659.17,16568.08
3600.00,18637.50,3671.40,16568.25
3625.00,18637.50,3696.12,16568.80
3637.50,18637.50,3711.09,16566.80
3650.00,18637.50,3722.22,16566.94
3675.00,18637.50,3746.74,16566.13
3712.50,18637.50,3784.06,16566.16
3600.00,18650.00,3671.75,16579.53
3562.50,18662.50,3634.80,16591.12
3587.50,18662.50,3658.43,16592.16
3625.00,18662.50,3694.41,16591.98
3637.50,18662.50,3708.21,16591.12
3662.50,18662.50,3732.44,16589.47
3675.00,18662.50,3745.33,16590.90
3700.00,18662.50,3771.91,16591.99
3712.50,18662.50,3783.03,16591.69
3737.50,18662.50,3807.42,16587.42
3750.00,18662.50,3822.35,16588.35
3300.00,18675.00,3374.85,16607.74
3312.50,18675.00,3387.56,16607.48
3375.00,18675.00,3449.69,16606.56
3387.50,18675.00,3462.28,16607.03
3487.50,18675.00,3560.26,16605.57
3500.00,18675.00,3571.48,16605.61
3525.00,18675.00,3597.64,16605.00
3550.00,18675.00,3623.73,16603.02
3562.50,18675.00,3635.29,16602.50
3587.50,18675.00,3658.11,16604.10
3600.00,18675.00,3669.50,16603.38
3625.00,18675.00,3694.66,16602.70
3637.50,18675.00,3707.68,16603.14
3662.50,18675.00,3731.67,16602.38
3675.00,18675.00,3744.69,16601.90
3700.00,18675.00,3770.61,16602.17
3712.50,18675.00,3781.70,16602.29
3737.50,18675.00,3807.04,16602.45
3750.00,18675.00,3818.85,16601.82
3125.00,18687.50,3200.40,16620.61
3225.00,18687.50,3299.68,16621.10
3250.00,18687.50,3325.22,16620.53
3262.50,18687.50,3335.46,16620.56
3275.00,18687.50,3350.33,16620.31
3512.50,18687.50,3584.10,16616.52
3775.00,18687.50,3845.16,16611.66
3787.50,18687.50,3858.36,16612.31
3300.00,18700.00,3373.73,16630.25
3325.00,18700.00,3397.79,16630.28
3337.50,18700.00,3411.64,16632.95
3350.00,18700.00,3424.78,16630.27
3387.50,18700.00,3462.04,16629.79
3412.50,18700.00,3485.00,16628.79
3450.00,18700.00,3521.58,16630.34
3462.50,18700.00,3533.66,16628.75
3487.50,18700.00,3559.56,16629.33
3525.00,18700.00,3596.60,16629.02
3550.00,18700.00,3620.69,16628.17
3562.50,18700.00,3633.97,16628.94
3587.50,18700.00,3658.54,16627.81
3600.00,18700.00,3671.05,16627.14
3625.00,18700.00,3695.23,16627.74
3637.50,18700.00,3705.85,16627.13
3662.50,18700.00,3731.49,16626.28
3675.00,18700.00,3744.00,16626.74
3700.00,18700.00,3769.50,16626.03
3712.50,18700.00,3781.41,16625.21
3737.50,18700.00,3805.40,16625.36
3750.00,18700.00,3818.64,16625.60
3775.00,18700.00,3843.16,16625.32
3787.50,18700.00,3857.04,16623.58
3125.00,18712.50,3200.64,16644.30
3150.00,18712.50,3225.17,16645.26
3187.50,18712.50,3262.86,16643.30
3200.00,18712.50,3276.30,16644.01
3225.00,18712.50,3298.58,16645.06
3237.50,18712.50,3311.27,16644.28
3262.50,18712.50,3336.06,16643.99
3287.50,18712.50,3359.78,16643.39
3300.00,18712.50,3373.26,16643.03
3312.50,18712.50,3386.12,16642.60
3337.50,18712.50,3411.40,16643.37
3350.00,18712.50,3422.47,16643.06
3375.00,18712.50,3446.81,16643.34
3400.00,18712.50,3472.36,16642.25
3412.50,18712.50,3484.31,16642.01
3437.50,18712.50,3508.63,16642.53
3450.00,18712.50,3520.09,16642.76
3462.50,18712.50,3535.02,16642.13
3487.50,18712.50,3558.69,16641.73
3500.00,18712.50,3572.21,16641.38
3525.00,18712.50,3597.76,16640.78
3550.00,18712.50,3620.51,16640.25
3562.50,18712.50,3632.77,16639.38
3575.00,18712.50,3647.08,16641.46
3600.00,18712.50,3669.36,16640.13
3737.50,18712.50,3805.42,16637.77
3000.00,18725.00,3075.71,16659.83
3012.50,18725.00,3088.43,16659.58
3187.50,18725.00,3261.06,16657.04
3200.00,18725.00,3273.62,16656.98
3262.50,18725.00,3337.09,16655.98
3625.00,18725.00,3694.33,16649.97
3637.50,18725.00,3707.86,16651.46
3662.50,18725.00,3730.70,16650.75
3675.00,18725.00,3744.53,16651.13
3700.00,18725.00,3768.35,16649.46
3712.50,18725.00,3781.47,16649.62
3750.00,18725.00,3819.40,16648.83
3775.00,18725.00,3842.43,16649.01
3787.50,18725.00,3854.94,16648.29
3112.50,18737.50,3186.42,16669.91
3150.00,18737.50,3226.02,16667.61
3162.50,18737.50,3237.90,16668.16
3287.50,18737.50,3356.90,16668.22
3300.00,18737.50,3372.73,16666.80
3312.50,18737.50,3386.38,16667.02
3337.50,18737.50,3409.72,16665.83
3362.50,18737.50,3434.42,16666.13
3375.00,18737.50,3445.40,16667.05
3400.00,18737.50,3470.75,16666.69
3412.50,18737.50,3482.30,16666.32
3437.50,18737.50,3507.80,16664.91
3450.00,18737.50,3519.75,16665.98
3475.00,18737.50,3543.87,16665.22
3487.50,18737.50,3557.63,16666.29
3512.50,18737.50,3581.42,16665.70
3525.00,18737.50,3594.16,16665.38
3550.00,18737.50,3618.85,16665.58
3562.50,18737.50,3631.13,16662.86
3587.50,18737.50,3657.69,16664.55
3600.00,18737.50,3669.46,16663.69
3625.00,18737.50,3694.47,16662.97
3637.50,18737.50,3706.91,16663.18
3662.50,18737.50,3731.51,16661.92
3675.00,18737.50,3745.24,16662.65
3700.00,18737.50,3767.59,16662.74
3712.50,18737.50,3780.34,16663.12
3737.50,18737.50,3804.77,16662.38
3750.00,18737.50,3816.63,16662.06
3775.00,18737.50,3842.30,16661.66
2775.00,18750.00,2851.75,16685.54
2825.00,18750.00,2901.78,16685.61
2862.50,18750.00,2939.14,16685.47
2887.50,18750.00,2964.13,16684.47
2937.50,18750.00,3013.66,16683.75
3000.00,18750.00,3074.04,16681.48
3012.50,18750.00,3088.28,16683.45
3037.50,18750.00,3112.32,16681.98
3050.00,18750.00,3126.15,16681.70
3075.00,18750.00,3149.26,16682.99
3100.00,18750.00,3174.37,16681.72
3112.50,18750.00,3185.66,16681.22
3137.50,18750.00,3210.01,16682.10
3150.00,18750.00,3223.51,16681.55
3175.00,18750.00,3247.57,16680.65
3187.50,18750.00,3260.35,16680.81
3200.00,18750.00,3272.93,16681.03
3225.00,18750.00,3298.38,16680.39
3237.50,18750.00,3313.28,16680.00
3262.50,18750.00,3336.00,16680.04
3287.50,18750.00,3357.43,16679.01
3300.00,18750.00,3371.93,16678.62
3312.50,18750.00,3384.47,16679.63
3337.50,18750.00,3408.54,16677.89
3362.50,18750.00,3433.48,16677.99
3375.00,18750.00,3444.43,16679.05
3400.00,18750.00,3469.97,16677.51
3412.50,18750.00,3482.69,16677.62
3437.50,18750.00,3506.18,16677.00
3450.00,18750.00,3519.26,16677.56
3475.00,18750.00,3544.66,16677.05
3487.50,18750.00,3557.00,16676.65
3512.50,18750.00,3581.68,16676.46
3525.00,18750.00,3593.06,16676.44
3700.00,18750.00,3768.87,16674.46
3712.50,18750.00,3783.10,16675.08
2787.50,18762.50,2865.01,16697.41
2812.50,18762.50,2889.79,16697.78
2825.00,18762.50,2901.71,16696.64
2850.00,18762.50,2926.00,16696.84
2862.50,18762.50,2939.59,16695.81
2887.50,18762.50,2963.77,16696.95
2900.00,18762.50,2977.28,16696.45
2937.50,18762.50,3013.77,16695.27
2962.50,18762.50,3036.68,16695.37
2975.00,18762.50,3050.12,16695.18
3000.00,18762.50,3073.86,16694.71
3012.50,18762.50,3087.45,16693.77
3037.50,18762.50,3112.05,16695.21
3050.00,18762.50,3124.22,16694.71
3112.50,18762.50,3186.31,16693.58
3137.50,18762.50,3208.36,16695.62
3550.00,18762.50,3617.75,16687.69
3562.50,18762.50,3631.37,16687.63
3587.50,18762.50,3655.29,16688.12
3600.00,18762.50,3668.41,16687.82
3625.00,18762.50,3693.24,16686.85
3637.50,18762.50,3705.20,16687.20
3662.50,18762.50,3729.75,16686.25
2925.00,18775.00,3000.05,16707.88
3075.00,18775.00,3149.49,16706.94
3150.00,18775.00,3223.29,16704.27
3175.00,18775.00,3247.37,16704.11
3187.50,18775.00,3261.40,16704.72
3212.50,18775.00,3284.08,16704.55
3225.00,18775.00,3297.27,16704.55
3250.00,18775.00,3321.33,16704.30
3262.50,18775.00,3334.74,16704.41
3275.00,18775.00,3347.88,16702.26
3300.00,18775.00,3370.45,16702.49
3325.00,18775.00,3395.48,16703.42
3337.50,18775.00,3408.64,16703.24
3350.00,18775.00,3421.47,16702.10
3375.00,18775.00,3444.58,16701.73
3400.00,18775.00,3471.18,16702.74
3412.50,18775.00,3482.88,16702.50
3437.50,18775.00,3508.02,16701.72
3450.00,18775.00,3520.50,16700.48
3475.00,18775.00,3544.22,16700.31
3487.50,18775.00,3555.78,16700.36
3512.50,18775.00,3580.15,16700.63
3525.00,18775.00,3593.75,16701.09
3550.00,18775.00,3618.69,16700.24
3562.50,18775.00,3631.29,16699.91
3587.50,18775.00,3655.28,16699.57
3600.00,18775.00,3668.98,16699.73
3625.00,18775.00,3692.09,16699.90
3662.50,18775.00,3729.39,16700.18
3675.00,18775.00,3742.64,16699.66
3700.00,18775.00,3767.19,16698.77
3712.50,18775.00,3780.10,16698.57
2600.00,18787.50,2677.11,16724.04
2625.00,18787.50,2703.08,16723.51
2675.00,18787.50,2752.65,16723.30
2700.00,18787.50,2776.18,16723.17
2712.50,18787.50,2789.51,16722.64
2725.00,18787.50,2803.07,16722.65
2750.00,18787.50,2828.52,16721.49
2787.50,18787.50,2864.43,16721.33
2825.00,18787.50,2903.14,16719.73
2850.00,18787.50,2924.97,16718.83
2862.50,18787.50,2937.16,16721.04
2887.50,18787.50,2962.93,16720.08
2900.00,18787.50,2974.30,16719.20
2925.00,18787.50,2999.24,16719.28
2937.50,18787.50,3012.10,16719.07
2962.50,18787.50,3036.41,16719.94
2975.00,18787.50,3049.84,16719.95
3000.00,18787.50,3073.39,16719.03
3012.50,18787.50,3086.55,16719.46
3037.50,18787.50,3111.06,16718.86
3050.00,18787.50,3124.30,16719.38
3075.00,18787.50,3148.91,16718.89
3087.50,18787.50,3160.99,16718.55
3112.50,18787.50,3185.27,16718.67
3137.50,18787.50,3208.54,16718.69
3150.00,18787.50,3221.69,16718.89
3162.50,18787.50,3234.68,16717.51
3187.50,18787.50,3259.79,16717.51
3212.50,18787.50,3283.58,16717.60
3225.00,18787.50,3295.04,16716.26
3250.00,18787.50,3320.70,16716.00
3262.50,18787.50,3334.57,16715.85
3300.00,18787.50,3371.96,16714.61
3325.00,18787.50,3395.74,16714.57
3337.50,18787.50,3408.01,16714.00
3362.50,18787.50,3432.85,16715.20
3375.00,18787.50,3445.51,16714.64
3387.50,18787.50,3458.26,16714.48
3412.50,18787.50,3482.38,16713.83
3437.50,18787.50,3507.83,16714.58
3512.50,18787.50,3581.79,16713.49
2600.00,18800.00,2676.84,16736.58
2625.00,18800.00,2702.17,16735.19
2637.50,18800.00,2714.33,16735.64
2662.50,18800.00,2739.11,16736.51
2675.00,18800.00,2750.37,16736.85
2712.50,18800.00,2790.11,16734.80
2750.00,18800.00,2828.10,16734.90
2925.00,18800.00,2998.46,16732.71
2950.00,18800.00,3022.54,16732.71
2962.50,18800.00,3035.79,16732.60
2975.00,18800.00,3048.63,16732.51
3450.00,18800.00,3519.53,16724.68
3600.00,18800.00,3668.10,16723.55
3662.50,18800.00,3730.09,16723.48
3712.50,18800.00,3780.06,16723.26
3737.50,18800.00,3804.53,16723.89
3750.00,18800.00,3818.13,16723.47
3787.50,18800.00,3855.51,16721.80
2887.50,18812.50,2961.57,16744.46
2900.00,18812.50,2974.31,16744.14
3000.00,18812.50,3072.99,16743.17
3012.50,18812.50,3085.96,16743.29
3037.50,18812.50,3111.32,16742.69
3062.50,18812.50,3134.59,16742.58
3075.00,18812.50,3148.22,16742.60
3087.50,18812.50,3159.92,16742.60
3112.50,18812.50,3185.92,16742.34
3125.00,18812.50,3199.20,16742.04
3150.00,18812.50,3223.00,16742.27
3175.00,18812.50,3247.41,16742.14
3187.50,18812.50,3259.58,16742.26
3212.50,18812.50,3284.02,16741.86
3225.00,18812.50,3297.35,16741.97
3237.50,18812.50,3310.31,16740.79
3300.00,18812.50,3371.54,16738.13
3337.50,18812.50,3406.52,16739.49
3362.50,18812.50,3431.91,16739.40
3375.00,18812.50,3445.02,16738.57
3400.00,18812.50,3470.43,16738.37
3412.50,18812.50,3483.00,16737.01
3437.50,18812.50,3506.37,16737.86
3450.00,18812.50,3520.77,16738.51
3637.50,18812.50,3705.17,16737.00
3662.50,18812.50,3729.63,16737.08
3675.00,18812.50,3742.25,16736.54
3700.00,18812.50,3767.68,16735.99
3737.50,18812.50,3805.09,16736.25
3775.00,18812.50,3843.00,16734.94
2600.00,18825.00,2676.09,16760.01
2625.00,18825.00,2699.87,16760.16
2637.50,18825.00,2712.61,16759.52
2662.50,18825.00,2737.76,16759.03
2675.00,18825.00,2750.02,16760.23
2700.00,18825.00,2775.05,16758.82
2712.50,18825.00,2788.41,16759.14
2737.50,18825.00,2812.63,16757.60
2750.00,18825.00,2825.38,16757.89
2775.00,18825.00,2850.07,16757.79
2787.50,18825.00,2862.90,16758.29
2812.50,18825.00,2887.61,16758.14
2825.00,18825.00,2899.73,16758.56
2850.00,18825.00,2923.38,16756.56
2862.50,18825.00,2936.95,16756.78
2887.50,18825.00,2961.56,16756.91
2900.00,18825.00,2974.61,16756.59
2925.00,18825.00,2998.22,16756.35
2937.50,18825.00,3010.34,16756.46
2962.50,18825.00,3035.77,16756.41
2975.00,18825.00,3049.00,16756.23
3000.00,18825.00,3072.98,16756.13
3012.50,18825.00,3086.44,16756.00
3037.50,18825.00,3111.02,16756.09
3062.50,18825.00,3135.54,16755.79
3075.00,18825.00,3147.98,16755.98
3087.50,18825.00,3159.17,16755.69
3112.50,18825.00,3185.67,16755.88
3137.50,18825.00,3209.45,16756.03
3150.00,18825.00,3222.76,16755.13
3162.50,18825.00,3236.79,16754.97
3187.50,18825.00,3260.64,16755.80
3200.00,18825.00,3273.53,16754.93
3225.00,18825.00,3297.33,16753.47
3237.50,18825.00,3310.13,16753.82
3262.50,18825.00,3335.57,16754.47
3275.00,18825.00,3349.89,16754.60
3300.00,18825.00,3371.62,16753.68
3325.00,18825.00,3395.31,16751.74
3337.50,18825.00,3407.51,16751.95
3362.50,18825.00,3432.52,16751.71
3375.00,18825.00,3444.29,16751.61
3400.00,18825.00,3470.22,16752.59
3412.50,18825.00,3481.50,16751.28
3437.50,18825.00,3505.60,16752.02
3450.00,18825.00,3520.00,16752.95
3487.50,18825.00,3558.29,16751.03
3662.50,18825.00,3729.62,16750.20
2600.00,18837.50,2675.04,16770.72
2625.00,18837.50,2699.15,16770.97
2637.50,18837.50,2712.70,16770.79
2662.50,18837.50,2738.37,16771.12
2675.00,18837.50,2750.11,16771.96
2700.00,18837.50,2775.24,16770.79
2712.50,18837.50,2787.51,16770.64
2750.00,18837.50,2825.50,16770.52
2775.00,18837.50,2848.58,16770.47
2787.50,18837.50,2862.33,16770.42
2812.50,18837.50,2887.19,16770.20
2825.00,18837.50,2899.62,16770.32
2887.50,18837.50,2962.41,16770.28
2900.00,18837.50,2974.68,16769.92
2925.00,18837.50,2998.24,16770.16
2950.00,18837.50,3023.03,16769.55
2962.50,18837.50,3035.71,16769.98
3037.50,18837.50,3110.90,16767.28
3187.50,18837.50,3261.44,16768.31
3200.00,18837.50,3276.76,16769.21
3225.00,18837.50,3297.57,16766.82
3550.00,18837.50,3617.77,16762.27
3712.50,18837.50,3780.75,16760.82
3750.00,18837.50,3818.48,16759.84
2737.50,18850.00,2813.37,16784.03
2850.00,18850.00,2924.00,16783.03
2862.50,18850.00,2937.30,16782.79
2987.50,18850.00,3060.38,16781.23
3000.00,18850.00,3073.13,16782.65
3012.50,18850.00,3086.39,16780.99
3050.00,18850.00,3124.42,16781.41
3075.00,18850.00,3148.40,16781.40
3100.00,18850.00,3173.05,16780.07
3112.50,18850.00,3185.87,16780.06
3137.50,18850.00,3210.68,16780.14
3150.00,18850.00,3223.12,16779.80
3162.50,18850.00,3237.44,16779.06
3250.00,18850.00,3321.55,16779.54
3262.50,18850.00,3334.59,16778.24
3287.50,18850.00,3358.71,16779.21
3300.00,18850.00,3370.54,16779.30
3325.00,18850.00,3396.27,16779.04
3337.50,18850.00,3408.55,16777.75
3362.50,18850.00,3433.63,16777.54
3375.00,18850.00,3447.76,16777.71
3400.00,18850.00,3471.11,16775.89
3412.50,18850.00,3482.44,16776.56
3437.50,18850.00,3506.27,16775.63
3450.00,18850.00,3518.64,16775.72
3475.00,18850.00,3546.32,16775.27
3487.50,18850.00,3557.13,16774.72
3512.50,18850.00,3581.69,16775.56
3525.00,18850.00,3593.82,16775.29
3562.50,18850.00,3630.75,16774.88
3600.00,18850.00,3668.44,16774.83
3625.00,18850.00,3692.62,16775.57
3637.50,18850.00,3705.79,16775.21
3662.50,18850.00,3730.13,16774.28
3700.00,18850.00,3767.21,16774.75
3712.50,18850.00,3780.66,16774.49
3737.50,18850.00,3804.55,16774.17
3750.00,18850.00,3817.07,16774.57
3787.50,18850.00,3855.56,16772.72
2600.00,18862.50,2674.87,16795.80
2625.00,18862.50,2700.04,16796.97
2637.50,18862.50,2712.65,16795.79
2662.50,18862.50,2738.64,16796.33
2675.00,18862.50,2750.00,16796.84
2700.00,18862.50,2775.04,16796.60
2712.50,18862.50,2787.67,16796.40
2737.50,18862.50,2811.95,16796.51
2750.00,18862.50,2825.14,16795.24
2775.00,18862.50,2849.78,16795.36
2787.50,18862.50,2862.41,16795.34
2812.50,18862.50,2886.81,16795.23
2825.00,18862.50,2899.69,16794.74
2850.00,18862.50,2924.20,16795.24
2862.50,18862.50,2937.43,16795.94
2887.50,18862.50,2961.52,16795.15
2900.00,18862.50,2974.63,16795.30
2925.00,18862.50,2999.31,16795.12
2937.50,18862.50,3012.33,16795.21
2962.50,18862.50,3037.47,16795.27
2975.00,18862.50,3049.67,16794.17
3000.00,18862.50,3073.71,16794.45
3012.50,18862.50,3086.38,16794.49
3037.50,18862.50,3110.97,16793.90
3050.00,18862.50,3124.62,16793.78
3075.00,18862.50,3148.38,16793.72
3100.00,18862.50,3174.09,16792.94
3112.50,18862.50,3186.67,16793.45
3125.00,18862.50,3201.06,16793.26
3150.00,18862.50,3225.84,16789.30
3162.50,18862.50,3237.89,16790.97
3187.50,18862.50,3262.73,16791.01
3200.00,18862.50,3276.30,16792.01
3225.00,18862.50,3297.66,16791.43
3250.00,18862.50,3321.88,16791.35
3262.50,18862.50,3335.25,16792.78
3287.50,18862.50,3359.66,16792.05
3300.00,18862.50,3371.23,16792.78
3325.00,18862.50,3396.21,16791.80
3337.50,18862.50,3408.42,16790.57
3362.50,18862.50,3433.54,16790.10
3375.00,18862.50,3447.74,16790.23
3412.50,18862.50,3482.29,16789.75
3437.50,18862.50,3507.30,16789.21
3475.00,18862.50,3545.22,16788.98
3487.50,18862.50,3557.82,16789.11
3512.50,18862.50,3581.92,16789.25
3587.50,18862.50,3655.80,16788.05
3600.00,18862.50,3668.29,16787.53
3625.00,18862.50,3692.66,16788.10
3637.50,18862.50,3705.32,16788.67
3662.50,18862.50,3730.46,16787.38
2600.00,18875.00,2674.68,16808.06
2625.00,18875.00,2699.49,16809.13
2637.50,18875.00,2712.50,16808.70
2662.50,18875.00,2738.41,16808.22
2675.00,18875.00,2750.46,16808.98
2700.00,18875.00,2775.31,16808.08
2712.50,18875.00,2787.48,16808.10
2737.50,18875.00,2811.96,16808.43
2750.00,18875.00,2824.88,16808.58
2775.00,18875.00,2849.47,16808.56
2787.50,18875.00,2862.37,16807.98
2812.50,18875.00,2887.44,16807.97
2825.00,18875.00,2899.87,16808.25
2850.00,18875.00,2923.90,16808.24
2862.50,18875.00,2937.76,16807.92
2887.50,18875.00,2963.30,16807.78
2900.00,18875.00,2974.94,16807.76
2925.00,18875.00,2999.37,16807.83
2937.50,18875.00,3012.29,16808.20
2975.00,18875.00,3049.85,16807.66
3000.00,18875.00,3074.21,16807.47
3025.00,18875.00,3098.17,16807.49
3037.50,18875.00,3111.15,16807.67
3050.00,18875.00,3124.46,16807.75
3075.00,18875.00,3149.87,16807.32
3087.50,18875.00,3162.02,16807.17
3125.00,18875.00,3201.21,16806.68
3150.00,18875.00,3225.96,16806.94
3400.00,18875.00,3471.25,16800.92
3450.00,18875.00,3521.30,16801.19
3525.00,18875.00,3594.66,16800.35
3550.00,18875.00,3619.60,16799.95
3562.50,18875.00,3633.24,16800.39
3687.50,18875.00,3755.24,16799.58
3700.00,18875.00,3768.11,16799.22
3712.50,18875.00,3780.66,16799.38
3737.50,18875.00,3805.33,16798.45
2962.50,18887.50,3037.67,16820.67
3112.50,18887.50,3186.95,16820.04
3175.00,18887.50,3249.38,16817.30
3187.50,18887.50,3262.04,16817.26
3212.50,18887.50,3285.06,16816.82
3225.00,18887.50,3298.49,16817.04
3250.00,18887.50,3322.11,16817.30
3262.50,18887.50,3335.52,16817.14
3287.50,18887.50,3359.45,16816.98
3300.00,18887.50,3372.02,16816.18
3325.00,18887.50,3396.44,16816.62
3337.50,18887.50,3410.54,16817.04
3350.00,18887.50,3421.29,16816.58
3375.00,18887.50,3447.75,16816.84
3400.00,18887.50,3471.68,16815.90
3412.50,18887.50,3484.02,16816.32
3437.50,18887.50,3508.13,16814.83
3450.00,18887.50,3519.87,16814.64
3475.00,18887.50,3545.34,16814.58
3487.50,18887.50,3557.59,16813.64
3512.50,18887.50,3582.35,16813.47
3525.00,18887.50,3593.83,16812.93
3550.00,18887.50,3620.56,16813.38
3562.50,18887.50,3631.21,16812.69
3587.50,18887.50,3657.53,16812.88
3600.00,18887.50,3668.67,16812.91
3625.00,18887.50,3693.05,16813.24
3637.50,18887.50,3706.27,16812.75
3662.50,18887.50,3731.55,16812.58
3675.00,18887.50,3743.32,16812.25
3700.00,18887.50,3767.54,16812.41
3712.50,18887.50,3780.60,16812.68
3737.50,18887.50,3805.14,16812.11
3750.00,18887.50,3817.96,16811.75
3775.00,18887.50,3842.75,16811.34
3787.50,18887.50,3855.70,16810.80
2600.00,18900.00,2674.93,16833.52
2625.00,18900.00,2700.08,16833.67
2637.50,18900.00,2712.42,16834.10
2662.50,18900.00,2737.47,16834.24
2675.00,18900.00,2750.09,16834.50
2700.00,18900.00,2775.93,16833.23
2712.50,18900.00,2788.51,16833.85
2737.50,18900.00,2812.56,16833.34
2750.00,18900.00,2825.07,16834.49
2775.00,18900.00,2850.37,16834.13
2787.50,18900.00,2862.19,16833.91
2812.50,18900.00,2887.53,16832.59
2825.00,18900.00,2900.34,16832.91
2850.00,18900.00,2925.21,16833.40
2862.50,18900.00,2937.76,16832.40
2887.50,18900.00,2961.57,16833.86
2900.00,18900.00,2975.55,16834.05
2925.00,18900.00,3000.95,16832.79
2937.50,18900.00,3012.59,16832.22
2962.50,18900.00,3039.07,16832.89
2975.00,18900.00,3050.29,16832.83
3000.00,18900.00,3074.66,16833.19
3012.50,18900.00,3087.05,16832.98
3037.50,18900.00,3111.76,16832.48
3050.00,18900.00,3124.84,16832.20
3075.00,18900.00,3150.00,16831.40
3087.50,18900.00,3162.62,16831.17
3112.50,18900.00,3186.79,16832.12
3125.00,18900.00,3200.38,16831.26
3150.00,18900.00,3225.54,16830.20
3175.00,18900.00,3248.07,16830.75
3187.50,18900.00,3260.94,16830.07
3200.00,18900.00,3274.58,16830.92
3225.00,18900.00,3300.72,16830.62
3237.50,18900.00,3311.36,16830.25
3262.50,18900.00,3335.42,16828.58
3287.50,18900.00,3358.80,16828.61
3300.00,18900.00,3372.77,16830.26
3325.00,18900.00,3396.71,16829.52
3337.50,18900.00,3410.76,16828.88
3350.00,18900.00,3422.60,16829.51
3375.00,18900.00,3447.25,16828.25
3400.00,18900.00,3471.47,16828.88
3412.50,18900.00,3483.32,16828.22
3437.50,18900.00,3508.83,16826.99
3450.00,18900.00,3520.28,16827.02
3475.00,18900.00,3545.96,16826.47
3487.50,18900.00,3557.36,16826.87
3512.50,18900.00,3582.98,16826.84
3525.00,18900.00,3593.97,16826.49
3550.00,18900.00,3621.30,16827.31
3562.50,18900.00,3632.63,16826.33
3587.50,18900.00,3656.19,16826.36
3600.00,18900.00,3669.72,16825.11
3625.00,18900.00,3693.31,16825.38
3637.50,18900.00,3705.84,16826.48
3775.00,18900.00,3843.13,16823.59
3787.50,18900.00,3856.07,16825.40
2600.00,18912.50,2674.70,16845.50
2625.00,18912.50,2698.97,16845.57
2637.50,18912.50,2712.72,16845.64
2662.50,18912.50,2738.43,16846.45
2675.00,18912.50,2750.16,16846.20
2700.00,18912.50,2776.11,16845.65
2712.50,18912.50,2787.39,16845.79
2737.50,18912.50,2813.89,16846.01
2750.00,18912.50,2825.27,16846.04
2775.00,18912.50,2850.95,16846.79
2787.50,18912.50,2862.06,16845.57
2812.50,18912.50,2887.93,16845.90
2825.00,18912.50,2900.49,16845.87
2850.00,18912.50,2925.05,16845.50
2862.50,18912.50,2938.29,16845.37
2887.50,18912.50,2963.74,16845.45
2900.00,18912.50,2976.04,16845.82
2925.00,18912.50,3000.36,16845.43
2937.50,18912.50,3012.72,16845.57
2962.50,18912.50,3039.57,16845.33
2975.00,18912.50,3049.83,16845.26
3000.00,18912.50,3074.21,16845.15
3012.50,18912.50,3087.69,16845.54
3037.50,18912.50,3112.02,16845.32
3050.00,18912.50,3124.66,16845.33
3075.00,18912.50,3150.03,16844.65
3087.50,18912.50,3162.70,16844.38
3112.50,18912.50,3187.57,16845.24
3125.00,18912.50,3199.93,16845.15
3150.00,18912.50,3224.33,16844.39
3162.50,18912.50,3237.07,16843.72
3187.50,18912.50,3261.82,16845.08
3200.00,18912.50,3274.47,16844.07
3237.50,18912.50,3311.34,16842.15
3262.50,18912.50,3335.70,16841.92
3275.00,18912.50,3349.18,16841.26
3662.50,18912.50,3730.72,16836.64
3687.50,18912.50,3756.39,16836.42
3700.00,18912.50,3768.83,16836.11
3712.50,18912.50,3780.96,16836.55
3750.00,18912.50,3818.22,16836.78
3225.00,18925.00,3299.03,16854.54
3300.00,18925.00,3373.13,16854.05
3325.00,18925.00,3397.17,16854.14
3337.50,18925.00,3410.35,16853.86
3362.50,18925.00,3434.75,16854.44
3375.00,18925.00,3448.09,16854.11
3400.00,18925.00,3471.95,16853.88
3412.50,18925.00,3484.76,16853.35
3437.50,18925.00,3508.29,16853.39
3450.00,18925.00,3520.11,16852.39
3475.00,18925.00,3546.22,16852.75
3487.50,18925.00,3557.57,16853.14
3512.50,18925.00,3583.78,16851.76
3525.00,18925.00,3595.55,16851.73
3537.50,18925.00,3608.58,16851.92
3562.50,18925.00,3634.38,16849.38
3575.00,18925.00,3646.78,16850.48
3600.00,18925.00,3668.64,16850.56
3625.00,18925.00,3693.29,16850.32
3637.50,18925.00,3707.91,16850.32
3662.50,18925.00,3730.86,16850.33
3675.00,18925.00,3744.01,16850.13
3700.00,18925.00,3768.26,16849.93
3712.50,18925.00,3781.33,16849.40
3737.50,18925.00,3806.45,16849.92
3750.00,18925.00,3818.60,16849.48
3775.00,18925.00,3842.98,16849.89
3787.50,18925.00,3856.56,16849.86
2600.00,18937.50,2674.55,16871.49
2625.00,18937.50,2699.72,16870.51
2637.50,18937.50,2712.46,16870.34
2662.50,18937.50,2737.88,16870.36
2675.00,18937.50,2749.72,16871.32
2700.00,18937.50,2775.96,16870.68
2712.50,18937.50,2788.23,16870.62
2737.50,18937.50,2813.72,16871.66
2750.00,18937.50,2825.40,16871.49
2775.00,18937.50,2851.38,16871.42
2787.50,18937.50,2862.39,16872.13
2812.50,18937.50,2888.40,16872.44
2825.00,18937.50,2901.22,16871.63
2850.00,18937.50,2925.99,16871.98
2862.50,18937.50,2937.85,16871.01
2887.50,18937.50,2963.16,16870.52
2900.00,18937.50,2975.64,16869.96
2925.00,18937.50,3001.04,16870.81
2937.50,18937.50,3013.05,16870.42
2962.50,18937.50,3037.40,16869.82
2975.00,18937.50,3050.06,16870.02
3000.00,18937.50,3075.89,16869.97
3012.50,18937.50,3087.82,16869.67
3037.50,18937.50,3113.02,16870.34
3050.00,18937.50,3125.04,16869.88
3075.00,18937.50,3151.28,16869.61
3087.50,18937.50,3162.71,16869.62
3112.50,18937.50,3187.28,16868.67
3125.00,18937.50,3199.74,16868.11
3150.00,18937.50,3224.22,16868.97
3162.50,18937.50,3237.52,16868.69
3187.50,18937.50,3260.48,16868.70
3200.00,18937.50,3274.33,16868.27
3225.00,18937.50,3299.21,16869.02
3237.50,18937.50,3310.99,16867.57
3262.50,18937.50,3335.29,16868.27
3275.00,18937.50,3349.28,16867.36
3300.00,18937.50,3373.32,16865.67
3325.00,18937.50,3396.99,16866.06
3337.50,18937.50,3410.60,16867.06
3350.00,18937.50,3422.77,16866.27
3375.00,18937.50,3448.56,16866.29
3400.00,18937.50,3471.65,16864.70
3412.50,18937.50,3485.28,16865.00
3437.50,18937.50,3505.81,16865.29
3450.00,18937.50,3521.57,16864.81
3475.00,18937.50,3546.48,16864.23
3487.50,18937.50,3558.45,16864.42
3512.50,18937.50,3584.41,16863.94
3525.00,18937.50,3595.50,16864.73
3537.50,18937.50,3608.74,16864.68
3562.50,18937.50,3633.13,16863.21
3575.00,18937.50,3647.18,16863.66
3600.00,18937.50,3670.62,16863.59
3625.00,18937.50,3695.12,16863.71
3637.50,18937.50,3708.53,16863.34
3700.00,18937.50,3769.40,16863.12
3712.50,18937.50,3781.66,16863.32
3737.50,18937.50,3805.98,16862.47
3750.00,18937.50,3818.63,16862.17
3787.50,18937.50,3856.78,16862.62
2600.00,18950.00,2674.57,16883.02
2625.00,18950.00,2699.19,16884.02
2637.50,18950.00,2712.41,16883.16
2662.50,18950.00,2737.82,16883.35
2675.00,18950.00,2750.59,16883.50
2700.00,18950.00,2775.60,16883.73
2737.50,18950.00,2813.30,16883.50
2750.00,18950.00,2825.84,16883.42
2775.00,18950.00,2851.76,16883.71
2787.50,18950.00,2862.96,16883.97
2812.50,18950.00,2887.91,16883.81
2825.00,18950.00,2900.69,16883.40
2850.00,18950.00,2926.77,16883.17
2862.50,18950.00,2938.36,16882.87
2887.50,18950.00,2963.63,16882.97
2900.00,18950.00,2975.85,16883.04
2925.00,18950.00,3000.89,16883.18
2937.50,18950.00,3012.46,16883.05
2962.50,18950.00,3037.88,16882.55
2975.00,18950.00,3051.42,16882.86
3000.00,18950.00,3075.48,16882.84
3012.50,18950.00,3087.78,16882.62
3037.50,18950.00,3112.98,16882.89
3050.00,18950.00,3124.57,16882.63
3087.50,18950.00,3163.35,16882.87
3112.50,18950.00,3188.77,16882.59
3125.00,18950.00,3200.31,16881.85
3150.00,18950.00,3225.64,16882.20
3162.50,18950.00,3237.48,16882.49
3225.00,18950.00,3298.49,16883.16
3662.50,18950.00,3731.69,16874.66
3675.00,18950.00,3744.02,16875.47
3775.00,18950.00,3843.34,16874.42
2712.50,18962.50,2788.00,16895.59
3075.00,18962.50,3150.69,16894.53
3187.50,18962.50,3261.84,16892.48
3200.00,18962.50,3275.34,16892.58
3250.00,18962.50,3324.60,16892.53
3262.50,18962.50,3336.58,16893.04
3275.00,18962.50,3350.31,16891.79
3300.00,18962.50,3373.17,16892.38
3325.00,18962.50,3397.81,16891.87
3337.50,18962.50,3410.96,16890.99
3362.50,18962.50,3434.21,16891.87
3375.00,18962.50,3447.55,16891.93
3387.50,18962.50,3460.24,16890.26
3412.50,18962.50,3484.98,16891.99
3450.00,18962.50,3524.98,16890.16
3462.50,18962.50,3539.11,16889.38
3487.50,18962.50,3559.51,16888.93
3512.50,18962.50,3584.08,16888.93
3525.00,18962.50,3596.24,16888.30
3550.00,18962.50,3620.45,16887.95
3562.50,18962.50,3632.21,16887.98
3587.50,18962.50,3658.79,16888.80
3612.50,18962.50,3681.72,16887.65
3625.00,18962.50,3693.55,16887.59
3637.50,18962.50,3706.40,16887.33
3662.50,18962.50,3731.46,16887.23
3675.00,18962.50,3744.52,16887.28
3700.00,18962.50,3770.13,16887.45
3712.50,18962.50,3781.50,16887.28
3737.50,18962.50,3805.96,16887.21
3750.00,18962.50,3818.93,16887.24
3775.00,18962.50,3843.17,16885.86
3787.50,18962.50,3856.11,16886.32
2600.00,18975.00,2675.10,16908.35
2625.00,18975.00,2700.15,16908.66
2637.50,18975.00,2712.97,16908.27
2662.50,18975.00,2737.57,16908.30
2675.00,18975.00,2750.27,16908.40
2700.00,18975.00,2776.19,16908.65
2712.50,18975.00,2788.08,16908.99
2737.50,18975.00,2813.98,16909.80
2750.00,18975.00,2825.37,16909.18
2775.00,18975.00,2851.48,16909.48
2787.50,18975.00,2862.56,16908.93
2812.50,18975.00,2889.18,16907.74
2825.00,18975.00,2900.15,16907.50
2850.00,18975.00,2926.55,16908.96
2862.50,18975.00,2938.31,16908.44
2887.50,18975.00,2964.24,16908.14
2900.00,18975.00,2977.03,16907.81
2925.00,18975.00,3000.73,16907.40
2937.50,18975.00,3013.51,16907.43
2962.50,18975.00,3037.93,16907.30
2975.00,18975.00,3050.73,16907.82
3000.00,18975.00,3075.58,16908.08
3012.50,18975.00,3087.54,16908.67
3037.50,18975.00,3113.67,16907.04
3050.00,18975.00,3125.31,16907.12
3075.00,18975.00,3150.18,16907.05
3087.50,18975.00,3162.98,16907.22
3112.50,18975.00,3189.31,16906.73
3125.00,18975.00,3201.17,16906.96
3150.00,18975.00,3225.91,16905.52
3162.50,18975.00,3238.97,16905.87
3187.50,18975.00,3261.29,16905.90
3200.00,18975.00,3274.83,16905.93
3225.00,18975.00,3298.34,16905.38
3250.00,18975.00,3324.13,16906.06
3262.50,18975.00,3336.53,16906.07
3275.00,18975.00,3349.74,16905.16
3300.00,18975.00,3373.21,16903.66
3325.00,18975.00,3397.04,16903.95
3337.50,18975.00,3409.67,16903.65
3350.00,18975.00,3422.57,16903.88
3375.00,18975.00,3447.34,16904.69
3387.50,18975.00,3459.52,16903.44
3412.50,18975.00,3484.89,16903.95
3437.50,18975.00,3508.97,16904.00
3450.00,18975.00,3522.23,16903.97
3462.50,18975.00,3535.95,16901.91
3512.50,18975.00,3583.30,16901.14
3525.00,18975.00,3596.96,16901.62
3562.50,18975.00,3632.87,16901.38
3587.50,18975.00,3658.45,16901.70
3600.00,18975.00,3670.06,16901.48
3625.00,18975.00,3694.49,16900.73
3662.50,18975.00,3732.77,16900.29
2600.00,18987.50,2675.00,16920.40
2625.00,18987.50,2700.45,16922.17
2637.50,18987.50,2712.53,16920.62
2662.50,18987.50,2738.12,16920.04
2675.00,18987.50,2750.60,16920.46
2700.00,18987.50,2776.60,16920.59
2712.50,18987.50,2788.07,16920.92
2737.50,18987.50,2814.39,16921.13
2750.00,18987.50,2826.02,16920.83
2775.00,18987.50,2851.56,16921.14
2787.50,18987.50,2863.62,16920.79
2812.50,18987.50,2889.27,16920.46
2825.00,18987.50,2901.41,16920.48
2850.00,18987.50,2926.95,16920.42
2862.50,18987.50,2937.96,16920.59
2887.50,18987.50,2964.88,16920.80
2900.00,18987.50,2976.05,16920.57
2925.00,18987.50,3001.02,16920.40
2937.50,18987.50,3013.75,16920.49
2962.50,18987.50,3039.82,16920.63
3000.00,18987.50,3077.15,16920.31
3012.50,18987.50,3088.46,16920.20
3037.50,18987.50,3113.95,16920.45
3050.00,18987.50,3126.17,16920.21
3075.00,18987.50,3150.13,16920.39
3087.50,18987.50,3163.36,16919.92
3487.50,18987.50,3561.30,16914.37
3637.50,18987.50,3706.69,16911.43
3675.00,18987.50,3744.09,16911.61
3700.00,18987.50,3768.40,16911.83
3712.50,18987.50,3781.00,16911.42
3737.50,18987.50,3806.98,16911.25
3750.00,18987.50,3818.87,16911.10
3775.00,18987.50,3842.59,16911.71
3787.50,18987.50,3855.50,16910.51
3187.50,19000.00,3262.84,16931.18
3200.00,19000.00,3274.79,16930.33
3225.00,19000.00,3299.04,16930.42
3237.50,19000.00,3312.24,16929.80
3262.50,19000.00,3336.52,16930.02
3275.00,19000.00,3349.74,16930.72
3300.00,19000.00,3373.19,16929.29
3312.50,19000.00,3385.81,16929.47
3337.50,19000.00,3411.17,16929.82
3350.00,19000.00,3424.30,16929.46
3375.00,19000.00,3448.01,16929.29
3387.50,19000.00,3461.20,16929.45
3412.50,19000.00,3485.04,16928.52
3425.00,19000.00,3500.53,16928.28
3450.00,19000.00,3523.10,16928.38
3462.50,19000.00,3533.58,16928.61
3625.00,19000.00,3694.82,16924.35
3637.50,19000.00,3706.24,16924.67
3662.50,19000.00,3731.15,16924.45
3675.00,19000.00,3743.72,16924.02
3700.00,19000.00,3769.29,16924.96
3712.50,19000.00,3781.90,16924.32
3737.50,19000.00,3805.88,16924.65
3750.00,19000.00,3819.03,16923.78
3775.00,19000.00,3843.06,16924.53
3787.50,19000.00,3855.45,16923.94
2600.00,19012.50,2675.55,16945.69
2625.00,19012.50,2701.42,16945.88
2637.50,19012.50,2712.82,16945.88
2662.50,19012.50,2738.54,16945.53
2675.00,19012.50,2750.45,16946.49
2700.00,19012.50,2776.37,16946.92
2712.50,19012.50,2788.28,16946.80
2737.50,19012.50,2813.40,16946.43
2750.00,19012.50,2826.48,16946.84
2775.00,19012.50,2851.64,16946.52
2787.50,19012.50,2864.00,16946.83
2812.50,19012.50,2889.76,16947.28
2825.00,19012.50,2901.03,16945.77
2850.00,19012.50,2926.50,16947.54
2862.50,19012.50,2938.18,16947.36
2887.50,19012.50,2964.59,16946.84
2900.00,19012.50,2977.78,16946.02
2925.00,19012.50,3001.81,16945.91
2937.50,19012.50,3014.27,16946.46
2987.50,19012.50,3065.41,16944.95
3012.50,19012.50,3089.81,16945.24
3037.50,19012.50,3114.22,16945.03
3050.00,19012.50,3126.87,16944.82
3075.00,19012.50,3150.22,16945.07
3087.50,19012.50,3162.78,16945.09
3112.50,19012.50,3189.03,16944.00
3125.00,19012.50,3201.53,16943.65
3150.00,19012.50,3225.11,16943.78
3162.50,19012.50,3238.16,16943.66
3187.50,19012.50,3263.62,16943.13
3200.00,19012.50,3275.38,16943.91
3225.00,19012.50,3299.62,16943.32
3237.50,19012.50,3312.24,16943.10
3262.50,19012.50,3337.91,16943.22
3287.50,19012.50,3360.52,16942.62
3300.00,19012.50,3373.21,16941.92
3312.50,19012.50,3388.27,16943.00
3337.50,19012.50,3412.29,16942.61
3350.00,19012.50,3424.42,16942.33
3375.00,19012.50,3448.80,16941.74
3387.50,19012.50,3461.80,16940.99
3412.50,19012.50,3489.82,16940.19
3437.50,19012.50,3510.66,16939.73
3712.50,19012.50,3781.04,16937.17
3737.50,19012.50,3805.88,16936.74
3750.00,19012.50,3819.48,16936.14
2600.00,19025.00,2675.41,16958.40
2625.00,19025.00,2700.50,16957.78
2637.50,19025.00,2713.09,16958.12
2662.50,19025.00,2738.78,16957.69
2675.00,19025.00,2750.29,16957.94
2700.00,19025.00,2775.80,16958.04
2712.50,19025.00,2788.27,16958.67
2737.50,19025.00,2814.74,16958.59
2750.00,19025.00,2825.99,16958.08
2775.00,19025.00,2851.40,16958.29
2787.50,19025.00,2865.23,16959.31
2812.50,19025.00,2889.92,16959.02
2825.00,19025.00,2901.82,16959.32
2850.00,19025.00,2927.24,16958.79
2862.50,19025.00,2939.52,16959.54
2887.50,19025.00,2964.16,16958.99
2900.00,19025.00,2976.51,16959.37
2925.00,19025.00,3002.16,16958.82
2937.50,19025.00,3014.75,16959.03
3037.50,19025.00,3113.04,16957.70
3050.00,19025.00,3125.79,16958.06
3087.50,19025.00,3163.23,16957.01
3112.50,19025.00,3188.45,16957.86
3137.50,19025.00,3213.34,16956.57
3150.00,19025.00,3225.67,16957.03
3162.50,19025.00,3238.78,16956.87
3312.50,19025.00,3388.00,16954.74
3700.00,19025.00,3768.96,16948.47
3775.00,19025.00,3843.64,16947.95
3787.50,19025.00,3856.35,16947.13
3012.50,19037.50,3089.50,16970.54
3187.50,19037.50,3263.76,16967.76
3200.00,19037.50,3275.96,16967.85
3225.00,19037.50,3298.94,16967.94
3237.50,19037.50,3312.43,16967.06
3262.50,19037.50,3336.41,16967.84
3287.50,19037.50,3361.40,16967.37
3300.00,19037.50,3374.15,16967.82
3337.50,19037.50,3413.75,16967.43
3350.00,19037.50,3426.09,16967.24
3375.00,19037.50,3449.11,16966.89
3387.50,19037.50,3462.19,16965.53
3412.50,19037.50,3485.97,16966.10
3425.00,19037.50,3501.15,16964.65
3437.50,19037.50,3514.90,16963.66
3687.50,19037.50,3755.99,16961.73
3712.50,19037.50,3781.06,16961.74
3750.00,19037.50,3819.54,16961.03
3787.50,19037.50,3856.72,16960.37
2600.00,19050.00,2675.48,16982.95
2625.00,19050.00,2700.62,16982.59
2637.50,19050.00,2712.73,16983.22
2662.50,19050.00,2737.49,16983.53
2675.00,19050.00,2750.54,16982.33
2700.00,19050.00,2775.59,16982.95
2712.50,19050.00,2787.81,16982.71
2737.50,19050.00,2812.91,16982.39
2750.00,19050.00,2825.37,16983.30
2775.00,19050.00,2851.33,16984.55
2787.50,19050.00,2863.59,16982.88
2812.50,19050.00,2889.34,16983.29
2825.00,19050.00,2901.57,16984.36
2850.00,19050.00,2926.72,16984.30
2937.50,19050.00,3013.77,16983.84
3000.00,19050.00,3077.75,16981.62
3012.50,19050.00,3090.40,16981.89
3037.50,19050.00,3114.51,16981.93
3050.00,19050.00,3125.97,16983.27
3075.00,19050.00,3152.13,16981.43
3087.50,19050.00,3164.66,16981.12
3125.00,19050.00,3200.68,16981.41
3150.00,19050.00,3225.89,16980.89
3162.50,19050.00,3237.71,16980.78
3187.50,19050.00,3262.98,16980.34
3200.00,19050.00,3275.20,16981.17
3225.00,19050.00,3299.91,16980.41
3237.50,19050.00,3312.09,16980.62
3262.50,19050.00,3335.98,16980.11
3275.00,19050.00,3349.44,16980.35
3300.00,19050.00,3373.63,16980.52
3312.50,19050.00,3386.82,16980.11
3337.50,19050.00,3411.91,16980.42
3375.00,19050.00,3449.56,16980.40
3400.00,19050.00,3472.02,16977.90
3412.50,19050.00,3486.09,16976.50
3437.50,19050.00,3509.04,16977.42
3737.50,19050.00,3806.61,16972.41
2600.00,19062.50,2676.40,16995.91
2625.00,19062.50,2700.57,16995.29
2637.50,19062.50,2713.56,16995.32
2662.50,19062.50,2737.55,16995.32
2675.00,19062.50,2750.08,16994.95
2700.00,19062.50,2774.63,16995.03
2712.50,19062.50,2787.68,16995.22
2737.50,19062.50,2812.63,16995.30
2775.00,19062.50,2850.75,16995.90
2787.50,19062.50,2863.55,16995.32
2812.50,19062.50,2889.91,16995.49
2825.00,19062.50,2901.01,16996.01
2850.00,19062.50,2927.75,16996.15
2862.50,19062.50,2939.60,16995.69
2875.00,19062.50,2953.09,16995.60
2900.00,19062.50,2978.15,16995.43
2925.00,19062.50,3001.43,16995.58
2937.50,19062.50,3014.34,16995.62
2950.00,19062.50,3027.28,16995.44
3000.00,19062.50,3076.54,16995.15
3050.00,19062.50,3126.30,16995.01
3125.00,19062.50,3201.09,16994.70
3312.50,19062.50,3387.34,16992.55
3700.00,19062.50,3769.07,16985.57
3712.50,19062.50,3781.50,16985.90
2750.00,19075.00,2825.88,17006.92
3075.00,19075.00,3151.60,17005.40
3087.50,19075.00,3163.43,17006.66
3112.50,19075.00,3189.21,17007.00
3150.00,19075.00,3225.89,17006.49
3175.00,19075.00,3250.15,17004.98
3187.50,19075.00,3261.89,17004.76
3200.00,19075.00,3274.98,17005.07
3225.00,19075.00,3299.63,17004.62
3237.50,19075.00,3312.75,17004.71
3262.50,19075.00,3337.23,17004.48
3275.00,19075.00,3351.03,17005.22
3300.00,19075.00,3374.72,17005.11
3337.50,19075.00,3411.25,17004.47
3350.00,19075.00,3424.75,17004.54
3375.00,19075.00,3447.95,17003.49
3387.50,19075.00,3461.35,17002.84
3412.50,19075.00,3486.06,17003.59
3637.50,19075.00,3707.54,16998.39
2600.00,19087.50,2676.32,17020.77
2625.00,19087.50,2701.71,17019.80
2637.50,19087.50,2713.78,17019.45
2662.50,19087.50,2739.19,17018.86
2675.00,19087.50,2749.92,17019.30
2700.00,19087.50,2774.35,17019.34
2712.50,19087.50,2787.65,17019.28
2737.50,19087.50,2812.82,17019.71
2750.00,19087.50,2825.31,17019.38
2775.00,19087.50,2850.84,17020.07
2787.50,19087.50,2863.06,17020.44
2812.50,19087.50,2890.05,17019.96
2825.00,19087.50,2901.09,17020.99
2850.00,19087.50,2927.08,17021.95
2862.50,19087.50,2940.60,17020.63
2900.00,19087.50,2977.07,17021.39
2962.50,19087.50,3040.97,17019.16
3012.50,19087.50,3089.17,17020.13
3037.50,19087.50,3115.22,17019.43
3075.00,19087.50,3151.90,17018.34
3087.50,19087.50,3164.22,17019.21
3112.50,19087.50,3187.93,17019.90
3125.00,19087.50,3200.73,17018.56
3150.00,19087.50,3225.87,17018.60
3162.50,19087.50,3237.84,17018.53
3187.50,19087.50,3262.20,17016.52
3200.00,19087.50,3276.69,17018.36
3225.00,19087.50,3298.85,17016.95
3237.50,19087.50,3311.94,17016.94
3262.50,19087.50,3336.94,17017.18
3275.00,19087.50,3349.80,17017.46
3300.00,19087.50,3373.56,17018.08
3325.00,19087.50,3398.72,17015.61
3337.50,19087.50,3410.96,17015.71
3350.00,19087.50,3424.45,17016.00
3375.00,19087.50,3448.48,17014.92
3387.50,19087.50,3460.07,17014.89
3412.50,19087.50,3485.27,17015.32
3437.50,19087.50,3509.26,17015.43
2600.00,19100.00,2676.80,17033.57
2625.00,19100.00,2701.63,17032.70
2637.50,19100.00,2713.34,17032.74
2662.50,19100.00,2739.19,17032.75
2675.00,19100.00,2750.33,17031.99
2712.50,19100.00,2787.92,17032.82
2737.50,19100.00,2812.85,17032.79
2750.00,19100.00,2825.92,17032.76
2775.00,19100.00,2851.72,17032.88
2787.50,19100.00,2863.24,17033.61
2812.50,19100.00,2889.61,17032.96
2825.00,19100.00,2902.97,17032.90
2850.00,19100.00,2927.33,17033.38
2887.50,19100.00,2965.33,17033.38
2900.00,19100.00,2976.51,17033.17
3075.00,19100.00,3151.60,17032.28
3112.50,19100.00,3189.99,17031.00
3150.00,19100.00,3225.25,17030.49
2700.00,19112.50,2776.63,17045.50
3087.50,19112.50,3163.72,17042.96
3125.00,19112.50,3200.56,17043.22
3200.00,19112.50,3277.04,17041.92
3225.00,19112.50,3299.31,17042.05
3237.50,19112.50,3312.93,17041.68
3262.50,19112.50,3336.43,17041.55
3275.00,19112.50,3351.19,17041.28
3300.00,19112.50,3373.97,17041.31
3312.50,19112.50,3387.24,17040.96
3337.50,19112.50,3411.16,17041.75
3350.00,19112.50,3425.16,17040.43
3375.00,19112.50,3449.14,17041.28
3387.50,19112.50,3461.34,17041.42
3412.50,19112.50,3487.17,17039.25
3425.00,19112.50,3497.88,17039.32
3450.00,19112.50,3524.49,17041.25
3462.50,19112.50,3537.84,17039.96
3487.50,19112.50,3559.87,17037.46
3512.50,19112.50,3584.18,17037.64
3525.00,19112.50,3595.29,17037.71
3550.00,19112.50,3620.88,17037.35
3562.50,19112.50,3634.19,17036.51
2600.00,19125.00,2676.99,17059.10
2625.00,19125.00,2702.21,17058.69
2637.50,19125.00,2714.38,17058.45
2662.50,19125.00,2739.37,17057.83
2675.00,19125.00,2750.72,17057.61
2700.00,19125.00,2777.06,17057.71
2712.50,19125.00,2789.49,17057.51
2737.50,19125.00,2814.70,17058.71
2750.00,19125.00,2827.05,17057.96
2775.00,19125.00,2852.61,17059.12
2787.50,19125.00,2865.37,17058.56
2812.50,19125.00,2890.60,17058.58
2825.00,19125.00,2902.25,17059.05
2850.00,19125.00,2927.68,17058.38
2862.50,19125.00,2939.66,17058.49
2900.00,19125.00,2977.02,17058.82
2925.00,19125.00,3002.87,17057.86
2950.00,19125.00,3027.41,17057.31
3000.00,19125.00,3077.18,17057.03
3012.50,19125.00,3089.36,17056.70
3037.50,19125.00,3114.50,17056.75
3050.00,19125.00,3126.50,17056.32
3075.00,19125.00,3151.33,17056.43
3087.50,19125.00,3163.93,17056.44
3112.50,19125.00,3189.09,17055.76
3125.00,19125.00,3201.40,17056.01
3150.00,19125.00,3226.16,17055.95
3162.50,19125.00,3238.88,17055.61
3187.50,19125.00,3263.54,17054.64
3200.00,19125.00,3275.61,17055.66
3225.00,19125.00,3301.35,17053.23
3237.50,19125.00,3312.29,17053.87
3262.50,19125.00,3336.85,17053.34
3287.50,19125.00,3359.88,17052.68
3300.00,19125.00,3373.72,17053.47
3312.50,19125.00,3387.20,17052.88
3337.50,19125.00,3411.34,17052.40
3350.00,19125.00,3424.60,17051.84
3375.00,19125.00,3448.48,17052.65
3387.50,19125.00,3462.62,17052.46
3425.00,19125.00,3497.84,17051.66
3450.00,19125.00,3521.95,17052.60
3475.00,19125.00,3546.63,17051.05
3487.50,19125.00,3559.45,17050.33
2600.00,19137.50,2676.78,17071.72
2625.00,19137.50,2702.40,17070.46
2637.50,19137.50,2714.20,17070.88
2662.50,19137.50,2739.75,17070.86
2675.00,19137.50,2752.07,17070.67
2700.00,19137.50,2777.27,17070.69
2712.50,19137.50,2789.50,17070.54
2737.50,19137.50,2815.27,17070.82
2750.00,19137.50,2827.18,17071.20
2775.00,19137.50,2852.83,17071.14
2787.50,19137.50,2864.89,17071.41
2812.50,19137.50,2890.11,17070.93
2825.00,19137.50,2903.39,17070.89
2850.00,19137.50,2927.42,17070.67
2862.50,19137.50,2939.98,17070.77
2887.50,19137.50,2965.52,17070.61
2900.00,19137.50,2977.59,17070.71
2975.00,19137.50,3052.44,17070.04
3000.00,19137.50,3076.24,17069.35
3050.00,19137.50,3126.80,17069.26
3075.00,19137.50,3152.67,17068.36
3087.50,19137.50,3163.34,17069.80
3100.00,19137.50,3177.06,17068.49
3150.00,19137.50,3225.49,17068.09
3162.50,19137.50,3237.67,17069.15
3412.50,19137.50,3485.32,17065.12
3512.50,19137.50,3584.14,17061.25
3525.00,19137.50,3596.06,17061.98
3562.50,19137.50,3634.70,17059.25
3125.00,19150.00,3201.78,17079.96
3187.50,19150.00,3262.04,17078.78
3200.00,19150.00,3274.67,17078.97
3237.50,19150.00,3313.06,17078.48
3262.50,19150.00,3336.08,17077.83
3275.00,19150.00,3350.50,17077.75
3300.00,19150.00,3373.19,17078.66
3312.50,19150.00,3386.31,17078.17
3337.50,19150.00,3410.12,17076.90
3362.50,19150.00,3434.70,17076.39
3375.00,19150.00,3448.44,17075.19
3387.50,19150.00,3460.07,17075.32
3412.50,19150.00,3485.32,17075.49
3425.00,19150.00,3496.89,17075.38
3450.00,19150.00,3522.58,17075.01
3475.00,19150.00,3545.19,17075.50
3487.50,19150.00,3558.14,17074.89
3512.50,19150.00,3583.81,17075.03
3525.00,19150.00,3596.90,17074.99
3550.00,19150.00,3623.34,17075.29
3562.50,19150.00,3634.59,17074.62
2600.00,19162.50,2677.67,17097.46
2625.00,19162.50,2702.92,17096.95
2637.50,19162.50,2715.66,17096.86
2662.50,19162.50,2739.95,17095.96
2675.00,19162.50,2753.45,17096.09
2700.00,19162.50,2778.40,17096.27
2712.50,19162.50,2790.25,17095.08
2737.50,19162.50,2815.39,17096.32
2750.00,19162.50,2828.55,17096.02
2775.00,19162.50,2852.09,17096.44
2787.50,19162.50,2865.20,17095.93
2812.50,19162.50,2890.25,17095.71
2825.00,19162.50,2902.52,17095.94
2850.00,19162.50,2927.49,17094.63
2862.50,19162.50,2940.21,17095.23
2887.50,19162.50,2963.87,17095.70
2925.00,19162.50,3002.15,17095.51
2962.50,19162.50,3039.74,17094.50
2975.00,19162.50,3051.57,17093.61
3000.00,19162.50,3077.18,17094.27
3025.00,19162.50,3103.02,17093.53
3050.00,19162.50,3126.54,17093.19
3075.00,19162.50,3152.68,17092.82
3087.50,19162.50,3165.43,17090.90
3112.50,19162.50,3186.56,17092.87
3125.00,19162.50,3199.94,17091.69
3150.00,19162.50,3224.71,17091.77
3162.50,19162.50,3237.67,17091.89
3187.50,19162.50,3261.66,17091.77
3200.00,19162.50,3275.06,17091.25
3262.50,19162.50,3338.24,17090.99
3275.00,19162.50,3351.02,17090.47
3300.00,19162.50,3372.89,17089.61
3312.50,19162.50,3385.70,17088.94
3337.50,19162.50,3409.42,17089.06
3362.50,19162.50,3434.32,17089.16
3375.00,19162.50,3447.46,17088.47
3387.50,19162.50,3459.75,17088.89
3500.00,19162.50,3571.43,17088.33
2600.00,19175.00,2678.26,17109.14
2612.50,19175.00,2690.85,17109.00
2637.50,19175.00,2716.85,17109.26
2662.50,19175.00,2740.53,17108.41
2675.00,19175.00,2753.04,17108.23
2700.00,19175.00,2779.10,17108.43
2712.50,19175.00,2792.00,17107.65
2737.50,19175.00,2815.41,17107.74
2750.00,19175.00,2828.59,17108.20
2775.00,19175.00,2852.36,17108.15
2787.50,19175.00,2865.41,17107.94
2812.50,19175.00,2890.11,17107.83
2862.50,19175.00,2939.93,17107.69
2887.50,19175.00,2965.10,17107.87
2900.00,19175.00,2977.37,17107.55
2925.00,19175.00,3002.69,17107.37
3412.50,19175.00,3485.08,17099.07
3437.50,19175.00,3509.16,17098.79
3450.00,19175.00,3521.23,17099.20
3475.00,19175.00,3546.44,17099.13
3487.50,19175.00,3559.34,17099.33
3525.00,19175.00,3596.92,17098.15
3550.00,19175.00,3622.84,17097.82
3562.50,19175.00,3634.81,17097.46
2850.00,19187.50,2927.52,17120.17
3087.50,19187.50,3163.54,17116.54
3112.50,19187.50,3185.63,17115.96
3125.00,19187.50,3199.38,17115.80
3150.00,19187.50,3223.53,17115.36
3162.50,19187.50,3237.11,17115.33
3187.50,19187.50,3262.01,17116.47
3200.00,19187.50,3273.46,17116.57
3225.00,19187.50,3300.26,17115.06
3262.50,19187.50,3336.63,17113.81
3287.50,19187.50,3359.14,17115.03
3300.00,19187.50,3372.85,17113.77
3312.50,19187.50,3385.60,17113.12
3337.50,19187.50,3410.07,17114.89
3350.00,19187.50,3424.41,17114.43
3375.00,19187.50,3447.31,17113.80
3387.50,19187.50,3462.31,17112.83
3412.50,19187.50,3483.77,17112.54
3475.00,19187.50,3546.11,17112.05
3512.50,19187.50,3582.69,17111.81
3525.00,19187.50,3596.26,17110.83
3550.00,19187.50,3620.82,17110.38
3562.50,19187.50,3632.78,17110.94
2600.00,19200.00,2677.24,17134.00
2625.00,19200.00,2701.98,17133.15
2637.50,19200.00,2714.90,17133.08
2662.50,19200.00,2741.52,17132.22
2675.00,19200.00,2753.16,17133.15
2700.00,19200.00,2776.92,17132.08
2712.50,19200.00,2789.38,17131.67
2737.50,19200.00,2815.20,17131.50
2750.00,19200.00,2826.07,17131.89
2775.00,19200.00,2852.24,17131.53
2787.50,19200.00,2863.76,17131.96
2812.50,19200.00,2889.39,17131.62
2825.00,19200.00,2900.43,17131.49
2850.00,19200.00,2927.15,17131.83
2862.50,19200.00,2939.93,17131.88
2887.50,19200.00,2964.77,17131.27
2900.00,19200.00,2976.68,17130.81
2925.00,19200.00,3002.44,17130.86
2937.50,19200.00,3015.95,17131.51
3112.50,19200.00,3185.99,17127.14
3125.00,19200.00,3199.40,17127.32
3150.00,19200.00,3223.54,17127.62
3162.50,19200.00,3237.04,17127.73
3187.50,19200.00,3261.21,17127.22
3200.00,19200.00,3274.54,17127.31
3262.50,19200.00,3339.31,17126.84
3275.00,19200.00,3352.18,17126.80
3300.00,19200.00,3372.55,17126.54
3337.50,19200.00,3408.92,17126.40
3350.00,19200.00,3423.10,17126.18
2600.00,19212.50,2677.43,17145.49
2625.00,19212.50,2702.22,17145.53
2637.50,19212.50,2714.56,17145.28
2662.50,19212.50,2739.32,17145.37
2700.00,19212.50,2777.23,17145.23
2712.50,19212.50,2789.39,17144.43
2925.00,19212.50,3000.70,17143.88
2937.50,19212.50,3014.60,17144.59
3225.00,19212.50,3298.85,17138.84
3375.00,19212.50,3448.00,17135.52
3400.00,19212.50,3471.26,17136.47
3412.50,19212.50,3483.91,17136.50
2675.00,19225.00,2752.37,17157.19
2737.50,19225.00,2814.41,17156.27
2750.00,19225.00,2827.26,17157.76
2775.00,19225.00,2852.16,17156.02
2787.50,19225.00,2862.94,17155.38
2812.50,19225.00,2888.50,17156.06
2825.00,19225.00,2900.29,17155.43
2850.00,19225.00,2926.41,17155.44
2862.50,19225.00,2938.36,17156.20
2887.50,19225.00,2964.71,17155.07
2900.00,19225.00,2976.30,17155.06
3087.50,19225.00,3164.32,17153.28
3112.50,19225.00,3185.60,17152.40
3137.50,19225.00,3210.91,17152.22
3150.00,19225.00,3223.83,17152.55
3162.50,19225.00,3236.56,17152.50
3187.50,19225.00,3260.86,17151.56
3200.00,19225.00,3274.26,17151.31
3225.00,19225.00,3299.02,17150.42
3237.50,19225.00,3313.79,17149.62
3262.50,19225.00,3337.28,17151.31
3275.00,19225.00,3352.38,17152.72
3300.00,19225.00,3374.99,17150.15
3312.50,19225.00,3387.96,17150.27
3337.50,19225.00,3411.11,17148.36
3375.00,19225.00,3446.43,17149.83
3400.00,19225.00,3471.09,17149.34
3462.50,19225.00,3538.10,17147.29
2600.00,19237.50,2676.77,17169.88
2625.00,19237.50,2701.94,17169.12
2637.50,19237.50,2714.43,17169.12
2662.50,19237.50,2738.86,17168.83
2675.00,19237.50,2750.38,17169.26
2700.00,19237.50,2777.44,17168.95
2712.50,19237.50,2788.03,17168.69
2737.50,19237.50,2813.17,17168.53
2750.00,19237.50,2825.74,17168.89
2775.00,19237.50,2850.82,17168.09
2787.50,19237.50,2862.58,17168.68
2812.50,19237.50,2887.85,17168.60
2825.00,19237.50,2900.11,17168.39
2850.00,19237.50,2926.81,17167.80
2862.50,19237.50,2937.95,17168.90
2887.50,19237.50,2962.91,17167.85
2900.00,19237.50,2975.16,17167.76
2925.00,19237.50,3001.02,17167.41
2937.50,19237.50,3014.84,17167.39
3000.00,19237.50,3076.80,17166.28
3012.50,19237.50,3090.47,17165.86
3100.00,19237.50,3172.81,17164.45
3112.50,19237.50,3185.36,17165.01
3125.00,19237.50,3197.69,17164.77
3150.00,19237.50,3223.30,17164.37
3175.00,19237.50,3247.20,17164.23
3187.50,19237.50,3260.26,17164.05
3200.00,19237.50,3273.89,17163.88
3225.00,19237.50,3298.86,17163.87
3262.50,19237.50,3336.97,17166.58
3275.00,19237.50,3352.00,17165.49
3300.00,19237.50,3374.52,17166.12
2637.50,19250.00,2713.37,17182.49
2662.50,19250.00,2739.29,17182.46
2675.00,19250.00,2750.32,17181.91
2825.00,19250.00,2899.83,17180.45
3050.00,19250.00,3123.71,17177.81
3075.00,19250.00,3149.23,17177.64
3237.50,19250.00,3311.06,17175.59
2600.00,19262.50,2675.61,17194.62
2625.00,19262.50,2699.53,17192.66
2700.00,19262.50,2776.39,17192.81
2712.50,19262.50,2790.58,17191.80
2737.50,19262.50,2813.55,17191.97
2750.00,19262.50,2825.33,17193.22
2775.00,19262.50,2848.88,17192.15
2787.50,19262.50,2863.20,17192.62
2812.50,19262.50,2888.06,17192.23
2850.00,19262.50,2925.74,17192.43
2862.50,19262.50,2937.54,17191.90
2887.50,19262.50,2964.46,17192.26
2900.00,19262.50,2975.40,17192.05
2925.00,19262.50,3000.85,17191.86
2937.50,19262.50,3012.43,17191.95
2962.50,19262.50,3035.99,17191.82
2987.50,19262.50,3060.80,17191.87
3000.00,19262.50,3073.86,17191.38
3012.50,19262.50,3087.19,17191.50
3037.50,19262.50,3111.05,17191.26
3062.50,19262.50,3135.59,17189.46
3075.00,19262.50,3149.83,17190.22
3087.50,19262.50,3161.43,17189.49
3112.50,19262.50,3186.44,17189.14
3125.00,19262.50,3200.05,17189.24
3137.50,19262.50,3214.87,17188.64
3162.50,19262.50,3237.11,17188.59
3187.50,19262.50,3261.03,17187.84
3200.00,19262.50,3272.92,17188.12
3225.00,19262.50,3297.86,17187.65
3250.00,19262.50,3322.43,17187.12
3262.50,19262.50,3335.75,17188.39
3275.00,19262.50,3350.77,17187.55
2600.00,19275.00,2675.18,17206.09
2625.00,19275.00,2700.57,17206.10
2637.50,19275.00,2712.84,17206.42
2662.50,19275.00,2737.40,17205.51
2675.00,19275.00,2750.03,17204.78
2700.00,19275.00,2775.46,17205.90
2712.50,19275.00,2788.97,17204.42
2737.50,19275.00,2812.30,17205.25
2750.00,19275.00,2824.43,17205.79
2775.00,19275.00,2849.80,17204.61
2787.50,19275.00,2863.38,17204.93
2812.50,19275.00,2886.99,17204.87
2825.00,19275.00,2899.63,17204.10
2850.00,19275.00,2924.64,17204.49
2862.50,19275.00,2937.90,17204.85
2887.50,19275.00,2963.04,17204.78
2900.00,19275.00,2975.16,17204.37
2925.00,19275.00,2999.31,17204.02
2937.50,19275.00,3012.18,17203.75
2962.50,19275.00,3036.51,17202.93
2975.00,19275.00,3049.37,17203.27
3000.00,19275.00,3073.64,17202.33
3012.50,19275.00,3086.69,17201.78
3037.50,19275.00,3111.34,17202.14
3062.50,19275.00,3134.84,17201.98
3075.00,19275.00,3148.44,17201.90
3087.50,19275.00,3162.61,17201.61
3112.50,19275.00,3187.98,17201.67
3125.00,19275.00,3201.50,17201.66
3137.50,19275.00,3215.27,17201.65
3162.50,19275.00,3238.84,17201.98
3200.00,19275.00,3272.36,17200.92
3262.50,19275.00,3335.18,17201.12
2600.00,19300.00,2675.74,17229.22
2625.00,19300.00,2700.34,17229.55
2637.50,19300.00,2712.74,17229.57
2662.50,19300.00,2737.31,17229.40
2675.00,19300.00,2749.57,17229.61
2700.00,19300.00,2773.71,17229.30
2712.50,19300.00,2787.00,17229.57
2737.50,19300.00,2811.17,17229.31
2750.00,19300.00,2824.70,17228.62
2775.00,19300.00,2849.34,17229.67
2787.50,19300.00,2862.41,17228.64
2812.50,19300.00,2886.39,17229.19
2825.00,19300.00,2899.06,17228.69
2850.00,19300.00,2924.03,17228.91
2862.50,19300.00,2937.20,17229.54
2887.50,19300.00,2961.72,17229.11
2900.00,19300.00,2974.47,17228.95
2925.00,19300.00,2999.03,17229.15
2937.50,19300.00,3012.37,17227.59
2962.50,19300.00,3036.24,17229.00
2975.00,19300.00,3049.16,17226.54
3000.00,19300.00,3074.06,17228.67
3025.00,19300.00,3099.01,17227.56
3037.50,19300.00,3111.45,17225.78
3050.00,19300.00,3126.23,17226.61
3075.00,19300.00,3149.68,17227.05
3087.50,19300.00,3163.75,17227.08
3112.50,19300.00,3187.68,17226.39
3125.00,19300.00,3202.61,17225.71
3150.00,19300.00,3222.83,17226.41
3162.50,19300.00,3238.40,17225.63
3225.00,19300.00,3298.03,17224.20
3250.00,19300.00,3321.86,17224.90
2600.00,19312.50,2676.30,17242.56
2625.00,19312.50,2699.53,17241.58
2637.50,19312.50,2711.32,17242.56
2662.50,19312.50,2736.59,17241.18
2675.00,19312.50,2749.30,17241.85
2700.00,19312.50,2773.65,17241.18
2712.50,19312.50,2786.89,17241.02
2737.50,19312.50,2811.89,17241.12
2750.00,19312.50,2824.87,17240.12
2775.00,19312.50,2848.36,17240.64
2787.50,19312.50,2862.12,17240.91
2812.50,19312.50,2886.87,17240.04
2825.00,19312.50,2899.51,17240.27
2850.00,19312.50,2924.64,17240.68
2862.50,19312.50,2937.29,17240.44
2887.50,19312.50,2961.79,17240.98
2900.00,19312.50,2973.89,17239.58
2925.00,19312.50,2998.67,17239.99
2937.50,19312.50,3012.02,17239.77
2962.50,19312.50,3036.35,17239.83
2975.00,19312.50,3048.74,17239.79
3000.00,19312.50,3073.71,17239.20
3012.50,19312.50,3086.97,17239.02
3037.50,19312.50,3111.60,17238.67
3050.00,19312.50,3124.71,17239.23
3075.00,19312.50,3149.25,17239.53
3087.50,19312.50,3164.79,17239.16
3112.50,19312.50,3188.39,17238.91
3125.00,19312.50,3200.32,17240.26
3150.00,19312.50,3223.11,17241.31
2737.50,19337.50,2811.04,17265.75
2750.00,19337.50,2824.48,17265.90
2775.00,19337.50,2848.63,17265.78
2787.50,19337.50,2861.79,17266.04
2812.50,19337.50,2886.63,17265.21
2825.00,19337.50,2899.57,17265.88
2850.00,19337.50,2923.48,17265.40
2862.50,19337.50,2936.06,17264.84
2887.50,19337.50,2960.82,17265.22
2912.50,19337.50,2986.17,17265.23
2925.00,19337.50,2998.56,17265.00
2937.50,19337.50,3011.90,17263.88
2962.50,19337.50,3035.97,17265.60
2975.00,19337.50,3048.19,17266.18
3000.00,19337.50,3073.42,17264.61
3012.50,19337.50,3086.44,17263.89
3037.50,19337.50,3111.16,17263.81
3050.00,19337.50,3124.19,17263.84
3075.00,19337.50,3148.76,17263.96
3087.50,19337.50,3161.88,17263.44
3125.00,19337.50,3200.98,17264.01
2787.50,19350.00,2861.56,17277.16
2812.50,19350.00,2886.52,17277.40
2825.00,19350.00,2898.97,17277.18
2850.00,19350.00,2923.72,17277.13
2862.50,19350.00,2936.47,17277.25
2887.50,19350.00,2960.74,17277.09
2925.00,19350.00,2998.11,17277.12
2937.50,19350.00,3011.01,17276.36
2962.50,19350.00,3036.07,17276.65
3000.00,19350.00,3073.14,17276.30
3037.50,19350.00,3110.63,17276.30
3050.00,19350.00,3123.93,17276.28
3075.00,19350.00,3148.18,17276.39
3112.50,19350.00,3186.90,17276.40
3125.00,19350.00,3202.73,17274.57
3150.00,19350.00,3223.78,17277.83
2712.50,19375.00,2786.84,17303.91
2825.00,19375.00,2900.00,17301.68
3075.00,19375.00,3148.44,17300.77
3087.50,19375.00,3161.72,17301.73
3162.50,19375.00,3241.14,17298.94
1900.00,19400.00,1974.82,17332.97
1987.50,19400.00,2062.50,17331.84
2012.50,19400.00,2086.69,17332.24
2025.00,19400.00,2100.58,17331.42
2137.50,19400.00,2212.04,17330.43
2362.50,19400.00,2436.03,17328.88
2500.00,19400.00,2573.88,17327.19
2550.00,19400.00,2623.25,17328.25
2575.00,19412.50,2648.03,17339.86
2587.50,19412.50,2660.95,17338.65
2100.00,19425.00,2173.57,17356.11
2437.50,19425.00,2511.28,17352.90
2475.00,19425.00,2548.67,17352.13
2500.00,19425.00,2573.44,17352.07
2512.50,19425.00,2586.07,17352.25
2550.00,19425.00,2623.45,17351.99
2575.00,19425.00,2647.28,17352.18
2587.50,19425.00,2660.94,17352.01
2400.00,19437.50,2473.67,17365.40
2425.00,19437.50,2498.85,17365.81
2437.50,19437.50,2511.17,17366.30
2462.50,19437.50,2536.56,17364.76
2475.00,19450.00,2548.56,17376.97
2500.00,19450.00,2573.35,17376.84
2537.50,19450.00,2610.46,17377.27
2550.00,19450.00,2623.41,17377.17
2587.50,19450.00,2660.23,17377.03
2475.00,19462.50,2548.84,17389.73
2500.00,19462.50,2573.03,17389.47
2512.50,19462.50,2585.63,17389.49
2550.00,19462.50,2623.48,17389.41
2575.00,19462.50,2647.63,17389.75
2587.50,19462.50,2660.77,17389.65
2250.00,19475.00,2327.49,17403.79
2425.00,19475.00,2498.49,17402.56
2512.50,19475.00,2586.07,17402.11
2500.00,19487.50,2573.16,17414.31
2587.50,19487.50,2660.74,17413.30
2212.50,19500.00,2288.03,17429.01
2362.50,19500.00,2437.83,17427.65
2425.00,19500.00,2498.27,17427.46
2437.50,19500.00,2511.24,17427.35
2462.50,19500.00,2535.67,17426.99
2475.00,19500.00,2548.33,17427.55
2500.00,19500.00,2573.17,17426.68
2550.00,19500.00,2622.88,17426.55
2575.00,19500.00,2647.47,17426.75
2587.50,19500.00,2660.82,17426.06
2437.50,19525.00,2511.68,17451.81
2462.50,19525.00,2536.33,17451.43
2475.00,19525.00,2549.47,17450.98
2500.00,19525.00,2574.04,17450.88
2537.50,19525.00,2611.20,17450.66
2575.00,19525.00,2648.19,17450.48
2587.50,19525.00,2661.36,17450.72
2237.50,19537.50,2311.70,17467.94
2250.00,19537.50,2325.64,17467.71
2312.50,19537.50,2386.95,17466.16
2387.50,19537.50,2461.80,17464.67
2400.00,19537.50,2473.56,17464.52
2437.50,19537.50,2510.27,17464.73
2462.50,19537.50,2535.32,17464.45
2475.00,19537.50,2548.30,17464.74
2500.00,19537.50,2573.52,17464.11
2512.50,19537.50,2586.28,17464.55
2550.00,19537.50,2623.39,17463.54
2575.00,19537.50,2647.44,17463.34
2587.50,19537.50,2660.64,17463.23
2350.00,19550.00,2423.28,17477.91
2387.50,19550.00,2461.57,17477.08
2400.00,19550.00,2473.36,17477.12
2475.00,19562.50,2548.88,17489.12
2500.00,19562.50,2573.78,17488.86
2512.50,19562.50,2586.17,17488.91
2537.50,19562.50,2611.53,17488.34
2550.00,19562.50,2623.72,17488.66
2575.00,19562.50,2648.13,17488.20
2437.50,19575.00,2510.89,17501.73
2462.50,19575.00,2535.83,17501.90
2475.00,19575.00,2548.88,17501.74
2500.00,19575.00,2573.36,17501.71
2512.50,19575.00,2585.89,17501.79
2537.50,19575.00,2611.08,17501.75
2550.00,19575.00,2623.03,17502.12
2575.00,19575.00,2648.62,17501.19
2587.50,19575.00,2661.08,17500.68
2525.00,19587.50,2599.35,17513.65
2425.00,19600.00,2498.50,17526.38
2437.50,19600.00,2511.10,17526.80
2462.50,19600.00,2535.83,17526.41
2475.00,19600.00,2548.65,17527.15
2537.50,19600.00,2610.43,17525.80
2550.00,19600.00,2623.48,17525.70
2575.00,19600.00,2648.50,17526.06
2587.50,19600.00,2661.62,17526.41
2362.50,19612.50,2436.05,17539.71
2387.50,19612.50,2460.70,17539.68
2400.00,19612.50,2473.77,17538.97
2425.00,19612.50,2498.56,17539.53
2437.50,19612.50,2511.17,17539.74
2462.50,19612.50,2535.83,17539.30
2475.00,19612.50,2548.61,17539.60
2500.00,19612.50,2573.15,17539.73
2512.50,19612.50,2585.86,17538.73
2537.50,19612.50,2611.57,17538.92
2550.00,19612.50,2623.10,17539.10
2575.00,19612.50,2648.45,17538.65
2587.50,19612.50,2660.92,17538.96
2387.50,19637.50,2461.40,17563.86
2400.00,19637.50,2473.83,17564.61
2425.00,19637.50,2499.93,17564.19
2437.50,19637.50,2511.74,17564.39
2462.50,19637.50,2536.53,17563.78
2475.00,19637.50,2548.93,17563.72
2500.00,19637.50,2574.76,17563.62
2512.50,19637.50,2586.55,17563.90
2537.50,19637.50,2611.81,17563.06
2550.00,19637.50,2624.36,17563.73
2575.00,19637.50,2649.33,17562.90
2587.50,19637.50,2661.40,17563.07
2275.00,19650.00,2349.08,17577.66
2287.50,19650.00,2361.35,17577.34
2312.50,19650.00,2386.51,17578.14
2325.00,19650.00,2399.14,17577.52
2350.00,19650.00,2424.19,17577.44
2362.50,19650.00,2436.35,17577.79
2387.50,19650.00,2461.56,17577.21
2400.00,19650.00,2474.37,17577.38
2425.00,19650.00,2499.70,17576.56
2437.50,19650.00,2511.41,17576.97
2462.50,19650.00,2537.40,17577.11
2475.00,19650.00,2548.91,17577.18
2500.00,19650.00,2575.90,17577.09
2512.50,19650.00,2587.18,17576.14
2537.50,19650.00,2611.08,17576.44
2550.00,19650.00,2624.14,17576.16
2575.00,19650.00,2649.55,17576.22
2587.50,19650.00,2661.42,17575.97
2250.00,19662.50,2323.81,17591.12
2287.50,19662.50,2361.16,17590.39
2312.50,19662.50,2386.41,17590.57
2362.50,19662.50,2436.65,17588.82
2387.50,19662.50,2461.04,17590.31
2500.00,19662.50,2575.26,17589.19
2550.00,19662.50,2623.99,17589.12
2275.00,19675.00,2348.79,17602.60
2325.00,19675.00,2399.24,17602.60
2350.00,19675.00,2424.93,17601.39
2400.00,19675.00,2474.73,17602.10
2425.00,19675.00,2499.29,17602.98
2437.50,19675.00,2511.42,17602.22
2462.50,19675.00,2537.46,17601.95
2475.00,19675.00,2549.34,17601.93
2512.50,19675.00,2587.18,17601.35
2537.50,19675.00,2612.43,17601.86
2575.00,19675.00,2649.28,17601.88
2587.50,19675.00,2661.73,17602.89
2212.50,19687.50,2286.02,17615.66
2237.50,19687.50,2311.65,17615.11
2275.00,19687.50,2349.36,17615.20
2287.50,19687.50,2361.69,17614.71
2312.50,19687.50,2387.47,17614.97
2325.00,19687.50,2399.33,17614.96
2350.00,19687.50,2424.09,17614.92
2362.50,19687.50,2436.48,17614.95
2387.50,19687.50,2461.93,17615.24
2400.00,19687.50,2474.24,17614.99
2425.00,19687.50,2500.11,17615.08
2437.50,19687.50,2512.26,17615.35
2462.50,19687.50,2538.70,17615.09
2475.00,19687.50,2550.01,17615.16
2500.00,19687.50,2575.87,17615.02
2512.50,19687.50,2586.95,17615.08
2537.50,19687.50,2612.09,17614.81
2550.00,19687.50,2625.39,17614.50
2575.00,19687.50,2650.32,17614.90
2587.50,19687.50,2662.73,17614.38
2237.50,19700.00,2311.68,17627.62
2250.00,19700.00,2324.13,17628.44
2275.00,19700.00,2348.69,17628.12
2287.50,19700.00,2361.87,17627.71
2312.50,19700.00,2387.94,17627.33
2325.00,19700.00,2399.10,17627.51
2400.00,19700.00,2475.92,17628.04
2425.00,19700.00,2500.54,17628.67
2437.50,19700.00,2512.20,17629.06
2462.50,19700.00,2537.60,17628.64
2475.00,19700.00,2549.81,17628.31
2537.50,19700.00,2613.93,17628.55
2550.00,19700.00,2626.15,17628.09
2575.00,19700.00,2650.62,17627.78
2212.50,19712.50,2285.98,17640.62
2350.00,19712.50,2426.40,17640.18
2362.50,19712.50,2437.18,17641.02
2387.50,19712.50,2463.68,17639.97
2500.00,19712.50,2576.50,17640.36
2512.50,19712.50,2588.44,17640.69
2587.50,19712.50,2663.46,17639.43
2237.50,19725.00,2312.43,17652.40
2250.00,19725.00,2324.33,17652.21
2275.00,19725.00,2350.47,17652.54
2287.50,19725.00,2361.33,17652.95
2312.50,19725.00,2388.05,17652.93
2325.00,19725.00,2399.70,17653.12
2350.00,19725.00,2426.22,17652.74
2362.50,19725.00,2438.82,17652.73
2387.50,19725.00,2463.92,17653.05
2400.00,19725.00,2475.16,17652.51
2425.00,19725.00,2501.14,17653.17
2437.50,19725.00,2513.89,17653.04
2462.50,19725.00,2538.53,17652.84
2475.00,19725.00,2550.40,17653.18
2500.00,19725.00,2576.77,17652.83
2512.50,19725.00,2588.60,17652.57
2537.50,19725.00,2614.30,17652.65
2550.00,19725.00,2626.34,17652.29
2575.00,19725.00,2651.38,17652.77
2587.50,19725.00,2664.40,17652.32
2062.50,19737.50,2136.69,17666.51
2137.50,19737.50,2211.44,17666.13
2200.00,19737.50,2274.19,17665.66
2212.50,19737.50,2286.60,17665.68
2237.50,19737.50,2311.52,17665.73
2250.00,19737.50,2324.86,17665.31
2275.00,19737.50,2349.27,17665.44
2287.50,19737.50,2361.51,17664.87
2312.50,19737.50,2387.64,17665.90
2350.00,19737.50,2426.35,17666.38
2362.50,19737.50,2438.34,17666.51
2387.50,19737.50,2463.43,17665.95
2400.00,19737.50,2476.57,17666.05
2425.00,19737.50,2501.64,17666.21
2437.50,19737.50,2513.52,17665.79
2462.50,19737.50,2538.70,17665.78
2475.00,19737.50,2551.17,17666.35
2500.00,19737.50,2576.70,17665.77
2512.50,19737.50,2588.61,17665.63
2537.50,19737.50,2614.18,17665.76
2550.00,19737.50,2626.26,17665.63
2575.00,19737.50,2651.99,17665.68
2325.00,19750.00,2401.05,17679.06
2587.50,19750.00,2665.29,17678.38
1975.00,19762.50,2049.24,17692.32
1987.50,19762.50,2061.94,17692.02
2012.50,19762.50,2087.87,17691.41
2087.50,19762.50,2162.10,17690.86
2100.00,19762.50,2175.69,17690.74
2125.00,19762.50,2200.51,17690.23
2137.50,19762.50,2211.82,17690.79
2162.50,19762.50,2236.28,17691.74
2175.00,19762.50,2248.85,17690.38
2200.00,19762.50,2275.60,17690.15
2212.50,19762.50,2287.08,17690.42
2237.50,19762.50,2312.84,17690.50
2250.00,19762.50,2325.47,17690.20
2275.00,19762.50,2351.16,17691.16
2287.50,19762.50,2362.71,17691.49
2312.50,19762.50,2387.78,17690.53
2325.00,19762.50,2400.25,17690.93
2350.00,19762.50,2426.12,17690.97
2362.50,19762.50,2439.01,17691.05
2387.50,19762.50,2464.08,17691.11
2400.00,19762.50,2476.42,17691.88
2425.00,19762.50,2501.66,17690.79
2437.50,19762.50,2514.61,17691.21
2462.50,19762.50,2539.64,17692.16
2475.00,19762.50,2552.86,17691.64
2500.00,19762.50,2576.92,17691.43
2512.50,19762.50,2589.86,17690.53
2537.50,19762.50,2614.32,17690.33
2550.00,19762.50,2627.20,17690.37
2562.50,19762.50,2639.69,17689.97
2587.50,19762.50,2665.82,17689.43
1450.00,19775.00,1526.18,17709.52
1462.50,19775.00,1538.58,17709.04
1487.50,19775.00,1562.96,17709.89
1500.00,19775.00,1575.40,17710.29
1600.00,19775.00,1676.49,17708.45
1612.50,19775.00,1688.59,17708.20
1650.00,19775.00,1724.79,17707.95
1675.00,19775.00,1751.00,17707.66
1687.50,19775.00,1762.85,17707.60
1712.50,19775.00,1788.04,17707.85
1725.00,19775.00,1801.32,17707.20
1750.00,19775.00,1825.90,17706.77
1762.50,19775.00,1837.11,17707.20
1937.50,19775.00,2012.70,17704.50
1975.00,19775.00,2050.52,17704.57
1987.50,19775.00,2062.69,17704.21
2012.50,19775.00,2087.87,17704.26
2025.00,19775.00,2100.23,17703.90
2050.00,19775.00,2125.19,17703.92
2062.50,19775.00,2137.48,17703.90
2087.50,19775.00,2162.23,17703.80
2100.00,19775.00,2174.78,17704.00
2125.00,19775.00,2200.38,17703.65
2137.50,19775.00,2211.95,17703.73
2162.50,19775.00,2237.88,17703.28
2175.00,19775.00,2249.31,17703.58
2200.00,19775.00,2275.35,17703.78
2212.50,19775.00,2286.96,17703.84
2237.50,19775.00,2313.34,17703.74
2250.00,19775.00,2325.39,17703.79
2275.00,19775.00,2351.17,17703.84
2287.50,19775.00,2364.17,17703.85
2325.00,19775.00,2400.56,17703.90
2350.00,19775.00,2426.64,17704.03
2362.50,19775.00,2439.28,17703.90
2387.50,19775.00,2464.25,17704.19
2400.00,19775.00,2476.88,17703.85
2425.00,19775.00,2501.78,17703.81
2437.50,19775.00,2515.27,17704.48
2462.50,19775.00,2539.58,17704.20
2475.00,19775.00,2552.77,17704.79
2500.00,19775.00,2576.89,17704.41
2512.50,19775.00,2590.28,17703.62
2537.50,19775.00,2614.16,17703.56
2550.00,19775.00,2627.72,17703.92
2575.00,19775.00,2652.08,17703.80
2587.50,19775.00,2665.73,17704.17
1462.50,19787.50,1537.92,17722.73
1487.50,19787.50,1563.23,17722.69
1500.00,19787.50,1574.82,17722.83
1525.00,19787.50,1600.74,17722.13
1600.00,19787.50,1675.94,17721.49
1637.50,19787.50,1713.67,17721.83
1650.00,19787.50,1724.37,17721.30
1675.00,19787.50,1751.82,17719.00
2312.50,19787.50,2388.14,17716.17
1450.00,19800.00,1525.96,17735.38
1537.50,19800.00,1613.09,17735.63
1550.00,19800.00,1625.78,17734.26
1575.00,19800.00,1651.66,17733.40
1612.50,19800.00,1688.65,17732.96
1687.50,19800.00,1765.23,17732.09
1712.50,19800.00,1788.49,17732.67
1725.00,19800.00,1801.08,17732.27
1750.00,19800.00,1825.76,17731.99
1762.50,19800.00,1838.87,17732.46
1787.50,19800.00,1864.16,17731.70
1800.00,19800.00,1877.15,17731.79
1825.00,19800.00,1901.11,17731.78
1837.50,19800.00,1913.38,17731.89
1862.50,19800.00,1937.77,17731.74
1875.00,19800.00,1950.71,17731.76
1900.00,19800.00,1976.46,17731.53
1912.50,19800.00,1988.41,17731.44
1937.50,19800.00,2013.25,17731.44
1950.00,19800.00,2025.61,17731.06
1975.00,19800.00,2050.45,17730.66
1987.50,19800.00,2063.91,17729.84
2012.50,19800.00,2088.50,17729.43
2025.00,19800.00,2100.61,17729.81
2050.00,19800.00,2125.96,17728.53
2062.50,19800.00,2137.09,17729.30
2087.50,19800.00,2162.83,17729.53
2100.00,19800.00,2174.92,17729.20
2125.00,19800.00,2200.01,17729.89
2137.50,19800.00,2211.85,17729.25
2162.50,19800.00,2238.15,17728.19
2175.00,19800.00,2250.13,17727.82
2200.00,19800.00,2275.44,17729.14
2212.50,19800.00,2287.19,17728.25
2237.50,19800.00,2312.97,17728.89
2250.00,19800.00,2326.73,17728.12
2275.00,19800.00,2351.31,17728.13
2287.50,19800.00,2363.89,17728.07
2312.50,19800.00,2388.60,17728.67
2325.00,19800.00,2401.49,17728.51
2350.00,19800.00,2426.69,17728.81
2362.50,19800.00,2439.47,17728.93
2387.50,19800.00,2464.71,17729.77
2400.00,19800.00,2477.45,17728.69
2425.00,19800.00,2501.76,17729.01
2437.50,19800.00,2515.72,17729.19
2450.00,19800.00,2528.91,17729.23
2475.00,19800.00,2552.91,17730.59
2500.00,19800.00,2577.92,17730.19
2512.50,19800.00,2590.07,17729.19
2537.50,19800.00,2614.41,17729.69
2550.00,19800.00,2627.58,17728.35
2562.50,19800.00,2640.88,17728.50
2587.50,19800.00,2666.51,17729.47
1412.50,19812.50,1488.20,17748.03
1450.00,19812.50,1525.66,17747.57
1462.50,19812.50,1537.27,17747.54
1487.50,19812.50,1563.41,17748.19
1500.00,19812.50,1576.04,17746.81
1525.00,19812.50,1601.22,17747.36
1537.50,19812.50,1614.66,17747.39
1562.50,19812.50,1638.73,17747.11
1575.00,19812.50,1651.59,17747.50
1600.00,19812.50,1676.56,17746.35
1612.50,19812.50,1689.08,17746.40
1637.50,19812.50,1713.37,17746.34
1650.00,19812.50,1725.56,17745.99
1675.00,19812.50,1751.42,17745.64
1687.50,19812.50,1764.60,17745.46
1712.50,19812.50,1789.03,17745.95
1725.00,19812.50,1802.52,17745.80
1750.00,19812.50,1826.13,17745.71
1762.50,19812.50,1839.74,17745.60
1787.50,19812.50,1864.38,17745.14
1800.00,19812.50,1877.34,17744.75
1825.00,19812.50,1901.42,17745.58
1837.50,19812.50,1914.78,17745.18
1862.50,19812.50,1938.58,17743.87
1875.00,19812.50,1951.52,17744.09
1900.00,19812.50,1976.99,17743.97
1912.50,19812.50,1989.09,17743.82
1937.50,19812.50,2014.07,17743.18
1950.00,19812.50,2026.83,17742.45
1975.00,19812.50,2051.27,17743.37
1987.50,19812.50,2064.15,17743.05
2012.50,19812.50,2088.63,17742.02
2025.00,19812.50,2101.85,17741.87
2050.00,19812.50,2126.23,17742.48
2062.50,19812.50,2137.60,17741.82
2087.50,19812.50,2163.26,17741.55
2100.00,19812.50,2176.02,17741.61
2125.00,19812.50,2201.12,17741.63
2137.50,19812.50,2212.21,17740.99
2162.50,19812.50,2238.56,17741.14
2175.00,19812.50,2250.47,17741.35
2200.00,19812.50,2276.04,17741.17
2212.50,19812.50,2287.62,17741.26
2237.50,19812.50,2313.78,17741.70
2250.00,19812.50,2326.32,17741.34
2275.00,19812.50,2351.48,17741.24
2287.50,19812.50,2363.86,17741.42
2312.50,19812.50,2388.74,17741.56
2350.00,19812.50,2427.37,17741.39
2362.50,19812.50,2439.76,17741.80
2387.50,19812.50,2464.12,17741.64
2400.00,19812.50,2477.68,17740.93
2425.00,19812.50,2502.38,17742.41
2437.50,19812.50,2515.42,17742.61
2450.00,19812.50,2528.81,17741.81
2475.00,19812.50,2553.07,17741.70
2487.50,19812.50,2566.71,17741.65
2512.50,19812.50,2590.59,17741.79
2537.50,19812.50,2615.65,17741.52
2550.00,19812.50,2628.31,17741.46
2562.50,19812.50,2641.31,17741.10
2587.50,19812.50,2665.95,17741.96
1412.50,19825.00,1488.55,17760.79
1425.00,19825.00,1500.45,17760.26
1450.00,19825.00,1526.14,17760.15
1462.50,19825.00,1537.82,17760.08
1487.50,19825.00,1563.11,17760.05
1500.00,19825.00,1575.52,17760.23
1525.00,19825.00,1601.37,17760.31
1537.50,19825.00,1613.74,17760.37
1550.00,19825.00,1626.49,17760.29
1575.00,19825.00,1652.48,17760.14
1600.00,19825.00,1675.73,17759.82
1612.50,19825.00,1688.99,17759.84
1637.50,19825.00,1712.87,17759.95
1650.00,19825.00,1726.47,17757.90
1675.00,19825.00,1751.19,17759.61
1687.50,19825.00,1763.65,17759.31
1712.50,19825.00,1789.06,17759.74
1725.00,19825.00,1801.06,17759.21
2325.00,19825.00,2401.67,17754.05
1750.00,19837.50,1826.78,17771.30
1762.50,19837.50,1840.18,17771.17
1787.50,19837.50,1864.45,17769.60
1800.00,19837.50,1877.26,17769.52
1825.00,19837.50,1902.07,17769.79
1837.50,19837.50,1915.53,17769.59
1862.50,19837.50,1939.28,17769.37
1875.00,19837.50,1952.81,17769.40
1900.00,19837.50,1976.77,17769.88
1912.50,19837.50,1990.63,17769.51
1937.50,19837.50,2014.44,17769.31
1950.00,19837.50,2028.16,17769.30
1975.00,19837.50,2051.54,17769.17
1987.50,19837.50,2065.09,17768.96
2012.50,19837.50,2088.93,17768.92
2025.00,19837.50,2102.30,17768.16
2050.00,19837.50,2125.69,17767.99
2062.50,19837.50,2139.58,17767.54
2087.50,19837.50,2163.11,17767.98
2100.00,19837.50,2176.19,17767.35
2125.00,19837.50,2201.57,17766.81
2137.50,19837.50,2213.59,17766.03
2162.50,19837.50,2239.15,17765.21
2175.00,19837.50,2252.35,17765.74
2200.00,19837.50,2276.02,17764.96
2212.50,19837.50,2288.44,17765.78
2237.50,19837.50,2313.57,17765.06
2250.00,19837.50,2325.50,17765.05
2275.00,19837.50,2351.29,17765.81
2287.50,19837.50,2363.89,17766.00
2312.50,19837.50,2389.01,17766.69
2325.00,19837.50,2402.37,17766.36
2350.00,19837.50,2426.64,17766.69
2362.50,19837.50,2439.86,17767.59
2387.50,19837.50,2465.43,17767.64
2400.00,19837.50,2477.62,17768.41
2425.00,19837.50,2502.68,17767.09
2437.50,19837.50,2515.60,17768.06
2462.50,19837.50,2540.30,17768.57
2475.00,19837.50,2553.46,17768.45
2487.50,19837.50,2566.88,17768.23
2512.50,19837.50,2591.48,17767.96
2525.00,19837.50,2604.65,17768.04
2550.00,19837.50,2628.95,17768.64
2562.50,19837.50,2643.47,17766.23
2587.50,19837.50,2666.22,17767.94
1412.50,19850.00,1488.41,17785.73
1425.00,19850.00,1500.71,17785.26
1450.00,19850.00,1525.98,17785.36
1462.50,19850.00,1538.84,17785.14
1487.50,19850.00,1563.93,17785.36
1500.00,19850.00,1576.80,17785.25
1525.00,19850.00,1601.31,17784.62
1537.50,19850.00,1614.18,17784.65
1550.00,19850.00,1626.39,17784.26
1575.00,19850.00,1652.48,17784.41
1600.00,19850.00,1676.63,17783.93
1612.50,19850.00,1689.49,17783.91
1637.50,19850.00,1714.01,17784.00
1650.00,19850.00,1726.85,17784.00
1662.50,19850.00,1739.55,17784.46
1687.50,19850.00,1764.73,17784.33
1700.00,19850.00,1777.83,17783.73
1725.00,19850.00,1802.94,17783.64
1750.00,19850.00,1827.50,17783.49
1762.50,19850.00,1840.67,17783.59
1787.50,19850.00,1864.54,17783.55
1800.00,19850.00,1877.87,17783.43
1825.00,19850.00,1901.97,17783.57
1837.50,19850.00,1915.19,17783.43
1862.50,19850.00,1939.67,17783.20
1875.00,19850.00,1952.85,17782.89
1900.00,19850.00,1977.58,17783.49
1912.50,19850.00,1990.89,17783.33
1937.50,19850.00,2015.48,17781.94
1950.00,19850.00,2027.46,17782.66
1975.00,19850.00,2051.95,17782.43
1987.50,19850.00,2064.35,17781.25
2012.50,19850.00,2088.59,17780.92
2025.00,19850.00,2102.38,17780.03
2050.00,19850.00,2126.49,17781.08
2062.50,19850.00,2140.00,17779.92
2087.50,19850.00,2164.78,17779.25
2100.00,19850.00,2177.12,17778.95
2125.00,19850.00,2202.06,17779.21
2137.50,19850.00,2214.07,17779.02
2150.00,19850.00,2227.91,17779.10
2175.00,19850.00,2251.54,17778.81
2200.00,19850.00,2276.53,17778.64
2212.50,19850.00,2288.72,17778.97
2237.50,19850.00,2312.86,17778.88
2250.00,19850.00,2326.12,17778.34
2275.00,19850.00,2351.36,17778.75
2287.50,19850.00,2364.07,17778.78
2312.50,19850.00,2389.47,17778.53
2325.00,19850.00,2402.08,17779.04
2350.00,19850.00,2426.83,17779.11
2362.50,19850.00,2439.83,17779.27
2375.00,19850.00,2452.75,17779.43
2400.00,19850.00,2478.31,17779.78
2412.50,19850.00,2491.98,17779.76
2437.50,19850.00,2515.77,17779.54
2450.00,19850.00,2529.47,17779.58
2475.00,19850.00,2553.51,17780.43
2487.50,19850.00,2567.13,17781.49
2512.50,19850.00,2591.28,17781.23
2525.00,19850.00,2604.57,17780.59
2550.00,19850.00,2629.47,17780.59
1412.50,19862.50,1488.32,17797.56
1425.00,19862.50,1500.79,17797.88
1450.00,19862.50,1526.18,17797.95
1487.50,19862.50,1563.95,17797.99
1500.00,19862.50,1575.77,17797.54
1525.00,19862.50,1601.68,17797.48
1537.50,19862.50,1613.75,17797.65
1550.00,19862.50,1626.35,17797.72
1575.00,19862.50,1650.61,17797.58
1600.00,19862.50,1676.72,17797.76
1612.50,19862.50,1690.13,17797.61
1637.50,19862.50,1714.32,17797.38
1650.00,19862.50,1727.74,17797.63
1662.50,19862.50,1739.57,17797.42
1687.50,19862.50,1765.39,17797.34
1762.50,19862.50,1839.95,17797.32
1825.00,19862.50,1901.76,17795.78
1837.50,19862.50,1915.35,17796.87
1462.50,19875.00,1538.03,17810.24
1712.50,19875.00,1789.40,17808.16
1725.00,19875.00,1802.90,17808.04
1750.00,19875.00,1826.84,17808.25
1775.00,19875.00,1852.89,17808.89
1800.00,19875.00,1878.10,17807.86
1850.00,19875.00,1929.31,17808.52
1875.00,19875.00,1953.39,17808.16
1887.50,19875.00,1966.23,17807.31
1912.50,19875.00,1990.89,17807.01
1937.50,19875.00,2014.39,17806.74
1950.00,19875.00,2028.04,17807.39
1975.00,19875.00,2052.66,17806.86
1987.50,19875.00,2065.33,17807.12
2012.50,19875.00,2089.85,17806.81
2025.00,19875.00,2103.06,17806.74
2050.00,19875.00,2127.21,17806.96
2062.50,19875.00,2140.29,17806.48
2075.00,19875.00,2153.73,17806.53
2100.00,19875.00,2178.09,17806.03
2112.50,19875.00,2191.21,17806.06
2137.50,19875.00,2215.90,17806.06
2162.50,19875.00,2239.55,17804.33
2175.00,19875.00,2253.00,17803.08
2200.00,19875.00,2276.87,17803.65
2212.50,19875.00,2289.47,17802.86
2225.00,19875.00,2300.92,17802.51
2250.00,19875.00,2326.82,17803.00
2275.00,19875.00,2351.89,17803.17
2287.50,19875.00,2365.06,17803.51
2300.00,19875.00,2376.54,17804.52
2325.00,19875.00,2402.91,17805.45
2350.00,19875.00,2427.26,17805.46
2362.50,19875.00,2440.98,17805.94
2375.00,19875.00,2454.33,17806.41
2400.00,19875.00,2478.67,17806.49
2412.50,19875.00,2492.46,17806.35
2437.50,19875.00,2516.59,17806.55
2450.00,19875.00,2530.01,17806.39
1412.50,19887.50,1488.77,17823.15
1425.00,19887.50,1501.21,17823.04
1450.00,19887.50,1526.29,17822.06
1462.50,19887.50,1539.14,17822.35
1487.50,19887.50,1563.88,17821.84
1500.00,19887.50,1576.68,17822.01
1525.00,19887.50,1601.15,17822.05
1537.50,19887.50,1614.19,17822.17
1562.50,19887.50,1639.32,17821.68
1575.00,19887.50,1652.58,17821.44
1600.00,19887.50,1677.09,17821.38
1612.50,19887.50,1689.91,17821.29
1637.50,19887.50,1714.62,17822.29
1650.00,19887.50,1727.71,17821.65
1675.00,19887.50,1751.98,17821.82
1687.50,19887.50,1765.58,17821.03
1712.50,19887.50,1789.19,17821.20
1725.00,19887.50,1803.13,17821.40
1750.00,19887.50,1827.11,17821.49
1762.50,19887.50,1840.55,17821.74
1775.00,19887.50,1853.57,17821.06
1800.00,19887.50,1877.87,17821.21
1812.50,19887.50,1891.78,17821.09
1837.50,19887.50,1915.90,17821.15
1850.00,19887.50,1929.69,17821.25
1875.00,19887.50,1953.04,17820.76
1887.50,19887.50,1966.62,17820.43
1912.50,19887.50,1991.16,17820.39
1925.00,19887.50,2003.18,17820.67
1950.00,19887.50,2028.54,17820.79
1962.50,19887.50,2041.27,17820.64
1987.50,19887.50,2065.88,17820.61
2012.50,19887.50,2089.73,17820.41
2025.00,19887.50,2102.73,17819.39
2050.00,19887.50,2128.42,17820.27
2062.50,19887.50,2140.86,17819.51
2075.00,19887.50,2153.88,17818.74
2100.00,19887.50,2178.26,17818.65
2112.50,19887.50,2191.55,17819.17
2137.50,19887.50,2216.37,17817.91
2150.00,19887.50,2229.24,17817.90
2175.00,19887.50,2252.91,17817.69
2187.50,19887.50,2266.14,17817.85
2212.50,19887.50,2290.44,17816.95
2225.00,19887.50,2301.70,17816.81
2250.00,19887.50,2328.24,17816.99
2262.50,19887.50,2339.65,17816.71
2287.50,19887.50,2365.67,17816.95
2300.00,19887.50,2378.58,17817.43
2325.00,19887.50,2403.50,17817.68
2350.00,19887.50,2428.67,17817.87
2362.50,19887.50,2441.84,17818.49
2375.00,19887.50,2454.63,17818.58
2400.00,19887.50,2478.92,17819.44
1412.50,19900.00,1488.28,17835.06
1450.00,19900.00,1526.41,17835.06
1462.50,19900.00,1539.34,17834.94
1500.00,19900.00,1576.66,17835.07
1537.50,19900.00,1614.62,17834.62
1562.50,19900.00,1639.11,17834.95
1575.00,19900.00,1652.07,17835.04
1612.50,19900.00,1689.91,17834.68
1637.50,19900.00,1714.47,17835.10
1650.00,19900.00,1727.50,17834.90
1712.50,19900.00,1790.04,17834.89
1725.00,19900.00,1803.58,17835.05
1737.50,19900.00,1817.16,17834.82
1762.50,19900.00,1840.93,17834.95
1787.50,19900.00,1866.16,17834.90
1800.00,19900.00,1878.00,17835.09
1812.50,19900.00,1891.30,17834.98
1837.50,19900.00,1916.69,17834.98
1850.00,19900.00,1929.35,17834.35
1950.00,19900.00,2028.63,17833.96
1987.50,19900.00,2065.92,17833.84
2012.50,19900.00,2091.29,17833.14
2062.50,19900.00,2142.41,17831.63
2075.00,19900.00,2154.17,17832.85
2112.50,19900.00,2191.42,17831.66
2337.50,19900.00,2417.05,17831.57
2412.50,19900.00,2492.86,17831.35
1487.50,19912.50,1563.52,17847.40
1525.00,19912.50,1602.03,17847.36
1600.00,19912.50,1676.70,17847.40
1675.00,19912.50,1751.95,17848.00
1687.50,19912.50,1765.59,17846.77
1875.00,19912.50,1953.45,17847.41
1887.50,19912.50,1966.95,17846.37
1912.50,19912.50,1991.65,17847.23
1925.00,19912.50,2004.51,17847.67
1962.50,19912.50,2042.06,17845.80
2025.00,19912.50,2104.73,17845.97
2037.50,19912.50,2117.36,17846.14
2100.00,19912.50,2180.11,17846.03
2137.50,19912.50,2218.02,17845.09
2150.00,19912.50,2229.87,17845.28
2175.00,19912.50,2255.55,17844.79
2187.50,19912.50,2268.10,17844.58
2212.50,19912.50,2292.70,17844.37
2225.00,19912.50,2305.16,17844.25
2250.00,19912.50,2330.63,17844.99
2262.50,19912.50,2342.88,17844.85
2287.50,19912.50,2366.61,17844.69
2300.00,19912.50,2380.30,17844.57
2325.00,19912.50,2405.14,17844.75
1450.00,19925.00,1525.77,17858.70
1487.50,19925.00,1563.84,17859.79
1500.00,19925.00,1576.24,17859.85
1525.00,19925.00,1602.24,17858.96
1537.50,19925.00,1614.39,17859.36
1562.50,19925.00,1638.65,17860.03
1575.00,19925.00,1652.22,17859.28
1600.00,19925.00,1677.37,17859.39
1612.50,19925.00,1690.59,17858.97
1637.50,19925.00,1714.09,17858.91
1650.00,19925.00,1727.85,17859.17
1675.00,19925.00,1752.23,17858.88
1687.50,19925.00,1765.65,17859.15
1712.50,19925.00,1791.00,17860.46
1725.00,19925.00,1803.63,17859.90
1737.50,19925.00,1817.19,17860.40
1762.50,19925.00,1840.39,17860.33
1775.00,19925.00,1854.12,17860.07
1800.00,19925.00,1879.68,17859.43
1812.50,19925.00,1892.05,17859.67
1837.50,19925.00,1917.55,17859.50
1850.00,19925.00,1929.74,17859.10
1875.00,19925.00,1955.01,17859.08
1887.50,19925.00,1967.60,17858.92
1912.50,19925.00,1992.10,17859.48
1925.00,19925.00,2004.96,17859.71
1950.00,19925.00,2031.01,17858.79
1962.50,19925.00,2042.77,17859.35
1987.50,19925.00,2067.27,17859.62
2000.00,19925.00,2079.98,17859.34
2025.00,19925.00,2105.68,17859.18
2037.50,19925.00,2118.46,17859.00
2075.00,19925.00,2155.61,17858.85
2100.00,19925.00,2181.03,17858.78
2112.50,19925.00,2193.06,17859.03
1462.50,19937.50,1538.42,17872.23
1487.50,19937.50,1563.79,17872.56
1500.00,19937.50,1576.46,17872.73
1562.50,19937.50,1638.82,17872.63
1612.50,19937.50,1689.82,17871.65
1650.00,19937.50,1728.16,17872.54
1662.50,19937.50,1741.21,17872.39
1687.50,19937.50,1765.75,17872.79
1712.50,19937.50,1790.02,17873.20
1725.00,19937.50,1803.23,17872.81
1775.00,19937.50,1854.64,17872.74
1800.00,19937.50,1879.34,17872.85
1812.50,19937.50,1892.61,17872.69
1837.50,19937.50,1917.42,17872.67
1850.00,19937.50,1930.07,17872.87
1875.00,19937.50,1955.59,17873.03
1887.50,19937.50,1967.57,17872.61
1912.50,19937.50,1993.20,17872.50
1925.00,19937.50,2005.02,17872.81
1962.50,19937.50,2042.66,17872.63
1450.00,19950.00,1525.54,17884.70
1525.00,19950.00,1602.16,17883.75
1537.50,19950.00,1614.50,17884.29
1575.00,19950.00,1651.94,17884.52
1600.00,19950.00,1676.82,17884.52
1637.50,19950.00,1715.28,17885.45
1737.50,19950.00,1817.46,17886.23
1762.50,19950.00,1842.24,17885.92
1412.50,19962.50,1488.33,17897.52
1425.00,19962.50,1500.78,17898.09
1450.00,19962.50,1526.29,17897.43
1462.50,19962.50,1538.81,17897.33
1487.50,19962.50,1563.46,17898.36
1500.00,19962.50,1577.22,17898.08
1525.00,19962.50,1601.94,17896.87
1537.50,19962.50,1614.65,17897.16
1562.50,19962.50,1640.28,17896.88
1575.00,19962.50,1652.50,17897.38
1587.50,19962.50,1665.68,17896.87
1612.50,19962.50,1690.72,17897.08
1637.50,19962.50,1715.38,17897.09
1650.00,19962.50,1728.13,17897.27
1662.50,19962.50,1741.07,17897.76
1687.50,19962.50,1766.25,17897.50
1700.00,19962.50,1778.57,17897.87
1725.00,19962.50,1805.51,17898.54
1737.50,19962.50,1817.22,17899.09
1762.50,19962.50,1843.35,17898.92
1775.00,19962.50,1855.52,17897.54
1800.00,19962.50,1880.76,17898.78
1425.00,19975.00,1502.01,17910.28
1450.00,19975.00,1526.93,17910.61
1462.50,19975.00,1540.15,17910.16
1487.50,19975.00,1564.74,17910.20
1500.00,19975.00,1577.22,17910.27
1525.00,19975.00,1601.56,17910.50
1537.50,19975.00,1615.47,17910.29
1562.50,19975.00,1639.95,17910.51
1575.00,19975.00,1652.94,17910.10
1600.00,19975.00,1679.01,17910.44
1612.50,19975.00,1691.34,17910.24
1637.50,19975.00,1715.14,17910.97
1650.00,19975.00,1728.69,17910.57
1662.50,19975.00,1742.06,17910.50
1687.50,19975.00,1766.42,17910.60
1700.00,19975.00,1779.69,17910.71
1725.00,19975.00,1803.96,17911.87
1737.50,19975.00,1817.27,17911.38
1762.50,19975.00,1843.59,17911.63
1775.00,19975.00,1855.21,17911.41
1800.00,19975.00,1880.72,17910.78
1812.50,19975.00,1892.97,17911.22
1412.50,20000.00,1490.23,17937.63
1425.00,20000.00,1503.33,17937.39
1450.00,20000.00,1527.88,17937.18
1462.50,20000.00,1541.09,17937.61
1475.00,20000.00,1553.64,17937.39
1500.00,20000.00,1579.03,17937.08
1512.50,20000.00,1592.07,17937.84
1537.50,20000.00,1616.07,17937.64
1550.00,20000.00,1629.41,17936.88
1575.00,20000.00,1653.80,17937.26
1587.50,20000.00,1667.03,17936.97
1612.50,20000.00,1691.80,17937.48
1625.00,20000.00,1704.83,17937.60
1650.00,20000.00,1730.36,17937.46
1662.50,20000.00,1742.39,17937.83
1412.50,20012.50,1490.60,17950.33
1425.00,20012.50,1503.64,17950.38
1450.00,20012.50,1529.18,17949.54
1462.50,20012.50,1541.22,17949.50
1475.00,20012.50,1553.96,17951.02
1500.00,20012.50,1579.22,17950.85
1512.50,20012.50,1592.42,17950.14
1537.50,20012.50,1616.95,17950.26
1550.00,20012.50,1629.76,17949.36
1575.00,20012.50,1656.35,17949.57
1587.50,20012.50,1667.35,17950.61
1612.50,20012.50,1693.35,17950.19
1625.00,20012.50,1705.33,17950.38
1662.50,20012.50,1742.85,17950.59
1687.50,20012.50,1768.36,17949.62
1700.00,20012.50,1781.24,17949.35
1412.50,20037.50,1490.69,17975.48
1425.00,20037.50,1504.23,17975.88
1437.50,20037.50,1517.60,17976.05
1462.50,20037.50,1541.54,17975.74
1475.00,20037.50,1555.68,17975.66
1500.00,20037.50,1580.45,17976.23
1550.00,20037.50,1631.18,17975.62
1587.50,20037.50,1668.07,17975.87
1612.50,20037.50,1693.35,17975.20
1412.50,20050.00,1492.02,17989.44
1425.00,20050.00,1504.61,17989.24
1437.50,20050.00,1517.48,17989.23
1587.50,20050.00,1668.69,17988.00
1512.50,20062.50,1592.70,18001.81
1400.00,20075.00,1480.18,18013.74
1425.00,20075.00,1505.35,18013.77
1437.50,20075.00,1517.82,18014.15
1462.50,20075.00,1542.75,18014.17
1400.00,20087.50,1479.93,18027.43
1475.00,20087.50,1556.11,18026.56
