location,row,col,dx,dy,confidence,kept
top (~row 8400),7622,1800,-18.0,8.0,0.9546571969985962,True
top (~row 8400),7622,1800,2.0,4.0,0.7995949387550354,True
top (~row 8400),7622,1800,-18.0,9.0,0.9510170221328735,True
top (~row 8400),7622,1800,-13.0,10.0,0.9553348422050476,True
top (~row 8400),7622,1800,-16.0,6.0,0.8964574337005615,True
top (~row 8400),7622,1800,-12.0,9.0,0.9533643126487732,True
top (~row 8400),7622,1800,1.0,5.0,0.933135986328125,True
top (~row 8400),7622,1800,-16.0,7.0,0.9466347098350525,True
top (~row 8400),7622,1800,-25.0,0.0,0.5006973743438721,True
top (~row 8400),7622,1800,-16.0,8.0,0.9468495845794678,True
top (~row 8400),7622,1800,-15.0,5.0,0.507364809513092,True
top (~row 8400),7622,1800,-16.0,10.0,0.9414049983024597,True
top (~row 8400),7622,1800,-18.0,10.0,0.9517110586166382,True
top (~row 8400),7622,1800,-18.0,8.0,0.9557074904441833,True
top (~row 8400),7622,1800,2.0,5.0,0.9527944922447205,True
top (~row 8400),7622,1800,-2.0,1.0,0.95399010181427,True
top (~row 8400),7622,1800,-16.0,9.0,0.9488436579704285,True
top (~row 8400),7622,1800,-18.0,11.0,0.7812824845314026,True
top (~row 8400),7622,1800,-14.0,7.0,0.9553394317626953,True
top (~row 8400),7622,1800,-14.0,3.0,0.8941658139228821,True
top (~row 8400),7622,1800,-16.0,8.0,0.9549713730812073,True
top (~row 8400),7622,1800,-9.0,7.0,0.9550970792770386,True
top (~row 8400),7622,1800,-10.0,7.0,0.558347225189209,True
top (~row 8400),7622,1800,-10.0,9.0,0.9220728874206543,True
top (~row 8400),7622,1800,-3.0,6.0,0.9373950362205505,True
top (~row 8400),7622,1800,-17.0,9.0,0.9514387845993042,True
top (~row 8400),7622,1800,-17.0,7.0,0.7404168844223022,True
top (~row 8400),7622,1800,-3.0,3.0,0.9526982307434082,True
top (~row 8400),7622,1800,-8.0,5.0,0.8883596062660217,True
top (~row 8400),7622,1800,4.0,5.0,0.5723763108253479,True
top (~row 8400),7622,1800,-6.0,6.0,0.9555708169937134,True
top (~row 8400),7622,1800,4.0,3.0,0.5117661356925964,True
top (~row 8400),7622,1800,-10.0,11.0,0.5754830241203308,True
top (~row 8400),7622,1800,1.0,2.0,0.9471349716186523,True
top (~row 8400),7622,1800,0.0,4.0,0.910611093044281,True
top (~row 8400),7622,1800,2.0,2.0,0.7676477432250977,True
top (~row 8400),7622,1800,-17.0,11.0,0.8167773485183716,True
top (~row 8400),7622,1800,-15.0,9.0,0.8616034984588623,True
top (~row 8400),7622,1800,-16.0,6.0,0.689535915851593,True
top (~row 8400),7622,1800,-10.0,8.0,0.9364112615585327,True
top (~row 8400),7622,1800,4.0,4.0,0.8403708338737488,True
top (~row 8400),7622,1800,-4.0,4.0,0.9554650783538818,True
top (~row 8400),7622,1800,-18.0,8.0,0.9267399907112122,True
top (~row 8400),7622,1800,-15.0,6.0,0.897742509841919,True
top (~row 8400),7622,1800,-14.0,8.0,0.926510214805603,True
top (~row 8400),7622,1800,-5.0,4.0,0.9382052421569824,True
top (~row 8400),7622,1800,4.0,5.0,0.7441978454589844,True
top (~row 8400),7622,1800,-14.0,9.0,0.9538609385490417,True
top (~row 8400),7622,1800,-1.0,2.0,0.8926798105239868,True
top (~row 8400),7622,1800,-5.0,7.0,0.9530625939369202,True
top (~row 8400),7622,1800,8.0,2.0,0.5026795864105225,True
top (~row 8400),7622,1800,4.0,4.0,0.9463981986045837,True
top (~row 8400),7622,1800,-5.0,3.0,0.7347733974456787,True
top (~row 8400),7622,1800,-12.0,7.0,0.9363487362861633,True
top (~row 8400),7622,1800,1.0,3.0,0.9508373737335205,True
top (~row 8400),7622,1800,-13.0,8.0,0.9532907605171204,True
top (~row 8400),7622,1800,-12.0,9.0,0.5443193912506104,True
top (~row 8400),7622,1800,14.0,-2.0,0.9254117608070374,True
top (~row 8400),7622,1800,-4.0,4.0,0.9521568417549133,True
top (~row 8400),7622,1800,-1.0,6.0,0.9426447153091431,True
top (~row 8400),7622,1800,-18.0,11.0,0.9001249074935913,True
top (~row 8400),7622,1800,-18.0,8.0,0.9177408814430237,True
top (~row 8400),7622,1800,2.0,5.0,0.9428155422210693,True
top (~row 8400),7622,1800,-14.0,9.0,0.9184640645980835,True
top (~row 8400),7622,1800,-4.0,7.0,0.5225077271461487,True
top (~row 8400),7622,1800,-1.0,6.0,0.9475054144859314,True
top (~row 8400),7622,1800,-12.0,7.0,0.954583466053009,True
top (~row 8400),7622,1800,-13.0,8.0,0.8495862483978271,True
top (~row 8400),7622,1800,-18.0,9.0,0.9346696138381958,True
top (~row 8400),7622,1800,-6.0,6.0,0.8423494696617126,True
top (~row 8400),7622,1800,-17.0,9.0,0.9317816495895386,True
top (~row 8400),7622,1800,1.0,4.0,0.8748955726623535,True
top (~row 8400),7622,1800,-72.0,70.0,0.647348940372467,False
top (~row 8400),7622,1800,2.0,3.0,0.9555571675300598,True
top (~row 8400),7622,1800,-13.0,7.0,0.5435822010040283,True
top (~row 8400),7622,1800,-15.0,10.0,0.5648022890090942,True
top (~row 8400),7622,1800,-15.0,12.0,0.9539045691490173,True
top (~row 8400),7622,1800,-10.0,5.0,0.5320358872413635,True
top (~row 8400),7622,1800,-3.0,6.0,0.9564187526702881,True
top (~row 8400),7622,1800,28.0,-7.0,0.5888442993164062,False
top (~row 8400),7622,1800,-2.0,1.0,0.9385981559753418,True
top (~row 8400),7622,1800,2.0,3.0,0.9552319049835205,True
top (~row 8400),7622,1800,-7.0,7.0,0.8600625991821289,True
top (~row 8400),7622,1800,-2.0,3.0,0.950881838798523,True
top (~row 8400),7622,1800,1.0,3.0,0.80647212266922,True
top (~row 8400),7622,1800,2.0,2.0,0.6863958239555359,True
top (~row 8400),7622,1800,-15.0,9.0,0.8589723110198975,True
top (~row 8400),7622,1800,-15.0,10.0,0.7414238452911377,True
top (~row 8400),7622,1800,-4.0,11.0,0.6217033863067627,True
top (~row 8400),7622,1800,-14.0,9.0,0.9438618421554565,True
top (~row 8400),7622,1800,-1.0,2.0,0.9545379877090454,True
top (~row 8400),7622,1800,-13.0,11.0,0.944648027420044,True
top (~row 8400),7622,1800,-15.0,5.0,0.5161608457565308,True
top (~row 8400),7622,1800,2.0,5.0,0.9517237544059753,True
top (~row 8400),7622,1800,-14.0,10.0,0.9511784315109253,True
top (~row 8400),7622,1800,-15.0,11.0,0.6021217703819275,True
top (~row 8400),7622,1800,-16.0,10.0,0.9367095232009888,True
top (~row 8400),7622,1800,2.0,4.0,0.9530243873596191,True
top (~row 8400),7622,1800,-18.0,11.0,0.9503343105316162,True
top (~row 8400),7622,1800,-13.0,2.0,0.6457200050354004,True
top (~row 8400),7622,1800,-16.0,2.0,0.9220359325408936,True
top (~row 8400),7622,1800,6.0,6.0,0.6888667941093445,True
top (~row 8400),7622,1800,-11.0,9.0,0.8764472007751465,True
top (~row 8400),7622,1800,-16.0,9.0,0.7568622827529907,True
top (~row 8400),7622,1800,-11.0,9.0,0.9551471471786499,True
top (~row 8400),7622,1800,-15.0,2.0,0.6281649470329285,True
top (~row 8400),7622,1800,-11.0,9.0,0.8522308468818665,True
top (~row 8400),7622,1800,2.0,4.0,0.9564625024795532,True
top (~row 8400),7622,1800,2.0,4.0,0.7349191308021545,True
top (~row 8400),7622,1800,-18.0,10.0,0.5433018207550049,True
top (~row 8400),7622,1800,-16.0,12.0,0.5345538258552551,True
top (~row 8400),7622,1800,-15.0,11.0,0.9554305076599121,True
top (~row 8400),7622,1800,-14.0,5.0,0.6955811977386475,True
top (~row 8400),7622,1800,-9.0,4.0,0.6348510980606079,True
top (~row 8400),7622,1800,-12.0,10.0,0.8817397952079773,True
top (~row 8400),7622,1800,2.0,3.0,0.9548711776733398,True
top (~row 8400),7622,1800,-16.0,5.0,0.9433327317237854,True
top (~row 8400),7622,1800,-9.0,5.0,0.9422834515571594,True
top (~row 8400),7622,1800,-4.0,8.0,0.9530834555625916,True
top (~row 8400),7622,1800,2.0,3.0,0.9436602592468262,True
top (~row 8400),7622,1800,-5.0,6.0,0.9408224821090698,True
top (~row 8400),7622,1800,-7.0,7.0,0.9470663666725159,True
top (~row 8400),7622,1800,-12.0,9.0,0.5792570114135742,True
top (~row 8400),7622,1800,-6.0,7.0,0.9558387398719788,True
top (~row 8400),7622,1800,-17.0,8.0,0.8110752701759338,True
top (~row 8400),7622,1800,-21.0,7.0,0.651740312576294,True
top (~row 8400),7622,1800,3.0,4.0,0.92094886302948,True
top (~row 8400),7622,1800,-10.0,6.0,0.9517900347709656,True
top (~row 8400),7622,1800,-9.0,5.0,0.7094700932502747,True
top (~row 8400),7622,1800,-14.0,8.0,0.939348578453064,True
top (~row 8400),7622,1800,-12.0,10.0,0.9534553289413452,True
top (~row 8400),7622,1800,-2.0,1.0,0.9513226747512817,True
top (~row 8400),7622,1800,-1.0,6.0,0.9543249607086182,True
top (~row 8400),7622,1800,-18.0,10.0,0.9224176406860352,True
top (~row 8400),7622,1800,-2.0,5.0,0.5208470225334167,True
top (~row 8400),7622,1800,-14.0,10.0,0.8297955989837646,True
top (~row 8400),7622,1800,5.0,1.0,0.6977876424789429,True
top (~row 8400),7622,1800,-13.0,9.0,0.9510378241539001,True
top (~row 8400),7622,1800,-9.0,5.0,0.8742933869361877,True
top (~row 8400),7622,1800,-7.0,5.0,0.900994062423706,True
top (~row 8400),7622,1800,-17.0,11.0,0.7810887694358826,True
top (~row 8400),7622,1800,-1.0,4.0,0.8459633588790894,True
top (~row 8400),7622,1800,-14.0,4.0,0.8379379510879517,True
top (~row 8400),7622,1800,-11.0,9.0,0.9558351039886475,True
top (~row 8400),7622,1800,0.0,3.0,0.9193825125694275,True
top (~row 8400),7622,1800,-17.0,7.0,0.953648030757904,True
top (~row 8400),7622,1800,-16.0,9.0,0.5015825033187866,True
top (~row 8400),7622,1800,1.0,3.0,0.9560393691062927,True
top (~row 8400),7622,1800,-11.0,9.0,0.956133246421814,True
top (~row 8400),7622,1800,-15.0,7.0,0.5237025022506714,True
top (~row 8400),7622,1800,1.0,6.0,0.5227673649787903,True
top (~row 8400),7622,1800,-5.0,4.0,0.9539027810096741,True
top (~row 8400),7622,1800,4.0,1.0,0.9111522436141968,True
top (~row 8400),7622,1800,-18.0,6.0,0.9378581643104553,True
top (~row 8400),7622,1800,-2.0,6.0,0.9052202701568604,True
top (~row 8400),7622,1800,-19.0,9.0,0.956233561038971,True
top (~row 8400),7622,1800,-14.0,8.0,0.6008586287498474,True
top (~row 8400),7622,1800,-13.0,4.0,0.952305793762207,True
top (~row 8400),7622,1800,3.0,4.0,0.9563621282577515,True
top (~row 8400),7622,1800,-79.0,21.0,0.5750775933265686,False
top (~row 8400),7622,1800,-4.0,5.0,0.9550169110298157,True
top (~row 8400),7622,1800,-14.0,8.0,0.9196051955223083,True
top (~row 8400),7622,1800,-1.0,4.0,0.9509362578392029,True
top (~row 8400),7622,1800,-13.0,10.0,0.9484447240829468,True
top (~row 8400),7622,1800,-12.0,10.0,0.9557995796203613,True
top (~row 8400),7622,1800,-15.0,4.0,0.8680614233016968,True
top (~row 8400),7622,1800,7.0,6.0,0.7072098255157471,True
top (~row 8400),7622,1800,-13.0,9.0,0.6977131366729736,True
top (~row 8400),7622,1800,-8.0,9.0,0.9477078318595886,True
top (~row 8400),7622,1800,-18.0,11.0,0.8604186177253723,True
top (~row 8400),7622,1800,-7.0,5.0,0.774013102054596,True
top (~row 8400),7622,1800,-5.0,6.0,0.7112307548522949,True
top (~row 8400),7622,1800,-16.0,7.0,0.9514188170433044,True
top (~row 8400),7622,1800,0.0,3.0,0.5103892087936401,True
top (~row 8400),7622,1800,-18.0,8.0,0.9482945799827576,True
top (~row 8400),7622,1800,-16.0,11.0,0.9425548315048218,True
top (~row 8400),7622,1800,-19.0,9.0,0.9373852014541626,True
top (~row 8400),7622,1800,-2.0,2.0,0.6728438138961792,True
top (~row 8400),7622,1800,10.0,-3.0,0.8755691647529602,True
top (~row 8400),7622,1800,-1.0,4.0,0.924897313117981,True
top (~row 8400),7622,1800,-13.0,7.0,0.7354870438575745,True
top (~row 8400),7622,1800,-8.0,6.0,0.953328013420105,True
top (~row 8400),7622,1800,-16.0,9.0,0.9442291855812073,True
top (~row 8400),7622,1800,-7.0,7.0,0.5316052436828613,True
top (~row 8400),7622,1800,-9.0,8.0,0.7978506088256836,True
top (~row 8400),7622,1800,-12.0,9.0,0.9524483680725098,True
top (~row 8400),7622,1800,-10.0,7.0,0.7811394333839417,True
top (~row 8400),7622,1800,-15.0,5.0,0.8183273077011108,True
top (~row 8400),7622,1800,3.0,3.0,0.9110419750213623,True
top (~row 8400),7622,1800,20.0,10.0,0.5710334181785583,True
top (~row 8400),7622,1800,-4.0,6.0,0.9564661383628845,True
top (~row 8400),7622,1800,4.0,4.0,0.5916622281074524,True
top (~row 8400),7622,1800,-8.0,7.0,0.9309920072555542,True
top (~row 8400),7622,1800,11.0,8.0,0.8878472447395325,True
top (~row 8400),7622,1800,-11.0,8.0,0.7053736448287964,True
top (~row 8400),7622,1800,-12.0,10.0,0.8521211743354797,True
top (~row 8400),7622,1800,0.0,3.0,0.9068827629089355,True
top (~row 8400),7622,1800,-9.0,3.0,0.954762876033783,True
top (~row 8400),7622,1800,-16.0,7.0,0.5454574227333069,True
top (~row 8400),7622,1800,-16.0,6.0,0.9495886564254761,True
top (~row 8400),7622,1800,-7.0,6.0,0.8629546165466309,True
top (~row 8400),7622,1800,-10.0,9.0,0.6943047642707825,True
top (~row 8400),7622,1800,-17.0,8.0,0.9140992760658264,True
top (~row 8400),7622,1800,0.0,2.0,0.8804364800453186,True
top (~row 8400),7622,1800,-3.0,4.0,0.8959575295448303,True
top (~row 8400),7622,1800,-14.0,6.0,0.9356774091720581,True
top (~row 8400),7622,1800,-9.0,9.0,0.9546763300895691,True
top (~row 8400),7622,1800,-3.0,3.0,0.9532752633094788,True
top (~row 8400),7622,1800,-4.0,1.0,0.9420974254608154,True
top (~row 8400),7622,1800,-1.0,7.0,0.9562965035438538,True
top (~row 8400),7622,1800,-18.0,10.0,0.6066995859146118,True
top (~row 8400),7622,1800,15.0,-9.0,0.6512115597724915,True
top (~row 8400),7622,1800,-14.0,7.0,0.687116265296936,True
top (~row 8400),7622,1800,-5.0,7.0,0.9526808857917786,True
top (~row 8400),7622,1800,-4.0,6.0,0.9561788439750671,True
top (~row 8400),7622,1800,-9.0,7.0,0.6447514295578003,True
top (~row 8400),7622,1800,-18.0,7.0,0.8433414101600647,True
top (~row 8400),7622,1800,-17.0,3.0,0.6241580843925476,True
top (~row 8400),7622,1800,-9.0,0.0,0.5748088955879211,True
top (~row 8400),7622,1800,-12.0,8.0,0.9533998966217041,True
top (~row 8400),7622,1800,-6.0,5.0,0.5918388366699219,True
top (~row 8400),7622,1800,-16.0,9.0,0.9371849894523621,True
top (~row 8400),7622,1800,-14.0,8.0,0.9289849400520325,True
top (~row 8400),7622,1800,3.0,4.0,0.9552720189094543,True
top (~row 8400),7622,1800,-16.0,8.0,0.9497462511062622,True
top (~row 8400),7622,1800,-17.0,11.0,0.9509797692298889,True
top (~row 8400),7622,1800,-8.0,4.0,0.9233030676841736,True
top (~row 8400),7622,1800,-5.0,6.0,0.9027374982833862,True
top (~row 8400),7622,1800,-2.0,5.0,0.5912013649940491,True
top (~row 8400),7622,1800,0.0,1.0,0.9177286028862,True
top (~row 8400),7622,1800,0.0,2.0,0.6286324262619019,True
top (~row 8400),7622,1800,-18.0,11.0,0.521891176700592,True
top (~row 8400),7622,1800,-5.0,8.0,0.9558351039886475,True
top (~row 8400),7622,1800,-17.0,9.0,0.5043511390686035,True
top (~row 8400),7622,1800,0.0,3.0,0.9450553059577942,True
top (~row 8400),7622,1800,-13.0,7.0,0.9482927918434143,True
top (~row 8400),7622,1800,0.0,9.0,0.5881108045578003,True
top (~row 8400),7622,1800,-12.0,8.0,0.9551917910575867,True
top (~row 8400),7622,1800,-4.0,13.0,0.5724155902862549,True
top (~row 8400),7622,1800,-13.0,11.0,0.930784285068512,True
top (~row 8400),7622,1800,3.0,0.0,0.5622195601463318,True
top (~row 8400),7622,1800,-15.0,5.0,0.7280610799789429,True
top (~row 8400),7622,1800,-10.0,10.0,0.8060030341148376,True
top (~row 8400),7622,1800,-13.0,11.0,0.9551699757575989,True
top (~row 8400),7622,1800,-3.0,3.0,0.9549185037612915,True
top (~row 8400),7622,1800,-13.0,7.0,0.9532261490821838,True
top (~row 8400),7622,1800,1.0,2.0,0.9463981986045837,True
top (~row 8400),7622,1800,0.0,17.0,0.9295627474784851,True
top (~row 8400),7622,1800,-3.0,6.0,0.9557449221611023,True
top (~row 8400),7622,1800,-3.0,6.0,0.9422510862350464,True
top (~row 8400),7622,1800,-17.0,7.0,0.921789824962616,True
top (~row 8400),7622,1800,-2.0,3.0,0.9552245736122131,True
top (~row 8400),7622,1800,-1.0,4.0,0.9493107199668884,True
top (~row 8400),7622,1800,-10.0,13.0,0.9321860671043396,True
top (~row 8400),7622,1800,-12.0,7.0,0.9543213248252869,True
top (~row 8400),7622,1800,0.0,5.0,0.7833849191665649,True
top (~row 8400),7622,1800,3.0,5.0,0.7329956293106079,True
top (~row 8400),7622,1800,-15.0,9.0,0.9559472799301147,True
top (~row 8400),7622,1800,-15.0,10.0,0.9137462973594666,True
top (~row 8400),7622,1800,-6.0,7.0,0.9541738629341125,True
top (~row 8400),7622,1800,1.0,2.0,0.9473897814750671,True
top (~row 8400),7622,1800,0.0,6.0,0.8052693605422974,True
top (~row 8400),7622,1800,-12.0,9.0,0.9499083757400513,True
top (~row 8400),7622,1800,-17.0,10.0,0.949434757232666,True
top (~row 8400),7622,1800,-8.0,4.0,0.8852751851081848,True
top (~row 8400),7622,1800,-15.0,11.0,0.9490934610366821,True
top (~row 8400),7622,1800,-16.0,9.0,0.9486210942268372,True
top (~row 8400),7622,1800,-15.0,9.0,0.7624056935310364,True
top (~row 8400),7622,1800,-16.0,9.0,0.9551653861999512,True
top (~row 8400),7622,1800,2.0,3.0,0.9242192506790161,True
top (~row 8400),7622,1800,-8.0,10.0,0.8631332516670227,True
top (~row 8400),7622,1800,-14.0,9.0,0.9503986239433289,True
top (~row 8400),7622,1800,-5.0,9.0,0.8546652793884277,True
top (~row 8400),7622,1800,33.0,30.0,0.5216697454452515,False
top (~row 8400),7622,1800,-13.0,9.0,0.9547746777534485,True
top (~row 8400),7622,1800,-8.0,6.0,0.6675783395767212,True
top (~row 8400),7622,1800,4.0,2.0,0.5895472168922424,True
top (~row 8400),7622,1800,-12.0,7.0,0.9574564099311829,True
top (~row 8400),7622,1800,-17.0,11.0,0.8824590444564819,True
top (~row 8400),7622,1800,-16.0,7.0,0.9016748666763306,True
top (~row 8400),7622,1800,-14.0,9.0,0.7927560210227966,True
top (~row 8400),7622,1800,-10.0,6.0,0.95573490858078,True
top (~row 8400),7622,1800,-12.0,9.0,0.9549395442008972,True
top (~row 8400),7622,1800,-8.0,9.0,0.8479454517364502,True
top (~row 8400),7622,1800,-24.0,25.0,0.7957571148872375,False
top (~row 8400),7622,1800,-14.0,8.0,0.947149395942688,True
top (~row 8400),7622,1800,-4.0,6.0,0.6183872818946838,True
top (~row 8400),7622,1800,5.0,5.0,0.9454978704452515,True
top (~row 8400),7622,1800,-16.0,10.0,0.9316101670265198,True
top (~row 8400),7622,1800,25.0,10.0,0.5573566555976868,False
top (~row 8400),7622,1800,-14.0,10.0,0.9557203054428101,True
top (~row 8400),7622,1800,-9.0,8.0,0.5206940770149231,True
top (~row 8400),7622,1800,-9.0,10.0,0.9302393794059753,True
top (~row 8400),7622,1800,-5.0,6.0,0.8783792853355408,True
top (~row 8400),7622,1800,3.0,5.0,0.8683205246925354,True
top (~row 8400),7622,1800,-18.0,13.0,0.9515376687049866,True
top (~row 8400),7622,1800,1.0,3.0,0.9120643138885498,True
top (~row 8400),7622,1800,-4.0,5.0,0.5636932253837585,True
top (~row 8400),7622,1800,-17.0,7.0,0.9167042970657349,True
top (~row 8400),7622,1800,2.0,5.0,0.9545598030090332,True
top (~row 8400),7622,1800,21.0,6.0,0.6042732000350952,True
top (~row 8400),7622,1800,-27.0,-11.0,0.7643006443977356,False
top (~row 8400),7622,1800,3.0,4.0,0.9523157477378845,True
top (~row 8400),7622,1800,-4.0,5.0,0.9458703398704529,True
top (~row 8400),7622,1800,-7.0,9.0,0.8805213570594788,True
top (~row 8400),7622,1800,-17.0,8.0,0.9395779371261597,True
top (~row 8400),7622,1800,-10.0,9.0,0.8124803304672241,True
top (~row 8400),7622,1800,-24.0,12.0,0.7709425687789917,True
top (~row 8400),7622,1800,-8.0,7.0,0.9480378031730652,True
top (~row 8400),7622,1800,-10.0,6.0,0.9418700933456421,True
top (~row 8400),7622,1800,-8.0,4.0,0.6864351034164429,True
top (~row 8400),7622,1800,-13.0,8.0,0.9038711190223694,True
top (~row 8400),7622,1800,-17.0,19.0,0.944648027420044,True
top (~row 8400),7622,1800,-5.0,4.0,0.956141471862793,True
top (~row 8400),7622,1800,-9.0,6.0,0.8922747373580933,True
top (~row 8400),7622,1800,-5.0,5.0,0.9536171555519104,True
top (~row 8400),7622,1800,-12.0,7.0,0.9276685118675232,True
top (~row 8400),7622,1800,-12.0,9.0,0.9475921392440796,True
top (~row 8400),7622,1800,-3.0,3.0,0.952245831489563,True
top (~row 8400),7622,1800,-14.0,12.0,0.9554487466812134,True
top (~row 8400),7622,1800,-3.0,10.0,0.8576716780662537,True
top (~row 8400),7622,1800,-17.0,6.0,0.7243399620056152,True
top (~row 8400),7622,1800,-7.0,9.0,0.7600716948509216,True
top (~row 8400),7622,1800,-15.0,11.0,0.9534880518913269,True
top (~row 8400),7622,1800,-8.0,6.0,0.953662633895874,True
top (~row 8400),7622,1800,-16.0,8.0,0.9451958537101746,True
top (~row 8400),7622,1800,-17.0,10.0,0.6132572889328003,True
top (~row 8400),7622,1800,3.0,3.0,0.9545078873634338,True
top (~row 8400),7622,1800,2.0,2.0,0.8613250255584717,True
top (~row 8400),7622,1800,-2.0,7.0,0.9561068415641785,True
top (~row 8400),7622,1800,-15.0,8.0,0.9534952640533447,True
top (~row 8400),7622,1800,2.0,5.0,0.5055959820747375,True
top (~row 8400),7622,1800,-1.0,3.0,0.8528943061828613,True
top (~row 8400),7622,1800,-4.0,2.0,0.9559062719345093,True
top (~row 8400),7622,1800,-2.0,6.0,0.953709065914154,True
top (~row 8400),7622,1800,-3.0,4.0,0.9564552307128906,True
top (~row 8400),7622,1800,2.0,4.0,0.8891029357910156,True
top (~row 8400),7622,1800,-7.0,5.0,0.9020851254463196,True
top (~row 8400),7622,1800,4.0,5.0,0.9542521834373474,True
top (~row 8400),7622,1800,-12.0,-3.0,0.7942416071891785,True
top (~row 8400),7622,1800,-14.0,7.0,0.9545998573303223,True
top (~row 8400),7622,1800,2.0,2.0,0.9561068415641785,True
top (~row 8400),7622,1800,-3.0,8.0,0.8373371958732605,True
top (~row 8400),7622,1800,-8.0,6.0,0.9465498328208923,True
top (~row 8400),7622,1800,-6.0,8.0,0.6759456992149353,True
top (~row 8400),7622,1800,-17.0,7.0,0.7796754240989685,True
top (~row 8400),7622,1800,-7.0,6.0,0.9522866606712341,True
top (~row 8400),7622,1800,-16.0,10.0,0.9398674368858337,True
top (~row 8400),7622,1800,-2.0,5.0,0.8870913982391357,True
top (~row 8400),7622,1800,3.0,4.0,0.6555171012878418,True
top (~row 8400),7622,1800,-7.0,5.0,0.8256363868713379,True
top (~row 8400),7622,1800,-5.0,8.0,0.9564679861068726,True
top (~row 8400),7622,1800,2.0,4.0,0.9538208842277527,True
top (~row 8400),7622,1800,-16.0,10.0,0.9531798362731934,True
top (~row 8400),7622,1800,2.0,2.0,0.8308416604995728,True
top (~row 8400),7622,1800,2.0,4.0,0.9521540999412537,True
top (~row 8400),7622,1800,4.0,5.0,0.6306391954421997,True
top (~row 8400),7622,1800,-37.0,-16.0,0.8220145106315613,False
top (~row 8400),7622,1800,-16.0,10.0,0.9407210946083069,True
top (~row 8400),7622,1800,-17.0,9.0,0.9554778933525085,True
top (~row 8400),7622,1800,-17.0,8.0,0.8913425803184509,True
top (~row 8400),7622,1800,-12.0,12.0,0.6149697303771973,True
top (~row 8400),7622,1800,-9.0,8.0,0.95047926902771,True
top (~row 8400),7622,1800,-7.0,6.0,0.9467954039573669,True
top (~row 8400),7622,1800,-9.0,3.0,0.9499201774597168,True
top (~row 8400),7622,1800,-18.0,8.0,0.9231111407279968,True
top (~row 8400),7622,1800,-8.0,9.0,0.7943301796913147,True
top (~row 8400),7622,1800,-5.0,7.0,0.5455250144004822,True
top (~row 8400),7622,1800,1.0,6.0,0.5437527894973755,True
top (~row 8400),7622,1800,-11.0,8.0,0.9547127485275269,True
top (~row 8400),7622,1800,2.0,4.0,0.9558059573173523,True
top (~row 8400),7622,1800,-10.0,10.0,0.9325764179229736,True
top (~row 8400),7622,1800,-7.0,6.0,0.9476427435874939,True
top (~row 8400),7622,1800,-1.0,2.0,0.946898341178894,True
top (~row 8400),7622,1800,3.0,9.0,0.6256217360496521,True
top (~row 8400),7622,1800,2.0,3.0,0.9568584561347961,True
top (~row 8400),7622,1800,3.0,8.0,0.6196659803390503,True
top (~row 8400),7622,1800,-18.0,7.0,0.7756654024124146,True
top (~row 8400),7622,1800,-7.0,8.0,0.9452536106109619,True
top (~row 8400),7622,1800,-6.0,6.0,0.9566742181777954,True
top (~row 8400),7622,1800,-6.0,7.0,0.8723137378692627,True
top (~row 8400),7622,1800,-12.0,8.0,0.9563822150230408,True
top (~row 8400),7622,1800,1.0,5.0,0.9545143246650696,True
top (~row 8400),7622,1800,-55.0,-19.0,0.5874269008636475,False
top (~row 8400),7622,1800,-18.0,8.0,0.9492419362068176,True
top (~row 8400),7622,1800,0.0,0.0,0.940541684627533,True
top (~row 8400),7622,1800,-17.0,8.0,0.7008515000343323,True
top (~row 8400),7622,1800,-4.0,7.0,0.957302987575531,True
top (~row 8400),7622,1800,-16.0,8.0,0.9445759057998657,True
top (~row 8400),7622,1800,-10.0,8.0,0.767655074596405,True
top (~row 8400),7622,1800,-7.0,18.0,0.5088422894477844,True
top (~row 8400),7622,1800,1.0,4.0,0.9557549953460693,True
top (~row 8400),7622,1800,-12.0,11.0,0.8989402055740356,True
top (~row 8400),7622,1800,-16.0,6.0,0.8475760221481323,True
top (~row 8400),7622,1800,-14.0,7.0,0.6549628973007202,True
top (~row 8400),7622,1800,-5.0,7.0,0.9061340689659119,True
top (~row 8400),7622,1800,-4.0,5.0,0.9488454461097717,True
top (~row 8400),7622,1800,-4.0,5.0,0.9557366967201233,True
top (~row 8400),7622,1800,2.0,4.0,0.9400314688682556,True
top (~row 8400),7622,1800,-12.0,9.0,0.9538900852203369,True
top (~row 8400),7622,1800,-18.0,8.0,0.9549167156219482,True
top (~row 8400),7622,1800,4.0,6.0,0.5733318328857422,True
top (~row 8400),7622,1800,-6.0,6.0,0.567600429058075,True
top (~row 8400),7622,1800,-12.0,4.0,0.5872969627380371,True
top (~row 8400),7622,1800,1.0,3.0,0.9459434151649475,True
top (~row 8400),7622,1800,1.0,3.0,0.9477149844169617,True
top (~row 8400),7622,1800,-16.0,8.0,0.9552046060562134,True
top (~row 8400),7622,1800,-3.0,10.0,0.9522168040275574,True
top (~row 8400),7622,1800,-14.0,9.0,0.749123215675354,True
top (~row 8400),7622,1800,1.0,3.0,0.9164988398551941,True
top (~row 8400),7622,1800,-6.0,5.0,0.944850742816925,True
top (~row 8400),7622,1800,-10.0,7.0,0.9560776352882385,True
top (~row 8400),7622,1800,-15.0,6.0,0.9536144137382507,True
top (~row 8400),7622,1800,2.0,4.0,0.8556129336357117,True
top (~row 8400),7622,1800,-15.0,11.0,0.955335795879364,True
top (~row 8400),7622,1800,-9.0,8.0,0.5454386472702026,True
top (~row 8400),7622,1800,1.0,4.0,0.8047918081283569,True
top (~row 8400),7622,1800,-12.0,0.0,0.7042887210845947,True
top (~row 8400),7622,1800,-5.0,6.0,0.9499627947807312,True
top (~row 8400),7622,1800,-10.0,2.0,0.9559536576271057,True
top (~row 8400),7622,1800,-17.0,7.0,0.8441943526268005,True
top (~row 8400),7622,1800,-14.0,8.0,0.6368182301521301,True
top (~row 8400),7622,1800,4.0,6.0,0.686301589012146,True
top (~row 8400),7622,1800,-2.0,1.0,0.7345309853553772,True
top (~row 8400),7622,1800,-12.0,7.0,0.9480802416801453,True
top (~row 8400),7622,1800,-16.0,5.0,0.7292270064353943,True
top (~row 8400),7622,1800,-7.0,4.0,0.9505680799484253,True
top (~row 8400),7622,1800,-3.0,3.0,0.9551735520362854,True
top (~row 8400),7622,1800,-2.0,6.0,0.9515458941459656,True
top (~row 8400),7622,1800,-16.0,8.0,0.8677493333816528,True
top (~row 8400),7622,1800,-11.0,8.0,0.8540834784507751,True
top (~row 8400),7622,1800,2.0,0.0,0.8734824657440186,True
top (~row 8400),7622,1800,-16.0,9.0,0.9544587731361389,True
top (~row 8400),7622,1800,-1.0,4.0,0.8797122240066528,True
top (~row 8400),7622,1800,-17.0,7.0,0.9512800574302673,True
top (~row 8400),7622,1800,-18.0,8.0,0.8121123909950256,True
top (~row 8400),7622,1800,-9.0,6.0,0.7263909578323364,True
top (~row 8400),7622,1800,-8.0,13.0,0.5479323267936707,True
top (~row 8400),7622,1800,-15.0,10.0,0.951920747756958,True
top (~row 8400),7622,1800,-16.0,11.0,0.9135006070137024,True
top (~row 8400),7622,1800,18.0,-6.0,0.525604784488678,True
top (~row 8400),7622,1800,-6.0,7.0,0.9555890560150146,True
top (~row 8400),7622,1800,3.0,3.0,0.9511158466339111,True
top (~row 8400),7622,1800,-4.0,7.0,0.6717820167541504,True
top (~row 8400),7622,1800,-11.0,10.0,0.7768402695655823,True
top (~row 8400),7622,1800,-7.0,4.0,0.948218584060669,True
top (~row 8400),7622,1800,-10.0,9.0,0.932202935218811,True
top (~row 8400),7622,1800,-3.0,2.0,0.9505898356437683,True
top (~row 8400),7622,1800,-2.0,13.0,0.5653379559516907,True
top (~row 8400),7622,1800,-17.0,7.0,0.9308667778968811,True
top (~row 8400),7622,1800,-1.0,2.0,0.940680742263794,True
top (~row 8400),7622,1800,0.0,4.0,0.8940523862838745,True
top (~row 8400),7622,1800,-6.0,6.0,0.945978581905365,True
top (~row 8400),7622,1800,1.0,3.0,0.9554632902145386,True
top (~row 8400),7622,1800,17.0,11.0,0.5023972988128662,True
top (~row 8400),7622,1800,-7.0,9.0,0.7545128464698792,True
top (~row 8400),7622,1800,0.0,3.0,0.887412965297699,True
top (~row 8400),7622,1800,5.0,3.0,0.5219100713729858,True
top (~row 8400),7622,1800,-3.0,1.0,0.7465892434120178,True
top (~row 8400),7622,1800,-10.0,5.0,0.5282838344573975,True
top (~row 8400),7622,1800,1.0,3.0,0.8826938271522522,True
top (~row 8400),7622,1800,-8.0,1.0,0.5251328349113464,True
top (~row 8400),7622,1800,-9.0,2.0,0.9271925687789917,True
top (~row 8400),7622,1800,-2.0,-1.0,0.589287519454956,True
top (~row 8400),7622,1800,-3.0,3.0,0.6533956527709961,True
top (~row 8400),7622,1800,-15.0,4.0,0.7440786361694336,True
top (~row 8400),7622,1800,-12.0,4.0,0.7278645634651184,True
top (~row 8400),7622,1800,0.0,6.0,0.953802764415741,True
top (~row 8400),7622,1800,-25.0,11.0,0.6253663897514343,True
top (~row 8400),7622,1800,-9.0,12.0,0.7261396050453186,True
top (~row 8400),7622,1800,-43.0,6.0,0.6269494891166687,False
top (~row 8400),7622,1800,-16.0,9.0,0.8746611475944519,True
top (~row 8400),7622,1800,2.0,2.0,0.9422717094421387,True
top (~row 8400),7622,1800,-4.0,5.0,0.5006429553031921,True
top (~row 8400),7622,1800,-14.0,10.0,0.7214719653129578,True
top (~row 8400),7622,1800,1.0,4.0,0.9533989429473877,True
top (~row 8400),7622,1800,-9.0,9.0,0.9398360848426819,True
top (~row 8400),7622,1800,1.0,2.0,0.9545034170150757,True
top (~row 8400),7622,1800,-2.0,4.0,0.9548292756080627,True
top (~row 8400),7622,1800,-5.0,6.0,0.7746090292930603,True
top (~row 8400),7622,1800,0.0,2.0,0.691348671913147,True
top (~row 8400),7622,1800,-2.0,5.0,0.730214536190033,True
top (~row 8400),7622,1800,2.0,8.0,0.6634092330932617,True
top (~row 8400),7622,1800,2.0,3.0,0.9563412070274353,True
top (~row 8400),7622,1800,0.0,4.0,0.923880934715271,True
top (~row 8400),7622,1800,3.0,3.0,0.8161053657531738,True
top (~row 8400),7622,1800,-18.0,10.0,0.9469110369682312,True
top (~row 8400),7622,1800,-14.0,8.0,0.8683395981788635,True
top (~row 8400),7622,1800,9.0,9.0,0.6759340763092041,True
top (~row 8400),7622,1800,-2.0,2.0,0.9549112915992737,True
top (~row 8400),7622,1800,-16.0,9.0,0.8614563941955566,True
top (~row 8400),7622,1800,1.0,4.0,0.908300518989563,True
top (~row 8400),7622,1800,-13.0,8.0,0.6830068826675415,True
top (~row 8400),7622,1800,-9.0,8.0,0.8776105642318726,True
top (~row 8400),7622,1800,-9.0,14.0,0.877861738204956,True
top (~row 8400),7622,1800,-14.0,9.0,0.7405686974525452,True
top (~row 8400),7622,1800,-1.0,6.0,0.5156795978546143,True
top (~row 8400),7622,1800,-18.0,11.0,0.9552756547927856,True
top (~row 8400),7622,1800,-10.0,7.0,0.8238211274147034,True
top (~row 8400),7622,1800,10.0,-2.0,0.913322925567627,True
top (~row 8400),7622,1800,-16.0,9.0,0.9240808486938477,True
top (~row 8400),7622,1800,-6.0,4.0,0.9561032056808472,True
top (~row 8400),7622,1800,-8.0,7.0,0.9459488391876221,True
top (~row 8400),7622,1800,2.0,3.0,0.9554287195205688,True
top (~row 8400),7622,1800,-14.0,10.0,0.9534562230110168,True
top (~row 8400),7622,1800,8.0,12.0,0.7925980687141418,True
top (~row 8400),7622,1800,-12.0,9.0,0.9565829038619995,True
top (~row 8400),7622,1800,-16.0,13.0,0.9498721957206726,True
top (~row 8400),7622,1800,-11.0,9.0,0.8979582786560059,True
top (~row 8400),7622,1800,-13.0,9.0,0.6718870997428894,True
top (~row 8400),7622,1800,-15.0,9.0,0.9477747082710266,True
top (~row 8400),7622,1800,12.0,5.0,0.6538525819778442,True
top (~row 8400),7622,1800,-2.0,4.0,0.9565756320953369,True
top (~row 8400),7622,1800,-16.0,9.0,0.9322055578231812,True
top (~row 8400),7622,1800,-17.0,5.0,0.5710557699203491,True
top (~row 8400),7622,1800,-16.0,9.0,0.9167891144752502,True
top (~row 8400),7622,1800,-5.0,8.0,0.8619207143783569,True
top (~row 8400),7622,1800,-16.0,7.0,0.9517364501953125,True
top (~row 8400),7622,1800,-6.0,5.0,0.9498694539070129,True
top (~row 8400),7622,1800,-14.0,4.0,0.7514437437057495,True
top (~row 8400),7622,1800,-7.0,4.0,0.7137557864189148,True
top (~row 8400),7622,1800,2.0,9.0,0.9512900710105896,True
top (~row 8400),7622,1800,-1.0,4.0,0.6313294172286987,True
top (~row 8400),7622,1800,-2.0,6.0,0.5343316197395325,True
top (~row 8400),7622,1800,-13.0,9.0,0.9495623707771301,True
top (~row 8400),7622,1800,-4.0,5.0,0.9006272554397583,True
top (~row 8400),7622,1800,-17.0,11.0,0.9233753085136414,True
top (~row 8400),7622,1800,-1.0,4.0,0.9372528791427612,True
top (~row 8400),7622,1800,-16.0,10.0,0.9556081891059875,True
top (~row 8400),7622,1800,-3.0,4.0,0.9403793811798096,True
top (~row 8400),7622,1800,-16.0,8.0,0.9151381254196167,True
top (~row 8400),7622,1800,3.0,9.0,0.5710546374320984,True
top (~row 8400),7622,1800,-13.0,8.0,0.9483850002288818,True
top (~row 8400),7622,1800,-15.0,11.0,0.7819495797157288,True
top (~row 8400),7622,1800,-11.0,6.0,0.7901806831359863,True
top (~row 8400),7622,1800,-17.0,4.0,0.5671664476394653,True
top (~row 8400),7622,1800,-10.0,7.0,0.9215664863586426,True
top (~row 8400),7622,1800,1.0,5.0,0.7969768643379211,True
top (~row 8400),7622,1800,-6.0,9.0,0.9541447758674622,True
top (~row 8400),7622,1800,-19.0,10.0,0.6627509593963623,True
top (~row 8400),7622,1800,-14.0,8.0,0.8787043690681458,True
top (~row 8400),7622,1800,-5.0,7.0,0.9558534026145935,True
top (~row 8400),7622,1800,-5.0,6.0,0.9370678663253784,True
top (~row 8400),7622,1800,-20.0,9.0,0.9365103840827942,True
top (~row 8400),7622,1800,0.0,6.0,0.956696093082428,True
top (~row 8400),7622,1800,-15.0,2.0,0.7927727103233337,True
top (~row 8400),7622,1800,-18.0,10.0,0.9537645578384399,True
top (~row 8400),7622,1800,-12.0,4.0,0.9114877581596375,True
top (~row 8400),7622,1800,1.0,4.0,0.9536198973655701,True
top (~row 8400),7622,1800,4.0,0.0,0.9279763698577881,True
top (~row 8400),7622,1800,-4.0,4.0,0.5543695092201233,True
top (~row 8400),7622,1800,5.0,2.0,0.9559171795845032,True
top (~row 8400),7622,1800,-9.0,9.0,0.9513716697692871,True
top (~row 8400),7622,1800,-15.0,10.0,0.9567872881889343,True
top (~row 8400),7622,1800,-1.0,7.0,0.9550943374633789,True
top (~row 8400),7622,1800,2.0,4.0,0.9523665904998779,True
top (~row 8400),7622,1800,-10.0,14.0,0.7819890975952148,True
top (~row 8400),7622,1800,2.0,4.0,0.6542730331420898,True
top (~row 8400),7622,1800,-1.0,1.0,0.656517505645752,True
top (~row 8400),7622,1800,-6.0,6.0,0.8426716327667236,True
top (~row 8400),7622,1800,-9.0,9.0,0.9547600746154785,True
top (~row 8400),7622,1800,1.0,4.0,0.933711051940918,True
top (~row 8400),7622,1800,1.0,3.0,0.6180011034011841,True
top (~row 8400),7622,1800,-14.0,11.0,0.9207178950309753,True
top (~row 8400),7622,1800,-6.0,7.0,0.9525500535964966,True
top (~row 8400),7622,1800,2.0,6.0,0.9378894567489624,True
top (~row 8400),7622,1800,-18.0,10.0,0.5371032953262329,True
top (~row 8400),7622,1800,-22.0,9.0,0.832200825214386,True
top (~row 8400),7622,1800,-17.0,15.0,0.8192815780639648,True
top (~row 8400),7622,1800,-19.0,7.0,0.5465357303619385,True
top (~row 8400),7622,1800,3.0,4.0,0.9552920460700989,True
top (~row 8400),7622,1800,-2.0,3.0,0.7639807462692261,True
top (~row 8400),7622,1800,-21.0,3.0,0.7045682668685913,True
top (~row 8400),7622,1800,-13.0,8.0,0.9551581144332886,True
top (~row 8400),7622,1800,-2.0,6.0,0.9558014273643494,True
top (~row 8400),7622,1800,-7.0,7.0,0.9529880285263062,True
top (~row 8400),7622,1800,-16.0,11.0,0.9260225892066956,True
top (~row 8400),7622,1800,-2.0,2.0,0.8110814690589905,True
top (~row 8400),7622,1800,1.0,2.0,0.7882862687110901,True
top (~row 8400),7622,1800,-13.0,5.0,0.75124591588974,True
top (~row 8400),7622,1800,-16.0,10.0,0.9562181234359741,True
top (~row 8400),7622,1800,-34.0,-3.0,0.6639434695243835,False
top (~row 8400),7622,1800,-13.0,10.0,0.9191063046455383,True
top (~row 8400),7622,1800,-3.0,11.0,0.6701982617378235,True
top (~row 8400),7622,1800,-18.0,9.0,0.5214617848396301,True
top (~row 8400),7622,1800,-15.0,11.0,0.8996725678443909,True
top (~row 8400),7622,1800,-7.0,8.0,0.9317025542259216,True
top (~row 8400),7622,1800,-19.0,7.0,0.5281593799591064,True
top (~row 8400),7622,1800,3.0,4.0,0.9531198740005493,True
top (~row 8400),7622,1800,-2.0,5.0,0.9557148218154907,True
top (~row 8400),7622,1800,-12.0,10.0,0.6887906193733215,True
top (~row 8400),7622,1800,-15.0,8.0,0.7289544939994812,True
top (~row 8400),7622,1800,-13.0,6.0,0.781938374042511,True
top (~row 8400),7622,1800,0.0,-1.0,0.9128509163856506,True
top (~row 8400),7622,1800,-17.0,7.0,0.7407650947570801,True
top (~row 8400),7622,1800,-2.0,8.0,0.6308413147926331,True
top (~row 8400),7622,1800,-17.0,8.0,0.7880178689956665,True
top (~row 8400),7622,1800,3.0,4.0,0.6721017360687256,True
top (~row 8400),7622,1800,-14.0,9.0,0.9548821449279785,True
top (~row 8400),7622,1800,-15.0,8.0,0.9530035257339478,True
top (~row 8400),7622,1800,-16.0,12.0,0.8971741795539856,True
top (~row 8400),7622,1800,-9.0,5.0,0.6947491765022278,True
top (~row 8400),7622,1800,-8.0,3.0,0.9252917170524597,True
top (~row 8400),7622,1800,-8.0,-1.0,0.8620588183403015,True
top (~row 8400),7622,1800,-17.0,10.0,0.9139772057533264,True
top (~row 8400),7622,1800,-13.0,5.0,0.9102542400360107,True
top (~row 8400),7622,1800,2.0,8.0,0.8958489894866943,True
top (~row 8400),7622,1800,-1.0,3.0,0.7825381755828857,True
top (~row 8400),7622,1800,-12.0,9.0,0.5302786231040955,True
top (~row 8400),7622,1800,-5.0,8.0,0.939914882183075,True
top (~row 8400),7622,1800,1.0,4.0,0.8566662073135376,True
top (~row 8400),7622,1800,-19.0,12.0,0.6667486429214478,True
top (~row 8400),7622,1800,-6.0,8.0,0.9490970969200134,True
top (~row 8400),7622,1800,-13.0,10.0,0.911966860294342,True
top (~row 8400),7622,1800,1.0,6.0,0.8201594352722168,True
top (~row 8400),7622,1800,2.0,4.0,0.6514973044395447,True
top (~row 8400),7622,1800,-17.0,11.0,0.9546189904212952,True
top (~row 8400),7622,1800,-10.0,18.0,0.7635706663131714,True
top (~row 8400),7622,1800,15.0,-4.0,0.760958731174469,True
top (~row 8400),7622,1800,3.0,3.0,0.9530571103096008,True
top (~row 8400),7622,1800,-18.0,6.0,0.9098593592643738,True
top (~row 8400),7622,1800,-18.0,6.0,0.9367542266845703,True
top (~row 8400),7622,1800,-14.0,10.0,0.7212958335876465,True
top (~row 8400),7622,1800,-7.0,0.0,0.9435270428657532,True
top (~row 8400),7622,1800,-16.0,7.0,0.8983180522918701,True
top (~row 8400),7622,1800,-7.0,6.0,0.9519869685173035,True
top (~row 8400),7622,1800,-7.0,7.0,0.9543941617012024,True
top (~row 8400),7622,1800,-7.0,8.0,0.8512293100357056,True
top (~row 8400),7622,1800,-8.0,8.0,0.9484401941299438,True
top (~row 8400),7622,1800,-15.0,11.0,0.942417323589325,True
top (~row 8400),7622,1800,-8.0,7.0,0.8112741112709045,True
top (~row 8400),7622,1800,-1.0,18.0,0.5312175750732422,True
top (~row 8400),7622,1800,2.0,4.0,0.8504974246025085,True
top (~row 8400),7622,1800,-17.0,5.0,0.9485523700714111,True
top (~row 8400),7622,1800,-2.0,5.0,0.9457593560218811,True
top (~row 8400),7622,1800,-5.0,6.0,0.9088039994239807,True
top (~row 8400),7622,1800,-12.0,8.0,0.9548184275627136,True
top (~row 8400),7622,1800,-2.0,5.0,0.7781757116317749,True
top (~row 8400),7622,1800,-17.0,11.0,0.7887358665466309,True
top (~row 8400),7622,1800,1.0,6.0,0.9537035822868347,True
top (~row 8400),7622,1800,-17.0,8.0,0.9158034324645996,True
top (~row 8400),7622,1800,2.0,4.0,0.7718135714530945,True
top (~row 8400),7622,1800,-9.0,10.0,0.869935154914856,True
top (~row 8400),7622,1800,2.0,3.0,0.8903595805168152,True
top (~row 8400),7622,1800,-2.0,5.0,0.9128457307815552,True
top (~row 8400),7622,1800,-16.0,9.0,0.9277533888816833,True
top (~row 8400),7622,1800,-10.0,7.0,0.9485505223274231,True
top (~row 8400),7622,1800,-11.0,8.0,0.9475885629653931,True
top (~row 8400),7622,1800,-10.0,9.0,0.9013619422912598,True
top (~row 8400),7622,1800,-16.0,-3.0,0.5757964849472046,True
top (~row 8400),7622,1800,0.0,1.0,0.937732994556427,True
top (~row 8400),7622,1800,-11.0,0.0,0.919996440410614,True
top (~row 8400),7622,1800,5.0,1.0,0.7173295021057129,True
top (~row 8400),7622,1800,-10.0,7.0,0.9485722780227661,True
top (~row 8400),7622,1800,-10.0,9.0,0.9521414041519165,True
top (~row 8400),7622,1800,-18.0,7.0,0.6024399399757385,True
top (~row 8400),7622,1800,0.0,18.0,0.6865130066871643,True
top (~row 8400),7622,1800,0.0,5.0,0.9071959257125854,True
top (~row 8400),7622,1800,9.0,37.0,0.5006391406059265,False
top (~row 8400),7622,1800,5.0,0.0,0.6657701730728149,True
top (~row 8400),7622,1800,-2.0,4.0,0.9228981137275696,True
top (~row 8400),7622,1800,-16.0,12.0,0.7071801424026489,True
top (~row 8400),7622,1800,0.0,2.0,0.8247597217559814,True
top (~row 8400),7622,1800,-10.0,8.0,0.6139097213745117,True
top (~row 8400),7622,1800,-20.0,6.0,0.9533652663230896,True
top (~row 8400),7622,1800,-15.0,11.0,0.6812192797660828,True
top (~row 8400),7622,1800,-6.0,5.0,0.9536253809928894,True
top (~row 8400),7622,1800,-20.0,13.0,0.9168205261230469,True
top (~row 8400),7622,1800,-14.0,10.0,0.9311198592185974,True
top (~row 8400),7622,1800,-3.0,4.0,0.9541366100311279,True
top (~row 8400),7622,1800,-15.0,12.0,0.9455609917640686,True
top (~row 8400),7622,1800,-10.0,9.0,0.9524438381195068,True
top (~row 8400),7622,1800,-6.0,16.0,0.7382333278656006,True
top (~row 8400),7622,1800,3.0,9.0,0.93250972032547,True
top (~row 8400),7622,1800,-11.0,7.0,0.9510342478752136,True
top (~row 8400),7622,1800,-16.0,8.0,0.5242131948471069,True
top (~row 8400),7622,1800,-1.0,1.0,0.9139754772186279,True
top (~row 8400),7622,1800,2.0,6.0,0.8875085711479187,True
top (~row 8400),7622,1800,3.0,3.0,0.9548438787460327,True
top (~row 8400),7622,1800,-13.0,8.0,0.9536717534065247,True
top (~row 8400),7622,1800,-5.0,4.0,0.9543823599815369,True
top (~row 8400),7622,1800,3.0,3.0,0.9526028037071228,True
top (~row 8400),7622,1800,29.0,-17.0,0.5303186178207397,False
top (~row 8400),7622,1800,-11.0,5.0,0.8449949622154236,True
top (~row 8400),7622,1800,-16.0,9.0,0.5070121884346008,True
top (~row 8400),7622,1800,13.0,29.0,0.5851842164993286,False
top (~row 8400),7622,1800,-12.0,10.0,0.9379485249519348,True
top (~row 8400),7622,1800,-14.0,9.0,0.9549896121025085,True
top (~row 8400),7622,1800,-7.0,8.0,0.9218442440032959,True
top (~row 8400),7622,1800,1.0,5.0,0.9010911583900452,True
top (~row 8400),7622,1800,-20.0,7.0,0.9374513030052185,True
top (~row 8400),7622,1800,-17.0,9.0,0.9295946955680847,True
top (~row 8400),7622,1800,-10.0,7.0,0.5420680046081543,True
top (~row 8400),7622,1800,-16.0,6.0,0.8858436346054077,True
top (~row 8400),7622,1800,-16.0,11.0,0.6248977780342102,True
top (~row 8400),7622,1800,-20.0,8.0,0.6011555194854736,True
top (~row 8400),7622,1800,-12.0,10.0,0.6218734979629517,True
top (~row 8400),7622,1800,-13.0,8.0,0.9503841400146484,True
top (~row 8400),7622,1800,-1.0,5.0,0.8945752382278442,True
top (~row 8400),7622,1800,-16.0,10.0,0.9310594797134399,True
top (~row 8400),7622,1800,-10.0,9.0,0.5775139927864075,True
top (~row 8400),7622,1800,-17.0,6.0,0.9217959642410278,True
top (~row 8400),7622,1800,-18.0,9.0,0.9453834295272827,True
top (~row 8400),7622,1800,-13.0,11.0,0.8963138461112976,True
top (~row 8400),7622,1800,-3.0,3.0,0.7011998295783997,True
top (~row 8400),7622,1800,-14.0,10.0,0.9555936455726624,True
top (~row 8400),7622,1800,13.0,3.0,0.8930468559265137,True
top (~row 8400),7622,1800,1.0,5.0,0.9232714176177979,True
top (~row 8400),7622,1800,-7.0,8.0,0.9517872929573059,True
top (~row 8400),7622,1800,-16.0,8.0,0.9102239012718201,True
top (~row 8400),7622,1800,-16.0,-11.0,0.6622247099876404,True
top (~row 8400),7622,1800,-12.0,9.0,0.9480106830596924,True
top (~row 8400),7622,1800,0.0,5.0,0.6947140097618103,True
top (~row 8400),7622,1800,-1.0,4.0,0.7120295763015747,True
top (~row 8400),7622,1800,-9.0,22.0,0.7033047676086426,True
top (~row 8400),7622,1800,-20.0,6.0,0.7123976945877075,True
top (~row 8400),7622,1800,-2.0,4.0,0.9554833173751831,True
top (~row 8400),7622,1800,-14.0,9.0,0.953069806098938,True
top (~row 8400),7622,1800,-3.0,5.0,0.9546281099319458,True
top (~row 8400),7622,1800,-4.0,6.0,0.9562181234359741,True
top (~row 8400),7622,1800,-22.0,8.0,0.6141340136528015,True
top (~row 8400),7622,1800,1.0,3.0,0.955649197101593,True
top (~row 8400),7622,1800,-11.0,8.0,0.6709790825843811,True
top (~row 8400),7622,1800,9.0,-14.0,0.5667420029640198,True
top (~row 8400),7622,1800,-17.0,9.0,0.9514387845993042,True
top (~row 8400),7622,1800,-8.0,4.0,0.9410512447357178,True
top (~row 8400),7622,1800,-11.0,13.0,0.8237158060073853,True
top (~row 8400),7622,1800,20.0,4.0,0.6725955009460449,True
top (~row 8400),7622,1800,-6.0,7.0,0.9559400081634521,True
top (~row 8400),7622,1800,-3.0,11.0,0.7677224278450012,True
top (~row 8400),7622,1800,-18.0,10.0,0.9351314902305603,True
top (~row 8400),7622,1800,-4.0,9.0,0.5799999237060547,True
top (~row 8400),7622,1800,-16.0,-26.0,0.6041072607040405,False
top (~row 8400),7622,1800,-19.0,6.0,0.7267464399337769,True
top (~row 8400),7622,1800,-8.0,8.0,0.7435182929039001,True
top (~row 8400),7622,1800,-12.0,11.0,0.8064090013504028,True
top (~row 8400),7622,1800,-14.0,13.0,0.7956986427307129,True
top (~row 8400),7622,1800,-9.0,8.0,0.9558697938919067,True
top (~row 8400),7622,1800,69.0,63.0,0.5412900447845459,False
top (~row 8400),7622,1800,-17.0,7.0,0.8809572458267212,True
top (~row 8400),7622,1800,-19.0,10.0,0.523700475692749,True
top (~row 8400),7622,1800,2.0,4.0,0.954117476940155,True
top (~row 8400),7622,1800,1.0,2.0,0.9381811618804932,True
top (~row 8400),7622,1800,-3.0,2.0,0.9264705181121826,True
top (~row 8400),7622,1800,-8.0,4.0,0.9088915586471558,True
top (~row 8400),7622,1800,-14.0,8.0,0.5022881031036377,True
top (~row 8400),7622,1800,2.0,1.0,0.7465978264808655,True
top (~row 8400),7622,1800,-17.0,10.0,0.9387467503547668,True
top (~row 8400),7622,1800,2.0,6.0,0.8616461753845215,True
top (~row 8400),7622,1800,-14.0,7.0,0.5575230121612549,True
top (~row 8400),7622,1800,-19.0,12.0,0.65317702293396,True
top (~row 8400),7622,1800,-16.0,9.0,0.516151487827301,True
top (~row 8400),7622,1800,-15.0,9.0,0.7656225562095642,True
top (~row 8400),7622,1800,-9.0,6.0,0.9555525779724121,True
top (~row 8400),7622,1800,-5.0,2.0,0.5444662570953369,True
top (~row 8400),7622,1800,-1.0,5.0,0.9542485475540161,True
top (~row 8400),7622,1800,-16.0,8.0,0.917969286441803,True
top (~row 8400),7622,1800,-16.0,8.0,0.8806641101837158,True
top (~row 8400),7622,1800,-22.0,20.0,0.5702220797538757,True
top (~row 8400),7622,1800,24.0,21.0,0.8660141229629517,False
top (~row 8400),7622,1800,-1.0,4.0,0.8466865420341492,True
top (~row 8400),7622,1800,-9.0,5.0,0.9526772499084473,True
top (~row 8400),7622,1800,-17.0,9.0,0.8842272758483887,True
top (~row 8400),7622,1800,-19.0,11.0,0.9558843970298767,True
top (~row 8400),7622,1800,-3.0,2.0,0.8342095613479614,True
top (~row 8400),7622,1800,-1.0,4.0,0.7247033715248108,True
top (~row 8400),7622,1800,-17.0,16.0,0.8026020526885986,True
top (~row 8400),7622,1800,-15.0,8.0,0.9469380974769592,True
top (~row 8400),7622,1800,0.0,8.0,0.8982306122779846,True
top (~row 8400),7622,1800,-16.0,14.0,0.6540721654891968,True
top (~row 8400),7622,1800,-13.0,7.0,0.9550496935844421,True
top (~row 8400),7622,1800,-15.0,10.0,0.9397894740104675,True
top (~row 8400),7622,1800,-15.0,6.0,0.92769855260849,True
top (~row 8400),7622,1800,2.0,3.0,0.9556692838668823,True
top (~row 8400),7622,1800,2.0,5.0,0.9485975503921509,True
top (~row 8400),7622,1800,-16.0,9.0,0.9542449116706848,True
top (~row 8400),7622,1800,-15.0,7.0,0.8969380855560303,True
top (~row 8400),7622,1800,2.0,3.0,0.9306795001029968,True
top (~row 8400),7622,1800,-17.0,9.0,0.9508237838745117,True
top (~row 8400),7622,1800,-14.0,15.0,0.8839338421821594,True
top (~row 8400),7622,1800,-16.0,5.0,0.6095308661460876,True
top (~row 8400),7622,1800,-15.0,11.0,0.952711820602417,True
top (~row 8400),7622,1800,-10.0,5.0,0.7657225728034973,True
top (~row 8400),7622,1800,-16.0,11.0,0.8484899401664734,True
top (~row 8400),7622,1800,-6.0,3.0,0.9532816410064697,True
top (~row 8400),7622,1800,-5.0,3.0,0.8869687914848328,True
top (~row 8400),7622,1800,3.0,4.0,0.9517654776573181,True
top (~row 8400),7622,1800,-9.0,7.0,0.9254875779151917,True
top (~row 8400),7622,1800,-18.0,10.0,0.954762876033783,True
top (~row 8400),7622,1800,2.0,5.0,0.9540119171142578,True
top (~row 8400),7622,1800,-4.0,3.0,0.9528871774673462,True
top (~row 8400),7622,1800,-15.0,10.0,0.8957293629646301,True
top (~row 8400),7622,1800,-10.0,9.0,0.673248827457428,True
top (~row 8400),7622,1800,13.0,-2.0,0.6474385261535645,True
top (~row 8400),7622,1800,-16.0,10.0,0.9511194825172424,True
top (~row 8400),7622,1800,5.0,26.0,0.6191779971122742,True
top (~row 8400),7622,1800,-1.0,3.0,0.9109203219413757,True
top (~row 8400),7622,1800,-6.0,9.0,0.6481978297233582,True
top (~row 8400),7622,1800,-16.0,10.0,0.9038487076759338,True
top (~row 8400),7622,1800,-14.0,7.0,0.5938889980316162,True
top (~row 8400),7622,1800,-2.0,5.0,0.7945657968521118,True
top (~row 8400),7622,1800,-4.0,3.0,0.951568603515625,True
top (~row 8400),7622,1800,-15.0,9.0,0.9524801969528198,True
top (~row 8400),7622,1800,1.0,2.0,0.5206319689750671,True
top (~row 8400),7622,1800,-7.0,5.0,0.9545744061470032,True
top (~row 8400),7622,1800,-5.0,12.0,0.8641998767852783,True
top (~row 8400),7622,1800,-4.0,3.0,0.8713907599449158,True
top (~row 8400),7622,1800,-22.0,10.0,0.9222250580787659,True
top (~row 8400),7622,1800,0.0,6.0,0.7386903166770935,True
top (~row 8400),7622,1800,-27.0,68.0,0.639725387096405,False
top (~row 8400),7622,1800,-11.0,7.0,0.9454465508460999,True
top (~row 8400),7622,1800,-17.0,10.0,0.9110314846038818,True
top (~row 8400),7622,1800,-10.0,11.0,0.9509126543998718,True
top (~row 8400),7622,1800,1.0,5.0,0.9477295279502869,True
top (~row 8400),7622,1800,-12.0,7.0,0.9488364458084106,True
top (~row 8400),7622,1800,1.0,-4.0,0.6931489109992981,True
top (~row 8400),7622,1800,-11.0,11.0,0.8616355061531067,True
top (~row 8400),7622,1800,-7.0,6.0,0.9536589980125427,True
top (~row 8400),7622,1800,-18.0,-1.0,0.9011178016662598,True
top (~row 8400),7622,1800,-6.0,3.0,0.7920079231262207,True
top (~row 8400),7622,1800,-4.0,6.0,0.9555389285087585,True
top (~row 8400),7622,1800,-16.0,11.0,0.9388362765312195,True
top (~row 8400),7622,1800,-6.0,5.0,0.9382258653640747,True
top (~row 8400),7622,1800,-10.0,5.0,0.6029216051101685,True
top (~row 8400),7622,1800,-52.0,-10.0,0.5356178879737854,False
top (~row 8400),7622,1800,-8.0,6.0,0.9554132223129272,True
top (~row 8400),7622,1800,-18.0,10.0,0.956298291683197,True
top (~row 8400),7622,1800,-8.0,7.0,0.8702995181083679,True
top (~row 8400),7622,1800,1.0,5.0,0.9534925818443298,True
top (~row 8400),7622,1800,-7.0,7.0,0.9480838179588318,True
top (~row 8400),7622,1800,-16.0,4.0,0.6009915471076965,True
top (~row 8400),7622,1800,-39.0,14.0,0.5760744214057922,False
top (~row 8400),7622,1800,-39.0,14.0,0.6483999490737915,False
top (~row 8400),7622,1800,7.0,10.0,0.903076708316803,True
top (~row 8400),7622,1800,-15.0,11.0,0.6306012868881226,True
top (~row 8400),7622,1800,-16.0,8.0,0.5043622255325317,True
top (~row 8400),7622,1800,0.0,3.0,0.9195648431777954,True
top (~row 8400),7622,1800,-36.0,1.0,0.7750900983810425,False
top (~row 8400),7622,1800,-7.0,5.0,0.7895938754081726,True
upper-middle (~row 10900),10122,1800,15.0,-16.0,0.869927704334259,False
upper-middle (~row 10900),10122,1800,17.0,-24.0,0.9371554851531982,False
upper-middle (~row 10900),10122,1800,7.0,-12.0,0.5145301222801208,True
upper-middle (~row 10900),10122,1800,15.0,-17.0,0.8695387244224548,False
upper-middle (~row 10900),10122,1800,7.0,-30.0,0.7815865278244019,False
upper-middle (~row 10900),10122,1800,198.0,5.0,0.6124822497367859,False
upper-middle (~row 10900),10122,1800,15.0,-14.0,0.582391619682312,False
upper-middle (~row 10900),10122,1800,10.0,-20.0,0.9098454713821411,False
upper-middle (~row 10900),10122,1800,13.0,-19.0,0.9434136748313904,False
upper-middle (~row 10900),10122,1800,19.0,-21.0,0.7791113257408142,False
upper-middle (~row 10900),10122,1800,12.0,-30.0,0.6547861099243164,False
upper-middle (~row 10900),10122,1800,17.0,-22.0,0.9414417743682861,False
upper-middle (~row 10900),10122,1800,-41.0,-134.0,0.6831475496292114,False
upper-middle (~row 10900),10122,1800,4.0,-9.0,0.9330825805664062,True
upper-middle (~row 10900),10122,1800,27.0,-30.0,0.5900894403457642,False
upper-middle (~row 10900),10122,1800,11.0,-11.0,0.944129228591919,True
upper-middle (~row 10900),10122,1800,16.0,-17.0,0.9257021546363831,False
upper-middle (~row 10900),10122,1800,13.0,-15.0,0.842126190662384,True
upper-middle (~row 10900),10122,1800,13.0,-20.0,0.9174075126647949,False
upper-middle (~row 10900),10122,1800,3.0,-14.0,0.7089141607284546,True
upper-middle (~row 10900),10122,1800,9.0,-7.0,0.764892041683197,True
upper-middle (~row 10900),10122,1800,8.0,-19.0,0.6320323944091797,False
upper-middle (~row 10900),10122,1800,16.0,-22.0,0.9386367201805115,False
upper-middle (~row 10900),10122,1800,10.0,-34.0,0.7496642470359802,False
upper-middle (~row 10900),10122,1800,23.0,-29.0,0.7764321565628052,False
upper-middle (~row 10900),10122,1800,14.0,-23.0,0.9183291792869568,False
upper-middle (~row 10900),10122,1800,14.0,-23.0,0.7527498602867126,False
upper-middle (~row 10900),10122,1800,12.0,-11.0,0.8828782439231873,True
upper-middle (~row 10900),10122,1800,18.0,-17.0,0.8320135474205017,False
upper-middle (~row 10900),10122,1800,12.0,-24.0,0.9489794373512268,False
upper-middle (~row 10900),10122,1800,32.0,-16.0,0.8617481589317322,False
upper-middle (~row 10900),10122,1800,16.0,-16.0,0.9414004683494568,False
upper-middle (~row 10900),10122,1800,25.0,-27.0,0.6717320680618286,False
upper-middle (~row 10900),10122,1800,12.0,-16.0,0.9254964590072632,True
upper-middle (~row 10900),10122,1800,17.0,-22.0,0.9403560757637024,False
upper-middle (~row 10900),10122,1800,87.0,-4.0,0.5530535578727722,False
upper-middle (~row 10900),10122,1800,17.0,-19.0,0.8875525593757629,False
upper-middle (~row 10900),10122,1800,22.0,-22.0,0.7791217565536499,False
upper-middle (~row 10900),10122,1800,20.0,-24.0,0.9446146488189697,False
upper-middle (~row 10900),10122,1800,-19.0,-22.0,0.696785569190979,False
upper-middle (~row 10900),10122,1800,-16.0,-32.0,0.6638699769973755,False
upper-middle (~row 10900),10122,1800,15.0,-22.0,0.945328414440155,False
upper-middle (~row 10900),10122,1800,13.0,-12.0,0.8779228329658508,True
upper-middle (~row 10900),10122,1800,19.0,-23.0,0.8281148672103882,False
upper-middle (~row 10900),10122,1800,26.0,-16.0,0.8335805535316467,False
upper-middle (~row 10900),10122,1800,10.0,-14.0,0.7551665306091309,True
upper-middle (~row 10900),10122,1800,-21.0,11.0,0.8903502225875854,True
upper-middle (~row 10900),10122,1800,23.0,-22.0,0.7446835041046143,False
upper-middle (~row 10900),10122,1800,17.0,-24.0,0.9231366515159607,False
upper-middle (~row 10900),10122,1800,8.0,-16.0,0.504101574420929,True
upper-middle (~row 10900),10122,1800,12.0,-14.0,0.8541421294212341,True
upper-middle (~row 10900),10122,1800,10.0,-10.0,0.7847607731819153,True
upper-middle (~row 10900),10122,1800,13.0,-11.0,0.5158242583274841,True
upper-middle (~row 10900),10122,1800,3.0,-7.0,0.8160602450370789,True
upper-middle (~row 10900),10122,1800,8.0,-15.0,0.9270281791687012,True
upper-middle (~row 10900),10122,1800,19.0,-28.0,0.6827111840248108,False
upper-middle (~row 10900),10122,1800,11.0,-20.0,0.8825667500495911,False
upper-middle (~row 10900),10122,1800,18.0,-18.0,0.7838236093521118,False
upper-middle (~row 10900),10122,1800,19.0,-26.0,0.9131121635437012,False
upper-middle (~row 10900),10122,1800,12.0,-79.0,0.6795088648796082,False
upper-middle (~row 10900),10122,1800,12.0,-22.0,0.6676955223083496,False
upper-middle (~row 10900),10122,1800,14.0,-19.0,0.9271838068962097,False
upper-middle (~row 10900),10122,1800,13.0,-20.0,0.9449895024299622,False
upper-middle (~row 10900),10122,1800,3.0,-16.0,0.7243813276290894,True
upper-middle (~row 10900),10122,1800,13.0,-12.0,0.9271440505981445,True
upper-middle (~row 10900),10122,1800,-2.0,1.0,0.6137083768844604,True
upper-middle (~row 10900),10122,1800,25.0,-7.0,0.7011249661445618,False
upper-middle (~row 10900),10122,1800,15.0,-15.0,0.6538656949996948,False
upper-middle (~row 10900),10122,1800,13.0,-22.0,0.5674954056739807,False
upper-middle (~row 10900),10122,1800,24.0,-18.0,0.8761972784996033,False
upper-middle (~row 10900),10122,1800,20.0,-21.0,0.9480404257774353,False
upper-middle (~row 10900),10122,1800,38.0,-8.0,0.7607990503311157,False
upper-middle (~row 10900),10122,1800,21.0,-15.0,0.9248497486114502,False
upper-middle (~row 10900),10122,1800,20.0,-19.0,0.8439841866493225,False
upper-middle (~row 10900),10122,1800,14.0,-14.0,0.9461436867713928,True
upper-middle (~row 10900),10122,1800,22.0,-25.0,0.918677806854248,False
upper-middle (~row 10900),10122,1800,17.0,-16.0,0.9455024003982544,False
upper-middle (~row 10900),10122,1800,12.0,-19.0,0.873920738697052,False
upper-middle (~row 10900),10122,1800,20.0,-25.0,0.5229319334030151,False
upper-middle (~row 10900),10122,1800,20.0,-22.0,0.9458974003791809,False
upper-middle (~row 10900),10122,1800,22.0,-26.0,0.6317792534828186,False
upper-middle (~row 10900),10122,1800,9.0,-16.0,0.5808008313179016,True
upper-middle (~row 10900),10122,1800,9.0,-20.0,0.682590126991272,False
upper-middle (~row 10900),10122,1800,83.0,-71.0,0.6462233066558838,False
upper-middle (~row 10900),10122,1800,14.0,-16.0,0.9203755259513855,False
upper-middle (~row 10900),10122,1800,17.0,-26.0,0.9351707696914673,False
upper-middle (~row 10900),10122,1800,79.0,-9.0,0.657243549823761,False
upper-middle (~row 10900),10122,1800,9.0,-9.0,0.606043815612793,True
upper-middle (~row 10900),10122,1800,-165.0,-87.0,0.5435039401054382,False
upper-middle (~row 10900),10122,1800,14.0,-20.0,0.9381990432739258,False
upper-middle (~row 10900),10122,1800,14.0,-24.0,0.9405623078346252,False
upper-middle (~row 10900),10122,1800,12.0,-25.0,0.9491024613380432,False
upper-middle (~row 10900),10122,1800,11.0,-12.0,0.6372131109237671,True
upper-middle (~row 10900),10122,1800,19.0,-22.0,0.9495334625244141,False
upper-middle (~row 10900),10122,1800,19.0,-24.0,0.8912490606307983,False
upper-middle (~row 10900),10122,1800,9.0,-17.0,0.9502092003822327,True
upper-middle (~row 10900),10122,1800,15.0,-13.0,0.909325897693634,True
upper-middle (~row 10900),10122,1800,19.0,-14.0,0.5736835598945618,False
upper-middle (~row 10900),10122,1800,23.0,-28.0,0.9301027655601501,False
upper-middle (~row 10900),10122,1800,11.0,-13.0,0.9466545581817627,True
upper-middle (~row 10900),10122,1800,34.0,-28.0,0.766961395740509,False
upper-middle (~row 10900),10122,1800,14.0,-22.0,0.8357440829277039,False
upper-middle (~row 10900),10122,1800,15.0,-27.0,0.9386635422706604,False
upper-middle (~row 10900),10122,1800,20.0,-31.0,0.882742702960968,False
upper-middle (~row 10900),10122,1800,13.0,-22.0,0.9470049142837524,False
upper-middle (~row 10900),10122,1800,14.0,-18.0,0.8924211263656616,False
upper-middle (~row 10900),10122,1800,6.0,-15.0,0.6305814385414124,True
upper-middle (~row 10900),10122,1800,22.0,-32.0,0.5271268486976624,False
upper-middle (~row 10900),10122,1800,9.0,-20.0,0.8920314311981201,False
upper-middle (~row 10900),10122,1800,28.0,-26.0,0.9332819581031799,False
upper-middle (~row 10900),10122,1800,20.0,-22.0,0.9494682550430298,False
upper-middle (~row 10900),10122,1800,14.0,-25.0,0.5947011709213257,False
upper-middle (~row 10900),10122,1800,23.0,-30.0,0.92441326379776,False
upper-middle (~row 10900),10122,1800,14.0,-20.0,0.9447047710418701,False
upper-middle (~row 10900),10122,1800,60.0,-28.0,0.6707890629768372,False
upper-middle (~row 10900),10122,1800,13.0,-16.0,0.5130923986434937,False
upper-middle (~row 10900),10122,1800,14.0,-23.0,0.9492074847221375,False
upper-middle (~row 10900),10122,1800,21.0,-27.0,0.9459750056266785,False
upper-middle (~row 10900),10122,1800,9.0,-17.0,0.6962388753890991,True
upper-middle (~row 10900),10122,1800,19.0,-22.0,0.8836287260055542,False
upper-middle (~row 10900),10122,1800,29.0,-30.0,0.7350004315376282,False
upper-middle (~row 10900),10122,1800,22.0,-33.0,0.9055173397064209,False
upper-middle (~row 10900),10122,1800,49.0,-24.0,0.8285415172576904,False
upper-middle (~row 10900),10122,1800,14.0,-18.0,0.9496403336524963,False
upper-middle (~row 10900),10122,1800,19.0,-28.0,0.9295015931129456,False
upper-middle (~row 10900),10122,1800,12.0,-21.0,0.920179009437561,False
upper-middle (~row 10900),10122,1800,55.0,-26.0,0.5443821549415588,False
upper-middle (~row 10900),10122,1800,-63.0,-88.0,0.5923267006874084,False
upper-middle (~row 10900),10122,1800,6.0,-12.0,0.9325968623161316,True
upper-middle (~row 10900),10122,1800,22.0,-31.0,0.8836894035339355,False
upper-middle (~row 10900),10122,1800,21.0,-30.0,0.9443678259849548,False
upper-middle (~row 10900),10122,1800,13.0,-19.0,0.685156524181366,False
upper-middle (~row 10900),10122,1800,20.0,-21.0,0.9494999647140503,False
upper-middle (~row 10900),10122,1800,14.0,-19.0,0.9395142793655396,False
upper-middle (~row 10900),10122,1800,13.0,-25.0,0.9419392943382263,False
upper-middle (~row 10900),10122,1800,19.0,-28.0,0.937791109085083,False
upper-middle (~row 10900),10122,1800,15.0,-14.0,0.5780296921730042,False
upper-middle (~row 10900),10122,1800,12.0,-14.0,0.6938327550888062,True
upper-middle (~row 10900),10122,1800,23.0,-29.0,0.8770132660865784,False
upper-middle (~row 10900),10122,1800,20.0,-21.0,0.8197004795074463,False
upper-middle (~row 10900),10122,1800,20.0,-27.0,0.8895889520645142,False
upper-middle (~row 10900),10122,1800,15.0,-23.0,0.926163911819458,False
upper-middle (~row 10900),10122,1800,21.0,-24.0,0.5000636577606201,False
upper-middle (~row 10900),10122,1800,21.0,-84.0,0.9012346267700195,False
upper-middle (~row 10900),10122,1800,19.0,-31.0,0.9491857886314392,False
upper-middle (~row 10900),10122,1800,20.0,-24.0,0.9135180115699768,False
upper-middle (~row 10900),10122,1800,7.0,-20.0,0.9074165225028992,False
upper-middle (~row 10900),10122,1800,13.0,-14.0,0.8310777544975281,True
upper-middle (~row 10900),10122,1800,18.0,-18.0,0.936246931552887,False
upper-middle (~row 10900),10122,1800,-11.0,-37.0,0.5785161256790161,False
upper-middle (~row 10900),10122,1800,24.0,-22.0,0.5465837121009827,False
upper-middle (~row 10900),10122,1800,17.0,-15.0,0.5033608078956604,False
upper-middle (~row 10900),10122,1800,24.0,-28.0,0.9339274168014526,False
upper-middle (~row 10900),10122,1800,15.0,-25.0,0.8536144495010376,False
upper-middle (~row 10900),10122,1800,18.0,-20.0,0.5256198644638062,False
upper-middle (~row 10900),10122,1800,33.0,-58.0,0.5007202625274658,False
upper-middle (~row 10900),10122,1800,21.0,-111.0,0.5122915506362915,False
upper-middle (~row 10900),10122,1800,19.0,-29.0,0.9098402857780457,False
upper-middle (~row 10900),10122,1800,20.0,-27.0,0.659261167049408,False
upper-middle (~row 10900),10122,1800,3.0,-9.0,0.7299318909645081,True
upper-middle (~row 10900),10122,1800,26.0,-20.0,0.7169471383094788,False
upper-middle (~row 10900),10122,1800,21.0,-30.0,0.9150063395500183,False
upper-middle (~row 10900),10122,1800,18.0,-22.0,0.8702463507652283,False
upper-middle (~row 10900),10122,1800,12.0,-17.0,0.9395878314971924,False
upper-middle (~row 10900),10122,1800,15.0,-25.0,0.6893616318702698,False
upper-middle (~row 10900),10122,1800,14.0,-23.0,0.9039496183395386,False
upper-middle (~row 10900),10122,1800,15.0,-18.0,0.8380283117294312,False
upper-middle (~row 10900),10122,1800,15.0,-24.0,0.9158837795257568,False
upper-middle (~row 10900),10122,1800,-57.0,-95.0,0.7812973260879517,False
upper-middle (~row 10900),10122,1800,9.0,-14.0,0.5848410725593567,True
upper-middle (~row 10900),10122,1800,18.0,-17.0,0.710005521774292,False
upper-middle (~row 10900),10122,1800,59.0,0.0,0.7862275838851929,False
upper-middle (~row 10900),10122,1800,13.0,-11.0,0.9336469769477844,True
upper-middle (~row 10900),10122,1800,10.0,-20.0,0.9384361505508423,False
upper-middle (~row 10900),10122,1800,13.0,-16.0,0.9437286257743835,False
upper-middle (~row 10900),10122,1800,20.0,-30.0,0.9231472015380859,False
upper-middle (~row 10900),10122,1800,13.0,-15.0,0.6328514814376831,True
upper-middle (~row 10900),10122,1800,20.0,-28.0,0.8630360960960388,False
upper-middle (~row 10900),10122,1800,23.0,-25.0,0.778179407119751,False
upper-middle (~row 10900),10122,1800,42.0,-40.0,0.6515035033226013,False
upper-middle (~row 10900),10122,1800,20.0,-23.0,0.9469751119613647,False
upper-middle (~row 10900),10122,1800,15.0,-23.0,0.939552903175354,False
upper-middle (~row 10900),10122,1800,12.0,-26.0,0.5060045719146729,False
upper-middle (~row 10900),10122,1800,3.0,-100.0,0.5004491806030273,False
upper-middle (~row 10900),10122,1800,10.0,-19.0,0.88251793384552,False
upper-middle (~row 10900),10122,1800,17.0,-21.0,0.9501276612281799,False
upper-middle (~row 10900),10122,1800,8.0,-19.0,0.6985520720481873,False
upper-middle (~row 10900),10122,1800,10.0,-21.0,0.7038140296936035,False
upper-middle (~row 10900),10122,1800,14.0,-24.0,0.6528469324111938,False
upper-middle (~row 10900),10122,1800,11.0,-22.0,0.8994855880737305,False
upper-middle (~row 10900),10122,1800,-23.0,-9.0,0.9380881190299988,True
upper-middle (~row 10900),10122,1800,19.0,-25.0,0.6866426467895508,False
upper-middle (~row 10900),10122,1800,12.0,-21.0,0.9320313334465027,False
upper-middle (~row 10900),10122,1800,57.0,31.0,0.7365778684616089,False
upper-middle (~row 10900),10122,1800,20.0,-25.0,0.9465327262878418,False
upper-middle (~row 10900),10122,1800,20.0,-28.0,0.8510751128196716,False
upper-middle (~row 10900),10122,1800,19.0,-26.0,0.9230089783668518,False
upper-middle (~row 10900),10122,1800,10.0,-20.0,0.5439053177833557,False
upper-middle (~row 10900),10122,1800,17.0,-24.0,0.6172212362289429,False
upper-middle (~row 10900),10122,1800,21.0,-31.0,0.8190643787384033,False
upper-middle (~row 10900),10122,1800,14.0,-18.0,0.8653866052627563,False
upper-middle (~row 10900),10122,1800,16.0,-23.0,0.949289858341217,False
upper-middle (~row 10900),10122,1800,19.0,-26.0,0.8719660043716431,False
upper-middle (~row 10900),10122,1800,21.0,-22.0,0.9328041076660156,False
upper-middle (~row 10900),10122,1800,20.0,-26.0,0.8534532785415649,False
upper-middle (~row 10900),10122,1800,36.0,-19.0,0.9284242987632751,False
upper-middle (~row 10900),10122,1800,20.0,-25.0,0.9319060444831848,False
upper-middle (~row 10900),10122,1800,16.0,-22.0,0.9490228891372681,False
upper-middle (~row 10900),10122,1800,34.0,-14.0,0.5452150106430054,False
upper-middle (~row 10900),10122,1800,14.0,-25.0,0.94097501039505,False
upper-middle (~row 10900),10122,1800,-5.0,-89.0,0.6512333154678345,False
upper-middle (~row 10900),10122,1800,16.0,-22.0,0.6471859812736511,False
upper-middle (~row 10900),10122,1800,10.0,-13.0,0.7154711484909058,True
upper-middle (~row 10900),10122,1800,114.0,-43.0,0.5286663174629211,False
upper-middle (~row 10900),10122,1800,12.0,-18.0,0.932106077671051,False
upper-middle (~row 10900),10122,1800,20.0,-28.0,0.9497019052505493,False
upper-middle (~row 10900),10122,1800,4.0,-18.0,0.8955602645874023,True
upper-middle (~row 10900),10122,1800,45.0,-9.0,0.6980525851249695,False
upper-middle (~row 10900),10122,1800,6.0,-13.0,0.6961758136749268,True
upper-middle (~row 10900),10122,1800,17.0,-29.0,0.6768546104431152,False
upper-middle (~row 10900),10122,1800,5.0,-18.0,0.8740407824516296,True
upper-middle (~row 10900),10122,1800,11.0,-21.0,0.9265702962875366,False
upper-middle (~row 10900),10122,1800,14.0,-24.0,0.9162646532058716,False
upper-middle (~row 10900),10122,1800,14.0,-21.0,0.7155017852783203,False
upper-middle (~row 10900),10122,1800,3.0,-14.0,0.5548931360244751,True
upper-middle (~row 10900),10122,1800,21.0,-26.0,0.6558891534805298,False
upper-middle (~row 10900),10122,1800,24.0,-27.0,0.7686938643455505,False
upper-middle (~row 10900),10122,1800,10.0,-15.0,0.8291319012641907,True
upper-middle (~row 10900),10122,1800,18.0,-19.0,0.5062478184700012,False
upper-middle (~row 10900),10122,1800,7.0,-18.0,0.6227328777313232,True
upper-middle (~row 10900),10122,1800,23.0,-32.0,0.8499679565429688,False
upper-middle (~row 10900),10122,1800,19.0,-27.0,0.945984959602356,False
upper-middle (~row 10900),10122,1800,30.0,-16.0,0.6023480892181396,False
upper-middle (~row 10900),10122,1800,21.0,-43.0,0.6917358040809631,False
upper-middle (~row 10900),10122,1800,11.0,-24.0,0.9297152161598206,False
upper-middle (~row 10900),10122,1800,-7.0,-38.0,0.6424766778945923,False
upper-middle (~row 10900),10122,1800,18.0,-21.0,0.9418494701385498,False
upper-middle (~row 10900),10122,1800,21.0,-21.0,0.9493631720542908,False
upper-middle (~row 10900),10122,1800,2.0,-14.0,0.856981635093689,True
upper-middle (~row 10900),10122,1800,-2.0,-7.0,0.5090407729148865,True
upper-middle (~row 10900),10122,1800,3.0,-8.0,0.7938205003738403,True
upper-middle (~row 10900),10122,1800,14.0,-19.0,0.9504321217536926,False
upper-middle (~row 10900),10122,1800,16.0,-19.0,0.7202379703521729,False
upper-middle (~row 10900),10122,1800,4.0,-21.0,0.827978253364563,False
upper-middle (~row 10900),10122,1800,17.0,-22.0,0.9433848857879639,False
upper-middle (~row 10900),10122,1800,20.0,-20.0,0.9163240790367126,False
upper-middle (~row 10900),10122,1800,12.0,-16.0,0.5358262658119202,True
upper-middle (~row 10900),10122,1800,16.0,-17.0,0.9475316405296326,False
upper-middle (~row 10900),10122,1800,12.0,-17.0,0.6982123851776123,False
upper-middle (~row 10900),10122,1800,19.0,-24.0,0.8476018905639648,False
upper-middle (~row 10900),10122,1800,14.0,-17.0,0.9445966482162476,False
upper-middle (~row 10900),10122,1800,14.0,-22.0,0.9376336932182312,False
upper-middle (~row 10900),10122,1800,-1.0,-14.0,0.5906897187232971,True
upper-middle (~row 10900),10122,1800,12.0,-21.0,0.7254252433776855,False
upper-middle (~row 10900),10122,1800,2.0,-9.0,0.5326999425888062,True
upper-middle (~row 10900),10122,1800,11.0,-21.0,0.8054959177970886,False
upper-middle (~row 10900),10122,1800,41.0,-42.0,0.9473978281021118,False
upper-middle (~row 10900),10122,1800,16.0,-26.0,0.8420756459236145,False
upper-middle (~row 10900),10122,1800,6.0,-13.0,0.6747187972068787,True
upper-middle (~row 10900),10122,1800,16.0,-21.0,0.9478687644004822,False
upper-middle (~row 10900),10122,1800,12.0,-17.0,0.787770688533783,False
upper-middle (~row 10900),10122,1800,6.0,-16.0,0.541301429271698,True
upper-middle (~row 10900),10122,1800,12.0,-22.0,0.7796835899353027,False
upper-middle (~row 10900),10122,1800,10.0,-15.0,0.8429763317108154,True
upper-middle (~row 10900),10122,1800,18.0,-11.0,0.5714425444602966,False
upper-middle (~row 10900),10122,1800,13.0,-16.0,0.5225600600242615,False
upper-middle (~row 10900),10122,1800,13.0,-16.0,0.6797720193862915,False
upper-middle (~row 10900),10122,1800,25.0,-25.0,0.9474511742591858,False
upper-middle (~row 10900),10122,1800,-2.0,-11.0,0.6325449347496033,True
upper-middle (~row 10900),10122,1800,13.0,-26.0,0.6713496446609497,False
upper-middle (~row 10900),10122,1800,19.0,-17.0,0.8040354251861572,False
upper-middle (~row 10900),10122,1800,17.0,-23.0,0.9484953880310059,False
upper-middle (~row 10900),10122,1800,14.0,-21.0,0.6741334795951843,False
upper-middle (~row 10900),10122,1800,9.0,-15.0,0.9026143550872803,True
upper-middle (~row 10900),10122,1800,9.0,-24.0,0.5481534004211426,False
upper-middle (~row 10900),10122,1800,14.0,-18.0,0.6538438200950623,False
upper-middle (~row 10900),10122,1800,2.0,-12.0,0.6665852665901184,True
upper-middle (~row 10900),10122,1800,7.0,-14.0,0.7021172642707825,True
upper-middle (~row 10900),10122,1800,5.0,-15.0,0.5340621471405029,True
upper-middle (~row 10900),10122,1800,18.0,-28.0,0.94644695520401,False
upper-middle (~row 10900),10122,1800,9.0,-20.0,0.7676075100898743,False
upper-middle (~row 10900),10122,1800,-44.0,-77.0,0.5219917297363281,False
upper-middle (~row 10900),10122,1800,9.0,-14.0,0.94225013256073,True
upper-middle (~row 10900),10122,1800,23.0,-27.0,0.5336721539497375,False
upper-middle (~row 10900),10122,1800,15.0,-25.0,0.5361396074295044,False
upper-middle (~row 10900),10122,1800,13.0,-23.0,0.9482982158660889,False
upper-middle (~row 10900),10122,1800,8.0,-19.0,0.5253482460975647,False
upper-middle (~row 10900),10122,1800,18.0,-19.0,0.9388425350189209,False
upper-middle (~row 10900),10122,1800,13.0,-22.0,0.9302731156349182,False
upper-middle (~row 10900),10122,1800,13.0,-24.0,0.7878307700157166,False
upper-middle (~row 10900),10122,1800,4.0,-10.0,0.5760590434074402,True
upper-middle (~row 10900),10122,1800,17.0,-28.0,0.5831040740013123,False
upper-middle (~row 10900),10122,1800,19.0,-32.0,0.9317460656166077,False
upper-middle (~row 10900),10122,1800,11.0,-16.0,0.523603618144989,True
upper-middle (~row 10900),10122,1800,5.0,-60.0,0.8244373202323914,False
upper-middle (~row 10900),10122,1800,-7.0,-12.0,0.6366742849349976,True
upper-middle (~row 10900),10122,1800,24.0,-29.0,0.9380432963371277,False
upper-middle (~row 10900),10122,1800,17.0,-25.0,0.9226675033569336,False
upper-middle (~row 10900),10122,1800,17.0,-24.0,0.884787380695343,False
upper-middle (~row 10900),10122,1800,16.0,-23.0,0.948464572429657,False
upper-middle (~row 10900),10122,1800,14.0,-27.0,0.8540542125701904,False
upper-middle (~row 10900),10122,1800,18.0,-20.0,0.9464776515960693,False
upper-middle (~row 10900),10122,1800,2.0,-17.0,0.8102155923843384,True
upper-middle (~row 10900),10122,1800,11.0,-22.0,0.5130806565284729,False
upper-middle (~row 10900),10122,1800,15.0,-23.0,0.9457648396492004,False
upper-middle (~row 10900),10122,1800,11.0,-24.0,0.5617280602455139,False
upper-middle (~row 10900),10122,1800,14.0,-18.0,0.9491604566574097,False
upper-middle (~row 10900),10122,1800,11.0,-21.0,0.8985648155212402,False
upper-middle (~row 10900),10122,1800,14.0,-20.0,0.7557587027549744,False
upper-middle (~row 10900),10122,1800,19.0,-22.0,0.9496837854385376,False
upper-middle (~row 10900),10122,1800,15.0,-23.0,0.8365463018417358,False
upper-middle (~row 10900),10122,1800,18.0,-20.0,0.9147611856460571,False
upper-middle (~row 10900),10122,1800,15.0,-20.0,0.6493343114852905,False
upper-middle (~row 10900),10122,1800,15.0,-25.0,0.8162751197814941,False
upper-middle (~row 10900),10122,1800,20.0,-29.0,0.947008490562439,False
upper-middle (~row 10900),10122,1800,22.0,-31.0,0.8490978479385376,False
upper-middle (~row 10900),10122,1800,20.0,-30.0,0.9281764626502991,False
upper-middle (~row 10900),10122,1800,81.0,-118.0,0.5186076760292053,False
upper-middle (~row 10900),10122,1800,-60.0,-97.0,0.6544489860534668,False
upper-middle (~row 10900),10122,1800,30.0,-32.0,0.903100848197937,False
upper-middle (~row 10900),10122,1800,21.0,-21.0,0.94549161195755,False
upper-middle (~row 10900),10122,1800,5.0,-14.0,0.5995084047317505,True
upper-middle (~row 10900),10122,1800,20.0,-29.0,0.9291896224021912,False
upper-middle (~row 10900),10122,1800,19.0,-20.0,0.5727880001068115,False
upper-middle (~row 10900),10122,1800,13.0,-21.0,0.8201758861541748,False
upper-middle (~row 10900),10122,1800,0.0,-18.0,0.7984854578971863,True
upper-middle (~row 10900),10122,1800,12.0,-13.0,0.6824332475662231,True
upper-middle (~row 10900),10122,1800,28.0,-20.0,0.6323820948600769,False
upper-middle (~row 10900),10122,1800,21.0,-48.0,0.6406612992286682,False
upper-middle (~row 10900),10122,1800,7.0,-18.0,0.917957067489624,True
upper-middle (~row 10900),10122,1800,22.0,-31.0,0.93216472864151,False
upper-middle (~row 10900),10122,1800,5.0,-17.0,0.6621937155723572,True
upper-middle (~row 10900),10122,1800,-20.0,-76.0,0.7815119028091431,False
upper-middle (~row 10900),10122,1800,11.0,-16.0,0.8565763235092163,True
upper-middle (~row 10900),10122,1800,3.0,-20.0,0.6224876642227173,True
upper-middle (~row 10900),10122,1800,9.0,-22.0,0.6397473812103271,False
upper-middle (~row 10900),10122,1800,18.0,-25.0,0.9443759322166443,False
upper-middle (~row 10900),10122,1800,15.0,-23.0,0.8763936758041382,False
upper-middle (~row 10900),10122,1800,43.0,-87.0,0.6664816737174988,False
upper-middle (~row 10900),10122,1800,18.0,-20.0,0.9504412412643433,False
upper-middle (~row 10900),10122,1800,-2.0,-36.0,0.9318767189979553,False
upper-middle (~row 10900),10122,1800,-20.0,-83.0,0.8769112229347229,False
upper-middle (~row 10900),10122,1800,17.0,-23.0,0.9416716694831848,False
upper-middle (~row 10900),10122,1800,26.0,-26.0,0.9209076166152954,False
upper-middle (~row 10900),10122,1800,16.0,-24.0,0.91377854347229,False
upper-middle (~row 10900),10122,1800,34.0,-11.0,0.8440575003623962,False
upper-middle (~row 10900),10122,1800,38.0,-59.0,0.6641764640808105,False
upper-middle (~row 10900),10122,1800,21.0,-29.0,0.9198174476623535,False
upper-middle (~row 10900),10122,1800,18.0,-25.0,0.9329980611801147,False
upper-middle (~row 10900),10122,1800,17.0,-25.0,0.9459740519523621,False
upper-middle (~row 10900),10122,1800,5.0,-10.0,0.767494797706604,True
upper-middle (~row 10900),10122,1800,13.0,-21.0,0.8935332894325256,False
upper-middle (~row 10900),10122,1800,19.0,-24.0,0.8845663070678711,False
upper-middle (~row 10900),10122,1800,9.0,-19.0,0.9318927526473999,False
upper-middle (~row 10900),10122,1800,15.0,-25.0,0.9188714623451233,False
upper-middle (~row 10900),10122,1800,12.0,-18.0,0.9464668035507202,False
upper-middle (~row 10900),10122,1800,15.0,-24.0,0.9404833912849426,False
upper-middle (~row 10900),10122,1800,-12.0,-31.0,0.578009843826294,False
upper-middle (~row 10900),10122,1800,19.0,-18.0,0.6018519401550293,False
upper-middle (~row 10900),10122,1800,14.0,-22.0,0.9136879444122314,False
upper-middle (~row 10900),10122,1800,18.0,-25.0,0.9489558935165405,False
upper-middle (~row 10900),10122,1800,13.0,-25.0,0.5665680170059204,False
upper-middle (~row 10900),10122,1800,16.0,-25.0,0.8372070789337158,False
upper-middle (~row 10900),10122,1800,6.0,-10.0,0.807885468006134,True
upper-middle (~row 10900),10122,1800,13.0,-21.0,0.7043962478637695,False
upper-middle (~row 10900),10122,1800,22.0,-27.0,0.5029346942901611,False
upper-middle (~row 10900),10122,1800,17.0,-24.0,0.9426743984222412,False
upper-middle (~row 10900),10122,1800,10.0,-18.0,0.946485698223114,False
upper-middle (~row 10900),10122,1800,19.0,-20.0,0.763668954372406,False
upper-middle (~row 10900),10122,1800,65.0,-91.0,0.5389581322669983,False
upper-middle (~row 10900),10122,1800,18.0,-33.0,0.887273371219635,False
upper-middle (~row 10900),10122,1800,36.0,32.0,0.5123389363288879,False
upper-middle (~row 10900),10122,1800,14.0,-21.0,0.9213011860847473,False
upper-middle (~row 10900),10122,1800,6.0,23.0,0.5253863334655762,True
upper-middle (~row 10900),10122,1800,19.0,-18.0,0.9416052103042603,False
upper-middle (~row 10900),10122,1800,10.0,-10.0,0.7962862849235535,True
upper-middle (~row 10900),10122,1800,10.0,-14.0,0.8549180030822754,True
upper-middle (~row 10900),10122,1800,19.0,-16.0,0.6627307534217834,False
upper-middle (~row 10900),10122,1800,44.0,-57.0,0.5286643505096436,False
upper-middle (~row 10900),10122,1800,14.0,-18.0,0.9284172058105469,False
upper-middle (~row 10900),10122,1800,22.0,-24.0,0.6170899868011475,False
middle (~row 13400),12622,1800,52.0,-36.0,0.5553044676780701,False
middle (~row 13400),12622,1800,29.0,-46.0,0.914307713508606,False
middle (~row 13400),12622,1800,29.0,-43.0,0.9395447969436646,False
middle (~row 13400),12622,1800,29.0,-48.0,0.6903702020645142,False
middle (~row 13400),12622,1800,26.0,-38.0,0.9332098960876465,False
middle (~row 13400),12622,1800,27.0,-41.0,0.9402591586112976,False
middle (~row 13400),12622,1800,6.0,-51.0,0.6612881422042847,False
middle (~row 13400),12622,1800,86.0,-12.0,0.7250089049339294,False
middle (~row 13400),12622,1800,26.0,-47.0,0.809960663318634,False
middle (~row 13400),12622,1800,26.0,-39.0,0.5370694398880005,False
middle (~row 13400),12622,1800,20.0,-29.0,0.8837652802467346,False
middle (~row 13400),12622,1800,22.0,-31.0,0.79059898853302,False
middle (~row 13400),12622,1800,29.0,-46.0,0.6005309820175171,False
middle (~row 13400),12622,1800,27.0,-41.0,0.941855788230896,False
middle (~row 13400),12622,1800,22.0,-34.0,0.8082676529884338,False
middle (~row 13400),12622,1800,24.0,-38.0,0.9277693629264832,False
middle (~row 13400),12622,1800,20.0,-31.0,0.9224598407745361,False
middle (~row 13400),12622,1800,29.0,-45.0,0.9226516485214233,False
middle (~row 13400),12622,1800,28.0,-43.0,0.9318109750747681,False
middle (~row 13400),12622,1800,25.0,-41.0,0.9418405294418335,False
middle (~row 13400),12622,1800,24.0,-37.0,0.6836833357810974,False
middle (~row 13400),12622,1800,33.0,-44.0,0.940676212310791,False
middle (~row 13400),12622,1800,31.0,-48.0,0.648181676864624,False
middle (~row 13400),12622,1800,28.0,-45.0,0.8951863050460815,False
middle (~row 13400),12622,1800,29.0,-46.0,0.8965549468994141,False
middle (~row 13400),12622,1800,29.0,-48.0,0.9362496733665466,False
middle (~row 13400),12622,1800,38.0,-43.0,0.793268084526062,False
middle (~row 13400),12622,1800,44.0,-48.0,0.8792626261711121,False
middle (~row 13400),12622,1800,76.0,-61.0,0.6264330744743347,False
middle (~row 13400),12622,1800,29.0,-45.0,0.675214409828186,False
middle (~row 13400),12622,1800,21.0,-31.0,0.9363389015197754,False
middle (~row 13400),12622,1800,25.0,-45.0,0.9159519076347351,False
middle (~row 13400),12622,1800,20.0,-32.0,0.9076061248779297,False
middle (~row 13400),12622,1800,25.0,-41.0,0.5313696265220642,False
middle (~row 13400),12622,1800,13.0,-39.0,0.7333074808120728,False
middle (~row 13400),12622,1800,27.0,-40.0,0.9389849305152893,False
middle (~row 13400),12622,1800,32.0,-41.0,0.9401416778564453,False
middle (~row 13400),12622,1800,29.0,-43.0,0.9430016875267029,False
middle (~row 13400),12622,1800,37.0,-38.0,0.9068394899368286,False
middle (~row 13400),12622,1800,32.0,-45.0,0.5639163851737976,False
middle (~row 13400),12622,1800,27.0,-41.0,0.9372206926345825,False
middle (~row 13400),12622,1800,21.0,-33.0,0.9345306158065796,False
middle (~row 13400),12622,1800,27.0,-44.0,0.8955764770507812,False
middle (~row 13400),12622,1800,28.0,-43.0,0.9234104752540588,False
middle (~row 13400),12622,1800,28.0,-40.0,0.9421737790107727,False
middle (~row 13400),12622,1800,26.0,-36.0,0.5316483378410339,False
middle (~row 13400),12622,1800,27.0,-42.0,0.7407333254814148,False
middle (~row 13400),12622,1800,29.0,-48.0,0.8976149559020996,False
middle (~row 13400),12622,1800,28.0,-39.0,0.8066566586494446,False
middle (~row 13400),12622,1800,25.0,-41.0,0.9148423671722412,False
middle (~row 13400),12622,1800,38.0,-44.0,0.815480649471283,False
middle (~row 13400),12622,1800,10.0,-27.0,0.5119760036468506,False
middle (~row 13400),12622,1800,21.0,-28.0,0.6878741979598999,False
middle (~row 13400),12622,1800,26.0,-39.0,0.5655924677848816,False
middle (~row 13400),12622,1800,21.0,-29.0,0.9187479615211487,False
middle (~row 13400),12622,1800,27.0,-37.0,0.8192042708396912,False
middle (~row 13400),12622,1800,18.0,-36.0,0.615368127822876,False
middle (~row 13400),12622,1800,32.0,-37.0,0.7183454036712646,False
middle (~row 13400),12622,1800,27.0,-42.0,0.943156361579895,False
middle (~row 13400),12622,1800,27.0,-41.0,0.9383752942085266,False
middle (~row 13400),12622,1800,21.0,-37.0,0.6048393249511719,False
middle (~row 13400),12622,1800,24.0,-37.0,0.6446431875228882,False
middle (~row 13400),12622,1800,31.0,-49.0,0.7763492465019226,False
middle (~row 13400),12622,1800,28.0,-44.0,0.9142832159996033,False
middle (~row 13400),12622,1800,60.0,-40.0,0.7094687819480896,False
middle (~row 13400),12622,1800,36.0,-48.0,0.71409010887146,False
middle (~row 13400),12622,1800,25.0,-36.0,0.7183083891868591,False
middle (~row 13400),12622,1800,30.0,-47.0,0.7358813881874084,False
middle (~row 13400),12622,1800,31.0,-46.0,0.9096858501434326,False
middle (~row 13400),12622,1800,26.0,-41.0,0.9332330226898193,False
middle (~row 13400),12622,1800,24.0,-36.0,0.9406600594520569,False
middle (~row 13400),12622,1800,35.0,-42.0,0.9102134704589844,False
middle (~row 13400),12622,1800,30.0,-46.0,0.7339602708816528,False
middle (~row 13400),12622,1800,22.0,-42.0,0.669427216053009,False
middle (~row 13400),12622,1800,106.0,-125.0,0.5727394223213196,False
middle (~row 13400),12622,1800,31.0,-48.0,0.8714073300361633,False
middle (~row 13400),12622,1800,26.0,-41.0,0.7088735699653625,False
middle (~row 13400),12622,1800,28.0,-41.0,0.9395188093185425,False
middle (~row 13400),12622,1800,29.0,-42.0,0.8795008063316345,False
middle (~row 13400),12622,1800,27.0,-42.0,0.7300488352775574,False
middle (~row 13400),12622,1800,29.0,-44.0,0.8907307386398315,False
middle (~row 13400),12622,1800,25.0,-34.0,0.9058178663253784,False
middle (~row 13400),12622,1800,20.0,-31.0,0.9421117901802063,False
middle (~row 13400),12622,1800,26.0,-41.0,0.9332196712493896,False
middle (~row 13400),12622,1800,20.0,-26.0,0.5573566555976868,False
middle (~row 13400),12622,1800,25.0,-34.0,0.6295575499534607,False
middle (~row 13400),12622,1800,24.0,-39.0,0.9328245520591736,False
middle (~row 13400),12622,1800,28.0,-39.0,0.9365434050559998,False
middle (~row 13400),12622,1800,22.0,-35.0,0.9280365705490112,False
middle (~row 13400),12622,1800,42.0,-42.0,0.7994089126586914,False
middle (~row 13400),12622,1800,21.0,-28.0,0.5200613141059875,False
middle (~row 13400),12622,1800,33.0,-49.0,0.5993397235870361,False
middle (~row 13400),12622,1800,26.0,-39.0,0.9317789673805237,False
middle (~row 13400),12622,1800,29.0,-40.0,0.9108855724334717,False
middle (~row 13400),12622,1800,-19.0,-28.0,0.6636661887168884,False
middle (~row 13400),12622,1800,29.0,-45.0,0.9405928254127502,False
middle (~row 13400),12622,1800,27.0,-44.0,0.877153754234314,False
middle (~row 13400),12622,1800,28.0,-41.0,0.760568380355835,False
middle (~row 13400),12622,1800,27.0,-41.0,0.9020885229110718,False
middle (~row 13400),12622,1800,27.0,-40.0,0.6230328679084778,False
middle (~row 13400),12622,1800,54.0,-37.0,0.7451438307762146,False
middle (~row 13400),12622,1800,29.0,-47.0,0.6795587539672852,False
middle (~row 13400),12622,1800,22.0,-31.0,0.5959621667861938,False
middle (~row 13400),12622,1800,28.0,-40.0,0.9169246554374695,False
middle (~row 13400),12622,1800,-24.0,-24.0,0.6740846037864685,False
middle (~row 13400),12622,1800,26.0,-35.0,0.5027371048927307,False
middle (~row 13400),12622,1800,32.0,-44.0,0.6748114824295044,False
middle (~row 13400),12622,1800,29.0,-29.0,0.6411411762237549,False
middle (~row 13400),12622,1800,31.0,-42.0,0.5645012855529785,False
middle (~row 13400),12622,1800,43.0,-69.0,0.5473693013191223,False
middle (~row 13400),12622,1800,27.0,-44.0,0.6672053933143616,False
middle (~row 13400),12622,1800,21.0,-26.0,0.5880703926086426,False
middle (~row 13400),12622,1800,40.0,-47.0,0.9001034498214722,False
middle (~row 13400),12622,1800,26.0,-43.0,0.9424883127212524,False
middle (~row 13400),12622,1800,29.0,-41.0,0.7563484907150269,False
middle (~row 13400),12622,1800,20.0,-28.0,0.504964292049408,False
middle (~row 13400),12622,1800,31.0,-49.0,0.6530455946922302,False
middle (~row 13400),12622,1800,28.0,-44.0,0.9256597757339478,False
middle (~row 13400),12622,1800,26.0,-38.0,0.943054735660553,False
middle (~row 13400),12622,1800,30.0,-43.0,0.6892637610435486,False
middle (~row 13400),12622,1800,25.0,-37.0,0.8875441551208496,False
middle (~row 13400),12622,1800,29.0,-46.0,0.836098849773407,False
middle (~row 13400),12622,1800,47.0,-10.0,0.5980704426765442,False
middle (~row 13400),12622,1800,26.0,-41.0,0.9271652698516846,False
middle (~row 13400),12622,1800,24.0,-39.0,0.9228628873825073,False
middle (~row 13400),12622,1800,26.0,-38.0,0.6600802540779114,False
middle (~row 13400),12622,1800,31.0,-46.0,0.923835039138794,False
middle (~row 13400),12622,1800,25.0,-39.0,0.7443483471870422,False
middle (~row 13400),12622,1800,21.0,-32.0,0.8655822277069092,False
middle (~row 13400),12622,1800,76.0,-34.0,0.6261028051376343,False
middle (~row 13400),12622,1800,29.0,-46.0,0.7032310366630554,False
middle (~row 13400),12622,1800,26.0,-39.0,0.7227900624275208,False
middle (~row 13400),12622,1800,-14.0,-34.0,0.6002790331840515,False
middle (~row 13400),12622,1800,114.0,-57.0,0.5651525259017944,False
middle (~row 13400),12622,1800,61.0,-55.0,0.8644100427627563,False
middle (~row 13400),12622,1800,27.0,-44.0,0.9300619959831238,False
middle (~row 13400),12622,1800,38.0,-42.0,0.7379693388938904,False
middle (~row 13400),12622,1800,28.0,-42.0,0.9339951872825623,False
middle (~row 13400),12622,1800,30.0,-48.0,0.9316030144691467,False
middle (~row 13400),12622,1800,29.0,-47.0,0.7267284393310547,False
middle (~row 13400),12622,1800,26.0,-41.0,0.5057942271232605,False
middle (~row 13400),12622,1800,37.0,-46.0,0.9098047018051147,False
middle (~row 13400),12622,1800,30.0,-43.0,0.8338198661804199,False
middle (~row 13400),12622,1800,29.0,-45.0,0.9289043545722961,False
middle (~row 13400),12622,1800,33.0,-32.0,0.5152834057807922,False
middle (~row 13400),12622,1800,28.0,-44.0,0.9327338337898254,False
middle (~row 13400),12622,1800,29.0,-44.0,0.9338642358779907,False
middle (~row 13400),12622,1800,52.0,-53.0,0.7558625340461731,False
middle (~row 13400),12622,1800,40.0,-46.0,0.8100169897079468,False
middle (~row 13400),12622,1800,19.0,-26.0,0.6798816323280334,False
middle (~row 13400),12622,1800,29.0,-46.0,0.928000271320343,False
middle (~row 13400),12622,1800,25.0,-41.0,0.9336166381835938,False
middle (~row 13400),12622,1800,29.0,-45.0,0.560053288936615,False
middle (~row 13400),12622,1800,28.0,-40.0,0.9432769417762756,False
middle (~row 13400),12622,1800,30.0,-45.0,0.6455438733100891,False
middle (~row 13400),12622,1800,25.0,-38.0,0.7814962863922119,False
middle (~row 13400),12622,1800,27.0,-42.0,0.932939350605011,False
middle (~row 13400),12622,1800,46.0,-41.0,0.546600878238678,False
middle (~row 13400),12622,1800,31.0,-45.0,0.935987114906311,False
middle (~row 13400),12622,1800,29.0,-48.0,0.8497175574302673,False
middle (~row 13400),12622,1800,27.0,-41.0,0.9393897652626038,False
middle (~row 13400),12622,1800,28.0,-43.0,0.9420857429504395,False
middle (~row 13400),12622,1800,24.0,-38.0,0.9161388278007507,False
middle (~row 13400),12622,1800,29.0,-46.0,0.9084019064903259,False
middle (~row 13400),12622,1800,29.0,-44.0,0.9430385231971741,False
middle (~row 13400),12622,1800,42.0,-49.0,0.5895264148712158,False
middle (~row 13400),12622,1800,27.0,-43.0,0.6695906519889832,False
lower (~row 20900),20122,1800,-2.0,0.0,0.8974728584289551,True
lower (~row 20900),20122,1800,-1.0,0.0,0.9237918853759766,True
lower (~row 20900),20122,1800,-1.0,-3.0,0.7720727324485779,True
lower (~row 20900),20122,1800,0.0,-2.0,0.5689857006072998,True
lower (~row 20900),20122,1800,-3.0,-1.0,0.8943568468093872,True
lower (~row 20900),20122,1800,0.0,0.0,0.9186489582061768,True
lower (~row 20900),20122,1800,2.0,-2.0,0.938822865486145,True
lower (~row 20900),20122,1800,-2.0,-1.0,0.7641038298606873,True
lower (~row 20900),20122,1800,34.0,21.0,0.6981504559516907,False
lower (~row 20900),20122,1800,1.0,-1.0,0.9444029331207275,True
lower (~row 20900),20122,1800,-4.0,-3.0,0.7581141591072083,True
lower (~row 20900),20122,1800,-4.0,-2.0,0.7730017900466919,True
lower (~row 20900),20122,1800,3.0,-2.0,0.9230934977531433,True
lower (~row 20900),20122,1800,0.0,-1.0,0.93233722448349,True
lower (~row 20900),20122,1800,5.0,-3.0,0.884688675403595,True
lower (~row 20900),20122,1800,0.0,-2.0,0.6977470517158508,True
lower (~row 20900),20122,1800,5.0,-1.0,0.7068659067153931,True
lower (~row 20900),20122,1800,-3.0,-2.0,0.5713934898376465,True
lower (~row 20900),20122,1800,-3.0,-1.0,0.8430607318878174,True
lower (~row 20900),20122,1800,-1.0,-2.0,0.624628484249115,True
lower (~row 20900),20122,1800,26.0,-32.0,0.5856598615646362,False
lower (~row 20900),20122,1800,-1.0,-1.0,0.524144172668457,True
lower (~row 20900),20122,1800,3.0,-3.0,0.8768768906593323,True
lower (~row 20900),20122,1800,-7.0,-2.0,0.7749356627464294,True
lower (~row 20900),20122,1800,-9.0,-5.0,0.8041289448738098,True
lower (~row 20900),20122,1800,-1.0,0.0,0.5610867142677307,True
lower (~row 20900),20122,1800,-1.0,-1.0,0.8194886445999146,True
lower (~row 20900),20122,1800,-4.0,-1.0,0.6950685977935791,True
lower (~row 20900),20122,1800,4.0,-3.0,0.9150561094284058,True
lower (~row 20900),20122,1800,-2.0,-1.0,0.5717576146125793,True
lower (~row 20900),20122,1800,-21.0,6.0,0.5194224119186401,True
lower (~row 20900),20122,1800,1.0,-16.0,0.604857861995697,True
lower (~row 20900),20122,1800,-1.0,-1.0,0.6779651045799255,True
lower (~row 20900),20122,1800,4.0,-3.0,0.5045551061630249,True
lower (~row 20900),20122,1800,-1.0,-1.0,0.9465381503105164,True
lower (~row 20900),20122,1800,4.0,-3.0,0.9508519172668457,True
lower (~row 20900),20122,1800,-2.0,-2.0,0.5129828453063965,True
lower (~row 20900),20122,1800,-6.0,16.0,0.7730821371078491,True
lower (~row 20900),20122,1800,-1.0,-2.0,0.612167477607727,True
lower (~row 20900),20122,1800,-1.0,0.0,0.802366316318512,True
lower (~row 20900),20122,1800,-4.0,0.0,0.7486733198165894,True
lower (~row 20900),20122,1800,0.0,-1.0,0.7609652280807495,True
lower (~row 20900),20122,1800,-1.0,-3.0,0.7774331569671631,True
lower (~row 20900),20122,1800,-10.0,-1.0,0.5575129389762878,True
lower (~row 20900),20122,1800,-54.0,-35.0,0.5072264671325684,False
lower (~row 20900),20122,1800,4.0,-3.0,0.947996199131012,True
lower (~row 20900),20122,1800,-2.0,-1.0,0.6140894889831543,True
lower (~row 20900),20122,1800,1.0,-4.0,0.681842565536499,True
lower (~row 20900),20122,1800,-16.0,4.0,0.5459367036819458,True
lower (~row 20900),20122,1800,5.0,-3.0,0.9541220664978027,True
lower (~row 20900),20122,1800,-3.0,-2.0,0.9361380338668823,True
lower (~row 20900),20122,1800,4.0,-4.0,0.6745914220809937,True
lower (~row 20900),20122,1800,1.0,-2.0,0.9322207570075989,True
lower (~row 20900),20122,1800,71.0,-61.0,0.5041573643684387,False
lower (~row 20900),20122,1800,1.0,-3.0,0.6891217827796936,True
lower (~row 20900),20122,1800,3.0,-2.0,0.9545716643333435,True
lower (~row 20900),20122,1800,0.0,-4.0,0.8888248801231384,True
lower (~row 20900),20122,1800,-12.0,-5.0,0.5635395646095276,True
lower (~row 20900),20122,1800,4.0,-6.0,0.5442461371421814,True
lower (~row 20900),20122,1800,6.0,-3.0,0.9432850480079651,True
lower (~row 20900),20122,1800,-15.0,3.0,0.7828277945518494,True
lower (~row 20900),20122,1800,1.0,-2.0,0.9350156188011169,True
lower (~row 20900),20122,1800,1.0,-3.0,0.9180043339729309,True
lower (~row 20900),20122,1800,6.0,-3.0,0.9252219796180725,True
lower (~row 20900),20122,1800,-15.0,3.0,0.5541791915893555,True
lower (~row 20900),20122,1800,11.0,-4.0,0.8401568531990051,True
lower (~row 20900),20122,1800,-16.0,2.0,0.6635775566101074,True
lower (~row 20900),20122,1800,4.0,-3.0,0.9536998867988586,True
lower (~row 20900),20122,1800,4.0,-8.0,0.9513217806816101,True
lower (~row 20900),20122,1800,6.0,-5.0,0.7170729637145996,True
lower (~row 20900),20122,1800,6.0,-5.0,0.952035129070282,True
lower (~row 20900),20122,1800,4.0,-6.0,0.932628870010376,True
lower (~row 20900),20122,1800,1.0,-5.0,0.9571331739425659,True
lower (~row 20900),20122,1800,5.0,-5.0,0.9522857666015625,True
lower (~row 20900),20122,1800,4.0,-5.0,0.6853276491165161,True
lower (~row 20900),20122,1800,2.0,-2.0,0.9492464065551758,True
lower (~row 20900),20122,1800,3.0,-3.0,0.952769935131073,True
lower (~row 20900),20122,1800,5.0,-5.0,0.9577468037605286,True
lower (~row 20900),20122,1800,2.0,-4.0,0.9455799460411072,True
lower (~row 20900),20122,1800,6.0,-8.0,0.8866168856620789,True
lower (~row 20900),20122,1800,8.0,-2.0,0.5499299764633179,True
lower (~row 20900),20122,1800,7.0,-5.0,0.8400326371192932,True
lower (~row 20900),20122,1800,8.0,-5.0,0.6806561946868896,True
lower (~row 20900),20122,1800,8.0,0.0,0.674109697341919,True
lower (~row 20900),20122,1800,-19.0,4.0,0.9197639226913452,True
lower (~row 20900),20122,1800,-2.0,-1.0,0.8390935063362122,True
lower (~row 20900),20122,1800,4.0,-5.0,0.9538290500640869,True
lower (~row 20900),20122,1800,8.0,-9.0,0.910342812538147,True
lower (~row 20900),20122,1800,3.0,-4.0,0.9250385165214539,True
lower (~row 20900),20122,1800,6.0,-6.0,0.929179847240448,True
lower (~row 20900),20122,1800,4.0,-6.0,0.9538909792900085,True
lower (~row 20900),20122,1800,5.0,-4.0,0.9577156901359558,True
lower (~row 20900),20122,1800,5.0,-6.0,0.956468939781189,True
lower (~row 20900),20122,1800,-16.0,3.0,0.6283255815505981,True
lower (~row 20900),20122,1800,-15.0,3.0,0.7407333254814148,True
lower (~row 20900),20122,1800,4.0,-5.0,0.9563795328140259,True
lower (~row 20900),20122,1800,4.0,-5.0,0.9310000538825989,True
lower (~row 20900),20122,1800,5.0,-5.0,0.952681839466095,True
lower (~row 20900),20122,1800,5.0,-4.0,0.8965300917625427,True
lower (~row 20900),20122,1800,4.0,-4.0,0.7088221907615662,True
lower (~row 20900),20122,1800,-16.0,2.0,0.8356770873069763,True
lower (~row 20900),20122,1800,6.0,-5.0,0.955733060836792,True
lower (~row 20900),20122,1800,2.0,-5.0,0.957302987575531,True
lower (~row 20900),20122,1800,5.0,-3.0,0.9435945153236389,True
lower (~row 20900),20122,1800,5.0,-5.0,0.8659620881080627,True
lower (~row 20900),20122,1800,4.0,-2.0,0.9290345311164856,True
lower (~row 20900),20122,1800,-15.0,3.0,0.8823041319847107,True
lower (~row 20900),20122,1800,1.0,-6.0,0.9347721934318542,True
lower (~row 20900),20122,1800,3.0,-6.0,0.9162139296531677,True
lower (~row 20900),20122,1800,3.0,-5.0,0.9479925632476807,True
lower (~row 20900),20122,1800,3.0,-7.0,0.9473382830619812,True
lower (~row 20900),20122,1800,1.0,-1.0,0.9306200742721558,True
lower (~row 20900),20122,1800,5.0,-3.0,0.9449381232261658,True
lower (~row 20900),20122,1800,-15.0,4.0,0.943738579750061,True
lower (~row 20900),20122,1800,2.0,-3.0,0.8902628421783447,True
lower (~row 20900),20122,1800,2.0,-5.0,0.9468613266944885,True
lower (~row 20900),20122,1800,5.0,-6.0,0.5452935695648193,True
lower (~row 20900),20122,1800,3.0,-5.0,0.9583352208137512,True
lower (~row 20900),20122,1800,4.0,-5.0,0.8603562712669373,True
lower (~row 20900),20122,1800,-15.0,3.0,0.9260279536247253,True
lower (~row 20900),20122,1800,-22.0,14.0,0.5558046102523804,True
lower (~row 20900),20122,1800,5.0,-4.0,0.9580153226852417,True
lower (~row 20900),20122,1800,9.0,-3.0,0.6512240171432495,True
lower (~row 20900),20122,1800,0.0,-4.0,0.6238884925842285,True
lower (~row 20900),20122,1800,4.0,-5.0,0.9570145606994629,True
lower (~row 20900),20122,1800,5.0,-3.0,0.9586862325668335,True
lower (~row 20900),20122,1800,-16.0,4.0,0.6558504104614258,True
lower (~row 20900),20122,1800,5.0,-6.0,0.78191077709198,True
lower (~row 20900),20122,1800,4.0,-7.0,0.9558250904083252,True
lower (~row 20900),20122,1800,-15.0,4.0,0.8647447824478149,True
lower (~row 20900),20122,1800,-14.0,3.0,0.9045954942703247,True
lower (~row 20900),20122,1800,2.0,-4.0,0.7267976999282837,True
lower (~row 20900),20122,1800,5.0,-3.0,0.9160138964653015,True
lower (~row 20900),20122,1800,-15.0,4.0,0.7896955609321594,True
lower (~row 20900),20122,1800,5.0,-4.0,0.9494293332099915,True
lower (~row 20900),20122,1800,4.0,-5.0,0.7544984221458435,True
lower (~row 20900),20122,1800,5.0,-4.0,0.9479518532752991,True
lower (~row 20900),20122,1800,-16.0,4.0,0.9447759389877319,True
lower (~row 20900),20122,1800,4.0,-3.0,0.9576974511146545,True
lower (~row 20900),20122,1800,5.0,-6.0,0.9451869130134583,True
lower (~row 20900),20122,1800,7.0,-3.0,0.9181163907051086,True
lower (~row 20900),20122,1800,6.0,-6.0,0.9461148381233215,True
lower (~row 20900),20122,1800,-14.0,4.0,0.8651283979415894,True
lower (~row 20900),20122,1800,5.0,-5.0,0.8849367499351501,True
lower (~row 20900),20122,1800,-31.0,7.0,0.5874016880989075,False
lower (~row 20900),20122,1800,-8.0,-90.0,0.7615025043487549,False
lower (~row 20900),20122,1800,4.0,-6.0,0.7042611837387085,True
lower (~row 20900),20122,1800,-15.0,4.0,0.8701342940330505,True
lower (~row 20900),20122,1800,23.0,-13.0,0.6316341161727905,False
lower (~row 20900),20122,1800,4.0,-9.0,0.6800151467323303,True
lower (~row 20900),20122,1800,3.0,-6.0,0.8446896076202393,True
lower (~row 20900),20122,1800,8.0,-4.0,0.8789867758750916,True
lower (~row 20900),20122,1800,5.0,-4.0,0.9381041526794434,True
lower (~row 20900),20122,1800,6.0,-6.0,0.8343416452407837,True
lower (~row 20900),20122,1800,-1.0,25.0,0.8915117383003235,True
lower (~row 20900),20122,1800,-16.0,3.0,0.6028681397438049,True
lower (~row 20900),20122,1800,-14.0,6.0,0.7708948254585266,True
lower (~row 20900),20122,1800,-44.0,-57.0,0.6369536519050598,False
lower (~row 20900),20122,1800,11.0,-5.0,0.9375649094581604,True
lower (~row 20900),20122,1800,-18.0,4.0,0.9495913982391357,True
lower (~row 20900),20122,1800,4.0,-5.0,0.9555954337120056,True
lower (~row 20900),20122,1800,-14.0,5.0,0.5582450032234192,True
lower (~row 20900),20122,1800,1.0,-5.0,0.9239504933357239,True
lower (~row 20900),20122,1800,10.0,-14.0,0.9562645554542542,True
lower (~row 20900),20122,1800,-16.0,5.0,0.7578481435775757,True
lower (~row 20900),20122,1800,-14.0,3.0,0.9379494786262512,True
lower (~row 20900),20122,1800,-13.0,4.0,0.7288655042648315,True
lower (~row 20900),20122,1800,4.0,-6.0,0.9549431204795837,True
lower (~row 20900),20122,1800,-13.0,3.0,0.9105042815208435,True
lower (~row 20900),20122,1800,3.0,-7.0,0.9276755452156067,True
lower (~row 20900),20122,1800,-16.0,3.0,0.9336077570915222,True
lower (~row 20900),20122,1800,6.0,-10.0,0.892301082611084,True
lower (~row 20900),20122,1800,-14.0,4.0,0.5667506456375122,True
lower (~row 20900),20122,1800,6.0,-10.0,0.6908226609230042,True
lower (~row 20900),20122,1800,-14.0,4.0,0.7870370149612427,True
lower (~row 20900),20122,1800,0.0,-3.0,0.5363789796829224,True
lower (~row 20900),20122,1800,5.0,-16.0,0.946658194065094,True
lower (~row 20900),20122,1800,3.0,-7.0,0.9554040431976318,True
lower (~row 20900),20122,1800,-16.0,4.0,0.5025396347045898,True
lower (~row 20900),20122,1800,4.0,-7.0,0.9539182186126709,True
lower (~row 20900),20122,1800,-15.0,4.0,0.9308002591133118,True
lower (~row 20900),20122,1800,-16.0,9.0,0.6749684810638428,True
lower (~row 20900),20122,1800,-18.0,9.0,0.7945787310600281,True
lower (~row 20900),20122,1800,-18.0,9.0,0.9192325472831726,True
lower (~row 20900),20122,1800,-17.0,12.0,0.5691805481910706,True
lower (~row 20900),20122,1800,-15.0,10.0,0.7815485000610352,True
lower (~row 20900),20122,1800,-15.0,4.0,0.9221353530883789,True
lower (~row 20900),20122,1800,-22.0,1.0,0.5084876418113708,True
lower (~row 20900),20122,1800,5.0,-7.0,0.9387065172195435,True
lower (~row 20900),20122,1800,3.0,-7.0,0.9172815084457397,True
lower (~row 20900),20122,1800,2.0,-6.0,0.9453960061073303,True
lower (~row 20900),20122,1800,-16.0,2.0,0.9291620850563049,True
lower (~row 20900),20122,1800,4.0,-7.0,0.6624280214309692,True
lower (~row 20900),20122,1800,2.0,-5.0,0.9565109014511108,True
lower (~row 20900),20122,1800,-15.0,12.0,0.6099408268928528,True
lower (~row 20900),20122,1800,-9.0,3.0,0.7326734662055969,True
lower (~row 20900),20122,1800,6.0,-7.0,0.7796130180358887,True
lower (~row 20900),20122,1800,-3.0,-8.0,0.6301053166389465,True
lower (~row 20900),20122,1800,1.0,-8.0,0.8123161792755127,True
lower (~row 20900),20122,1800,9.0,-13.0,0.7632976174354553,True
lower (~row 20900),20122,1800,4.0,-6.0,0.5969427824020386,True
lower (~row 20900),20122,1800,0.0,-7.0,0.9558634161949158,True
lower (~row 20900),20122,1800,-14.0,1.0,0.9345992803573608,True
lower (~row 20900),20122,1800,19.0,-1.0,0.5273656845092773,True
lower (~row 20900),20122,1800,2.0,-10.0,0.5162479877471924,True
lower (~row 20900),20122,1800,-15.0,0.0,0.7139797806739807,True
lower (~row 20900),20122,1800,-13.0,8.0,0.6654546856880188,True
lower (~row 20900),20122,1800,4.0,-7.0,0.8378252983093262,True
lower (~row 20900),20122,1800,-8.0,1.0,0.9533916711807251,True
lower (~row 20900),20122,1800,-12.0,3.0,0.868983268737793,True
lower (~row 20900),20122,1800,14.0,2.0,0.9386304020881653,True
lower (~row 20900),20122,1800,4.0,-7.0,0.5637534856796265,True
lower (~row 20900),20122,1800,14.0,-9.0,0.7628893852233887,True
lower (~row 20900),20122,1800,-4.0,-64.0,0.6280696988105774,False
lower (~row 20900),20122,1800,-16.0,4.0,0.9377830624580383,True
lower (~row 20900),20122,1800,4.0,-6.0,0.8516572713851929,True
lower (~row 20900),20122,1800,-160.0,-38.0,0.6497722864151001,False
lower (~row 20900),20122,1800,-17.0,3.0,0.626065194606781,True
lower (~row 20900),20122,1800,-16.0,5.0,0.8093090057373047,True
lower (~row 20900),20122,1800,5.0,-4.0,0.8832942247390747,True
lower (~row 20900),20122,1800,5.0,-6.0,0.9470491409301758,True
lower (~row 20900),20122,1800,-16.0,4.0,0.6750444769859314,True
lower (~row 20900),20122,1800,-15.0,4.0,0.9232968688011169,True
lower (~row 20900),20122,1800,3.0,-7.0,0.9464189410209656,True
lower (~row 20900),20122,1800,2.0,-10.0,0.5275316834449768,True
lower (~row 20900),20122,1800,-1.0,2.0,0.620222270488739,True
lower (~row 20900),20122,1800,-6.0,1.0,0.6946318745613098,True
lower (~row 20900),20122,1800,-14.0,2.0,0.8350652456283569,True
lower (~row 20900),20122,1800,3.0,-5.0,0.9527599215507507,True
lower (~row 20900),20122,1800,-17.0,4.0,0.8028998970985413,True
lower (~row 20900),20122,1800,4.0,-9.0,0.9478588104248047,True
lower (~row 20900),20122,1800,-18.0,3.0,0.785821259021759,True
lower (~row 20900),20122,1800,4.0,-6.0,0.9577906131744385,True
lower (~row 20900),20122,1800,-4.0,42.0,0.55487459897995,False
lower (~row 20900),20122,1800,40.0,59.0,0.5378121733665466,False
lower (~row 20900),20122,1800,-13.0,4.0,0.8875670433044434,True
lower (~row 20900),20122,1800,6.0,-3.0,0.9549294710159302,True
lower (~row 20900),20122,1800,-15.0,3.0,0.827271044254303,True
lower (~row 20900),20122,1800,-16.0,4.0,0.8985450267791748,True
lower (~row 20900),20122,1800,4.0,-6.0,0.9552145600318909,True
lower (~row 20900),20122,1800,4.0,-5.0,0.958061933517456,True
lower (~row 20900),20122,1800,5.0,-9.0,0.8270320296287537,True
lower (~row 20900),20122,1800,5.0,-8.0,0.9444659948348999,True
lower (~row 20900),20122,1800,0.0,-8.0,0.8136093616485596,True
lower (~row 20900),20122,1800,-4.0,-3.0,0.6163736581802368,True
lower (~row 20900),20122,1800,4.0,-5.0,0.9570236802101135,True
lower (~row 20900),20122,1800,-24.0,1.0,0.90512615442276,True
lower (~row 20900),20122,1800,6.0,-5.0,0.9313338994979858,True
lower (~row 20900),20122,1800,-17.0,4.0,0.9028355479240417,True
lower (~row 20900),20122,1800,5.0,-5.0,0.9233594536781311,True
lower (~row 20900),20122,1800,-16.0,-2.0,0.9032524228096008,True
lower (~row 20900),20122,1800,4.0,-5.0,0.9571313858032227,True
lower (~row 20900),20122,1800,-65.0,-52.0,0.5464439988136292,False
lower (~row 20900),20122,1800,4.0,-6.0,0.9567307233810425,True
lower (~row 20900),20122,1800,-15.0,3.0,0.508812665939331,True
lower (~row 20900),20122,1800,-16.0,5.0,0.8896907567977905,True
lower (~row 20900),20122,1800,-3.0,-2.0,0.6077054142951965,True
lower (~row 20900),20122,1800,3.0,-10.0,0.953323483467102,True
lower (~row 20900),20122,1800,-15.0,3.0,0.5407859683036804,True
lower (~row 20900),20122,1800,1.0,-7.0,0.5920307636260986,True
lower (~row 20900),20122,1800,6.0,-6.0,0.915833055973053,True
lower (~row 20900),20122,1800,-11.0,0.0,0.9177759289741516,True
lower (~row 20900),20122,1800,10.0,-2.0,0.7883095145225525,True
lower (~row 20900),20122,1800,33.0,1.0,0.6343058943748474,False
lower (~row 20900),20122,1800,-13.0,1.0,0.9310257434844971,True
lower (~row 20900),20122,1800,-10.0,1.0,0.9490690231323242,True
lower (~row 20900),20122,1800,5.0,-6.0,0.9575403332710266,True
lower (~row 20900),20122,1800,-16.0,2.0,0.8095775842666626,True
lower (~row 20900),20122,1800,-14.0,-4.0,0.5659825801849365,True
lower (~row 20900),20122,1800,4.0,-11.0,0.9235804677009583,True
lower (~row 20900),20122,1800,4.0,-8.0,0.9389750957489014,True
lower (~row 20900),20122,1800,2.0,-9.0,0.8813883662223816,True
lower (~row 20900),20122,1800,21.0,4.0,0.8348900675773621,True
lower (~row 20900),20122,1800,9.0,-7.0,0.7748085856437683,True
lower (~row 20900),20122,1800,2.0,-9.0,0.539799153804779,True
lower (~row 20900),20122,1800,2.0,-5.0,0.5389047265052795,True
lower (~row 20900),20122,1800,-13.0,2.0,0.9528781175613403,True
lower (~row 20900),20122,1800,3.0,-4.0,0.6647835969924927,True
lower (~row 20900),20122,1800,-16.0,-64.0,0.5232961177825928,False
lower (~row 20900),20122,1800,-13.0,0.0,0.9555854201316833,True
lower (~row 20900),20122,1800,4.0,-4.0,0.9560129046440125,True
lower (~row 20900),20122,1800,-18.0,4.0,0.9385203123092651,True
lower (~row 20900),20122,1800,5.0,-4.0,0.8142396211624146,True
lower (~row 20900),20122,1800,7.0,-9.0,0.9528980851173401,True
lower (~row 20900),20122,1800,-17.0,4.0,0.9413188099861145,True
lower (~row 20900),20122,1800,0.0,-9.0,0.9537363052368164,True
lower (~row 20900),20122,1800,-16.0,4.0,0.94291090965271,True
lower (~row 20900),20122,1800,39.0,36.0,0.6678591966629028,False
lower (~row 20900),20122,1800,5.0,-9.0,0.8513844013214111,True
lower (~row 20900),20122,1800,5.0,-9.0,0.9576343894004822,True
lower (~row 20900),20122,1800,-9.0,-3.0,0.9005138278007507,True
lower (~row 20900),20122,1800,-16.0,2.0,0.5405740141868591,True
lower (~row 20900),20122,1800,5.0,-3.0,0.953007161617279,True
lower (~row 20900),20122,1800,5.0,-9.0,0.6074765920639038,True
lower (~row 20900),20122,1800,3.0,-9.0,0.7557824850082397,True
lower (~row 20900),20122,1800,-15.0,2.0,0.6295473575592041,True
lower (~row 20900),20122,1800,-7.0,-8.0,0.5788257122039795,True
lower (~row 20900),20122,1800,6.0,-7.0,0.9451462626457214,True
lower (~row 20900),20122,1800,-13.0,6.0,0.6694884896278381,True
lower (~row 20900),20122,1800,-9.0,5.0,0.9478488564491272,True
lower (~row 20900),20122,1800,-58.0,-34.0,0.5538532137870789,False
lower (~row 20900),20122,1800,3.0,-7.0,0.7565764784812927,True
lower (~row 20900),20122,1800,22.0,-79.0,0.7979487776756287,False
lower (~row 20900),20122,1800,-18.0,5.0,0.9339506030082703,True
lower (~row 20900),20122,1800,-16.0,3.0,0.9483533501625061,True
lower (~row 20900),20122,1800,26.0,2.0,0.9073629379272461,False
lower (~row 20900),20122,1800,1.0,-10.0,0.948853611946106,True
lower (~row 20900),20122,1800,-9.0,-2.0,0.8463038802146912,True
lower (~row 20900),20122,1800,-18.0,5.0,0.9313374161720276,True
lower (~row 20900),20122,1800,-15.0,4.0,0.8736366033554077,True
lower (~row 20900),20122,1800,-5.0,-5.0,0.8678743243217468,True
lower (~row 20900),20122,1800,4.0,-9.0,0.9508918523788452,True
lower (~row 20900),20122,1800,1.0,-3.0,0.7603834867477417,True
lower (~row 20900),20122,1800,5.0,-9.0,0.9507485628128052,True
lower (~row 20900),20122,1800,2.0,-9.0,0.9578015208244324,True
lower (~row 20900),20122,1800,3.0,-9.0,0.9537190794944763,True
lower (~row 20900),20122,1800,-22.0,-8.0,0.6376568675041199,True
lower (~row 20900),20122,1800,4.0,-5.0,0.9585481286048889,True
lower (~row 20900),20122,1800,16.0,27.0,0.535742998123169,False
lower (~row 20900),20122,1800,6.0,-11.0,0.5007174611091614,True
lower (~row 20900),20122,1800,-14.0,3.0,0.7051295042037964,True
lower (~row 20900),20122,1800,5.0,-8.0,0.9515703916549683,True
lower (~row 20900),20122,1800,4.0,-5.0,0.9477458000183105,True
lower (~row 20900),20122,1800,11.0,1.0,0.7343173027038574,True
lower (~row 20900),20122,1800,-3.0,-9.0,0.5123995542526245,True
lower (~row 20900),20122,1800,3.0,-12.0,0.9418817758560181,True
lower (~row 20900),20122,1800,5.0,-10.0,0.949005663394928,True
lower (~row 20900),20122,1800,-18.0,5.0,0.9377830624580383,True
lower (~row 20900),20122,1800,-17.0,3.0,0.9526472687721252,True
lower (~row 20900),20122,1800,-55.0,-46.0,0.7805072069168091,False
lower (~row 20900),20122,1800,4.0,-9.0,0.8186419010162354,True
lower (~row 20900),20122,1800,2.0,-2.0,0.9472370147705078,True
lower (~row 20900),20122,1800,-18.0,4.0,0.9176271557807922,True
lower (~row 20900),20122,1800,4.0,-11.0,0.9567261338233948,True
lower (~row 20900),20122,1800,0.0,3.0,0.9225918650627136,True
lower (~row 20900),20122,1800,0.0,-10.0,0.7248388528823853,True
lower (~row 20900),20122,1800,2.0,-11.0,0.9424748420715332,True
lower (~row 20900),20122,1800,-6.0,-3.0,0.5816277861595154,True
lower (~row 20900),20122,1800,2.0,-5.0,0.954839289188385,True
lower (~row 20900),20122,1800,4.0,-11.0,0.9085820913314819,True
lower (~row 20900),20122,1800,-1.0,-7.0,0.8341642022132874,True
lower (~row 20900),20122,1800,23.0,-17.0,0.7183892130851746,False
lower (~row 20900),20122,1800,3.0,-7.0,0.9214724898338318,True
lower (~row 20900),20122,1800,2.0,-11.0,0.9513744115829468,True
lower (~row 20900),20122,1800,-6.0,-5.0,0.6679649353027344,True
lower (~row 20900),20122,1800,3.0,-4.0,0.9521831274032593,True
lower (~row 20900),20122,1800,10.0,14.0,0.6440907716751099,True
lower (~row 20900),20122,1800,2.0,-5.0,0.9165626168251038,True
lower (~row 20900),20122,1800,0.0,-10.0,0.5812446475028992,True
lower (~row 20900),20122,1800,4.0,-3.0,0.9428074359893799,True
lower (~row 20900),20122,1800,6.0,-7.0,0.7607272267341614,True
lower (~row 20900),20122,1800,2.0,-9.0,0.9087051749229431,True
lower (~row 20900),20122,1800,-7.0,-8.0,0.903220534324646,True
lower (~row 20900),20122,1800,12.0,-15.0,0.5534952282905579,True
lower (~row 20900),20122,1800,4.0,-11.0,0.9525019526481628,True
lower (~row 20900),20122,1800,4.0,-10.0,0.9505862593650818,True
lower (~row 20900),20122,1800,4.0,-12.0,0.9447327256202698,True
lower (~row 20900),20122,1800,-3.0,-6.0,0.8786582946777344,True
lower (~row 20900),20122,1800,4.0,-11.0,0.9425018429756165,True
lower (~row 20900),20122,1800,13.0,-19.0,0.5205987095832825,False
lower (~row 20900),20122,1800,6.0,-10.0,0.9506760239601135,True
lower (~row 20900),20122,1800,-17.0,3.0,0.9376614093780518,True
lower (~row 20900),20122,1800,3.0,-11.0,0.9437484741210938,True
lower (~row 20900),20122,1800,4.0,-8.0,0.9554341435432434,True
lower (~row 20900),20122,1800,4.0,-11.0,0.9578289985656738,True
lower (~row 20900),20122,1800,-2.0,-11.0,0.9399005770683289,True
lower (~row 20900),20122,1800,-19.0,-18.0,0.8508536219596863,False
lower (~row 20900),20122,1800,2.0,-12.0,0.944513738155365,True
lower (~row 20900),20122,1800,3.0,-12.0,0.951784610748291,True
lower (~row 20900),20122,1800,7.0,-6.0,0.9404878616333008,True
lower (~row 20900),20122,1800,4.0,-10.0,0.9508392214775085,True
lower (~row 20900),20122,1800,3.0,-5.0,0.9552728533744812,True
lower (~row 20900),20122,1800,4.0,-13.0,0.7757919430732727,True
lower (~row 20900),20122,1800,-22.0,-4.0,0.566723644733429,True
lower (~row 20900),20122,1800,0.0,-10.0,0.9540401697158813,True
lower (~row 20900),20122,1800,2.0,-12.0,0.9361710548400879,True
lower (~row 20900),20122,1800,-10.0,1.0,0.5701562166213989,True
lower (~row 20900),20122,1800,2.0,-9.0,0.9397302865982056,True
lower (~row 20900),20122,1800,-16.0,3.0,0.8930178880691528,True
lower (~row 20900),20122,1800,5.0,-10.0,0.9582273364067078,True
lower (~row 20900),20122,1800,-11.0,-4.0,0.6720030903816223,True
lower (~row 20900),20122,1800,4.0,-11.0,0.954265832901001,True
lower (~row 20900),20122,1800,2.0,-15.0,0.7386501431465149,True
lower (~row 20900),20122,1800,1.0,-8.0,0.8281954526901245,True
lower (~row 20900),20122,1800,-8.0,-4.0,0.9320873618125916,True
lower (~row 20900),20122,1800,2.0,-6.0,0.9547500610351562,True
lower (~row 20900),20122,1800,-5.0,-10.0,0.5333338379859924,True
lower (~row 20900),20122,1800,1.0,-2.0,0.5341675877571106,True
lower (~row 20900),20122,1800,3.0,-11.0,0.9510142803192139,True
lower (~row 20900),20122,1800,-4.0,-8.0,0.6107021570205688,True
lower (~row 20900),20122,1800,6.0,-11.0,0.9311723113059998,True
lower (~row 20900),20122,1800,-8.0,-3.0,0.9348987936973572,True
lower (~row 20900),20122,1800,2.0,-10.0,0.783308744430542,True
lower (~row 20900),20122,1800,4.0,-13.0,0.9103740453720093,True
lower (~row 20900),20122,1800,3.0,-7.0,0.9516321420669556,True
lower (~row 20900),20122,1800,13.0,0.0,0.843075156211853,True
lower (~row 20900),20122,1800,-17.0,3.0,0.9023544788360596,True
lower (~row 20900),20122,1800,-3.0,-8.0,0.9051253795623779,True
lower (~row 20900),20122,1800,-47.0,-34.0,0.7986019849777222,False
lower (~row 20900),20122,1800,3.0,-6.0,0.953285276889801,True
lower (~row 20900),20122,1800,2.0,-12.0,0.9142501354217529,True
lower (~row 20900),20122,1800,20.0,1.0,0.6931020021438599,True
lower (~row 20900),20122,1800,4.0,-8.0,0.8870761394500732,True
lower (~row 20900),20122,1800,-5.0,20.0,0.7580187320709229,True
lower (~row 20900),20122,1800,2.0,-11.0,0.805121898651123,True
lower (~row 20900),20122,1800,4.0,-12.0,0.9487360119819641,True
lower (~row 20900),20122,1800,-34.0,0.0,0.6642379760742188,False
lower (~row 20900),20122,1800,2.0,-12.0,0.9242492318153381,True
lower (~row 20900),20122,1800,-38.0,-1.0,0.5882689952850342,False
lower (~row 20900),20122,1800,-15.0,0.0,0.912388801574707,True
lower (~row 20900),20122,1800,-1.0,-10.0,0.8295336961746216,True
lower (~row 20900),20122,1800,4.0,-7.0,0.9582830667495728,True
lower (~row 20900),20122,1800,2.0,-4.0,0.9292968511581421,True
lower (~row 20900),20122,1800,2.0,-10.0,0.9377902150154114,True
lower (~row 20900),20122,1800,-48.0,-52.0,0.5295711159706116,False
lower (~row 20900),20122,1800,5.0,-9.0,0.9518299698829651,True
lower (~row 20900),20122,1800,-19.0,-55.0,0.5072636604309082,False
lower (~row 20900),20122,1800,20.0,-21.0,0.7005394697189331,False
lower (~row 20900),20122,1800,3.0,-7.0,0.9474357962608337,True
lower (~row 20900),20122,1800,22.0,-24.0,0.5796979665756226,False
lower (~row 20900),20122,1800,6.0,-8.0,0.7581409215927124,True
lower (~row 20900),20122,1800,3.0,-10.0,0.7067371606826782,True
lower (~row 20900),20122,1800,2.0,-4.0,0.9406009316444397,True
lower (~row 20900),20122,1800,3.0,-7.0,0.9576225280761719,True
lower (~row 20900),20122,1800,-4.0,-10.0,0.6885010004043579,True
lower (~row 20900),20122,1800,3.0,-12.0,0.9556410312652588,True
lower (~row 20900),20122,1800,2.0,-14.0,0.504615306854248,True
lower (~row 20900),20122,1800,5.0,-11.0,0.9400538206100464,True
lower (~row 20900),20122,1800,4.0,-6.0,0.9576326012611389,True
lower (~row 20900),20122,1800,-10.0,-15.0,0.9474250078201294,True
lower (~row 20900),20122,1800,-13.0,14.0,0.5523109436035156,True
lower (~row 20900),20122,1800,4.0,-10.0,0.9027460813522339,True
lower (~row 20900),20122,1800,4.0,-9.0,0.7740182876586914,True
lower (~row 20900),20122,1800,1.0,-9.0,0.9351984262466431,True
lower (~row 20900),20122,1800,3.0,-7.0,0.955433189868927,True
lower (~row 20900),20122,1800,4.0,-4.0,0.8673357367515564,True
lower (~row 20900),20122,1800,9.0,-31.0,0.8531123399734497,False
lower (~row 20900),20122,1800,4.0,-12.0,0.8656004071235657,True
lower (~row 20900),20122,1800,3.0,-5.0,0.8015747666358948,True
lower (~row 20900),20122,1800,4.0,-10.0,0.9462845325469971,True
lower (~row 20900),20122,1800,-7.0,-5.0,0.9504312872886658,True
lower (~row 20900),20122,1800,-29.0,-6.0,0.570697009563446,False
lower (~row 20900),20122,1800,-6.0,-17.0,0.889818012714386,True
lower (~row 20900),20122,1800,16.0,28.0,0.666975736618042,False
lower (~row 20900),20122,1800,3.0,-5.0,0.7062844038009644,True
lower (~row 20900),20122,1800,4.0,-6.0,0.9451462626457214,True
lower (~row 20900),20122,1800,-9.0,-9.0,0.8860244154930115,True
lower (~row 20900),20122,1800,4.0,-13.0,0.8988296389579773,True
lower (~row 20900),20122,1800,3.0,-13.0,0.6347875595092773,True
lower (~row 20900),20122,1800,3.0,-6.0,0.954612672328949,True
lower (~row 20900),20122,1800,-7.0,-7.0,0.9478713870048523,True
lower (~row 20900),20122,1800,12.0,-11.0,0.5132162570953369,True
lower (~row 20900),20122,1800,4.0,-5.0,0.9561898112297058,True
lower (~row 20900),20122,1800,71.0,-7.0,0.8072046041488647,False
lower (~row 20900),20122,1800,-14.0,-1.0,0.7289224863052368,True
lower (~row 20900),20122,1800,-1.0,-7.0,0.7522475123405457,True
lower (~row 20900),20122,1800,0.0,-16.0,0.5060774683952332,True
lower (~row 20900),20122,1800,3.0,-5.0,0.9503506422042847,True
lower (~row 20900),20122,1800,-13.0,-3.0,0.9168616533279419,True
lower (~row 20900),20122,1800,-13.0,-2.0,0.9243232607841492,True
lower (~row 20900),20122,1800,2.0,-11.0,0.8426459431648254,True
lower (~row 20900),20122,1800,2.0,-13.0,0.8773219585418701,True
lower (~row 20900),20122,1800,2.0,-17.0,0.5938646793365479,True
lower (~row 20900),20122,1800,4.0,-14.0,0.6366226673126221,True
lower (~row 20900),20122,1800,4.0,-9.0,0.9295210838317871,True
lower (~row 20900),20122,1800,8.0,-10.0,0.780997097492218,True
lower (~row 20900),20122,1800,2.0,-14.0,0.6519690155982971,True
lower (~row 20900),20122,1800,2.0,-8.0,0.9382374882698059,True
lower (~row 20900),20122,1800,4.0,-11.0,0.9362388849258423,True
lower (~row 20900),20122,1800,4.0,-8.0,0.9273915886878967,True
lower (~row 20900),20122,1800,2.0,-12.0,0.9477782845497131,True
lower (~row 20900),20122,1800,12.0,-5.0,0.8800671696662903,True
lower (~row 20900),20122,1800,4.0,-15.0,0.9514669179916382,True
lower (~row 20900),20122,1800,-15.0,5.0,0.6708338260650635,True
lower (~row 20900),20122,1800,-1.0,-10.0,0.9513816237449646,True
lower (~row 20900),20122,1800,21.0,-8.0,0.5806540846824646,False
lower (~row 20900),20122,1800,-9.0,-5.0,0.6449408531188965,True
lower (~row 20900),20122,1800,4.0,-6.0,0.9085959792137146,True
lower (~row 20900),20122,1800,4.0,-13.0,0.5814669728279114,True
lower (~row 20900),20122,1800,-9.0,-7.0,0.7713220119476318,True
lower (~row 20900),20122,1800,-11.0,0.0,0.7220591306686401,True
lower (~row 20900),20122,1800,2.0,-14.0,0.9488744735717773,True
lower (~row 20900),20122,1800,4.0,-5.0,0.9552437663078308,True
lower (~row 20900),20122,1800,3.0,-10.0,0.949573278427124,True
lower (~row 20900),20122,1800,-6.0,-7.0,0.639676570892334,True
lower (~row 20900),20122,1800,3.0,-7.0,0.9441733360290527,True
lower (~row 20900),20122,1800,18.0,-18.0,0.7548936009407043,False
lower (~row 20900),20122,1800,-3.0,-11.0,0.9529798030853271,True
lower (~row 20900),20122,1800,3.0,-8.0,0.953005313873291,True
lower (~row 20900),20122,1800,3.0,-15.0,0.9547774791717529,True
lower (~row 20900),20122,1800,5.0,-7.0,0.9459118843078613,True
lower (~row 20900),20122,1800,2.0,-5.0,0.9470852613449097,True
lower (~row 20900),20122,1800,3.0,-3.0,0.5088471174240112,True
lower (~row 20900),20122,1800,2.0,-7.0,0.6090009212493896,True
lower (~row 20900),20122,1800,59.0,-38.0,0.6690462231636047,False
lower (~row 20900),20122,1800,-1.0,-12.0,0.9337769746780396,True
lower (~row 20900),20122,1800,6.0,-17.0,0.8316367268562317,True
lower (~row 20900),20122,1800,2.0,-14.0,0.9417865872383118,True
lower (~row 20900),20122,1800,4.0,-14.0,0.9525954723358154,True
lower (~row 20900),20122,1800,5.0,-15.0,0.9316936135292053,True
lower (~row 20900),20122,1800,21.0,-7.0,0.8094038963317871,False
lower (~row 20900),20122,1800,4.0,-11.0,0.9274606108665466,True
lower (~row 20900),20122,1800,4.0,-10.0,0.9042617082595825,True
lower (~row 20900),20122,1800,3.0,-5.0,0.9284729957580566,True
lower (~row 20900),20122,1800,4.0,-7.0,0.9512001872062683,True
lower (~row 20900),20122,1800,4.0,-8.0,0.8406376838684082,True
lower (~row 20900),20122,1800,1.0,-13.0,0.923418402671814,True
lower (~row 20900),20122,1800,-1.0,-12.0,0.6092798113822937,True
lower (~row 20900),20122,1800,3.0,-13.0,0.9434253573417664,True
lower (~row 20900),20122,1800,3.0,-10.0,0.9169875979423523,True
lower (~row 20900),20122,1800,2.0,-14.0,0.9494239091873169,True
lower (~row 20900),20122,1800,1.0,-13.0,0.9286669492721558,True
lower (~row 20900),20122,1800,0.0,-22.0,0.5129265785217285,False
lower (~row 20900),20122,1800,1.0,-8.0,0.8943491578102112,True
lower (~row 20900),20122,1800,-3.0,-12.0,0.9530116319656372,True
lower (~row 20900),20122,1800,-43.0,-42.0,0.6839128732681274,False
lower (~row 20900),20122,1800,3.0,-7.0,0.9267894625663757,True
lower (~row 20900),20122,1800,-41.0,-52.0,0.852708101272583,False
lower (~row 20900),20122,1800,7.0,-9.0,0.912718653678894,True
lower (~row 20900),20122,1800,4.0,-15.0,0.9469254016876221,True
lower (~row 20900),20122,1800,8.0,-9.0,0.859801709651947,True
lower (~row 20900),20122,1800,-9.0,-12.0,0.9103514552116394,True
lower (~row 20900),20122,1800,4.0,-14.0,0.9380147457122803,True
lower (~row 20900),20122,1800,2.0,-11.0,0.5495808124542236,True
lower (~row 20900),20122,1800,14.0,-3.0,0.5327035188674927,True
lower (~row 20900),20122,1800,4.0,-8.0,0.9084417819976807,True
lower (~row 20900),20122,1800,3.0,-11.0,0.954788327217102,True
lower (~row 20900),20122,1800,-3.0,-17.0,0.8466994166374207,True
lower (~row 20900),20122,1800,0.0,-14.0,0.9107578992843628,True
lower (~row 20900),20122,1800,5.0,-16.0,0.9568411707878113,True
lower (~row 20900),20122,1800,-4.0,-9.0,0.6367131471633911,True
lower (~row 20900),20122,1800,0.0,-12.0,0.9484573602676392,True
lower (~row 20900),20122,1800,-8.0,-7.0,0.579681396484375,True
lower (~row 20900),20122,1800,3.0,-9.0,0.9393978714942932,True
lower (~row 20900),20122,1800,5.0,-5.0,0.8115611672401428,True
lower (~row 20900),20122,1800,1.0,0.0,0.5279654860496521,True
lower (~row 20900),20122,1800,4.0,-11.0,0.5466796159744263,True
lower (~row 20900),20122,1800,3.0,-8.0,0.9345377087593079,True
lower (~row 20900),20122,1800,6.0,-8.0,0.8534524440765381,True
lower (~row 20900),20122,1800,3.0,-11.0,0.7114661931991577,True
lower (~row 20900),20122,1800,1.0,-11.0,0.5272108316421509,True
lower (~row 20900),20122,1800,1.0,-13.0,0.8638578653335571,True
lower (~row 20900),20122,1800,4.0,-9.0,0.9306733012199402,True
lower (~row 20900),20122,1800,-11.0,-6.0,0.8210054636001587,True
lower (~row 20900),20122,1800,-8.0,-7.0,0.6734324097633362,True
lower (~row 20900),20122,1800,4.0,-11.0,0.9515740275382996,True
lower (~row 20900),20122,1800,4.0,-12.0,0.6235750317573547,True
lower (~row 20900),20122,1800,-2.0,-19.0,0.6963006258010864,True
lower (~row 20900),20122,1800,-16.0,-4.0,0.6255542635917664,True
lower (~row 20900),20122,1800,4.0,-8.0,0.8991125226020813,True
lower (~row 20900),20122,1800,20.0,7.0,0.5592148303985596,True
lower (~row 20900),20122,1800,19.0,-12.0,0.8435078859329224,False
lower (~row 20900),20122,1800,2.0,-14.0,0.6095733046531677,True
