location,row,col,dx,dy,confidence
top (~row 8400),7622,1800,-18.0,8.0,0.9546571969985962
top (~row 8400),7622,1800,2.0,4.0,0.7995949387550354
top (~row 8400),7622,1800,17.0,74.0,0.48325860500335693
top (~row 8400),7622,1800,-97.0,47.0,0.350286602973938
top (~row 8400),7622,1800,-18.0,9.0,0.9510170221328735
top (~row 8400),7622,1800,21.0,-120.0,0.2681236267089844
top (~row 8400),7622,1800,-13.0,10.0,0.9553348422050476
top (~row 8400),7622,1800,-16.0,6.0,0.8964574337005615
top (~row 8400),7622,1800,-12.0,9.0,0.9533643126487732
top (~row 8400),7622,1800,1.0,5.0,0.933135986328125
top (~row 8400),7622,1800,-16.0,7.0,0.9466347098350525
top (~row 8400),7622,1800,-25.0,0.0,0.5006973743438721
top (~row 8400),7622,1800,-14.0,10.0,0.37146908044815063
top (~row 8400),7622,1800,-16.0,8.0,0.9468495845794678
top (~row 8400),7622,1800,-15.0,5.0,0.507364809513092
top (~row 8400),7622,1800,-16.0,10.0,0.9414049983024597
top (~row 8400),7622,1800,-18.0,10.0,0.9517110586166382
top (~row 8400),7622,1800,9.0,16.0,0.2685438394546509
top (~row 8400),7622,1800,-18.0,8.0,0.9557074904441833
top (~row 8400),7622,1800,2.0,5.0,0.9527944922447205
top (~row 8400),7622,1800,-17.0,-7.0,0.22194592654705048
top (~row 8400),7622,1800,-2.0,1.0,0.95399010181427
top (~row 8400),7622,1800,-16.0,9.0,0.9488436579704285
top (~row 8400),7622,1800,-18.0,11.0,0.7812824845314026
top (~row 8400),7622,1800,-14.0,7.0,0.9553394317626953
top (~row 8400),7622,1800,-14.0,3.0,0.8941658139228821
top (~row 8400),7622,1800,-16.0,8.0,0.9549713730812073
top (~row 8400),7622,1800,-9.0,7.0,0.9550970792770386
top (~row 8400),7622,1800,-21.0,9.0,0.23671984672546387
top (~row 8400),7622,1800,-10.0,7.0,0.558347225189209
top (~row 8400),7622,1800,-10.0,9.0,0.9220728874206543
top (~row 8400),7622,1800,-3.0,6.0,0.9373950362205505
top (~row 8400),7622,1800,-17.0,9.0,0.9514387845993042
top (~row 8400),7622,1800,-17.0,7.0,0.7404168844223022
top (~row 8400),7622,1800,-6.0,2.0,0.29662537574768066
top (~row 8400),7622,1800,-3.0,3.0,0.9526982307434082
top (~row 8400),7622,1800,-8.0,5.0,0.8883596062660217
top (~row 8400),7622,1800,4.0,5.0,0.5723763108253479
top (~row 8400),7622,1800,-6.0,6.0,0.9555708169937134
top (~row 8400),7622,1800,22.0,65.0,0.2433241903781891
top (~row 8400),7622,1800,-18.0,8.0,0.31513485312461853
top (~row 8400),7622,1800,-19.0,4.0,0.4375414550304413
top (~row 8400),7622,1800,4.0,3.0,0.5117661356925964
top (~row 8400),7622,1800,-10.0,11.0,0.5754830241203308
top (~row 8400),7622,1800,12.0,-1.0,0.3215833306312561
top (~row 8400),7622,1800,1.0,2.0,0.9471349716186523
top (~row 8400),7622,1800,0.0,4.0,0.910611093044281
top (~row 8400),7622,1800,2.0,2.0,0.7676477432250977
top (~row 8400),7622,1800,-17.0,11.0,0.8167773485183716
top (~row 8400),7622,1800,-15.0,9.0,0.8616034984588623
top (~row 8400),7622,1800,-7.0,-61.0,0.3562944829463959
top (~row 8400),7622,1800,-16.0,6.0,0.689535915851593
top (~row 8400),7622,1800,27.0,21.0,0.23033210635185242
top (~row 8400),7622,1800,-10.0,8.0,0.9364112615585327
top (~row 8400),7622,1800,4.0,4.0,0.8403708338737488
top (~row 8400),7622,1800,-17.0,47.0,0.36092233657836914
top (~row 8400),7622,1800,-4.0,4.0,0.9554650783538818
top (~row 8400),7622,1800,-18.0,8.0,0.9267399907112122
top (~row 8400),7622,1800,-15.0,6.0,0.897742509841919
top (~row 8400),7622,1800,-14.0,8.0,0.926510214805603
top (~row 8400),7622,1800,-5.0,4.0,0.9382052421569824
top (~row 8400),7622,1800,4.0,5.0,0.7441978454589844
top (~row 8400),7622,1800,-14.0,9.0,0.9538609385490417
top (~row 8400),7622,1800,-1.0,2.0,0.8926798105239868
top (~row 8400),7622,1800,-5.0,7.0,0.9530625939369202
top (~row 8400),7622,1800,8.0,2.0,0.5026795864105225
top (~row 8400),7622,1800,4.0,4.0,0.9463981986045837
top (~row 8400),7622,1800,-5.0,3.0,0.7347733974456787
top (~row 8400),7622,1800,-12.0,7.0,0.9363487362861633
top (~row 8400),7622,1800,1.0,3.0,0.9508373737335205
top (~row 8400),7622,1800,-13.0,8.0,0.9532907605171204
top (~row 8400),7622,1800,-12.0,9.0,0.5443193912506104
top (~row 8400),7622,1800,14.0,-2.0,0.9254117608070374
top (~row 8400),7622,1800,-4.0,4.0,0.9521568417549133
top (~row 8400),7622,1800,-1.0,6.0,0.9426447153091431
top (~row 8400),7622,1800,-18.0,11.0,0.9001249074935913
top (~row 8400),7622,1800,-18.0,8.0,0.9177408814430237
top (~row 8400),7622,1800,2.0,5.0,0.9428155422210693
top (~row 8400),7622,1800,-14.0,9.0,0.9184640645980835
top (~row 8400),7622,1800,-4.0,7.0,0.5225077271461487
top (~row 8400),7622,1800,-1.0,6.0,0.9475054144859314
top (~row 8400),7622,1800,-12.0,7.0,0.954583466053009
top (~row 8400),7622,1800,-13.0,8.0,0.8495862483978271
top (~row 8400),7622,1800,-18.0,9.0,0.9346696138381958
top (~row 8400),7622,1800,-6.0,6.0,0.8423494696617126
top (~row 8400),7622,1800,-17.0,9.0,0.9317816495895386
top (~row 8400),7622,1800,1.0,4.0,0.8748955726623535
top (~row 8400),7622,1800,-72.0,70.0,0.647348940372467
top (~row 8400),7622,1800,2.0,3.0,0.9555571675300598
top (~row 8400),7622,1800,-13.0,7.0,0.5435822010040283
top (~row 8400),7622,1800,-15.0,10.0,0.5648022890090942
top (~row 8400),7622,1800,-15.0,12.0,0.9539045691490173
top (~row 8400),7622,1800,-10.0,5.0,0.5320358872413635
top (~row 8400),7622,1800,-3.0,6.0,0.9564187526702881
top (~row 8400),7622,1800,28.0,-7.0,0.5888442993164062
top (~row 8400),7622,1800,-2.0,1.0,0.9385981559753418
top (~row 8400),7622,1800,2.0,3.0,0.9552319049835205
top (~row 8400),7622,1800,-7.0,7.0,0.8600625991821289
top (~row 8400),7622,1800,-2.0,3.0,0.950881838798523
top (~row 8400),7622,1800,1.0,3.0,0.80647212266922
top (~row 8400),7622,1800,2.0,2.0,0.6863958239555359
top (~row 8400),7622,1800,-15.0,9.0,0.8589723110198975
top (~row 8400),7622,1800,6.0,-3.0,0.3489355742931366
top (~row 8400),7622,1800,18.0,23.0,0.4861448407173157
top (~row 8400),7622,1800,-15.0,10.0,0.7414238452911377
top (~row 8400),7622,1800,-4.0,11.0,0.6217033863067627
top (~row 8400),7622,1800,-14.0,9.0,0.9438618421554565
top (~row 8400),7622,1800,-1.0,2.0,0.9545379877090454
top (~row 8400),7622,1800,-13.0,11.0,0.944648027420044
top (~row 8400),7622,1800,-15.0,5.0,0.5161608457565308
top (~row 8400),7622,1800,2.0,5.0,0.9517237544059753
top (~row 8400),7622,1800,-14.0,10.0,0.9511784315109253
top (~row 8400),7622,1800,-15.0,11.0,0.6021217703819275
top (~row 8400),7622,1800,-16.0,10.0,0.9367095232009888
top (~row 8400),7622,1800,2.0,4.0,0.9530243873596191
top (~row 8400),7622,1800,-18.0,11.0,0.9503343105316162
top (~row 8400),7622,1800,-13.0,2.0,0.6457200050354004
top (~row 8400),7622,1800,-30.0,48.0,0.46064290404319763
top (~row 8400),7622,1800,-16.0,2.0,0.9220359325408936
top (~row 8400),7622,1800,6.0,6.0,0.6888667941093445
top (~row 8400),7622,1800,-11.0,9.0,0.8764472007751465
top (~row 8400),7622,1800,-16.0,9.0,0.7568622827529907
top (~row 8400),7622,1800,-11.0,9.0,0.9551471471786499
top (~row 8400),7622,1800,-15.0,2.0,0.6281649470329285
top (~row 8400),7622,1800,-11.0,9.0,0.8522308468818665
top (~row 8400),7622,1800,-22.0,18.0,0.2868613302707672
top (~row 8400),7622,1800,-19.0,7.0,0.3163715898990631
top (~row 8400),7622,1800,2.0,4.0,0.9564625024795532
top (~row 8400),7622,1800,2.0,4.0,0.7349191308021545
top (~row 8400),7622,1800,-18.0,10.0,0.5433018207550049
top (~row 8400),7622,1800,-16.0,12.0,0.5345538258552551
top (~row 8400),7622,1800,-15.0,11.0,0.9554305076599121
top (~row 8400),7622,1800,-14.0,5.0,0.6955811977386475
top (~row 8400),7622,1800,-9.0,4.0,0.6348510980606079
top (~row 8400),7622,1800,-12.0,10.0,0.8817397952079773
top (~row 8400),7622,1800,-17.0,9.0,0.36989912390708923
top (~row 8400),7622,1800,-13.0,58.0,0.396333247423172
top (~row 8400),7622,1800,2.0,3.0,0.9548711776733398
top (~row 8400),7622,1800,-16.0,5.0,0.9433327317237854
top (~row 8400),7622,1800,-9.0,5.0,0.9422834515571594
top (~row 8400),7622,1800,-4.0,8.0,0.9530834555625916
top (~row 8400),7622,1800,2.0,3.0,0.9436602592468262
top (~row 8400),7622,1800,8.0,13.0,0.3730602562427521
top (~row 8400),7622,1800,-5.0,6.0,0.9408224821090698
top (~row 8400),7622,1800,-7.0,7.0,0.9470663666725159
top (~row 8400),7622,1800,0.0,4.0,0.47890469431877136
top (~row 8400),7622,1800,16.0,-6.0,0.2918158769607544
top (~row 8400),7622,1800,-12.0,9.0,0.5792570114135742
top (~row 8400),7622,1800,-6.0,7.0,0.9558387398719788
top (~row 8400),7622,1800,-17.0,8.0,0.8110752701759338
top (~row 8400),7622,1800,-44.0,5.0,0.3665158152580261
top (~row 8400),7622,1800,-21.0,7.0,0.651740312576294
top (~row 8400),7622,1800,3.0,4.0,0.92094886302948
top (~row 8400),7622,1800,-10.0,6.0,0.9517900347709656
top (~row 8400),7622,1800,-9.0,5.0,0.7094700932502747
top (~row 8400),7622,1800,-71.0,-14.0,0.23492249846458435
top (~row 8400),7622,1800,-14.0,8.0,0.939348578453064
top (~row 8400),7622,1800,5.0,56.0,0.2325086146593094
top (~row 8400),7622,1800,-12.0,10.0,0.9534553289413452
top (~row 8400),7622,1800,-2.0,1.0,0.9513226747512817
top (~row 8400),7622,1800,-1.0,6.0,0.9543249607086182
top (~row 8400),7622,1800,-18.0,10.0,0.9224176406860352
top (~row 8400),7622,1800,-2.0,5.0,0.5208470225334167
top (~row 8400),7622,1800,-14.0,10.0,0.8297955989837646
top (~row 8400),7622,1800,5.0,1.0,0.6977876424789429
top (~row 8400),7622,1800,-13.0,9.0,0.9510378241539001
top (~row 8400),7622,1800,-29.0,14.0,0.46064114570617676
top (~row 8400),7622,1800,-9.0,5.0,0.8742933869361877
top (~row 8400),7622,1800,-2.0,2.0,0.24284198880195618
top (~row 8400),7622,1800,-7.0,5.0,0.900994062423706
top (~row 8400),7622,1800,-17.0,11.0,0.7810887694358826
top (~row 8400),7622,1800,-1.0,4.0,0.8459633588790894
top (~row 8400),7622,1800,-14.0,4.0,0.8379379510879517
top (~row 8400),7622,1800,-11.0,9.0,0.9558351039886475
top (~row 8400),7622,1800,0.0,3.0,0.9193825125694275
top (~row 8400),7622,1800,-17.0,7.0,0.953648030757904
top (~row 8400),7622,1800,-16.0,9.0,0.5015825033187866
top (~row 8400),7622,1800,1.0,3.0,0.9560393691062927
top (~row 8400),7622,1800,-11.0,9.0,0.956133246421814
top (~row 8400),7622,1800,-15.0,7.0,0.5237025022506714
top (~row 8400),7622,1800,1.0,6.0,0.5227673649787903
top (~row 8400),7622,1800,-5.0,4.0,0.9539027810096741
top (~row 8400),7622,1800,4.0,1.0,0.9111522436141968
top (~row 8400),7622,1800,0.0,4.0,0.30611979961395264
top (~row 8400),7622,1800,-12.0,3.0,0.2546865940093994
top (~row 8400),7622,1800,8.0,8.0,0.4556658864021301
top (~row 8400),7622,1800,-18.0,6.0,0.9378581643104553
top (~row 8400),7622,1800,-2.0,6.0,0.9052202701568604
top (~row 8400),7622,1800,-19.0,9.0,0.956233561038971
top (~row 8400),7622,1800,-14.0,8.0,0.6008586287498474
top (~row 8400),7622,1800,-12.0,5.0,0.4096234142780304
top (~row 8400),7622,1800,-13.0,4.0,0.952305793762207
top (~row 8400),7622,1800,3.0,4.0,0.9563621282577515
top (~row 8400),7622,1800,1.0,6.0,0.41464129090309143
top (~row 8400),7622,1800,-79.0,21.0,0.5750775933265686
top (~row 8400),7622,1800,-4.0,5.0,0.9550169110298157
top (~row 8400),7622,1800,-14.0,8.0,0.9196051955223083
top (~row 8400),7622,1800,-1.0,4.0,0.9509362578392029
top (~row 8400),7622,1800,21.0,5.0,0.2957415282726288
top (~row 8400),7622,1800,-13.0,10.0,0.9484447240829468
top (~row 8400),7622,1800,-12.0,10.0,0.9557995796203613
top (~row 8400),7622,1800,-15.0,4.0,0.8680614233016968
top (~row 8400),7622,1800,-59.0,32.0,0.3808037042617798
top (~row 8400),7622,1800,7.0,6.0,0.7072098255157471
top (~row 8400),7622,1800,-13.0,9.0,0.6977131366729736
top (~row 8400),7622,1800,-8.0,9.0,0.9477078318595886
top (~row 8400),7622,1800,-5.0,6.0,0.37355369329452515
top (~row 8400),7622,1800,-15.0,11.0,0.28186988830566406
top (~row 8400),7622,1800,-18.0,11.0,0.8604186177253723
top (~row 8400),7622,1800,-7.0,5.0,0.774013102054596
top (~row 8400),7622,1800,-17.0,7.0,0.422376811504364
top (~row 8400),7622,1800,-5.0,6.0,0.7112307548522949
top (~row 8400),7622,1800,-59.0,-8.0,0.3399234414100647
top (~row 8400),7622,1800,-16.0,7.0,0.9514188170433044
top (~row 8400),7622,1800,0.0,3.0,0.5103892087936401
top (~row 8400),7622,1800,-18.0,8.0,0.9482945799827576
top (~row 8400),7622,1800,-60.0,-114.0,0.20467959344387054
top (~row 8400),7622,1800,-16.0,11.0,0.9425548315048218
top (~row 8400),7622,1800,-19.0,9.0,0.9373852014541626
top (~row 8400),7622,1800,-2.0,2.0,0.6728438138961792
top (~row 8400),7622,1800,10.0,-3.0,0.8755691647529602
top (~row 8400),7622,1800,-1.0,4.0,0.924897313117981
top (~row 8400),7622,1800,-13.0,7.0,0.7354870438575745
top (~row 8400),7622,1800,-8.0,6.0,0.953328013420105
top (~row 8400),7622,1800,33.0,18.0,0.20403295755386353
top (~row 8400),7622,1800,-16.0,9.0,0.9442291855812073
top (~row 8400),7622,1800,-21.0,21.0,0.4655939042568207
top (~row 8400),7622,1800,-7.0,7.0,0.5316052436828613
top (~row 8400),7622,1800,-9.0,8.0,0.7978506088256836
top (~row 8400),7622,1800,-12.0,9.0,0.9524483680725098
top (~row 8400),7622,1800,-10.0,7.0,0.7811394333839417
top (~row 8400),7622,1800,-15.0,5.0,0.8183273077011108
top (~row 8400),7622,1800,3.0,3.0,0.9110419750213623
top (~row 8400),7622,1800,20.0,10.0,0.5710334181785583
top (~row 8400),7622,1800,-4.0,6.0,0.9564661383628845
top (~row 8400),7622,1800,4.0,4.0,0.5916622281074524
top (~row 8400),7622,1800,-11.0,8.0,0.4692881405353546
top (~row 8400),7622,1800,-8.0,7.0,0.9309920072555542
top (~row 8400),7622,1800,11.0,8.0,0.8878472447395325
top (~row 8400),7622,1800,-11.0,8.0,0.7053736448287964
top (~row 8400),7622,1800,-12.0,10.0,0.8521211743354797
top (~row 8400),7622,1800,-17.0,7.0,0.4934399425983429
top (~row 8400),7622,1800,0.0,3.0,0.9068827629089355
top (~row 8400),7622,1800,-9.0,3.0,0.954762876033783
top (~row 8400),7622,1800,-16.0,7.0,0.5454574227333069
top (~row 8400),7622,1800,-16.0,6.0,0.9495886564254761
top (~row 8400),7622,1800,-7.0,6.0,0.8629546165466309
top (~row 8400),7622,1800,-10.0,9.0,0.6943047642707825
top (~row 8400),7622,1800,-17.0,8.0,0.9140992760658264
top (~row 8400),7622,1800,0.0,2.0,0.8804364800453186
top (~row 8400),7622,1800,-3.0,4.0,0.8959575295448303
top (~row 8400),7622,1800,-14.0,6.0,0.9356774091720581
top (~row 8400),7622,1800,10.0,0.0,0.20094463229179382
top (~row 8400),7622,1800,15.0,6.0,0.4492838978767395
top (~row 8400),7622,1800,-14.0,70.0,0.45641350746154785
top (~row 8400),7622,1800,-9.0,9.0,0.9546763300895691
top (~row 8400),7622,1800,-3.0,3.0,0.9532752633094788
top (~row 8400),7622,1800,-4.0,1.0,0.9420974254608154
top (~row 8400),7622,1800,-1.0,7.0,0.9562965035438538
top (~row 8400),7622,1800,-18.0,10.0,0.6066995859146118
top (~row 8400),7622,1800,15.0,-9.0,0.6512115597724915
top (~row 8400),7622,1800,-5.0,-7.0,0.48493772745132446
top (~row 8400),7622,1800,-14.0,7.0,0.687116265296936
top (~row 8400),7622,1800,-5.0,7.0,0.9526808857917786
top (~row 8400),7622,1800,-4.0,6.0,0.9561788439750671
top (~row 8400),7622,1800,-9.0,7.0,0.6447514295578003
top (~row 8400),7622,1800,-18.0,7.0,0.8433414101600647
top (~row 8400),7622,1800,-17.0,3.0,0.6241580843925476
top (~row 8400),7622,1800,-9.0,0.0,0.5748088955879211
top (~row 8400),7622,1800,-12.0,8.0,0.9533998966217041
top (~row 8400),7622,1800,-6.0,5.0,0.5918388366699219
top (~row 8400),7622,1800,-16.0,9.0,0.9371849894523621
top (~row 8400),7622,1800,-14.0,8.0,0.9289849400520325
top (~row 8400),7622,1800,3.0,4.0,0.9552720189094543
top (~row 8400),7622,1800,-16.0,8.0,0.9497462511062622
top (~row 8400),7622,1800,-17.0,11.0,0.9509797692298889
top (~row 8400),7622,1800,-8.0,4.0,0.9233030676841736
top (~row 8400),7622,1800,-5.0,6.0,0.9027374982833862
top (~row 8400),7622,1800,-2.0,5.0,0.5912013649940491
top (~row 8400),7622,1800,0.0,1.0,0.9177286028862
top (~row 8400),7622,1800,0.0,2.0,0.6286324262619019
top (~row 8400),7622,1800,-18.0,11.0,0.521891176700592
top (~row 8400),7622,1800,-5.0,8.0,0.9558351039886475
top (~row 8400),7622,1800,-17.0,9.0,0.5043511390686035
top (~row 8400),7622,1800,0.0,3.0,0.9450553059577942
top (~row 8400),7622,1800,-13.0,7.0,0.9482927918434143
top (~row 8400),7622,1800,6.0,2.0,0.24584612250328064
top (~row 8400),7622,1800,0.0,9.0,0.5881108045578003
top (~row 8400),7622,1800,-12.0,8.0,0.9551917910575867
top (~row 8400),7622,1800,-4.0,13.0,0.5724155902862549
top (~row 8400),7622,1800,-13.0,11.0,0.930784285068512
top (~row 8400),7622,1800,3.0,0.0,0.5622195601463318
top (~row 8400),7622,1800,-11.0,3.0,0.43362751603126526
top (~row 8400),7622,1800,-15.0,5.0,0.7280610799789429
top (~row 8400),7622,1800,-81.0,-5.0,0.20231103897094727
top (~row 8400),7622,1800,-10.0,10.0,0.8060030341148376
top (~row 8400),7622,1800,-13.0,11.0,0.9551699757575989
top (~row 8400),7622,1800,-3.0,3.0,0.9549185037612915
top (~row 8400),7622,1800,-13.0,7.0,0.9532261490821838
top (~row 8400),7622,1800,1.0,2.0,0.9463981986045837
top (~row 8400),7622,1800,-19.0,9.0,0.42444953322410583
top (~row 8400),7622,1800,0.0,17.0,0.9295627474784851
top (~row 8400),7622,1800,-3.0,6.0,0.9557449221611023
top (~row 8400),7622,1800,-3.0,6.0,0.9422510862350464
top (~row 8400),7622,1800,-17.0,7.0,0.921789824962616
top (~row 8400),7622,1800,-2.0,3.0,0.9552245736122131
top (~row 8400),7622,1800,-1.0,4.0,0.9493107199668884
top (~row 8400),7622,1800,-12.0,7.0,0.2270762175321579
top (~row 8400),7622,1800,-10.0,13.0,0.9321860671043396
top (~row 8400),7622,1800,-12.0,7.0,0.9543213248252869
top (~row 8400),7622,1800,0.0,5.0,0.7833849191665649
top (~row 8400),7622,1800,3.0,5.0,0.7329956293106079
top (~row 8400),7622,1800,-17.0,9.0,0.4417349696159363
top (~row 8400),7622,1800,-15.0,9.0,0.9559472799301147
top (~row 8400),7622,1800,6.0,19.0,0.44752591848373413
top (~row 8400),7622,1800,-15.0,10.0,0.9137462973594666
top (~row 8400),7622,1800,-6.0,7.0,0.9541738629341125
top (~row 8400),7622,1800,1.0,2.0,0.9473897814750671
top (~row 8400),7622,1800,5.0,6.0,0.3869004547595978
top (~row 8400),7622,1800,0.0,6.0,0.8052693605422974
top (~row 8400),7622,1800,26.0,2.0,0.23499979078769684
top (~row 8400),7622,1800,-12.0,9.0,0.9499083757400513
top (~row 8400),7622,1800,-17.0,10.0,0.949434757232666
top (~row 8400),7622,1800,-8.0,4.0,0.8852751851081848
top (~row 8400),7622,1800,-15.0,11.0,0.9490934610366821
top (~row 8400),7622,1800,-16.0,9.0,0.9486210942268372
top (~row 8400),7622,1800,-15.0,9.0,0.7624056935310364
top (~row 8400),7622,1800,-32.0,-70.0,0.3432134687900543
top (~row 8400),7622,1800,-16.0,9.0,0.9551653861999512
top (~row 8400),7622,1800,2.0,3.0,0.9242192506790161
top (~row 8400),7622,1800,-8.0,10.0,0.8631332516670227
top (~row 8400),7622,1800,-14.0,9.0,0.9503986239433289
top (~row 8400),7622,1800,-5.0,9.0,0.8546652793884277
top (~row 8400),7622,1800,33.0,30.0,0.5216697454452515
top (~row 8400),7622,1800,5.0,0.0,0.36441555619239807
top (~row 8400),7622,1800,5.0,-11.0,0.22564885020256042
top (~row 8400),7622,1800,-13.0,9.0,0.9547746777534485
top (~row 8400),7622,1800,-8.0,6.0,0.6675783395767212
top (~row 8400),7622,1800,4.0,2.0,0.5895472168922424
top (~row 8400),7622,1800,-12.0,7.0,0.9574564099311829
top (~row 8400),7622,1800,-17.0,11.0,0.8824590444564819
top (~row 8400),7622,1800,-16.0,7.0,0.9016748666763306
top (~row 8400),7622,1800,-14.0,9.0,0.7927560210227966
top (~row 8400),7622,1800,-10.0,6.0,0.95573490858078
top (~row 8400),7622,1800,-12.0,9.0,0.9549395442008972
top (~row 8400),7622,1800,-8.0,9.0,0.8479454517364502
top (~row 8400),7622,1800,-24.0,25.0,0.7957571148872375
top (~row 8400),7622,1800,-14.0,8.0,0.947149395942688
top (~row 8400),7622,1800,-4.0,6.0,0.6183872818946838
top (~row 8400),7622,1800,5.0,5.0,0.9454978704452515
top (~row 8400),7622,1800,-16.0,10.0,0.9316101670265198
top (~row 8400),7622,1800,25.0,10.0,0.5573566555976868
top (~row 8400),7622,1800,-14.0,10.0,0.9557203054428101
top (~row 8400),7622,1800,-9.0,8.0,0.5206940770149231
top (~row 8400),7622,1800,-9.0,10.0,0.9302393794059753
top (~row 8400),7622,1800,-5.0,6.0,0.8783792853355408
top (~row 8400),7622,1800,-6.0,18.0,0.3943282663822174
top (~row 8400),7622,1800,3.0,5.0,0.8683205246925354
top (~row 8400),7622,1800,-18.0,13.0,0.9515376687049866
top (~row 8400),7622,1800,1.0,3.0,0.9120643138885498
top (~row 8400),7622,1800,-43.0,2.0,0.3446277379989624
top (~row 8400),7622,1800,6.0,5.0,0.3804973065853119
top (~row 8400),7622,1800,-4.0,5.0,0.5636932253837585
top (~row 8400),7622,1800,-17.0,7.0,0.9167042970657349
top (~row 8400),7622,1800,2.0,5.0,0.9545598030090332
top (~row 8400),7622,1800,21.0,6.0,0.6042732000350952
top (~row 8400),7622,1800,-27.0,-11.0,0.7643006443977356
top (~row 8400),7622,1800,-61.0,41.0,0.26771125197410583
top (~row 8400),7622,1800,3.0,4.0,0.9523157477378845
top (~row 8400),7622,1800,-4.0,5.0,0.9458703398704529
top (~row 8400),7622,1800,-7.0,9.0,0.8805213570594788
top (~row 8400),7622,1800,-17.0,8.0,0.9395779371261597
top (~row 8400),7622,1800,-10.0,9.0,0.8124803304672241
top (~row 8400),7622,1800,-24.0,12.0,0.7709425687789917
top (~row 8400),7622,1800,34.0,70.0,0.3457786440849304
top (~row 8400),7622,1800,-8.0,7.0,0.9480378031730652
top (~row 8400),7622,1800,-8.0,7.0,0.35416361689567566
top (~row 8400),7622,1800,-10.0,6.0,0.9418700933456421
top (~row 8400),7622,1800,-8.0,4.0,0.6864351034164429
top (~row 8400),7622,1800,-13.0,8.0,0.9038711190223694
top (~row 8400),7622,1800,-17.0,19.0,0.944648027420044
top (~row 8400),7622,1800,-21.0,8.0,0.29444730281829834
top (~row 8400),7622,1800,-5.0,4.0,0.956141471862793
top (~row 8400),7622,1800,-9.0,6.0,0.8922747373580933
top (~row 8400),7622,1800,-5.0,5.0,0.9536171555519104
top (~row 8400),7622,1800,-71.0,-12.0,0.27957555651664734
top (~row 8400),7622,1800,-86.0,40.0,0.3440150022506714
top (~row 8400),7622,1800,-62.0,-26.0,0.23495520651340485
top (~row 8400),7622,1800,-12.0,7.0,0.9276685118675232
top (~row 8400),7622,1800,-12.0,9.0,0.9475921392440796
top (~row 8400),7622,1800,-3.0,3.0,0.952245831489563
top (~row 8400),7622,1800,-14.0,12.0,0.9554487466812134
top (~row 8400),7622,1800,-3.0,10.0,0.8576716780662537
top (~row 8400),7622,1800,-17.0,6.0,0.7243399620056152
top (~row 8400),7622,1800,-7.0,9.0,0.7600716948509216
top (~row 8400),7622,1800,-15.0,11.0,0.9534880518913269
top (~row 8400),7622,1800,-8.0,6.0,0.953662633895874
top (~row 8400),7622,1800,-16.0,8.0,0.9451958537101746
top (~row 8400),7622,1800,-17.0,10.0,0.6132572889328003
top (~row 8400),7622,1800,-15.0,4.0,0.44526833295822144
top (~row 8400),7622,1800,3.0,3.0,0.9545078873634338
top (~row 8400),7622,1800,2.0,2.0,0.8613250255584717
top (~row 8400),7622,1800,-2.0,7.0,0.9561068415641785
top (~row 8400),7622,1800,-15.0,8.0,0.9534952640533447
top (~row 8400),7622,1800,2.0,5.0,0.5055959820747375
top (~row 8400),7622,1800,-48.0,43.0,0.39336636662483215
top (~row 8400),7622,1800,-1.0,3.0,0.8528943061828613
top (~row 8400),7622,1800,-4.0,2.0,0.9559062719345093
top (~row 8400),7622,1800,-2.0,6.0,0.953709065914154
top (~row 8400),7622,1800,4.0,3.0,0.25457292795181274
top (~row 8400),7622,1800,-3.0,4.0,0.9564552307128906
top (~row 8400),7622,1800,2.0,4.0,0.8891029357910156
top (~row 8400),7622,1800,-7.0,5.0,0.9020851254463196
top (~row 8400),7622,1800,-15.0,11.0,0.2794182598590851
top (~row 8400),7622,1800,4.0,5.0,0.9542521834373474
top (~row 8400),7622,1800,-12.0,-3.0,0.7942416071891785
top (~row 8400),7622,1800,-14.0,7.0,0.9545998573303223
top (~row 8400),7622,1800,2.0,2.0,0.9561068415641785
top (~row 8400),7622,1800,-3.0,8.0,0.8373371958732605
top (~row 8400),7622,1800,-8.0,6.0,0.9465498328208923
top (~row 8400),7622,1800,-11.0,24.0,0.34990930557250977
top (~row 8400),7622,1800,-6.0,8.0,0.6759456992149353
top (~row 8400),7622,1800,-17.0,7.0,0.7796754240989685
top (~row 8400),7622,1800,-7.0,6.0,0.9522866606712341
top (~row 8400),7622,1800,-16.0,10.0,0.9398674368858337
top (~row 8400),7622,1800,-2.0,5.0,0.8870913982391357
top (~row 8400),7622,1800,3.0,4.0,0.6555171012878418
top (~row 8400),7622,1800,-7.0,5.0,0.8256363868713379
top (~row 8400),7622,1800,-5.0,8.0,0.9564679861068726
top (~row 8400),7622,1800,2.0,4.0,0.9538208842277527
top (~row 8400),7622,1800,-16.0,10.0,0.9531798362731934
top (~row 8400),7622,1800,2.0,2.0,0.8308416604995728
top (~row 8400),7622,1800,2.0,4.0,0.9521540999412537
top (~row 8400),7622,1800,4.0,5.0,0.6306391954421997
top (~row 8400),7622,1800,-37.0,-16.0,0.8220145106315613
top (~row 8400),7622,1800,-16.0,10.0,0.9407210946083069
top (~row 8400),7622,1800,-17.0,9.0,0.9554778933525085
top (~row 8400),7622,1800,-111.0,-51.0,0.21463294327259064
top (~row 8400),7622,1800,-17.0,8.0,0.8913425803184509
top (~row 8400),7622,1800,-12.0,12.0,0.6149697303771973
top (~row 8400),7622,1800,-9.0,8.0,0.95047926902771
top (~row 8400),7622,1800,-74.0,7.0,0.259185254573822
top (~row 8400),7622,1800,-22.0,4.0,0.4348753094673157
top (~row 8400),7622,1800,-7.0,6.0,0.9467954039573669
top (~row 8400),7622,1800,-9.0,3.0,0.9499201774597168
top (~row 8400),7622,1800,-18.0,8.0,0.9231111407279968
top (~row 8400),7622,1800,-8.0,9.0,0.7943301796913147
top (~row 8400),7622,1800,-5.0,7.0,0.5455250144004822
top (~row 8400),7622,1800,-76.0,59.0,0.32422298192977905
top (~row 8400),7622,1800,1.0,6.0,0.5437527894973755
top (~row 8400),7622,1800,-11.0,8.0,0.9547127485275269
top (~row 8400),7622,1800,-6.0,13.0,0.31406015157699585
top (~row 8400),7622,1800,2.0,4.0,0.9558059573173523
top (~row 8400),7622,1800,-10.0,10.0,0.9325764179229736
top (~row 8400),7622,1800,-12.0,10.0,0.40841108560562134
top (~row 8400),7622,1800,-7.0,6.0,0.9476427435874939
top (~row 8400),7622,1800,-1.0,2.0,0.946898341178894
top (~row 8400),7622,1800,3.0,9.0,0.6256217360496521
top (~row 8400),7622,1800,2.0,3.0,0.9568584561347961
top (~row 8400),7622,1800,3.0,8.0,0.6196659803390503
top (~row 8400),7622,1800,-5.0,5.0,0.30125170946121216
top (~row 8400),7622,1800,-18.0,7.0,0.7756654024124146
top (~row 8400),7622,1800,-7.0,8.0,0.9452536106109619
top (~row 8400),7622,1800,-16.0,10.0,0.41435155272483826
top (~row 8400),7622,1800,-120.0,-87.0,0.2706162631511688
top (~row 8400),7622,1800,-6.0,6.0,0.9566742181777954
top (~row 8400),7622,1800,-19.0,86.0,0.25319623947143555
top (~row 8400),7622,1800,22.0,-13.0,0.3924696445465088
top (~row 8400),7622,1800,-6.0,7.0,0.8723137378692627
top (~row 8400),7622,1800,-12.0,8.0,0.9563822150230408
top (~row 8400),7622,1800,1.0,5.0,0.9545143246650696
top (~row 8400),7622,1800,-20.0,6.0,0.3527764678001404
top (~row 8400),7622,1800,-55.0,-19.0,0.5874269008636475
top (~row 8400),7622,1800,-18.0,8.0,0.9492419362068176
top (~row 8400),7622,1800,0.0,0.0,0.940541684627533
top (~row 8400),7622,1800,-17.0,8.0,0.7008515000343323
top (~row 8400),7622,1800,-4.0,7.0,0.957302987575531
top (~row 8400),7622,1800,2.0,6.0,0.32276901602745056
top (~row 8400),7622,1800,-16.0,8.0,0.9445759057998657
top (~row 8400),7622,1800,-10.0,8.0,0.767655074596405
top (~row 8400),7622,1800,-7.0,18.0,0.5088422894477844
top (~row 8400),7622,1800,1.0,4.0,0.9557549953460693
top (~row 8400),7622,1800,-12.0,11.0,0.8989402055740356
top (~row 8400),7622,1800,-16.0,6.0,0.8475760221481323
top (~row 8400),7622,1800,-14.0,7.0,0.6549628973007202
top (~row 8400),7622,1800,-5.0,7.0,0.9061340689659119
top (~row 8400),7622,1800,-4.0,5.0,0.9488454461097717
top (~row 8400),7622,1800,-4.0,5.0,0.9557366967201233
top (~row 8400),7622,1800,2.0,4.0,0.9400314688682556
top (~row 8400),7622,1800,-12.0,9.0,0.9538900852203369
top (~row 8400),7622,1800,-18.0,8.0,0.9549167156219482
top (~row 8400),7622,1800,4.0,6.0,0.5733318328857422
top (~row 8400),7622,1800,34.0,21.0,0.31740057468414307
top (~row 8400),7622,1800,-6.0,6.0,0.567600429058075
top (~row 8400),7622,1800,-12.0,4.0,0.5872969627380371
top (~row 8400),7622,1800,6.0,-8.0,0.2618701159954071
top (~row 8400),7622,1800,-13.0,5.0,0.46299782395362854
top (~row 8400),7622,1800,1.0,3.0,0.9459434151649475
top (~row 8400),7622,1800,1.0,3.0,0.9477149844169617
top (~row 8400),7622,1800,13.0,8.0,0.3947124183177948
top (~row 8400),7622,1800,-16.0,8.0,0.9552046060562134
top (~row 8400),7622,1800,-3.0,10.0,0.9522168040275574
top (~row 8400),7622,1800,-14.0,9.0,0.749123215675354
top (~row 8400),7622,1800,1.0,3.0,0.9164988398551941
top (~row 8400),7622,1800,-6.0,5.0,0.944850742816925
top (~row 8400),7622,1800,-10.0,7.0,0.9560776352882385
top (~row 8400),7622,1800,-15.0,6.0,0.9536144137382507
top (~row 8400),7622,1800,2.0,4.0,0.8556129336357117
top (~row 8400),7622,1800,-15.0,11.0,0.955335795879364
top (~row 8400),7622,1800,-9.0,8.0,0.5454386472702026
top (~row 8400),7622,1800,1.0,4.0,0.8047918081283569
top (~row 8400),7622,1800,-14.0,1.0,0.4037938416004181
top (~row 8400),7622,1800,-12.0,0.0,0.7042887210845947
top (~row 8400),7622,1800,-5.0,6.0,0.9499627947807312
top (~row 8400),7622,1800,-10.0,2.0,0.9559536576271057
top (~row 8400),7622,1800,-17.0,7.0,0.8441943526268005
top (~row 8400),7622,1800,-14.0,8.0,0.6368182301521301
top (~row 8400),7622,1800,2.0,3.0,0.42039725184440613
top (~row 8400),7622,1800,4.0,6.0,0.686301589012146
top (~row 8400),7622,1800,-2.0,1.0,0.7345309853553772
top (~row 8400),7622,1800,-32.0,4.0,0.26455044746398926
top (~row 8400),7622,1800,-12.0,7.0,0.9480802416801453
top (~row 8400),7622,1800,-16.0,5.0,0.7292270064353943
top (~row 8400),7622,1800,-7.0,4.0,0.9505680799484253
top (~row 8400),7622,1800,-3.0,3.0,0.9551735520362854
top (~row 8400),7622,1800,-2.0,6.0,0.9515458941459656
top (~row 8400),7622,1800,-16.0,8.0,0.8677493333816528
top (~row 8400),7622,1800,-11.0,8.0,0.8540834784507751
top (~row 8400),7622,1800,2.0,0.0,0.8734824657440186
top (~row 8400),7622,1800,-16.0,9.0,0.9544587731361389
top (~row 8400),7622,1800,-1.0,4.0,0.8797122240066528
top (~row 8400),7622,1800,-17.0,7.0,0.9512800574302673
top (~row 8400),7622,1800,-18.0,8.0,0.8121123909950256
top (~row 8400),7622,1800,-9.0,6.0,0.7263909578323364
top (~row 8400),7622,1800,-8.0,13.0,0.5479323267936707
top (~row 8400),7622,1800,-15.0,10.0,0.951920747756958
top (~row 8400),7622,1800,-16.0,11.0,0.9135006070137024
top (~row 8400),7622,1800,18.0,-6.0,0.525604784488678
top (~row 8400),7622,1800,-6.0,7.0,0.9555890560150146
top (~row 8400),7622,1800,3.0,3.0,0.9511158466339111
top (~row 8400),7622,1800,-4.0,7.0,0.6717820167541504
top (~row 8400),7622,1800,-11.0,10.0,0.7768402695655823
top (~row 8400),7622,1800,-7.0,4.0,0.948218584060669
top (~row 8400),7622,1800,-10.0,9.0,0.932202935218811
top (~row 8400),7622,1800,-52.0,-2.0,0.3306480050086975
top (~row 8400),7622,1800,10.0,11.0,0.2767176628112793
top (~row 8400),7622,1800,19.0,9.0,0.43533092737197876
top (~row 8400),7622,1800,-3.0,2.0,0.9505898356437683
top (~row 8400),7622,1800,-2.0,13.0,0.5653379559516907
top (~row 8400),7622,1800,-17.0,7.0,0.9308667778968811
top (~row 8400),7622,1800,-1.0,2.0,0.940680742263794
top (~row 8400),7622,1800,0.0,4.0,0.8940523862838745
top (~row 8400),7622,1800,-6.0,6.0,0.945978581905365
top (~row 8400),7622,1800,1.0,3.0,0.9554632902145386
top (~row 8400),7622,1800,-17.0,7.0,0.34985458850860596
top (~row 8400),7622,1800,17.0,11.0,0.5023972988128662
top (~row 8400),7622,1800,-7.0,9.0,0.7545128464698792
top (~row 8400),7622,1800,0.0,3.0,0.887412965297699
top (~row 8400),7622,1800,5.0,3.0,0.5219100713729858
top (~row 8400),7622,1800,4.0,0.0,0.20188315212726593
top (~row 8400),7622,1800,-22.0,10.0,0.3625025749206543
top (~row 8400),7622,1800,-3.0,1.0,0.7465892434120178
top (~row 8400),7622,1800,-10.0,5.0,0.5282838344573975
top (~row 8400),7622,1800,1.0,3.0,0.8826938271522522
top (~row 8400),7622,1800,-8.0,1.0,0.5251328349113464
top (~row 8400),7622,1800,-9.0,2.0,0.9271925687789917
top (~row 8400),7622,1800,-2.0,-1.0,0.589287519454956
top (~row 8400),7622,1800,-3.0,3.0,0.6533956527709961
top (~row 8400),7622,1800,-15.0,4.0,0.7440786361694336
top (~row 8400),7622,1800,-12.0,4.0,0.7278645634651184
top (~row 8400),7622,1800,0.0,6.0,0.953802764415741
top (~row 8400),7622,1800,-25.0,11.0,0.6253663897514343
top (~row 8400),7622,1800,-9.0,12.0,0.7261396050453186
top (~row 8400),7622,1800,-43.0,6.0,0.6269494891166687
top (~row 8400),7622,1800,-16.0,9.0,0.8746611475944519
top (~row 8400),7622,1800,2.0,2.0,0.9422717094421387
top (~row 8400),7622,1800,-4.0,5.0,0.5006429553031921
top (~row 8400),7622,1800,-18.0,9.0,0.431840181350708
top (~row 8400),7622,1800,7.0,15.0,0.30175578594207764
top (~row 8400),7622,1800,-14.0,10.0,0.7214719653129578
top (~row 8400),7622,1800,39.0,3.0,0.225967139005661
top (~row 8400),7622,1800,1.0,4.0,0.9533989429473877
top (~row 8400),7622,1800,-9.0,9.0,0.9398360848426819
top (~row 8400),7622,1800,-15.0,2.0,0.4832281768321991
top (~row 8400),7622,1800,-6.0,18.0,0.36772269010543823
top (~row 8400),7622,1800,1.0,2.0,0.9545034170150757
top (~row 8400),7622,1800,-2.0,4.0,0.9548292756080627
top (~row 8400),7622,1800,-5.0,6.0,0.7746090292930603
top (~row 8400),7622,1800,0.0,2.0,0.691348671913147
top (~row 8400),7622,1800,-2.0,5.0,0.730214536190033
top (~row 8400),7622,1800,2.0,8.0,0.6634092330932617
top (~row 8400),7622,1800,-12.0,3.0,0.24295783042907715
top (~row 8400),7622,1800,2.0,3.0,0.9563412070274353
top (~row 8400),7622,1800,0.0,4.0,0.923880934715271
top (~row 8400),7622,1800,3.0,3.0,0.8161053657531738
top (~row 8400),7622,1800,-18.0,10.0,0.9469110369682312
top (~row 8400),7622,1800,-14.0,8.0,0.8683395981788635
top (~row 8400),7622,1800,9.0,9.0,0.6759340763092041
top (~row 8400),7622,1800,-2.0,2.0,0.9549112915992737
top (~row 8400),7622,1800,-16.0,9.0,0.8614563941955566
top (~row 8400),7622,1800,1.0,4.0,0.908300518989563
top (~row 8400),7622,1800,-13.0,8.0,0.6830068826675415
top (~row 8400),7622,1800,4.0,12.0,0.4876214265823364
top (~row 8400),7622,1800,-9.0,8.0,0.8776105642318726
top (~row 8400),7622,1800,-9.0,14.0,0.877861738204956
top (~row 8400),7622,1800,-14.0,9.0,0.7405686974525452
top (~row 8400),7622,1800,-7.0,73.0,0.2085418552160263
top (~row 8400),7622,1800,-27.0,-77.0,0.22318485379219055
top (~row 8400),7622,1800,-17.0,9.0,0.3602187931537628
top (~row 8400),7622,1800,-1.0,6.0,0.5156795978546143
top (~row 8400),7622,1800,-18.0,11.0,0.9552756547927856
top (~row 8400),7622,1800,-10.0,7.0,0.8238211274147034
top (~row 8400),7622,1800,10.0,-2.0,0.913322925567627
top (~row 8400),7622,1800,-16.0,9.0,0.9240808486938477
top (~row 8400),7622,1800,-6.0,4.0,0.9561032056808472
top (~row 8400),7622,1800,-8.0,7.0,0.9459488391876221
top (~row 8400),7622,1800,2.0,3.0,0.9554287195205688
top (~row 8400),7622,1800,-14.0,10.0,0.9534562230110168
top (~row 8400),7622,1800,8.0,12.0,0.7925980687141418
top (~row 8400),7622,1800,-12.0,9.0,0.9565829038619995
top (~row 8400),7622,1800,-16.0,13.0,0.9498721957206726
top (~row 8400),7622,1800,-11.0,9.0,0.8979582786560059
top (~row 8400),7622,1800,-13.0,9.0,0.6718870997428894
top (~row 8400),7622,1800,-15.0,9.0,0.9477747082710266
top (~row 8400),7622,1800,12.0,5.0,0.6538525819778442
top (~row 8400),7622,1800,-2.0,4.0,0.9565756320953369
top (~row 8400),7622,1800,-16.0,7.0,0.23192331194877625
top (~row 8400),7622,1800,-16.0,9.0,0.9322055578231812
top (~row 8400),7622,1800,-17.0,5.0,0.5710557699203491
top (~row 8400),7622,1800,-16.0,9.0,0.9167891144752502
top (~row 8400),7622,1800,-5.0,8.0,0.8619207143783569
top (~row 8400),7622,1800,-16.0,7.0,0.9517364501953125
top (~row 8400),7622,1800,-6.0,5.0,0.9498694539070129
top (~row 8400),7622,1800,-14.0,4.0,0.7514437437057495
top (~row 8400),7622,1800,0.0,5.0,0.23624737560749054
top (~row 8400),7622,1800,-7.0,4.0,0.7137557864189148
top (~row 8400),7622,1800,2.0,9.0,0.9512900710105896
top (~row 8400),7622,1800,-1.0,4.0,0.6313294172286987
top (~row 8400),7622,1800,-2.0,6.0,0.5343316197395325
top (~row 8400),7622,1800,-13.0,9.0,0.9495623707771301
top (~row 8400),7622,1800,-4.0,5.0,0.9006272554397583
top (~row 8400),7622,1800,-17.0,11.0,0.9233753085136414
top (~row 8400),7622,1800,-1.0,4.0,0.9372528791427612
top (~row 8400),7622,1800,-11.0,9.0,0.4071417450904846
top (~row 8400),7622,1800,-16.0,10.0,0.9556081891059875
top (~row 8400),7622,1800,-3.0,4.0,0.9403793811798096
top (~row 8400),7622,1800,12.0,0.0,0.350434273481369
top (~row 8400),7622,1800,-62.0,-3.0,0.39721453189849854
top (~row 8400),7622,1800,-16.0,8.0,0.9151381254196167
top (~row 8400),7622,1800,-40.0,8.0,0.42710915207862854
top (~row 8400),7622,1800,3.0,9.0,0.5710546374320984
top (~row 8400),7622,1800,-13.0,8.0,0.9483850002288818
top (~row 8400),7622,1800,28.0,4.0,0.29631099104881287
top (~row 8400),7622,1800,-15.0,11.0,0.7819495797157288
top (~row 8400),7622,1800,-11.0,6.0,0.7901806831359863
top (~row 8400),7622,1800,-17.0,4.0,0.5671664476394653
top (~row 8400),7622,1800,-4.0,9.0,0.44168820977211
top (~row 8400),7622,1800,-10.0,7.0,0.9215664863586426
top (~row 8400),7622,1800,1.0,5.0,0.7969768643379211
top (~row 8400),7622,1800,-6.0,9.0,0.9541447758674622
top (~row 8400),7622,1800,-5.0,-34.0,0.27104681730270386
top (~row 8400),7622,1800,-19.0,10.0,0.6627509593963623
top (~row 8400),7622,1800,-14.0,8.0,0.8787043690681458
top (~row 8400),7622,1800,-5.0,7.0,0.9558534026145935
top (~row 8400),7622,1800,-10.0,5.0,0.2034345418214798
top (~row 8400),7622,1800,-5.0,6.0,0.9370678663253784
top (~row 8400),7622,1800,-20.0,9.0,0.9365103840827942
top (~row 8400),7622,1800,-93.0,2.0,0.29612818360328674
top (~row 8400),7622,1800,-7.0,-7.0,0.3107430636882782
top (~row 8400),7622,1800,0.0,6.0,0.956696093082428
top (~row 8400),7622,1800,-15.0,2.0,0.7927727103233337
top (~row 8400),7622,1800,-18.0,10.0,0.9537645578384399
top (~row 8400),7622,1800,-12.0,4.0,0.9114877581596375
top (~row 8400),7622,1800,1.0,4.0,0.9536198973655701
top (~row 8400),7622,1800,4.0,0.0,0.9279763698577881
top (~row 8400),7622,1800,-4.0,4.0,0.5543695092201233
top (~row 8400),7622,1800,5.0,2.0,0.9559171795845032
top (~row 8400),7622,1800,-9.0,9.0,0.9513716697692871
top (~row 8400),7622,1800,19.0,20.0,0.39242061972618103
top (~row 8400),7622,1800,-15.0,10.0,0.9567872881889343
top (~row 8400),7622,1800,-1.0,7.0,0.9550943374633789
top (~row 8400),7622,1800,-24.0,-7.0,0.47062909603118896
top (~row 8400),7622,1800,2.0,4.0,0.9523665904998779
top (~row 8400),7622,1800,-8.0,5.0,0.26885056495666504
top (~row 8400),7622,1800,-10.0,14.0,0.7819890975952148
top (~row 8400),7622,1800,2.0,4.0,0.6542730331420898
top (~row 8400),7622,1800,-1.0,1.0,0.656517505645752
top (~row 8400),7622,1800,-6.0,6.0,0.8426716327667236
top (~row 8400),7622,1800,-9.0,9.0,0.9547600746154785
top (~row 8400),7622,1800,1.0,4.0,0.933711051940918
top (~row 8400),7622,1800,1.0,3.0,0.6180011034011841
top (~row 8400),7622,1800,-14.0,11.0,0.9207178950309753
top (~row 8400),7622,1800,-6.0,7.0,0.9525500535964966
top (~row 8400),7622,1800,0.0,4.0,0.24095220863819122
top (~row 8400),7622,1800,-33.0,14.0,0.22123755514621735
top (~row 8400),7622,1800,2.0,6.0,0.9378894567489624
top (~row 8400),7622,1800,-18.0,10.0,0.5371032953262329
top (~row 8400),7622,1800,-22.0,9.0,0.832200825214386
top (~row 8400),7622,1800,-17.0,15.0,0.8192815780639648
top (~row 8400),7622,1800,-19.0,7.0,0.5465357303619385
top (~row 8400),7622,1800,3.0,4.0,0.9552920460700989
top (~row 8400),7622,1800,-2.0,3.0,0.7639807462692261
top (~row 8400),7622,1800,-21.0,3.0,0.7045682668685913
top (~row 8400),7622,1800,-13.0,8.0,0.9551581144332886
top (~row 8400),7622,1800,-2.0,6.0,0.9558014273643494
top (~row 8400),7622,1800,-40.0,-9.0,0.45419901609420776
top (~row 8400),7622,1800,-21.0,10.0,0.2637231945991516
top (~row 8400),7622,1800,-7.0,7.0,0.9529880285263062
top (~row 8400),7622,1800,-16.0,11.0,0.9260225892066956
top (~row 8400),7622,1800,-2.0,2.0,0.8110814690589905
top (~row 8400),7622,1800,1.0,2.0,0.7882862687110901
top (~row 8400),7622,1800,-43.0,66.0,0.25205138325691223
top (~row 8400),7622,1800,-13.0,5.0,0.75124591588974
top (~row 8400),7622,1800,-16.0,10.0,0.9562181234359741
top (~row 8400),7622,1800,-34.0,-3.0,0.6639434695243835
top (~row 8400),7622,1800,-13.0,10.0,0.9191063046455383
top (~row 8400),7622,1800,-3.0,11.0,0.6701982617378235
top (~row 8400),7622,1800,-18.0,9.0,0.5214617848396301
top (~row 8400),7622,1800,-15.0,11.0,0.8996725678443909
top (~row 8400),7622,1800,-7.0,8.0,0.9317025542259216
top (~row 8400),7622,1800,-19.0,7.0,0.5281593799591064
top (~row 8400),7622,1800,-7.0,-29.0,0.25739598274230957
top (~row 8400),7622,1800,3.0,4.0,0.9531198740005493
top (~row 8400),7622,1800,-2.0,5.0,0.9557148218154907
top (~row 8400),7622,1800,-12.0,10.0,0.6887906193733215
top (~row 8400),7622,1800,2.0,3.0,0.23185299336910248
top (~row 8400),7622,1800,-15.0,8.0,0.7289544939994812
top (~row 8400),7622,1800,-13.0,6.0,0.781938374042511
top (~row 8400),7622,1800,-2.0,-7.0,0.21919164061546326
top (~row 8400),7622,1800,-1.0,2.0,0.4519534409046173
top (~row 8400),7622,1800,0.0,-1.0,0.9128509163856506
top (~row 8400),7622,1800,-17.0,7.0,0.7407650947570801
top (~row 8400),7622,1800,-2.0,8.0,0.6308413147926331
top (~row 8400),7622,1800,-17.0,8.0,0.7880178689956665
top (~row 8400),7622,1800,-6.0,-34.0,0.21540045738220215
top (~row 8400),7622,1800,3.0,4.0,0.6721017360687256
top (~row 8400),7622,1800,-28.0,18.0,0.3529248833656311
top (~row 8400),7622,1800,-14.0,9.0,0.9548821449279785
top (~row 8400),7622,1800,-15.0,8.0,0.9530035257339478
top (~row 8400),7622,1800,-16.0,12.0,0.8971741795539856
top (~row 8400),7622,1800,-15.0,8.0,0.49194809794425964
top (~row 8400),7622,1800,-9.0,5.0,0.6947491765022278
top (~row 8400),7622,1800,-8.0,3.0,0.9252917170524597
top (~row 8400),7622,1800,-8.0,-1.0,0.8620588183403015
top (~row 8400),7622,1800,-17.0,10.0,0.9139772057533264
top (~row 8400),7622,1800,-13.0,5.0,0.9102542400360107
top (~row 8400),7622,1800,2.0,8.0,0.8958489894866943
top (~row 8400),7622,1800,-1.0,3.0,0.7825381755828857
top (~row 8400),7622,1800,-12.0,9.0,0.5302786231040955
top (~row 8400),7622,1800,-5.0,8.0,0.939914882183075
top (~row 8400),7622,1800,1.0,4.0,0.8566662073135376
top (~row 8400),7622,1800,21.0,10.0,0.24506404995918274
top (~row 8400),7622,1800,-34.0,-20.0,0.2222704440355301
top (~row 8400),7622,1800,3.0,-8.0,0.3912076950073242
top (~row 8400),7622,1800,-19.0,12.0,0.6667486429214478
top (~row 8400),7622,1800,-6.0,8.0,0.9490970969200134
top (~row 8400),7622,1800,-36.0,29.0,0.3931443393230438
top (~row 8400),7622,1800,-18.0,12.0,0.3549250662326813
top (~row 8400),7622,1800,-13.0,10.0,0.911966860294342
top (~row 8400),7622,1800,-16.0,6.0,0.35891950130462646
top (~row 8400),7622,1800,1.0,6.0,0.8201594352722168
top (~row 8400),7622,1800,2.0,4.0,0.6514973044395447
top (~row 8400),7622,1800,-17.0,11.0,0.9546189904212952
top (~row 8400),7622,1800,-10.0,18.0,0.7635706663131714
top (~row 8400),7622,1800,-9.0,15.0,0.47707173228263855
top (~row 8400),7622,1800,-16.0,6.0,0.3901410400867462
top (~row 8400),7622,1800,15.0,-4.0,0.760958731174469
top (~row 8400),7622,1800,3.0,3.0,0.9530571103096008
top (~row 8400),7622,1800,-18.0,6.0,0.9098593592643738
top (~row 8400),7622,1800,-18.0,6.0,0.9367542266845703
top (~row 8400),7622,1800,-14.0,10.0,0.7212958335876465
top (~row 8400),7622,1800,-7.0,0.0,0.9435270428657532
top (~row 8400),7622,1800,-16.0,7.0,0.8983180522918701
top (~row 8400),7622,1800,-7.0,6.0,0.9519869685173035
top (~row 8400),7622,1800,-7.0,7.0,0.9543941617012024
top (~row 8400),7622,1800,-7.0,8.0,0.8512293100357056
top (~row 8400),7622,1800,-8.0,8.0,0.9484401941299438
top (~row 8400),7622,1800,-5.0,3.0,0.4740923345088959
top (~row 8400),7622,1800,-15.0,11.0,0.942417323589325
top (~row 8400),7622,1800,18.0,4.0,0.4580185115337372
top (~row 8400),7622,1800,-8.0,7.0,0.8112741112709045
top (~row 8400),7622,1800,-1.0,18.0,0.5312175750732422
top (~row 8400),7622,1800,2.0,4.0,0.8504974246025085
top (~row 8400),7622,1800,-17.0,5.0,0.9485523700714111
top (~row 8400),7622,1800,-2.0,5.0,0.9457593560218811
top (~row 8400),7622,1800,-5.0,6.0,0.9088039994239807
top (~row 8400),7622,1800,-12.0,8.0,0.9548184275627136
top (~row 8400),7622,1800,-2.0,5.0,0.7781757116317749
top (~row 8400),7622,1800,-10.0,10.0,0.3866666257381439
top (~row 8400),7622,1800,-13.0,1.0,0.2469557374715805
top (~row 8400),7622,1800,-17.0,11.0,0.7887358665466309
top (~row 8400),7622,1800,1.0,6.0,0.9537035822868347
top (~row 8400),7622,1800,-17.0,8.0,0.9158034324645996
top (~row 8400),7622,1800,2.0,4.0,0.7718135714530945
top (~row 8400),7622,1800,-17.0,-1.0,0.23040656745433807
top (~row 8400),7622,1800,-9.0,10.0,0.869935154914856
top (~row 8400),7622,1800,2.0,3.0,0.8903595805168152
top (~row 8400),7622,1800,-2.0,5.0,0.9128457307815552
top (~row 8400),7622,1800,-16.0,9.0,0.9277533888816833
top (~row 8400),7622,1800,-28.0,5.0,0.32266345620155334
top (~row 8400),7622,1800,-10.0,7.0,0.9485505223274231
top (~row 8400),7622,1800,-11.0,8.0,0.9475885629653931
top (~row 8400),7622,1800,-10.0,9.0,0.9013619422912598
top (~row 8400),7622,1800,-16.0,-3.0,0.5757964849472046
top (~row 8400),7622,1800,0.0,1.0,0.937732994556427
top (~row 8400),7622,1800,5.0,10.0,0.38407596945762634
top (~row 8400),7622,1800,-11.0,0.0,0.919996440410614
top (~row 8400),7622,1800,-46.0,15.0,0.3875921964645386
top (~row 8400),7622,1800,5.0,1.0,0.7173295021057129
top (~row 8400),7622,1800,-10.0,7.0,0.9485722780227661
top (~row 8400),7622,1800,-10.0,9.0,0.9521414041519165
top (~row 8400),7622,1800,-18.0,7.0,0.6024399399757385
top (~row 8400),7622,1800,0.0,18.0,0.6865130066871643
top (~row 8400),7622,1800,0.0,5.0,0.9071959257125854
top (~row 8400),7622,1800,9.0,97.0,0.3225077688694
top (~row 8400),7622,1800,9.0,37.0,0.5006391406059265
top (~row 8400),7622,1800,5.0,0.0,0.6657701730728149
top (~row 8400),7622,1800,19.0,15.0,0.31336456537246704
top (~row 8400),7622,1800,-31.0,1.0,0.43657028675079346
top (~row 8400),7622,1800,-20.0,62.0,0.20310305058956146
top (~row 8400),7622,1800,-2.0,4.0,0.9228981137275696
top (~row 8400),7622,1800,-16.0,12.0,0.7071801424026489
top (~row 8400),7622,1800,0.0,2.0,0.8247597217559814
top (~row 8400),7622,1800,-10.0,8.0,0.6139097213745117
top (~row 8400),7622,1800,-20.0,6.0,0.9533652663230896
top (~row 8400),7622,1800,-16.0,9.0,0.22330664098262787
top (~row 8400),7622,1800,-15.0,11.0,0.6812192797660828
top (~row 8400),7622,1800,-6.0,5.0,0.9536253809928894
top (~row 8400),7622,1800,-20.0,13.0,0.9168205261230469
top (~row 8400),7622,1800,-8.0,1.0,0.45795735716819763
top (~row 8400),7622,1800,-14.0,10.0,0.9311198592185974
top (~row 8400),7622,1800,-39.0,11.0,0.3656144440174103
top (~row 8400),7622,1800,-3.0,4.0,0.9541366100311279
top (~row 8400),7622,1800,-15.0,12.0,0.9455609917640686
top (~row 8400),7622,1800,-10.0,9.0,0.9524438381195068
top (~row 8400),7622,1800,-6.0,16.0,0.7382333278656006
top (~row 8400),7622,1800,-24.0,10.0,0.2314537763595581
top (~row 8400),7622,1800,3.0,9.0,0.93250972032547
top (~row 8400),7622,1800,-11.0,7.0,0.9510342478752136
top (~row 8400),7622,1800,-16.0,8.0,0.5242131948471069
top (~row 8400),7622,1800,-1.0,1.0,0.9139754772186279
top (~row 8400),7622,1800,16.0,-25.0,0.27232468128204346
top (~row 8400),7622,1800,2.0,6.0,0.8875085711479187
top (~row 8400),7622,1800,-17.0,6.0,0.46500638127326965
top (~row 8400),7622,1800,-31.0,-75.0,0.38976728916168213
top (~row 8400),7622,1800,3.0,3.0,0.9548438787460327
top (~row 8400),7622,1800,-13.0,8.0,0.9536717534065247
top (~row 8400),7622,1800,-5.0,4.0,0.9543823599815369
top (~row 8400),7622,1800,3.0,3.0,0.9526028037071228
top (~row 8400),7622,1800,29.0,-17.0,0.5303186178207397
top (~row 8400),7622,1800,-55.0,1.0,0.2549811601638794
top (~row 8400),7622,1800,-11.0,5.0,0.8449949622154236
top (~row 8400),7622,1800,-16.0,9.0,0.5070121884346008
top (~row 8400),7622,1800,-33.0,-14.0,0.39050546288490295
top (~row 8400),7622,1800,1.0,3.0,0.26006102561950684
top (~row 8400),7622,1800,13.0,29.0,0.5851842164993286
top (~row 8400),7622,1800,-12.0,10.0,0.9379485249519348
top (~row 8400),7622,1800,-17.0,9.0,0.3869214951992035
top (~row 8400),7622,1800,-14.0,9.0,0.9549896121025085
top (~row 8400),7622,1800,-7.0,8.0,0.9218442440032959
top (~row 8400),7622,1800,1.0,5.0,0.9010911583900452
top (~row 8400),7622,1800,-20.0,7.0,0.9374513030052185
top (~row 8400),7622,1800,-17.0,9.0,0.9295946955680847
top (~row 8400),7622,1800,-169.0,-10.0,0.26766887307167053
top (~row 8400),7622,1800,-10.0,7.0,0.5420680046081543
top (~row 8400),7622,1800,-16.0,6.0,0.8858436346054077
top (~row 8400),7622,1800,-16.0,11.0,0.6248977780342102
top (~row 8400),7622,1800,-20.0,8.0,0.6011555194854736
top (~row 8400),7622,1800,-12.0,10.0,0.6218734979629517
top (~row 8400),7622,1800,-13.0,8.0,0.9503841400146484
top (~row 8400),7622,1800,-5.0,1.0,0.3013864755630493
top (~row 8400),7622,1800,-39.0,-18.0,0.2100462168455124
top (~row 8400),7622,1800,-16.0,13.0,0.26490238308906555
top (~row 8400),7622,1800,-4.0,11.0,0.44641295075416565
top (~row 8400),7622,1800,-1.0,5.0,0.8945752382278442
top (~row 8400),7622,1800,-15.0,8.0,0.49947646260261536
top (~row 8400),7622,1800,-16.0,10.0,0.9310594797134399
top (~row 8400),7622,1800,-10.0,9.0,0.5775139927864075
top (~row 8400),7622,1800,-16.0,6.0,0.23415975272655487
top (~row 8400),7622,1800,2.0,7.0,0.44178128242492676
top (~row 8400),7622,1800,7.0,15.0,0.20781879127025604
top (~row 8400),7622,1800,-17.0,6.0,0.9217959642410278
top (~row 8400),7622,1800,-3.0,53.0,0.2827467620372772
top (~row 8400),7622,1800,31.0,36.0,0.20746788382530212
top (~row 8400),7622,1800,-18.0,9.0,0.9453834295272827
top (~row 8400),7622,1800,-13.0,11.0,0.8963138461112976
top (~row 8400),7622,1800,-3.0,3.0,0.7011998295783997
top (~row 8400),7622,1800,-14.0,8.0,0.41308343410491943
top (~row 8400),7622,1800,-38.0,33.0,0.3142980635166168
top (~row 8400),7622,1800,1.0,3.0,0.3566201627254486
top (~row 8400),7622,1800,-14.0,10.0,0.9555936455726624
top (~row 8400),7622,1800,13.0,3.0,0.8930468559265137
top (~row 8400),7622,1800,5.0,15.0,0.24491125345230103
top (~row 8400),7622,1800,-21.0,6.0,0.4323503077030182
top (~row 8400),7622,1800,16.0,-14.0,0.20780253410339355
top (~row 8400),7622,1800,1.0,5.0,0.9232714176177979
top (~row 8400),7622,1800,-7.0,8.0,0.9517872929573059
top (~row 8400),7622,1800,-16.0,8.0,0.9102239012718201
top (~row 8400),7622,1800,35.0,-3.0,0.3352760374546051
top (~row 8400),7622,1800,-19.0,-4.0,0.22624357044696808
top (~row 8400),7622,1800,-16.0,-11.0,0.6622247099876404
top (~row 8400),7622,1800,-7.0,-41.0,0.26516878604888916
top (~row 8400),7622,1800,-12.0,9.0,0.9480106830596924
top (~row 8400),7622,1800,-13.0,0.0,0.3407907485961914
top (~row 8400),7622,1800,0.0,5.0,0.6947140097618103
top (~row 8400),7622,1800,-1.0,4.0,0.7120295763015747
top (~row 8400),7622,1800,0.0,-36.0,0.29270052909851074
top (~row 8400),7622,1800,3.0,-1.0,0.23940061032772064
top (~row 8400),7622,1800,18.0,-29.0,0.40259993076324463
top (~row 8400),7622,1800,-9.0,22.0,0.7033047676086426
top (~row 8400),7622,1800,-20.0,6.0,0.7123976945877075
top (~row 8400),7622,1800,-2.0,4.0,0.9554833173751831
top (~row 8400),7622,1800,-14.0,9.0,0.953069806098938
top (~row 8400),7622,1800,-3.0,5.0,0.9546281099319458
top (~row 8400),7622,1800,-4.0,6.0,0.9562181234359741
top (~row 8400),7622,1800,-22.0,8.0,0.6141340136528015
top (~row 8400),7622,1800,1.0,3.0,0.955649197101593
top (~row 8400),7622,1800,-11.0,8.0,0.6709790825843811
top (~row 8400),7622,1800,9.0,-14.0,0.5667420029640198
top (~row 8400),7622,1800,-17.0,9.0,0.9514387845993042
top (~row 8400),7622,1800,8.0,13.0,0.26023295521736145
top (~row 8400),7622,1800,-8.0,4.0,0.9410512447357178
top (~row 8400),7622,1800,-11.0,13.0,0.8237158060073853
top (~row 8400),7622,1800,20.0,4.0,0.6725955009460449
top (~row 8400),7622,1800,-6.0,7.0,0.9559400081634521
top (~row 8400),7622,1800,-22.0,-22.0,0.33239415287971497
top (~row 8400),7622,1800,-3.0,11.0,0.7677224278450012
top (~row 8400),7622,1800,-14.0,28.0,0.4514227509498596
top (~row 8400),7622,1800,-18.0,10.0,0.9351314902305603
top (~row 8400),7622,1800,-4.0,9.0,0.5799999237060547
top (~row 8400),7622,1800,-16.0,-26.0,0.6041072607040405
top (~row 8400),7622,1800,-19.0,6.0,0.7267464399337769
top (~row 8400),7622,1800,-11.0,2.0,0.4123183488845825
top (~row 8400),7622,1800,-8.0,8.0,0.7435182929039001
top (~row 8400),7622,1800,-2.0,13.0,0.36220431327819824
top (~row 8400),7622,1800,-12.0,11.0,0.8064090013504028
top (~row 8400),7622,1800,-14.0,13.0,0.7956986427307129
top (~row 8400),7622,1800,-9.0,8.0,0.9558697938919067
top (~row 8400),7622,1800,69.0,63.0,0.5412900447845459
top (~row 8400),7622,1800,115.0,35.0,0.28689223527908325
top (~row 8400),7622,1800,-17.0,7.0,0.8809572458267212
top (~row 8400),7622,1800,-19.0,10.0,0.523700475692749
top (~row 8400),7622,1800,-38.0,-1.0,0.34102484583854675
top (~row 8400),7622,1800,2.0,4.0,0.954117476940155
top (~row 8400),7622,1800,1.0,2.0,0.9381811618804932
top (~row 8400),7622,1800,-3.0,2.0,0.9264705181121826
top (~row 8400),7622,1800,-8.0,4.0,0.9088915586471558
top (~row 8400),7622,1800,-14.0,8.0,0.5022881031036377
top (~row 8400),7622,1800,2.0,1.0,0.7465978264808655
top (~row 8400),7622,1800,7.0,5.0,0.40205317735671997
top (~row 8400),7622,1800,-17.0,10.0,0.9387467503547668
top (~row 8400),7622,1800,2.0,6.0,0.8616461753845215
top (~row 8400),7622,1800,-14.0,7.0,0.5575230121612549
top (~row 8400),7622,1800,77.0,13.0,0.2624278664588928
top (~row 8400),7622,1800,-19.0,12.0,0.65317702293396
top (~row 8400),7622,1800,-16.0,9.0,0.516151487827301
top (~row 8400),7622,1800,-15.0,9.0,0.7656225562095642
top (~row 8400),7622,1800,-9.0,6.0,0.9555525779724121
top (~row 8400),7622,1800,-5.0,2.0,0.5444662570953369
top (~row 8400),7622,1800,-1.0,5.0,0.9542485475540161
top (~row 8400),7622,1800,-16.0,8.0,0.917969286441803
top (~row 8400),7622,1800,-16.0,8.0,0.8806641101837158
top (~row 8400),7622,1800,-22.0,20.0,0.5702220797538757
top (~row 8400),7622,1800,24.0,21.0,0.8660141229629517
top (~row 8400),7622,1800,-1.0,4.0,0.8466865420341492
top (~row 8400),7622,1800,-9.0,5.0,0.9526772499084473
top (~row 8400),7622,1800,-17.0,9.0,0.8842272758483887
top (~row 8400),7622,1800,-12.0,21.0,0.2295050323009491
top (~row 8400),7622,1800,-33.0,-35.0,0.4813966155052185
top (~row 8400),7622,1800,-19.0,11.0,0.9558843970298767
top (~row 8400),7622,1800,-3.0,2.0,0.8342095613479614
top (~row 8400),7622,1800,-9.0,6.0,0.41982993483543396
top (~row 8400),7622,1800,-1.0,4.0,0.7247033715248108
top (~row 8400),7622,1800,-17.0,16.0,0.8026020526885986
top (~row 8400),7622,1800,21.0,1.0,0.35829877853393555
top (~row 8400),7622,1800,-15.0,8.0,0.9469380974769592
top (~row 8400),7622,1800,0.0,8.0,0.8982306122779846
top (~row 8400),7622,1800,-16.0,14.0,0.6540721654891968
top (~row 8400),7622,1800,-13.0,7.0,0.9550496935844421
top (~row 8400),7622,1800,-15.0,10.0,0.9397894740104675
top (~row 8400),7622,1800,-15.0,6.0,0.92769855260849
top (~row 8400),7622,1800,2.0,3.0,0.9556692838668823
top (~row 8400),7622,1800,-11.0,6.0,0.4863377809524536
top (~row 8400),7622,1800,2.0,5.0,0.9485975503921509
top (~row 8400),7622,1800,-16.0,9.0,0.9542449116706848
top (~row 8400),7622,1800,-15.0,7.0,0.8969380855560303
top (~row 8400),7622,1800,2.0,3.0,0.9306795001029968
top (~row 8400),7622,1800,-11.0,9.0,0.2914543151855469
top (~row 8400),7622,1800,-37.0,10.0,0.37501147389411926
top (~row 8400),7622,1800,-17.0,9.0,0.9508237838745117
top (~row 8400),7622,1800,23.0,63.0,0.4036098122596741
top (~row 8400),7622,1800,-14.0,15.0,0.8839338421821594
top (~row 8400),7622,1800,-4.0,16.0,0.3899420201778412
top (~row 8400),7622,1800,-16.0,5.0,0.6095308661460876
top (~row 8400),7622,1800,-15.0,11.0,0.952711820602417
top (~row 8400),7622,1800,-10.0,5.0,0.7657225728034973
top (~row 8400),7622,1800,-16.0,11.0,0.8484899401664734
top (~row 8400),7622,1800,-6.0,3.0,0.9532816410064697
top (~row 8400),7622,1800,-67.0,14.0,0.2359422743320465
top (~row 8400),7622,1800,-5.0,3.0,0.8869687914848328
top (~row 8400),7622,1800,-8.0,31.0,0.4877302348613739
top (~row 8400),7622,1800,3.0,4.0,0.9517654776573181
top (~row 8400),7622,1800,-9.0,7.0,0.9254875779151917
top (~row 8400),7622,1800,-59.0,-4.0,0.25891056656837463
top (~row 8400),7622,1800,-18.0,10.0,0.954762876033783
top (~row 8400),7622,1800,2.0,5.0,0.9540119171142578
top (~row 8400),7622,1800,-4.0,3.0,0.9528871774673462
top (~row 8400),7622,1800,-15.0,10.0,0.8957293629646301
top (~row 8400),7622,1800,-10.0,9.0,0.673248827457428
top (~row 8400),7622,1800,13.0,-2.0,0.6474385261535645
top (~row 8400),7622,1800,-16.0,10.0,0.9511194825172424
top (~row 8400),7622,1800,-10.0,14.0,0.3934241235256195
top (~row 8400),7622,1800,5.0,26.0,0.6191779971122742
top (~row 8400),7622,1800,-1.0,3.0,0.9109203219413757
top (~row 8400),7622,1800,-6.0,9.0,0.6481978297233582
top (~row 8400),7622,1800,-16.0,10.0,0.9038487076759338
top (~row 8400),7622,1800,-14.0,7.0,0.5938889980316162
top (~row 8400),7622,1800,-8.0,11.0,0.34530577063560486
top (~row 8400),7622,1800,-2.0,5.0,0.7945657968521118
top (~row 8400),7622,1800,-4.0,3.0,0.951568603515625
top (~row 8400),7622,1800,41.0,1.0,0.41176581382751465
top (~row 8400),7622,1800,-15.0,9.0,0.9524801969528198
top (~row 8400),7622,1800,1.0,2.0,0.5206319689750671
top (~row 8400),7622,1800,-7.0,1.0,0.48838794231414795
top (~row 8400),7622,1800,-7.0,5.0,0.9545744061470032
top (~row 8400),7622,1800,-5.0,12.0,0.8641998767852783
top (~row 8400),7622,1800,-4.0,3.0,0.8713907599449158
top (~row 8400),7622,1800,-17.0,10.0,0.42383310198783875
top (~row 8400),7622,1800,-22.0,10.0,0.9222250580787659
top (~row 8400),7622,1800,2.0,5.0,0.3199388086795807
top (~row 8400),7622,1800,0.0,6.0,0.7386903166770935
top (~row 8400),7622,1800,-55.0,7.0,0.3303025960922241
top (~row 8400),7622,1800,-14.0,5.0,0.2940221428871155
top (~row 8400),7622,1800,-32.0,89.0,0.295310914516449
top (~row 8400),7622,1800,-27.0,68.0,0.639725387096405
top (~row 8400),7622,1800,-11.0,7.0,0.9454465508460999
top (~row 8400),7622,1800,23.0,3.0,0.3977429270744324
top (~row 8400),7622,1800,-16.0,10.0,0.3448144793510437
top (~row 8400),7622,1800,56.0,-34.0,0.3486994206905365
top (~row 8400),7622,1800,-17.0,10.0,0.9110314846038818
top (~row 8400),7622,1800,-10.0,11.0,0.9509126543998718
top (~row 8400),7622,1800,1.0,5.0,0.9477295279502869
top (~row 8400),7622,1800,-12.0,7.0,0.9488364458084106
top (~row 8400),7622,1800,6.0,13.0,0.20809106528759003
top (~row 8400),7622,1800,1.0,-4.0,0.6931489109992981
top (~row 8400),7622,1800,-11.0,11.0,0.8616355061531067
top (~row 8400),7622,1800,-4.0,-5.0,0.3128163814544678
top (~row 8400),7622,1800,-7.0,6.0,0.9536589980125427
top (~row 8400),7622,1800,18.0,6.0,0.28243735432624817
top (~row 8400),7622,1800,-18.0,-1.0,0.9011178016662598
top (~row 8400),7622,1800,-6.0,3.0,0.7920079231262207
top (~row 8400),7622,1800,-52.0,2.0,0.4565305709838867
top (~row 8400),7622,1800,-4.0,6.0,0.9555389285087585
top (~row 8400),7622,1800,-16.0,11.0,0.9388362765312195
top (~row 8400),7622,1800,8.0,-1.0,0.40268170833587646
top (~row 8400),7622,1800,0.0,2.0,0.3845612406730652
top (~row 8400),7622,1800,-6.0,5.0,0.9382258653640747
top (~row 8400),7622,1800,-10.0,5.0,0.6029216051101685
top (~row 8400),7622,1800,-52.0,-10.0,0.5356178879737854
top (~row 8400),7622,1800,-8.0,6.0,0.9554132223129272
top (~row 8400),7622,1800,-18.0,10.0,0.956298291683197
top (~row 8400),7622,1800,-8.0,7.0,0.8702995181083679
top (~row 8400),7622,1800,-15.0,50.0,0.48849087953567505
top (~row 8400),7622,1800,1.0,5.0,0.9534925818443298
top (~row 8400),7622,1800,-7.0,7.0,0.9480838179588318
top (~row 8400),7622,1800,30.0,3.0,0.332756370306015
top (~row 8400),7622,1800,-16.0,4.0,0.6009915471076965
top (~row 8400),7622,1800,-39.0,14.0,0.5760744214057922
top (~row 8400),7622,1800,-39.0,14.0,0.6483999490737915
top (~row 8400),7622,1800,7.0,10.0,0.903076708316803
top (~row 8400),7622,1800,5.0,27.0,0.3464064300060272
top (~row 8400),7622,1800,-15.0,11.0,0.6306012868881226
top (~row 8400),7622,1800,-16.0,8.0,0.5043622255325317
top (~row 8400),7622,1800,0.0,3.0,0.9195648431777954
top (~row 8400),7622,1800,-36.0,1.0,0.7750900983810425
top (~row 8400),7622,1800,-7.0,5.0,0.7895938754081726
upper-middle (~row 10900),10122,1800,15.0,-16.0,0.869927704334259
upper-middle (~row 10900),10122,1800,17.0,-24.0,0.9371554851531982
upper-middle (~row 10900),10122,1800,7.0,-12.0,0.5145301222801208
upper-middle (~row 10900),10122,1800,61.0,25.0,0.27866676449775696
upper-middle (~row 10900),10122,1800,192.0,-138.0,0.273892879486084
upper-middle (~row 10900),10122,1800,15.0,-17.0,0.8695387244224548
upper-middle (~row 10900),10122,1800,7.0,-30.0,0.7815865278244019
upper-middle (~row 10900),10122,1800,7.0,-16.0,0.3613032102584839
upper-middle (~row 10900),10122,1800,171.0,42.0,0.3221813142299652
upper-middle (~row 10900),10122,1800,198.0,5.0,0.6124822497367859
upper-middle (~row 10900),10122,1800,15.0,-14.0,0.582391619682312
upper-middle (~row 10900),10122,1800,10.0,-20.0,0.9098454713821411
upper-middle (~row 10900),10122,1800,13.0,-17.0,0.33109039068222046
upper-middle (~row 10900),10122,1800,13.0,-19.0,0.9434136748313904
upper-middle (~row 10900),10122,1800,19.0,-21.0,0.7791113257408142
upper-middle (~row 10900),10122,1800,12.0,-30.0,0.6547861099243164
upper-middle (~row 10900),10122,1800,15.0,-14.0,0.38816407322883606
upper-middle (~row 10900),10122,1800,17.0,-22.0,0.9414417743682861
upper-middle (~row 10900),10122,1800,187.0,50.0,0.406161367893219
upper-middle (~row 10900),10122,1800,-132.0,-34.0,0.33307671546936035
upper-middle (~row 10900),10122,1800,-41.0,-134.0,0.6831475496292114
upper-middle (~row 10900),10122,1800,16.0,11.0,0.3661311864852905
upper-middle (~row 10900),10122,1800,4.0,-9.0,0.9330825805664062
upper-middle (~row 10900),10122,1800,27.0,-30.0,0.5900894403457642
upper-middle (~row 10900),10122,1800,11.0,-11.0,0.944129228591919
upper-middle (~row 10900),10122,1800,16.0,-17.0,0.9257021546363831
upper-middle (~row 10900),10122,1800,9.0,-18.0,0.2392169088125229
upper-middle (~row 10900),10122,1800,2.0,-10.0,0.30556854605674744
upper-middle (~row 10900),10122,1800,13.0,-15.0,0.842126190662384
upper-middle (~row 10900),10122,1800,13.0,-20.0,0.9174075126647949
upper-middle (~row 10900),10122,1800,3.0,-14.0,0.7089141607284546
upper-middle (~row 10900),10122,1800,189.0,-80.0,0.20368729531764984
upper-middle (~row 10900),10122,1800,9.0,-7.0,0.764892041683197
upper-middle (~row 10900),10122,1800,12.0,-19.0,0.34716707468032837
upper-middle (~row 10900),10122,1800,8.0,-19.0,0.6320323944091797
upper-middle (~row 10900),10122,1800,16.0,-22.0,0.9386367201805115
upper-middle (~row 10900),10122,1800,10.0,-34.0,0.7496642470359802
upper-middle (~row 10900),10122,1800,23.0,-29.0,0.7764321565628052
upper-middle (~row 10900),10122,1800,14.0,-23.0,0.9183291792869568
upper-middle (~row 10900),10122,1800,213.0,-133.0,0.38422325253486633
upper-middle (~row 10900),10122,1800,14.0,-23.0,0.7527498602867126
upper-middle (~row 10900),10122,1800,12.0,-11.0,0.8828782439231873
upper-middle (~row 10900),10122,1800,18.0,-17.0,0.8320135474205017
upper-middle (~row 10900),10122,1800,9.0,-10.0,0.28040918707847595
upper-middle (~row 10900),10122,1800,23.0,-32.0,0.4028937518596649
upper-middle (~row 10900),10122,1800,122.0,21.0,0.28168338537216187
upper-middle (~row 10900),10122,1800,12.0,-24.0,0.9489794373512268
upper-middle (~row 10900),10122,1800,32.0,-16.0,0.8617481589317322
upper-middle (~row 10900),10122,1800,7.0,-7.0,0.2216474711894989
upper-middle (~row 10900),10122,1800,10.0,-10.0,0.3543413281440735
upper-middle (~row 10900),10122,1800,-20.0,-13.0,0.32799261808395386
upper-middle (~row 10900),10122,1800,16.0,-16.0,0.9414004683494568
upper-middle (~row 10900),10122,1800,25.0,-27.0,0.6717320680618286
upper-middle (~row 10900),10122,1800,12.0,-16.0,0.9254964590072632
upper-middle (~row 10900),10122,1800,17.0,-22.0,0.9403560757637024
upper-middle (~row 10900),10122,1800,52.0,-10.0,0.42626848816871643
upper-middle (~row 10900),10122,1800,23.0,-13.0,0.36461928486824036
upper-middle (~row 10900),10122,1800,87.0,-4.0,0.5530535578727722
upper-middle (~row 10900),10122,1800,17.0,-19.0,0.8875525593757629
upper-middle (~row 10900),10122,1800,22.0,-22.0,0.7791217565536499
upper-middle (~row 10900),10122,1800,20.0,-24.0,0.9446146488189697
upper-middle (~row 10900),10122,1800,-19.0,-22.0,0.696785569190979
upper-middle (~row 10900),10122,1800,-16.0,-32.0,0.6638699769973755
upper-middle (~row 10900),10122,1800,39.0,-45.0,0.2692957818508148
upper-middle (~row 10900),10122,1800,15.0,-22.0,0.945328414440155
upper-middle (~row 10900),10122,1800,13.0,-12.0,0.8779228329658508
upper-middle (~row 10900),10122,1800,19.0,-23.0,0.8281148672103882
upper-middle (~row 10900),10122,1800,26.0,-16.0,0.8335805535316467
upper-middle (~row 10900),10122,1800,5.0,5.0,0.42387714982032776
upper-middle (~row 10900),10122,1800,10.0,-14.0,0.7551665306091309
upper-middle (~row 10900),10122,1800,11.0,-5.0,0.30002716183662415
upper-middle (~row 10900),10122,1800,-21.0,11.0,0.8903502225875854
upper-middle (~row 10900),10122,1800,23.0,-22.0,0.7446835041046143
upper-middle (~row 10900),10122,1800,17.0,-24.0,0.9231366515159607
upper-middle (~row 10900),10122,1800,8.0,-16.0,0.504101574420929
upper-middle (~row 10900),10122,1800,0.0,11.0,0.39412298798561096
upper-middle (~row 10900),10122,1800,12.0,-14.0,0.8541421294212341
upper-middle (~row 10900),10122,1800,10.0,-10.0,0.7847607731819153
upper-middle (~row 10900),10122,1800,13.0,-11.0,0.5158242583274841
upper-middle (~row 10900),10122,1800,13.0,-12.0,0.38221466541290283
upper-middle (~row 10900),10122,1800,10.0,-5.0,0.21393240988254547
upper-middle (~row 10900),10122,1800,3.0,-7.0,0.8160602450370789
upper-middle (~row 10900),10122,1800,8.0,-15.0,0.9270281791687012
upper-middle (~row 10900),10122,1800,19.0,-28.0,0.6827111840248108
upper-middle (~row 10900),10122,1800,18.0,-22.0,0.4994393289089203
upper-middle (~row 10900),10122,1800,11.0,-20.0,0.8825667500495911
upper-middle (~row 10900),10122,1800,18.0,-18.0,0.7838236093521118
upper-middle (~row 10900),10122,1800,19.0,-26.0,0.9131121635437012
upper-middle (~row 10900),10122,1800,-11.0,-33.0,0.20347565412521362
upper-middle (~row 10900),10122,1800,12.0,-79.0,0.6795088648796082
upper-middle (~row 10900),10122,1800,-116.0,-98.0,0.3143337368965149
upper-middle (~row 10900),10122,1800,15.0,-15.0,0.46236684918403625
upper-middle (~row 10900),10122,1800,-132.0,101.0,0.29903995990753174
upper-middle (~row 10900),10122,1800,12.0,-22.0,0.6676955223083496
upper-middle (~row 10900),10122,1800,14.0,-19.0,0.9271838068962097
upper-middle (~row 10900),10122,1800,13.0,-20.0,0.9449895024299622
upper-middle (~row 10900),10122,1800,3.0,-16.0,0.7243813276290894
upper-middle (~row 10900),10122,1800,13.0,-12.0,0.9271440505981445
upper-middle (~row 10900),10122,1800,-2.0,1.0,0.6137083768844604
upper-middle (~row 10900),10122,1800,4.0,-14.0,0.4472856819629669
upper-middle (~row 10900),10122,1800,25.0,-7.0,0.7011249661445618
upper-middle (~row 10900),10122,1800,15.0,-15.0,0.6538656949996948
upper-middle (~row 10900),10122,1800,13.0,-22.0,0.5674954056739807
upper-middle (~row 10900),10122,1800,24.0,-18.0,0.8761972784996033
upper-middle (~row 10900),10122,1800,20.0,-21.0,0.9480404257774353
upper-middle (~row 10900),10122,1800,38.0,-8.0,0.7607990503311157
upper-middle (~row 10900),10122,1800,21.0,-15.0,0.9248497486114502
upper-middle (~row 10900),10122,1800,9.0,-20.0,0.46678677201271057
upper-middle (~row 10900),10122,1800,20.0,-19.0,0.8439841866493225
upper-middle (~row 10900),10122,1800,14.0,-14.0,0.9461436867713928
upper-middle (~row 10900),10122,1800,22.0,-25.0,0.918677806854248
upper-middle (~row 10900),10122,1800,101.0,-118.0,0.46709489822387695
upper-middle (~row 10900),10122,1800,17.0,1.0,0.2722363770008087
upper-middle (~row 10900),10122,1800,65.0,-46.0,0.49254006147384644
upper-middle (~row 10900),10122,1800,17.0,-16.0,0.9455024003982544
upper-middle (~row 10900),10122,1800,12.0,-19.0,0.873920738697052
upper-middle (~row 10900),10122,1800,25.0,-102.0,0.2527831494808197
upper-middle (~row 10900),10122,1800,131.0,-109.0,0.28615254163742065
upper-middle (~row 10900),10122,1800,20.0,-25.0,0.5229319334030151
upper-middle (~row 10900),10122,1800,20.0,-22.0,0.9458974003791809
upper-middle (~row 10900),10122,1800,22.0,-26.0,0.6317792534828186
upper-middle (~row 10900),10122,1800,9.0,-16.0,0.5808008313179016
upper-middle (~row 10900),10122,1800,9.0,-20.0,0.682590126991272
upper-middle (~row 10900),10122,1800,83.0,-71.0,0.6462233066558838
upper-middle (~row 10900),10122,1800,14.0,-16.0,0.9203755259513855
upper-middle (~row 10900),10122,1800,12.0,-24.0,0.4270692467689514
upper-middle (~row 10900),10122,1800,17.0,-26.0,0.9351707696914673
upper-middle (~row 10900),10122,1800,79.0,-9.0,0.657243549823761
upper-middle (~row 10900),10122,1800,9.0,-9.0,0.606043815612793
upper-middle (~row 10900),10122,1800,-165.0,-87.0,0.5435039401054382
upper-middle (~row 10900),10122,1800,14.0,-20.0,0.9381990432739258
upper-middle (~row 10900),10122,1800,13.0,-23.0,0.36270347237586975
upper-middle (~row 10900),10122,1800,14.0,-24.0,0.9405623078346252
upper-middle (~row 10900),10122,1800,12.0,-25.0,0.9491024613380432
upper-middle (~row 10900),10122,1800,11.0,-12.0,0.6372131109237671
upper-middle (~row 10900),10122,1800,20.0,-26.0,0.417806476354599
upper-middle (~row 10900),10122,1800,19.0,-22.0,0.9495334625244141
upper-middle (~row 10900),10122,1800,19.0,-24.0,0.8912490606307983
upper-middle (~row 10900),10122,1800,9.0,-17.0,0.9502092003822327
upper-middle (~row 10900),10122,1800,12.0,-23.0,0.3402523100376129
upper-middle (~row 10900),10122,1800,106.0,-96.0,0.33820775151252747
upper-middle (~row 10900),10122,1800,15.0,-13.0,0.909325897693634
upper-middle (~row 10900),10122,1800,19.0,-14.0,0.5736835598945618
upper-middle (~row 10900),10122,1800,23.0,-28.0,0.9301027655601501
upper-middle (~row 10900),10122,1800,11.0,-13.0,0.9466545581817627
upper-middle (~row 10900),10122,1800,34.0,-28.0,0.766961395740509
upper-middle (~row 10900),10122,1800,14.0,-22.0,0.8357440829277039
upper-middle (~row 10900),10122,1800,15.0,-27.0,0.9386635422706604
upper-middle (~row 10900),10122,1800,2.0,-14.0,0.3693590760231018
upper-middle (~row 10900),10122,1800,20.0,-31.0,0.882742702960968
upper-middle (~row 10900),10122,1800,13.0,-22.0,0.9470049142837524
upper-middle (~row 10900),10122,1800,-15.0,-27.0,0.20968975126743317
upper-middle (~row 10900),10122,1800,14.0,-24.0,0.35337379574775696
upper-middle (~row 10900),10122,1800,14.0,-18.0,0.8924211263656616
upper-middle (~row 10900),10122,1800,6.0,-15.0,0.6305814385414124
upper-middle (~row 10900),10122,1800,7.0,-17.0,0.33178386092185974
upper-middle (~row 10900),10122,1800,22.0,-32.0,0.5271268486976624
upper-middle (~row 10900),10122,1800,9.0,-20.0,0.8920314311981201
upper-middle (~row 10900),10122,1800,28.0,-26.0,0.9332819581031799
upper-middle (~row 10900),10122,1800,20.0,-22.0,0.9494682550430298
upper-middle (~row 10900),10122,1800,14.0,-25.0,0.5947011709213257
upper-middle (~row 10900),10122,1800,23.0,-30.0,0.92441326379776
upper-middle (~row 10900),10122,1800,14.0,-20.0,0.9447047710418701
upper-middle (~row 10900),10122,1800,60.0,-28.0,0.6707890629768372
upper-middle (~row 10900),10122,1800,13.0,-16.0,0.5130923986434937
upper-middle (~row 10900),10122,1800,3.0,-10.0,0.27617982029914856
upper-middle (~row 10900),10122,1800,14.0,-23.0,0.9492074847221375
upper-middle (~row 10900),10122,1800,67.0,-25.0,0.436872661113739
upper-middle (~row 10900),10122,1800,21.0,-27.0,0.9459750056266785
upper-middle (~row 10900),10122,1800,9.0,-17.0,0.6962388753890991
upper-middle (~row 10900),10122,1800,19.0,-22.0,0.8836287260055542
upper-middle (~row 10900),10122,1800,29.0,-30.0,0.7350004315376282
upper-middle (~row 10900),10122,1800,22.0,-33.0,0.9055173397064209
upper-middle (~row 10900),10122,1800,49.0,-24.0,0.8285415172576904
upper-middle (~row 10900),10122,1800,14.0,-18.0,0.9496403336524963
upper-middle (~row 10900),10122,1800,19.0,-28.0,0.9295015931129456
upper-middle (~row 10900),10122,1800,12.0,-21.0,0.920179009437561
upper-middle (~row 10900),10122,1800,55.0,-26.0,0.5443821549415588
upper-middle (~row 10900),10122,1800,139.0,-14.0,0.45861732959747314
upper-middle (~row 10900),10122,1800,-63.0,-88.0,0.5923267006874084
upper-middle (~row 10900),10122,1800,6.0,-12.0,0.9325968623161316
upper-middle (~row 10900),10122,1800,145.0,35.0,0.20324894785881042
upper-middle (~row 10900),10122,1800,22.0,-31.0,0.8836894035339355
upper-middle (~row 10900),10122,1800,192.0,-85.0,0.37323498725891113
upper-middle (~row 10900),10122,1800,21.0,-30.0,0.9443678259849548
upper-middle (~row 10900),10122,1800,57.0,-86.0,0.28854021430015564
upper-middle (~row 10900),10122,1800,3.0,-9.0,0.24215030670166016
upper-middle (~row 10900),10122,1800,13.0,-78.0,0.33259615302085876
upper-middle (~row 10900),10122,1800,13.0,-19.0,0.685156524181366
upper-middle (~row 10900),10122,1800,90.0,61.0,0.38543951511383057
upper-middle (~row 10900),10122,1800,16.0,-10.0,0.43838682770729065
upper-middle (~row 10900),10122,1800,-52.0,-67.0,0.23888064920902252
upper-middle (~row 10900),10122,1800,196.0,31.0,0.3512255549430847
upper-middle (~row 10900),10122,1800,19.0,-22.0,0.3084692358970642
upper-middle (~row 10900),10122,1800,-21.0,-56.0,0.20688582956790924
upper-middle (~row 10900),10122,1800,20.0,-21.0,0.9494999647140503
upper-middle (~row 10900),10122,1800,14.0,-19.0,0.9395142793655396
upper-middle (~row 10900),10122,1800,13.0,-25.0,0.9419392943382263
upper-middle (~row 10900),10122,1800,19.0,-28.0,0.937791109085083
upper-middle (~row 10900),10122,1800,17.0,-20.0,0.22775983810424805
upper-middle (~row 10900),10122,1800,15.0,-14.0,0.5780296921730042
upper-middle (~row 10900),10122,1800,12.0,-14.0,0.6938327550888062
upper-middle (~row 10900),10122,1800,23.0,-29.0,0.8770132660865784
upper-middle (~row 10900),10122,1800,20.0,-21.0,0.8197004795074463
upper-middle (~row 10900),10122,1800,20.0,-27.0,0.8895889520645142
upper-middle (~row 10900),10122,1800,15.0,-23.0,0.926163911819458
upper-middle (~row 10900),10122,1800,21.0,-24.0,0.5000636577606201
upper-middle (~row 10900),10122,1800,21.0,-84.0,0.9012346267700195
upper-middle (~row 10900),10122,1800,19.0,-31.0,0.9491857886314392
upper-middle (~row 10900),10122,1800,20.0,-24.0,0.9135180115699768
upper-middle (~row 10900),10122,1800,7.0,-20.0,0.9074165225028992
upper-middle (~row 10900),10122,1800,13.0,-14.0,0.8310777544975281
upper-middle (~row 10900),10122,1800,18.0,-18.0,0.936246931552887
upper-middle (~row 10900),10122,1800,-11.0,-37.0,0.5785161256790161
upper-middle (~row 10900),10122,1800,24.0,-22.0,0.5465837121009827
upper-middle (~row 10900),10122,1800,8.0,-12.0,0.4808826744556427
upper-middle (~row 10900),10122,1800,113.0,4.0,0.27985671162605286
upper-middle (~row 10900),10122,1800,17.0,-15.0,0.5033608078956604
upper-middle (~row 10900),10122,1800,-65.0,-121.0,0.33647820353507996
upper-middle (~row 10900),10122,1800,24.0,-28.0,0.9339274168014526
upper-middle (~row 10900),10122,1800,15.0,-25.0,0.8536144495010376
upper-middle (~row 10900),10122,1800,18.0,-20.0,0.5256198644638062
upper-middle (~row 10900),10122,1800,33.0,-58.0,0.5007202625274658
upper-middle (~row 10900),10122,1800,21.0,-111.0,0.5122915506362915
upper-middle (~row 10900),10122,1800,19.0,-29.0,0.9098402857780457
upper-middle (~row 10900),10122,1800,19.0,-16.0,0.27307313680648804
upper-middle (~row 10900),10122,1800,0.0,44.0,0.3656601309776306
upper-middle (~row 10900),10122,1800,20.0,-27.0,0.659261167049408
upper-middle (~row 10900),10122,1800,3.0,-9.0,0.7299318909645081
upper-middle (~row 10900),10122,1800,26.0,-20.0,0.7169471383094788
upper-middle (~row 10900),10122,1800,21.0,-30.0,0.9150063395500183
upper-middle (~row 10900),10122,1800,18.0,-22.0,0.8702463507652283
upper-middle (~row 10900),10122,1800,12.0,-17.0,0.9395878314971924
upper-middle (~row 10900),10122,1800,152.0,-50.0,0.24246063828468323
upper-middle (~row 10900),10122,1800,15.0,-25.0,0.6893616318702698
upper-middle (~row 10900),10122,1800,14.0,-23.0,0.9039496183395386
upper-middle (~row 10900),10122,1800,15.0,-18.0,0.8380283117294312
upper-middle (~row 10900),10122,1800,3.0,-9.0,0.28334683179855347
upper-middle (~row 10900),10122,1800,15.0,-24.0,0.9158837795257568
upper-middle (~row 10900),10122,1800,6.0,8.0,0.3723461925983429
upper-middle (~row 10900),10122,1800,-57.0,-95.0,0.7812973260879517
upper-middle (~row 10900),10122,1800,-13.0,27.0,0.31809815764427185
upper-middle (~row 10900),10122,1800,4.0,-9.0,0.31448155641555786
upper-middle (~row 10900),10122,1800,40.0,-6.0,0.3916975259780884
upper-middle (~row 10900),10122,1800,9.0,-14.0,0.5848410725593567
upper-middle (~row 10900),10122,1800,18.0,-17.0,0.710005521774292
upper-middle (~row 10900),10122,1800,59.0,0.0,0.7862275838851929
upper-middle (~row 10900),10122,1800,13.0,-11.0,0.9336469769477844
upper-middle (~row 10900),10122,1800,108.0,96.0,0.234347864985466
upper-middle (~row 10900),10122,1800,41.0,-58.0,0.21960046887397766
upper-middle (~row 10900),10122,1800,-173.0,-160.0,0.2929200232028961
upper-middle (~row 10900),10122,1800,19.0,-28.0,0.46692386269569397
upper-middle (~row 10900),10122,1800,10.0,-20.0,0.9384361505508423
upper-middle (~row 10900),10122,1800,24.0,-79.0,0.38697096705436707
upper-middle (~row 10900),10122,1800,146.0,-54.0,0.210841566324234
upper-middle (~row 10900),10122,1800,13.0,-16.0,0.9437286257743835
upper-middle (~row 10900),10122,1800,7.0,-32.0,0.39840689301490784
upper-middle (~row 10900),10122,1800,20.0,-30.0,0.9231472015380859
upper-middle (~row 10900),10122,1800,13.0,-15.0,0.6328514814376831
upper-middle (~row 10900),10122,1800,20.0,-28.0,0.8630360960960388
upper-middle (~row 10900),10122,1800,23.0,-25.0,0.778179407119751
upper-middle (~row 10900),10122,1800,42.0,-40.0,0.6515035033226013
upper-middle (~row 10900),10122,1800,20.0,-23.0,0.9469751119613647
upper-middle (~row 10900),10122,1800,118.0,-30.0,0.20699121057987213
upper-middle (~row 10900),10122,1800,15.0,-23.0,0.939552903175354
upper-middle (~row 10900),10122,1800,12.0,-26.0,0.5060045719146729
upper-middle (~row 10900),10122,1800,3.0,-100.0,0.5004491806030273
upper-middle (~row 10900),10122,1800,10.0,-19.0,0.88251793384552
upper-middle (~row 10900),10122,1800,-35.0,12.0,0.37016627192497253
upper-middle (~row 10900),10122,1800,17.0,-21.0,0.9501276612281799
upper-middle (~row 10900),10122,1800,8.0,-19.0,0.6985520720481873
upper-middle (~row 10900),10122,1800,-7.0,15.0,0.3538050949573517
upper-middle (~row 10900),10122,1800,64.0,-106.0,0.317470520734787
upper-middle (~row 10900),10122,1800,10.0,-21.0,0.7038140296936035
upper-middle (~row 10900),10122,1800,14.0,-24.0,0.6528469324111938
upper-middle (~row 10900),10122,1800,11.0,-22.0,0.2242663949728012
upper-middle (~row 10900),10122,1800,11.0,-22.0,0.8994855880737305
upper-middle (~row 10900),10122,1800,-23.0,-9.0,0.9380881190299988
upper-middle (~row 10900),10122,1800,19.0,-25.0,0.6866426467895508
upper-middle (~row 10900),10122,1800,12.0,-21.0,0.9320313334465027
upper-middle (~row 10900),10122,1800,57.0,31.0,0.7365778684616089
upper-middle (~row 10900),10122,1800,20.0,-25.0,0.9465327262878418
upper-middle (~row 10900),10122,1800,149.0,-10.0,0.21550504863262177
upper-middle (~row 10900),10122,1800,20.0,-28.0,0.8510751128196716
upper-middle (~row 10900),10122,1800,31.0,-37.0,0.25885969400405884
upper-middle (~row 10900),10122,1800,19.0,-26.0,0.9230089783668518
upper-middle (~row 10900),10122,1800,10.0,-20.0,0.5439053177833557
upper-middle (~row 10900),10122,1800,17.0,-24.0,0.6172212362289429
upper-middle (~row 10900),10122,1800,21.0,-31.0,0.8190643787384033
upper-middle (~row 10900),10122,1800,4.0,-15.0,0.45969101786613464
upper-middle (~row 10900),10122,1800,14.0,-18.0,0.8653866052627563
upper-middle (~row 10900),10122,1800,16.0,-23.0,0.949289858341217
upper-middle (~row 10900),10122,1800,19.0,-26.0,0.8719660043716431
upper-middle (~row 10900),10122,1800,21.0,-22.0,0.9328041076660156
upper-middle (~row 10900),10122,1800,20.0,-26.0,0.8534532785415649
upper-middle (~row 10900),10122,1800,36.0,-19.0,0.9284242987632751
upper-middle (~row 10900),10122,1800,20.0,-25.0,0.9319060444831848
upper-middle (~row 10900),10122,1800,16.0,-22.0,0.9490228891372681
upper-middle (~row 10900),10122,1800,34.0,-14.0,0.5452150106430054
upper-middle (~row 10900),10122,1800,14.0,-25.0,0.94097501039505
upper-middle (~row 10900),10122,1800,-5.0,-89.0,0.6512333154678345
upper-middle (~row 10900),10122,1800,70.0,-13.0,0.30921056866645813
upper-middle (~row 10900),10122,1800,100.0,-5.0,0.26413649320602417
upper-middle (~row 10900),10122,1800,16.0,-22.0,0.6471859812736511
upper-middle (~row 10900),10122,1800,10.0,-13.0,0.7154711484909058
upper-middle (~row 10900),10122,1800,114.0,-43.0,0.5286663174629211
upper-middle (~row 10900),10122,1800,12.0,-18.0,0.932106077671051
upper-middle (~row 10900),10122,1800,20.0,-28.0,0.9497019052505493
upper-middle (~row 10900),10122,1800,-62.0,37.0,0.4430791735649109
upper-middle (~row 10900),10122,1800,4.0,-18.0,0.8955602645874023
upper-middle (~row 10900),10122,1800,45.0,-9.0,0.6980525851249695
upper-middle (~row 10900),10122,1800,6.0,-13.0,0.6961758136749268
upper-middle (~row 10900),10122,1800,17.0,-29.0,0.6768546104431152
upper-middle (~row 10900),10122,1800,5.0,-18.0,0.8740407824516296
upper-middle (~row 10900),10122,1800,11.0,-21.0,0.9265702962875366
upper-middle (~row 10900),10122,1800,14.0,-24.0,0.9162646532058716
upper-middle (~row 10900),10122,1800,14.0,-21.0,0.7155017852783203
upper-middle (~row 10900),10122,1800,50.0,-14.0,0.3993392884731293
upper-middle (~row 10900),10122,1800,3.0,-14.0,0.5548931360244751
upper-middle (~row 10900),10122,1800,12.0,-16.0,0.3675610423088074
upper-middle (~row 10900),10122,1800,23.0,-65.0,0.2957001030445099
upper-middle (~row 10900),10122,1800,21.0,-26.0,0.6558891534805298
upper-middle (~row 10900),10122,1800,24.0,-27.0,0.7686938643455505
upper-middle (~row 10900),10122,1800,10.0,-15.0,0.8291319012641907
upper-middle (~row 10900),10122,1800,-28.0,-53.0,0.43034571409225464
upper-middle (~row 10900),10122,1800,18.0,-19.0,0.5062478184700012
upper-middle (~row 10900),10122,1800,7.0,-18.0,0.6227328777313232
upper-middle (~row 10900),10122,1800,14.0,-18.0,0.4934239387512207
upper-middle (~row 10900),10122,1800,14.0,-26.0,0.4102606475353241
upper-middle (~row 10900),10122,1800,23.0,-32.0,0.8499679565429688
upper-middle (~row 10900),10122,1800,19.0,-27.0,0.945984959602356
upper-middle (~row 10900),10122,1800,30.0,-16.0,0.6023480892181396
upper-middle (~row 10900),10122,1800,21.0,-43.0,0.6917358040809631
upper-middle (~row 10900),10122,1800,14.0,-15.0,0.2632954716682434
upper-middle (~row 10900),10122,1800,11.0,-24.0,0.9297152161598206
upper-middle (~row 10900),10122,1800,-7.0,-38.0,0.6424766778945923
upper-middle (~row 10900),10122,1800,-62.0,0.0,0.2066003382205963
upper-middle (~row 10900),10122,1800,101.0,-69.0,0.2523508369922638
upper-middle (~row 10900),10122,1800,18.0,-21.0,0.9418494701385498
upper-middle (~row 10900),10122,1800,21.0,-21.0,0.9493631720542908
upper-middle (~row 10900),10122,1800,11.0,-12.0,0.4884503483772278
upper-middle (~row 10900),10122,1800,2.0,-14.0,0.856981635093689
upper-middle (~row 10900),10122,1800,-2.0,-7.0,0.5090407729148865
upper-middle (~row 10900),10122,1800,26.0,-43.0,0.2731189727783203
upper-middle (~row 10900),10122,1800,80.0,-8.0,0.3578435480594635
upper-middle (~row 10900),10122,1800,121.0,-72.0,0.21948616206645966
upper-middle (~row 10900),10122,1800,7.0,-5.0,0.247627854347229
upper-middle (~row 10900),10122,1800,7.0,-8.0,0.4323379695415497
upper-middle (~row 10900),10122,1800,3.0,-8.0,0.7938205003738403
upper-middle (~row 10900),10122,1800,-88.0,-4.0,0.20750786364078522
upper-middle (~row 10900),10122,1800,14.0,-19.0,0.9504321217536926
upper-middle (~row 10900),10122,1800,16.0,-19.0,0.7202379703521729
upper-middle (~row 10900),10122,1800,4.0,-21.0,0.827978253364563
upper-middle (~row 10900),10122,1800,-1.0,-23.0,0.3219687342643738
upper-middle (~row 10900),10122,1800,17.0,-22.0,0.9433848857879639
upper-middle (~row 10900),10122,1800,20.0,-20.0,0.9163240790367126
upper-middle (~row 10900),10122,1800,12.0,-16.0,0.5358262658119202
upper-middle (~row 10900),10122,1800,14.0,-5.0,0.23277464509010315
upper-middle (~row 10900),10122,1800,16.0,-17.0,0.9475316405296326
upper-middle (~row 10900),10122,1800,10.0,-23.0,0.2555071711540222
upper-middle (~row 10900),10122,1800,12.0,-17.0,0.6982123851776123
upper-middle (~row 10900),10122,1800,92.0,-33.0,0.3797324299812317
upper-middle (~row 10900),10122,1800,19.0,-24.0,0.8476018905639648
upper-middle (~row 10900),10122,1800,14.0,-17.0,0.9445966482162476
upper-middle (~row 10900),10122,1800,-57.0,9.0,0.24082401394844055
upper-middle (~row 10900),10122,1800,14.0,-22.0,0.9376336932182312
upper-middle (~row 10900),10122,1800,5.0,-62.0,0.2199135720729828
upper-middle (~row 10900),10122,1800,38.0,-19.0,0.3813539147377014
upper-middle (~row 10900),10122,1800,-1.0,-14.0,0.5906897187232971
upper-middle (~row 10900),10122,1800,9.0,-7.0,0.25778117775917053
upper-middle (~row 10900),10122,1800,12.0,-21.0,0.7254252433776855
upper-middle (~row 10900),10122,1800,2.0,-9.0,0.5326999425888062
upper-middle (~row 10900),10122,1800,11.0,-21.0,0.8054959177970886
upper-middle (~row 10900),10122,1800,-119.0,-326.0,0.2705811560153961
upper-middle (~row 10900),10122,1800,41.0,-42.0,0.9473978281021118
upper-middle (~row 10900),10122,1800,16.0,-26.0,0.8420756459236145
upper-middle (~row 10900),10122,1800,6.0,-13.0,0.6747187972068787
upper-middle (~row 10900),10122,1800,16.0,-21.0,0.9478687644004822
upper-middle (~row 10900),10122,1800,12.0,-17.0,0.787770688533783
upper-middle (~row 10900),10122,1800,29.0,-20.0,0.42303594946861267
upper-middle (~row 10900),10122,1800,6.0,-16.0,0.541301429271698
upper-middle (~row 10900),10122,1800,12.0,-22.0,0.7796835899353027
upper-middle (~row 10900),10122,1800,10.0,-15.0,0.8429763317108154
upper-middle (~row 10900),10122,1800,8.0,-17.0,0.4756937623023987
upper-middle (~row 10900),10122,1800,18.0,-11.0,0.5714425444602966
upper-middle (~row 10900),10122,1800,64.0,13.0,0.22901985049247742
upper-middle (~row 10900),10122,1800,13.0,-16.0,0.5225600600242615
upper-middle (~row 10900),10122,1800,13.0,-16.0,0.6797720193862915
upper-middle (~row 10900),10122,1800,71.0,-12.0,0.36322373151779175
upper-middle (~row 10900),10122,1800,25.0,-25.0,0.9474511742591858
upper-middle (~row 10900),10122,1800,-2.0,-11.0,0.6325449347496033
upper-middle (~row 10900),10122,1800,13.0,-26.0,0.6713496446609497
upper-middle (~row 10900),10122,1800,19.0,-17.0,0.8040354251861572
upper-middle (~row 10900),10122,1800,17.0,-23.0,0.9484953880310059
upper-middle (~row 10900),10122,1800,14.0,-21.0,0.6741334795951843
upper-middle (~row 10900),10122,1800,9.0,-15.0,0.9026143550872803
upper-middle (~row 10900),10122,1800,64.0,-9.0,0.27514219284057617
upper-middle (~row 10900),10122,1800,9.0,-24.0,0.5481534004211426
upper-middle (~row 10900),10122,1800,14.0,-18.0,0.6538438200950623
upper-middle (~row 10900),10122,1800,15.0,-23.0,0.48792564868927
upper-middle (~row 10900),10122,1800,2.0,-12.0,0.6665852665901184
upper-middle (~row 10900),10122,1800,7.0,-14.0,0.7021172642707825
upper-middle (~row 10900),10122,1800,5.0,-15.0,0.5340621471405029
upper-middle (~row 10900),10122,1800,18.0,-28.0,0.94644695520401
upper-middle (~row 10900),10122,1800,9.0,-20.0,0.7676075100898743
upper-middle (~row 10900),10122,1800,-44.0,-77.0,0.5219917297363281
upper-middle (~row 10900),10122,1800,35.0,-87.0,0.34828996658325195
upper-middle (~row 10900),10122,1800,9.0,-14.0,0.94225013256073
upper-middle (~row 10900),10122,1800,-15.0,-47.0,0.44517961144447327
upper-middle (~row 10900),10122,1800,23.0,-27.0,0.5336721539497375
upper-middle (~row 10900),10122,1800,15.0,-25.0,0.5361396074295044
upper-middle (~row 10900),10122,1800,16.0,-26.0,0.21489408612251282
upper-middle (~row 10900),10122,1800,13.0,-21.0,0.24817918241024017
upper-middle (~row 10900),10122,1800,-20.0,-31.0,0.38335803151130676
upper-middle (~row 10900),10122,1800,-49.0,-217.0,0.20308096706867218
upper-middle (~row 10900),10122,1800,143.0,-11.0,0.2445119470357895
upper-middle (~row 10900),10122,1800,9.0,-21.0,0.4730973541736603
upper-middle (~row 10900),10122,1800,13.0,-23.0,0.9482982158660889
upper-middle (~row 10900),10122,1800,8.0,-19.0,0.5253482460975647
upper-middle (~row 10900),10122,1800,74.0,-73.0,0.3597690165042877
upper-middle (~row 10900),10122,1800,18.0,-19.0,0.9388425350189209
upper-middle (~row 10900),10122,1800,13.0,-22.0,0.9302731156349182
upper-middle (~row 10900),10122,1800,13.0,-24.0,0.7878307700157166
upper-middle (~row 10900),10122,1800,4.0,-10.0,0.5760590434074402
upper-middle (~row 10900),10122,1800,17.0,-28.0,0.5831040740013123
upper-middle (~row 10900),10122,1800,83.0,-27.0,0.43497276306152344
upper-middle (~row 10900),10122,1800,19.0,-32.0,0.9317460656166077
upper-middle (~row 10900),10122,1800,11.0,-16.0,0.523603618144989
upper-middle (~row 10900),10122,1800,5.0,-60.0,0.8244373202323914
upper-middle (~row 10900),10122,1800,14.0,-12.0,0.294670045375824
upper-middle (~row 10900),10122,1800,-5.0,-13.0,0.26762598752975464
upper-middle (~row 10900),10122,1800,-7.0,-12.0,0.6366742849349976
upper-middle (~row 10900),10122,1800,24.0,-29.0,0.9380432963371277
upper-middle (~row 10900),10122,1800,17.0,-25.0,0.9226675033569336
upper-middle (~row 10900),10122,1800,21.0,-23.0,0.35338932275772095
upper-middle (~row 10900),10122,1800,-59.0,-125.0,0.2720596492290497
upper-middle (~row 10900),10122,1800,17.0,-24.0,0.884787380695343
upper-middle (~row 10900),10122,1800,16.0,-23.0,0.948464572429657
upper-middle (~row 10900),10122,1800,14.0,-27.0,0.8540542125701904
upper-middle (~row 10900),10122,1800,18.0,-20.0,0.9464776515960693
upper-middle (~row 10900),10122,1800,98.0,-83.0,0.2752224802970886
upper-middle (~row 10900),10122,1800,2.0,-17.0,0.8102155923843384
upper-middle (~row 10900),10122,1800,76.0,-35.0,0.2620145082473755
upper-middle (~row 10900),10122,1800,5.0,-40.0,0.4784490764141083
upper-middle (~row 10900),10122,1800,11.0,-22.0,0.5130806565284729
upper-middle (~row 10900),10122,1800,15.0,-23.0,0.9457648396492004
upper-middle (~row 10900),10122,1800,88.0,27.0,0.26924338936805725
upper-middle (~row 10900),10122,1800,56.0,-33.0,0.2740289866924286
upper-middle (~row 10900),10122,1800,-41.0,-33.0,0.22444099187850952
upper-middle (~row 10900),10122,1800,6.0,-12.0,0.26219719648361206
upper-middle (~row 10900),10122,1800,11.0,-24.0,0.5617280602455139
upper-middle (~row 10900),10122,1800,-39.0,-32.0,0.22246044874191284
upper-middle (~row 10900),10122,1800,14.0,-23.0,0.4300544559955597
upper-middle (~row 10900),10122,1800,175.0,-130.0,0.4692527651786804
upper-middle (~row 10900),10122,1800,14.0,-18.0,0.9491604566574097
upper-middle (~row 10900),10122,1800,57.0,99.0,0.2731187343597412
upper-middle (~row 10900),10122,1800,11.0,-21.0,0.8985648155212402
upper-middle (~row 10900),10122,1800,14.0,-20.0,0.7557587027549744
upper-middle (~row 10900),10122,1800,19.0,-22.0,0.9496837854385376
upper-middle (~row 10900),10122,1800,15.0,-23.0,0.8365463018417358
upper-middle (~row 10900),10122,1800,122.0,-37.0,0.3641824424266815
upper-middle (~row 10900),10122,1800,18.0,-20.0,0.9147611856460571
upper-middle (~row 10900),10122,1800,-2.0,-10.0,0.4512196183204651
upper-middle (~row 10900),10122,1800,15.0,-20.0,0.6493343114852905
upper-middle (~row 10900),10122,1800,8.0,-10.0,0.29939520359039307
upper-middle (~row 10900),10122,1800,76.0,-84.0,0.4676261842250824
upper-middle (~row 10900),10122,1800,15.0,-25.0,0.8162751197814941
upper-middle (~row 10900),10122,1800,20.0,-29.0,0.947008490562439
upper-middle (~row 10900),10122,1800,22.0,-31.0,0.8490978479385376
upper-middle (~row 10900),10122,1800,-7.0,-3.0,0.20748965442180634
upper-middle (~row 10900),10122,1800,20.0,-30.0,0.9281764626502991
upper-middle (~row 10900),10122,1800,-144.0,177.0,0.24712087213993073
upper-middle (~row 10900),10122,1800,81.0,-118.0,0.5186076760292053
upper-middle (~row 10900),10122,1800,0.0,-10.0,0.49066662788391113
upper-middle (~row 10900),10122,1800,-60.0,-97.0,0.6544489860534668
upper-middle (~row 10900),10122,1800,39.0,-47.0,0.23929059505462646
upper-middle (~row 10900),10122,1800,112.0,-39.0,0.2257567048072815
upper-middle (~row 10900),10122,1800,30.0,-32.0,0.903100848197937
upper-middle (~row 10900),10122,1800,21.0,-21.0,0.94549161195755
upper-middle (~row 10900),10122,1800,47.0,9.0,0.4259251058101654
upper-middle (~row 10900),10122,1800,-6.0,-8.0,0.40600645542144775
upper-middle (~row 10900),10122,1800,5.0,-14.0,0.5995084047317505
upper-middle (~row 10900),10122,1800,94.0,2.0,0.2953849732875824
upper-middle (~row 10900),10122,1800,20.0,-29.0,0.9291896224021912
upper-middle (~row 10900),10122,1800,25.0,16.0,0.3827056288719177
upper-middle (~row 10900),10122,1800,19.0,-20.0,0.5727880001068115
upper-middle (~row 10900),10122,1800,62.0,-40.0,0.31673112511634827
upper-middle (~row 10900),10122,1800,13.0,-21.0,0.8201758861541748
upper-middle (~row 10900),10122,1800,0.0,-18.0,0.7984854578971863
upper-middle (~row 10900),10122,1800,16.0,-24.0,0.4187930226325989
upper-middle (~row 10900),10122,1800,12.0,-13.0,0.6824332475662231
upper-middle (~row 10900),10122,1800,71.0,-9.0,0.2634600102901459
upper-middle (~row 10900),10122,1800,-115.0,-230.0,0.2159797102212906
upper-middle (~row 10900),10122,1800,28.0,-20.0,0.6323820948600769
upper-middle (~row 10900),10122,1800,12.0,-32.0,0.2811610996723175
upper-middle (~row 10900),10122,1800,21.0,-48.0,0.6406612992286682
upper-middle (~row 10900),10122,1800,7.0,-18.0,0.917957067489624
upper-middle (~row 10900),10122,1800,22.0,-31.0,0.93216472864151
upper-middle (~row 10900),10122,1800,5.0,-17.0,0.6621937155723572
upper-middle (~row 10900),10122,1800,-84.0,-48.0,0.4047233760356903
upper-middle (~row 10900),10122,1800,72.0,-101.0,0.3345979154109955
upper-middle (~row 10900),10122,1800,18.0,-20.0,0.2611652910709381
upper-middle (~row 10900),10122,1800,-20.0,-76.0,0.7815119028091431
upper-middle (~row 10900),10122,1800,11.0,-16.0,0.8565763235092163
upper-middle (~row 10900),10122,1800,143.0,-38.0,0.36055904626846313
upper-middle (~row 10900),10122,1800,3.0,-20.0,0.6224876642227173
upper-middle (~row 10900),10122,1800,9.0,-22.0,0.6397473812103271
upper-middle (~row 10900),10122,1800,18.0,-25.0,0.9443759322166443
upper-middle (~row 10900),10122,1800,-56.0,-141.0,0.20875954627990723
upper-middle (~row 10900),10122,1800,84.0,-12.0,0.37505796551704407
upper-middle (~row 10900),10122,1800,15.0,-23.0,0.8763936758041382
upper-middle (~row 10900),10122,1800,43.0,-87.0,0.6664816737174988
upper-middle (~row 10900),10122,1800,18.0,-20.0,0.9504412412643433
upper-middle (~row 10900),10122,1800,7.0,-19.0,0.4200137257575989
upper-middle (~row 10900),10122,1800,-2.0,-36.0,0.9318767189979553
upper-middle (~row 10900),10122,1800,170.0,-87.0,0.35599833726882935
upper-middle (~row 10900),10122,1800,-20.0,-83.0,0.8769112229347229
upper-middle (~row 10900),10122,1800,36.0,-8.0,0.3524284064769745
upper-middle (~row 10900),10122,1800,17.0,-23.0,0.9416716694831848
upper-middle (~row 10900),10122,1800,-54.0,-52.0,0.4016599655151367
upper-middle (~row 10900),10122,1800,26.0,-26.0,0.9209076166152954
upper-middle (~row 10900),10122,1800,16.0,-24.0,0.91377854347229
upper-middle (~row 10900),10122,1800,34.0,-11.0,0.8440575003623962
upper-middle (~row 10900),10122,1800,159.0,16.0,0.2755752205848694
upper-middle (~row 10900),10122,1800,-35.0,3.0,0.24818770587444305
upper-middle (~row 10900),10122,1800,13.0,-20.0,0.26560333371162415
upper-middle (~row 10900),10122,1800,38.0,-59.0,0.6641764640808105
upper-middle (~row 10900),10122,1800,21.0,-29.0,0.9198174476623535
upper-middle (~row 10900),10122,1800,18.0,-25.0,0.9329980611801147
upper-middle (~row 10900),10122,1800,-137.0,158.0,0.4576954245567322
upper-middle (~row 10900),10122,1800,17.0,-25.0,0.9459740519523621
upper-middle (~row 10900),10122,1800,-15.0,-16.0,0.21449871361255646
upper-middle (~row 10900),10122,1800,7.0,-23.0,0.41252049803733826
upper-middle (~row 10900),10122,1800,73.0,-31.0,0.2812160849571228
upper-middle (~row 10900),10122,1800,22.0,-19.0,0.3352872431278229
upper-middle (~row 10900),10122,1800,36.0,-26.0,0.4077117443084717
upper-middle (~row 10900),10122,1800,5.0,-10.0,0.767494797706604
upper-middle (~row 10900),10122,1800,13.0,-21.0,0.8935332894325256
upper-middle (~row 10900),10122,1800,-29.0,-32.0,0.35908693075180054
upper-middle (~row 10900),10122,1800,19.0,-24.0,0.8845663070678711
upper-middle (~row 10900),10122,1800,9.0,-19.0,0.9318927526473999
upper-middle (~row 10900),10122,1800,15.0,-25.0,0.9188714623451233
upper-middle (~row 10900),10122,1800,12.0,-18.0,0.9464668035507202
upper-middle (~row 10900),10122,1800,15.0,-24.0,0.9404833912849426
upper-middle (~row 10900),10122,1800,17.0,-81.0,0.44974300265312195
upper-middle (~row 10900),10122,1800,-12.0,-31.0,0.578009843826294
upper-middle (~row 10900),10122,1800,92.0,47.0,0.236149400472641
upper-middle (~row 10900),10122,1800,19.0,-18.0,0.6018519401550293
upper-middle (~row 10900),10122,1800,14.0,-22.0,0.9136879444122314
upper-middle (~row 10900),10122,1800,-29.0,-11.0,0.4828817546367645
upper-middle (~row 10900),10122,1800,18.0,-25.0,0.9489558935165405
upper-middle (~row 10900),10122,1800,13.0,-25.0,0.5665680170059204
upper-middle (~row 10900),10122,1800,16.0,-25.0,0.8372070789337158
upper-middle (~row 10900),10122,1800,116.0,-81.0,0.32115545868873596
upper-middle (~row 10900),10122,1800,6.0,-10.0,0.807885468006134
upper-middle (~row 10900),10122,1800,13.0,-21.0,0.7043962478637695
upper-middle (~row 10900),10122,1800,95.0,-14.0,0.33552777767181396
upper-middle (~row 10900),10122,1800,105.0,9.0,0.2671927213668823
upper-middle (~row 10900),10122,1800,22.0,-27.0,0.5029346942901611
upper-middle (~row 10900),10122,1800,17.0,-24.0,0.9426743984222412
upper-middle (~row 10900),10122,1800,10.0,-18.0,0.946485698223114
upper-middle (~row 10900),10122,1800,5.0,-23.0,0.2898557782173157
upper-middle (~row 10900),10122,1800,47.0,-84.0,0.21322256326675415
upper-middle (~row 10900),10122,1800,-1.0,-64.0,0.3731823265552521
upper-middle (~row 10900),10122,1800,19.0,-20.0,0.763668954372406
upper-middle (~row 10900),10122,1800,65.0,-91.0,0.5389581322669983
upper-middle (~row 10900),10122,1800,18.0,-33.0,0.887273371219635
upper-middle (~row 10900),10122,1800,36.0,32.0,0.5123389363288879
upper-middle (~row 10900),10122,1800,14.0,-21.0,0.9213011860847473
upper-middle (~row 10900),10122,1800,11.0,-15.0,0.27026858925819397
upper-middle (~row 10900),10122,1800,6.0,23.0,0.5253863334655762
upper-middle (~row 10900),10122,1800,19.0,-18.0,0.9416052103042603
upper-middle (~row 10900),10122,1800,10.0,-10.0,0.7962862849235535
upper-middle (~row 10900),10122,1800,10.0,-14.0,0.8549180030822754
upper-middle (~row 10900),10122,1800,124.0,-37.0,0.32529088854789734
upper-middle (~row 10900),10122,1800,19.0,-16.0,0.6627307534217834
upper-middle (~row 10900),10122,1800,13.0,-14.0,0.26601120829582214
upper-middle (~row 10900),10122,1800,44.0,-57.0,0.5286643505096436
upper-middle (~row 10900),10122,1800,35.0,-33.0,0.24191993474960327
upper-middle (~row 10900),10122,1800,14.0,-18.0,0.9284172058105469
upper-middle (~row 10900),10122,1800,22.0,-24.0,0.6170899868011475
middle (~row 13400),12622,1800,-20.0,-65.0,0.44342920184135437
middle (~row 13400),12622,1800,17.0,-30.0,0.39233455061912537
middle (~row 13400),12622,1800,52.0,-36.0,0.5553044676780701
middle (~row 13400),12622,1800,29.0,-46.0,0.914307713508606
middle (~row 13400),12622,1800,-4.0,-51.0,0.29752403497695923
middle (~row 13400),12622,1800,57.0,81.0,0.26757341623306274
middle (~row 13400),12622,1800,29.0,-43.0,0.9395447969436646
middle (~row 13400),12622,1800,29.0,-48.0,0.6903702020645142
middle (~row 13400),12622,1800,57.0,-37.0,0.3397951126098633
middle (~row 13400),12622,1800,26.0,-38.0,0.9332098960876465
middle (~row 13400),12622,1800,179.0,-139.0,0.3486575186252594
middle (~row 13400),12622,1800,18.0,-27.0,0.25392431020736694
middle (~row 13400),12622,1800,-49.0,-81.0,0.21994400024414062
middle (~row 13400),12622,1800,22.0,-37.0,0.3188915252685547
middle (~row 13400),12622,1800,31.0,-35.0,0.29681581258773804
middle (~row 13400),12622,1800,27.0,-41.0,0.9402591586112976
middle (~row 13400),12622,1800,2.0,-36.0,0.27010083198547363
middle (~row 13400),12622,1800,6.0,-51.0,0.6612881422042847
middle (~row 13400),12622,1800,19.0,-41.0,0.2912400960922241
middle (~row 13400),12622,1800,74.0,-52.0,0.29779571294784546
middle (~row 13400),12622,1800,86.0,-12.0,0.7250089049339294
middle (~row 13400),12622,1800,17.0,-26.0,0.39348945021629333
middle (~row 13400),12622,1800,26.0,-47.0,0.809960663318634
middle (~row 13400),12622,1800,84.0,-40.0,0.3062225878238678
middle (~row 13400),12622,1800,-46.0,-16.0,0.2214520275592804
middle (~row 13400),12622,1800,26.0,-39.0,0.5370694398880005
middle (~row 13400),12622,1800,31.0,-42.0,0.2741638720035553
middle (~row 13400),12622,1800,20.0,-29.0,0.8837652802467346
middle (~row 13400),12622,1800,30.0,-32.0,0.23863518238067627
middle (~row 13400),12622,1800,22.0,-31.0,0.79059898853302
middle (~row 13400),12622,1800,29.0,-46.0,0.6005309820175171
middle (~row 13400),12622,1800,27.0,-41.0,0.941855788230896
middle (~row 13400),12622,1800,22.0,-34.0,0.8082676529884338
middle (~row 13400),12622,1800,24.0,-38.0,0.9277693629264832
middle (~row 13400),12622,1800,31.0,-43.0,0.4753790497779846
middle (~row 13400),12622,1800,91.0,-18.0,0.2868914008140564
middle (~row 13400),12622,1800,-7.0,-86.0,0.2732471525669098
middle (~row 13400),12622,1800,20.0,-31.0,0.9224598407745361
middle (~row 13400),12622,1800,29.0,-45.0,0.9226516485214233
middle (~row 13400),12622,1800,47.0,-38.0,0.314106285572052
middle (~row 13400),12622,1800,69.0,8.0,0.2103451043367386
middle (~row 13400),12622,1800,44.0,-47.0,0.3570176362991333
middle (~row 13400),12622,1800,28.0,-43.0,0.9318109750747681
middle (~row 13400),12622,1800,25.0,-41.0,0.9418405294418335
middle (~row 13400),12622,1800,22.0,-24.0,0.37835806608200073
middle (~row 13400),12622,1800,31.0,-47.0,0.3932695686817169
middle (~row 13400),12622,1800,24.0,-37.0,0.6836833357810974
middle (~row 13400),12622,1800,23.0,-33.0,0.3380303978919983
middle (~row 13400),12622,1800,33.0,-44.0,0.940676212310791
middle (~row 13400),12622,1800,31.0,-48.0,0.648181676864624
middle (~row 13400),12622,1800,28.0,-45.0,0.8951863050460815
middle (~row 13400),12622,1800,29.0,-46.0,0.8965549468994141
middle (~row 13400),12622,1800,29.0,-48.0,0.9362496733665466
middle (~row 13400),12622,1800,38.0,-43.0,0.793268084526062
middle (~row 13400),12622,1800,39.0,43.0,0.24101103842258453
middle (~row 13400),12622,1800,96.0,18.0,0.41103291511535645
middle (~row 13400),12622,1800,44.0,-48.0,0.8792626261711121
middle (~row 13400),12622,1800,43.0,-26.0,0.3885807394981384
middle (~row 13400),12622,1800,-14.0,-22.0,0.36316588521003723
middle (~row 13400),12622,1800,76.0,-61.0,0.6264330744743347
middle (~row 13400),12622,1800,29.0,-45.0,0.675214409828186
middle (~row 13400),12622,1800,333.0,-195.0,0.26917406916618347
middle (~row 13400),12622,1800,20.0,-36.0,0.26998212933540344
middle (~row 13400),12622,1800,21.0,-31.0,0.9363389015197754
middle (~row 13400),12622,1800,19.0,-34.0,0.20142795145511627
middle (~row 13400),12622,1800,25.0,-45.0,0.9159519076347351
middle (~row 13400),12622,1800,17.0,-25.0,0.4519693851470947
middle (~row 13400),12622,1800,20.0,-32.0,0.9076061248779297
middle (~row 13400),12622,1800,110.0,-3.0,0.30116093158721924
middle (~row 13400),12622,1800,25.0,-41.0,0.5313696265220642
middle (~row 13400),12622,1800,32.0,21.0,0.3476415276527405
middle (~row 13400),12622,1800,13.0,-39.0,0.7333074808120728
middle (~row 13400),12622,1800,132.0,88.0,0.41661402583122253
middle (~row 13400),12622,1800,27.0,-40.0,0.9389849305152893
middle (~row 13400),12622,1800,32.0,-41.0,0.9401416778564453
middle (~row 13400),12622,1800,29.0,-43.0,0.9430016875267029
middle (~row 13400),12622,1800,37.0,-38.0,0.9068394899368286
middle (~row 13400),12622,1800,32.0,-45.0,0.5639163851737976
middle (~row 13400),12622,1800,27.0,-41.0,0.9372206926345825
middle (~row 13400),12622,1800,21.0,-33.0,0.9345306158065796
middle (~row 13400),12622,1800,27.0,-44.0,0.8955764770507812
middle (~row 13400),12622,1800,28.0,-43.0,0.9234104752540588
middle (~row 13400),12622,1800,28.0,-40.0,0.9421737790107727
middle (~row 13400),12622,1800,26.0,-36.0,0.5316483378410339
middle (~row 13400),12622,1800,54.0,-36.0,0.2966632843017578
middle (~row 13400),12622,1800,27.0,-42.0,0.7407333254814148
middle (~row 13400),12622,1800,60.0,-44.0,0.35476094484329224
middle (~row 13400),12622,1800,29.0,-48.0,0.8976149559020996
middle (~row 13400),12622,1800,365.0,168.0,0.24166007339954376
middle (~row 13400),12622,1800,28.0,-39.0,0.8066566586494446
middle (~row 13400),12622,1800,62.0,-38.0,0.33451908826828003
middle (~row 13400),12622,1800,25.0,-41.0,0.9148423671722412
middle (~row 13400),12622,1800,190.0,-79.0,0.2302326112985611
middle (~row 13400),12622,1800,45.0,1.0,0.21866905689239502
middle (~row 13400),12622,1800,24.0,-39.0,0.4273996949195862
middle (~row 13400),12622,1800,-42.0,-33.0,0.245541512966156
middle (~row 13400),12622,1800,4.0,-28.0,0.2535756230354309
middle (~row 13400),12622,1800,38.0,-44.0,0.815480649471283
middle (~row 13400),12622,1800,10.0,-27.0,0.5119760036468506
middle (~row 13400),12622,1800,32.0,-46.0,0.40532171726226807
middle (~row 13400),12622,1800,21.0,-28.0,0.6878741979598999
middle (~row 13400),12622,1800,26.0,-39.0,0.5655924677848816
middle (~row 13400),12622,1800,71.0,-133.0,0.2538410425186157
middle (~row 13400),12622,1800,28.0,-37.0,0.20008966326713562
middle (~row 13400),12622,1800,21.0,-29.0,0.9187479615211487
middle (~row 13400),12622,1800,27.0,-37.0,0.8192042708396912
middle (~row 13400),12622,1800,-54.0,-99.0,0.27072232961654663
middle (~row 13400),12622,1800,18.0,-36.0,0.615368127822876
middle (~row 13400),12622,1800,32.0,-37.0,0.7183454036712646
middle (~row 13400),12622,1800,27.0,-42.0,0.943156361579895
middle (~row 13400),12622,1800,27.0,-41.0,0.9383752942085266
middle (~row 13400),12622,1800,21.0,-37.0,0.6048393249511719
middle (~row 13400),12622,1800,52.0,-60.0,0.3238793611526489
middle (~row 13400),12622,1800,24.0,-37.0,0.6446431875228882
middle (~row 13400),12622,1800,31.0,-49.0,0.7763492465019226
middle (~row 13400),12622,1800,51.0,-42.0,0.36966952681541443
middle (~row 13400),12622,1800,28.0,-44.0,0.9142832159996033
middle (~row 13400),12622,1800,60.0,-40.0,0.7094687819480896
middle (~row 13400),12622,1800,23.0,-38.0,0.44094032049179077
middle (~row 13400),12622,1800,36.0,-48.0,0.71409010887146
middle (~row 13400),12622,1800,25.0,-36.0,0.7183083891868591
middle (~row 13400),12622,1800,22.0,-29.0,0.4477645754814148
middle (~row 13400),12622,1800,30.0,-47.0,0.7358813881874084
middle (~row 13400),12622,1800,82.0,-2.0,0.23011671006679535
middle (~row 13400),12622,1800,31.0,-46.0,0.9096858501434326
middle (~row 13400),12622,1800,93.0,-63.0,0.3876853585243225
middle (~row 13400),12622,1800,26.0,-41.0,0.9332330226898193
middle (~row 13400),12622,1800,48.0,-46.0,0.2897648513317108
middle (~row 13400),12622,1800,24.0,-36.0,0.9406600594520569
middle (~row 13400),12622,1800,35.0,-42.0,0.9102134704589844
middle (~row 13400),12622,1800,30.0,-46.0,0.7339602708816528
middle (~row 13400),12622,1800,41.0,-44.0,0.4836241900920868
middle (~row 13400),12622,1800,22.0,-42.0,0.669427216053009
middle (~row 13400),12622,1800,-6.0,-29.0,0.22088885307312012
middle (~row 13400),12622,1800,106.0,-125.0,0.5727394223213196
middle (~row 13400),12622,1800,31.0,-48.0,0.8714073300361633
middle (~row 13400),12622,1800,116.0,-106.0,0.25267544388771057
middle (~row 13400),12622,1800,26.0,-41.0,0.7088735699653625
middle (~row 13400),12622,1800,28.0,-41.0,0.9395188093185425
middle (~row 13400),12622,1800,29.0,-42.0,0.8795008063316345
middle (~row 13400),12622,1800,27.0,-42.0,0.7300488352775574
middle (~row 13400),12622,1800,29.0,-44.0,0.8907307386398315
middle (~row 13400),12622,1800,25.0,-34.0,0.9058178663253784
middle (~row 13400),12622,1800,17.0,71.0,0.29395151138305664
middle (~row 13400),12622,1800,117.0,-34.0,0.4161597490310669
middle (~row 13400),12622,1800,73.0,2.0,0.34034934639930725
middle (~row 13400),12622,1800,19.0,-26.0,0.4823451042175293
middle (~row 13400),12622,1800,20.0,-31.0,0.9421117901802063
middle (~row 13400),12622,1800,26.0,-41.0,0.9332196712493896
middle (~row 13400),12622,1800,166.0,7.0,0.28517478704452515
middle (~row 13400),12622,1800,20.0,-26.0,0.5573566555976868
middle (~row 13400),12622,1800,16.0,-33.0,0.3723781704902649
middle (~row 13400),12622,1800,26.0,-52.0,0.38205358386039734
middle (~row 13400),12622,1800,25.0,-34.0,0.6295575499534607
middle (~row 13400),12622,1800,24.0,-39.0,0.9328245520591736
middle (~row 13400),12622,1800,124.0,-43.0,0.20930296182632446
middle (~row 13400),12622,1800,41.0,-22.0,0.34996670484542847
middle (~row 13400),12622,1800,90.0,22.0,0.2645905613899231
middle (~row 13400),12622,1800,28.0,-39.0,0.9365434050559998
middle (~row 13400),12622,1800,22.0,-35.0,0.9280365705490112
middle (~row 13400),12622,1800,42.0,-42.0,0.7994089126586914
middle (~row 13400),12622,1800,22.0,-32.0,0.42945486307144165
middle (~row 13400),12622,1800,21.0,-28.0,0.5200613141059875
middle (~row 13400),12622,1800,45.0,29.0,0.47408556938171387
middle (~row 13400),12622,1800,33.0,-49.0,0.5993397235870361
middle (~row 13400),12622,1800,47.0,53.0,0.28078168630599976
middle (~row 13400),12622,1800,26.0,-39.0,0.9317789673805237
middle (~row 13400),12622,1800,29.0,-40.0,0.9108855724334717
middle (~row 13400),12622,1800,0.0,-21.0,0.2357434630393982
middle (~row 13400),12622,1800,-19.0,-28.0,0.6636661887168884
middle (~row 13400),12622,1800,27.0,-45.0,0.41306257247924805
middle (~row 13400),12622,1800,29.0,-45.0,0.9405928254127502
middle (~row 13400),12622,1800,27.0,-44.0,0.877153754234314
middle (~row 13400),12622,1800,28.0,-41.0,0.760568380355835
middle (~row 13400),12622,1800,32.0,-29.0,0.4281495213508606
middle (~row 13400),12622,1800,22.0,-29.0,0.3925430178642273
middle (~row 13400),12622,1800,27.0,-41.0,0.9020885229110718
middle (~row 13400),12622,1800,27.0,-40.0,0.6230328679084778
middle (~row 13400),12622,1800,54.0,-37.0,0.7451438307762146
middle (~row 13400),12622,1800,31.0,-47.0,0.4619860351085663
middle (~row 13400),12622,1800,60.0,26.0,0.34473949670791626
middle (~row 13400),12622,1800,29.0,-47.0,0.6795587539672852
middle (~row 13400),12622,1800,22.0,-31.0,0.5959621667861938
middle (~row 13400),12622,1800,28.0,-40.0,0.9169246554374695
middle (~row 13400),12622,1800,27.0,-44.0,0.2949737012386322
middle (~row 13400),12622,1800,-24.0,-24.0,0.6740846037864685
middle (~row 13400),12622,1800,79.0,-41.0,0.22481372952461243
middle (~row 13400),12622,1800,33.0,-57.0,0.23557311296463013
middle (~row 13400),12622,1800,31.0,-45.0,0.4586077034473419
middle (~row 13400),12622,1800,26.0,-35.0,0.5027371048927307
middle (~row 13400),12622,1800,29.0,-37.0,0.39870527386665344
middle (~row 13400),12622,1800,358.0,-97.0,0.20554812252521515
middle (~row 13400),12622,1800,181.0,166.0,0.23253701627254486
middle (~row 13400),12622,1800,114.0,92.0,0.28625571727752686
middle (~row 13400),12622,1800,47.0,-43.0,0.2763012647628784
middle (~row 13400),12622,1800,36.0,0.0,0.45596757531166077
middle (~row 13400),12622,1800,32.0,-44.0,0.6748114824295044
middle (~row 13400),12622,1800,7.0,-34.0,0.21707309782505035
middle (~row 13400),12622,1800,8.0,-11.0,0.2004254013299942
middle (~row 13400),12622,1800,29.0,-29.0,0.6411411762237549
middle (~row 13400),12622,1800,27.0,-47.0,0.4374964237213135
middle (~row 13400),12622,1800,31.0,-42.0,0.5645012855529785
middle (~row 13400),12622,1800,24.0,-32.0,0.2170041799545288
middle (~row 13400),12622,1800,43.0,-69.0,0.5473693013191223
middle (~row 13400),12622,1800,27.0,-44.0,0.6672053933143616
middle (~row 13400),12622,1800,21.0,-26.0,0.5880703926086426
middle (~row 13400),12622,1800,177.0,-142.0,0.4486767053604126
middle (~row 13400),12622,1800,40.0,-47.0,0.9001034498214722
middle (~row 13400),12622,1800,26.0,-43.0,0.9424883127212524
middle (~row 13400),12622,1800,46.0,-48.0,0.31199049949645996
middle (~row 13400),12622,1800,29.0,-41.0,0.7563484907150269
middle (~row 13400),12622,1800,82.0,18.0,0.30121925473213196
middle (~row 13400),12622,1800,28.0,-36.0,0.22149954736232758
middle (~row 13400),12622,1800,20.0,-28.0,0.504964292049408
middle (~row 13400),12622,1800,8.0,-3.0,0.2793772518634796
middle (~row 13400),12622,1800,31.0,-49.0,0.6530455946922302
middle (~row 13400),12622,1800,28.0,-44.0,0.9256597757339478
middle (~row 13400),12622,1800,26.0,-38.0,0.943054735660553
middle (~row 13400),12622,1800,30.0,-43.0,0.6892637610435486
middle (~row 13400),12622,1800,25.0,-37.0,0.8875441551208496
middle (~row 13400),12622,1800,29.0,-46.0,0.836098849773407
middle (~row 13400),12622,1800,47.0,-10.0,0.5980704426765442
middle (~row 13400),12622,1800,26.0,-41.0,0.9271652698516846
middle (~row 13400),12622,1800,71.0,-67.0,0.4298847019672394
middle (~row 13400),12622,1800,55.0,34.0,0.2682960331439972
middle (~row 13400),12622,1800,66.0,-82.0,0.4856448769569397
middle (~row 13400),12622,1800,24.0,-39.0,0.9228628873825073
middle (~row 13400),12622,1800,26.0,-38.0,0.6600802540779114
middle (~row 13400),12622,1800,-36.0,-10.0,0.2358720898628235
middle (~row 13400),12622,1800,-52.0,-48.0,0.4107045829296112
middle (~row 13400),12622,1800,70.0,-32.0,0.23662549257278442
middle (~row 13400),12622,1800,31.0,-46.0,0.923835039138794
middle (~row 13400),12622,1800,25.0,-39.0,0.7443483471870422
middle (~row 13400),12622,1800,21.0,-32.0,0.8655822277069092
middle (~row 13400),12622,1800,76.0,-34.0,0.6261028051376343
middle (~row 13400),12622,1800,52.0,-44.0,0.48488080501556396
middle (~row 13400),12622,1800,29.0,-40.0,0.2689215838909149
middle (~row 13400),12622,1800,29.0,-46.0,0.7032310366630554
middle (~row 13400),12622,1800,40.0,8.0,0.31709378957748413
middle (~row 13400),12622,1800,31.0,-42.0,0.45209142565727234
middle (~row 13400),12622,1800,26.0,-39.0,0.7227900624275208
middle (~row 13400),12622,1800,-14.0,-34.0,0.6002790331840515
middle (~row 13400),12622,1800,31.0,-42.0,0.3771659731864929
middle (~row 13400),12622,1800,114.0,-57.0,0.5651525259017944
middle (~row 13400),12622,1800,-58.0,-33.0,0.3976120948791504
middle (~row 13400),12622,1800,28.0,-37.0,0.2178063541650772
middle (~row 13400),12622,1800,-49.0,2.0,0.2308308333158493
middle (~row 13400),12622,1800,61.0,-55.0,0.8644100427627563
middle (~row 13400),12622,1800,57.0,-48.0,0.42645832896232605
middle (~row 13400),12622,1800,28.0,-44.0,0.33136773109436035
middle (~row 13400),12622,1800,27.0,-44.0,0.9300619959831238
middle (~row 13400),12622,1800,38.0,-16.0,0.3708496391773224
middle (~row 13400),12622,1800,38.0,-42.0,0.7379693388938904
middle (~row 13400),12622,1800,28.0,-42.0,0.9339951872825623
middle (~row 13400),12622,1800,-38.0,-31.0,0.24671302735805511
middle (~row 13400),12622,1800,-13.0,-45.0,0.23111410439014435
middle (~row 13400),12622,1800,55.0,-122.0,0.25391125679016113
middle (~row 13400),12622,1800,56.0,-10.0,0.23012176156044006
middle (~row 13400),12622,1800,72.0,-40.0,0.21044301986694336
middle (~row 13400),12622,1800,30.0,-48.0,0.9316030144691467
middle (~row 13400),12622,1800,29.0,-47.0,0.7267284393310547
middle (~row 13400),12622,1800,108.0,-73.0,0.2116219699382782
middle (~row 13400),12622,1800,26.0,-41.0,0.5057942271232605
middle (~row 13400),12622,1800,37.0,-46.0,0.9098047018051147
middle (~row 13400),12622,1800,70.0,7.0,0.37789395451545715
middle (~row 13400),12622,1800,30.0,-43.0,0.8338198661804199
middle (~row 13400),12622,1800,29.0,-45.0,0.9289043545722961
middle (~row 13400),12622,1800,33.0,-32.0,0.5152834057807922
middle (~row 13400),12622,1800,171.0,7.0,0.23821929097175598
middle (~row 13400),12622,1800,28.0,-44.0,0.9327338337898254
middle (~row 13400),12622,1800,13.0,-26.0,0.23195140063762665
middle (~row 13400),12622,1800,29.0,-44.0,0.9338642358779907
middle (~row 13400),12622,1800,52.0,-53.0,0.7558625340461731
middle (~row 13400),12622,1800,40.0,-46.0,0.8100169897079468
middle (~row 13400),12622,1800,154.0,17.0,0.20849989354610443
middle (~row 13400),12622,1800,19.0,-26.0,0.6798816323280334
middle (~row 13400),12622,1800,13.0,-25.0,0.23241551220417023
middle (~row 13400),12622,1800,29.0,-46.0,0.928000271320343
middle (~row 13400),12622,1800,23.0,-29.0,0.23021262884140015
middle (~row 13400),12622,1800,25.0,-41.0,0.9336166381835938
middle (~row 13400),12622,1800,29.0,-45.0,0.560053288936615
middle (~row 13400),12622,1800,28.0,-40.0,0.9432769417762756
middle (~row 13400),12622,1800,99.0,-44.0,0.23984715342521667
middle (~row 13400),12622,1800,28.0,-88.0,0.252388596534729
middle (~row 13400),12622,1800,19.0,-23.0,0.2367379069328308
middle (~row 13400),12622,1800,30.0,-45.0,0.6455438733100891
middle (~row 13400),12622,1800,25.0,-38.0,0.7814962863922119
middle (~row 13400),12622,1800,27.0,-42.0,0.932939350605011
middle (~row 13400),12622,1800,46.0,-41.0,0.546600878238678
middle (~row 13400),12622,1800,16.0,-24.0,0.405051589012146
middle (~row 13400),12622,1800,31.0,-45.0,0.935987114906311
middle (~row 13400),12622,1800,29.0,-48.0,0.8497175574302673
middle (~row 13400),12622,1800,-32.0,-74.0,0.3980366289615631
middle (~row 13400),12622,1800,27.0,-41.0,0.9393897652626038
middle (~row 13400),12622,1800,28.0,-43.0,0.9420857429504395
middle (~row 13400),12622,1800,24.0,-38.0,0.9161388278007507
middle (~row 13400),12622,1800,52.0,-29.0,0.3538395166397095
middle (~row 13400),12622,1800,19.0,-28.0,0.4639508128166199
middle (~row 13400),12622,1800,29.0,-46.0,0.9084019064903259
middle (~row 13400),12622,1800,29.0,-44.0,0.9430385231971741
middle (~row 13400),12622,1800,109.0,-54.0,0.37313178181648254
middle (~row 13400),12622,1800,42.0,-49.0,0.5895264148712158
middle (~row 13400),12622,1800,29.0,-48.0,0.22242014110088348
middle (~row 13400),12622,1800,27.0,-43.0,0.6695906519889832
lower (~row 20900),20122,1800,-2.0,0.0,0.8974728584289551
lower (~row 20900),20122,1800,-6.0,-2.0,0.47414660453796387
lower (~row 20900),20122,1800,-1.0,0.0,0.9237918853759766
lower (~row 20900),20122,1800,-1.0,-3.0,0.7720727324485779
lower (~row 20900),20122,1800,111.0,-8.0,0.2468462437391281
lower (~row 20900),20122,1800,0.0,-2.0,0.5689857006072998
lower (~row 20900),20122,1800,-18.0,6.0,0.2257392555475235
lower (~row 20900),20122,1800,-3.0,-1.0,0.8943568468093872
lower (~row 20900),20122,1800,-85.0,-12.0,0.4186859726905823
lower (~row 20900),20122,1800,-40.0,35.0,0.48566433787345886
lower (~row 20900),20122,1800,0.0,0.0,0.9186489582061768
lower (~row 20900),20122,1800,2.0,-2.0,0.938822865486145
lower (~row 20900),20122,1800,-15.0,3.0,0.35551348328590393
lower (~row 20900),20122,1800,-2.0,-1.0,0.7641038298606873
lower (~row 20900),20122,1800,34.0,21.0,0.6981504559516907
lower (~row 20900),20122,1800,1.0,-1.0,0.9444029331207275
lower (~row 20900),20122,1800,-4.0,-3.0,0.7581141591072083
lower (~row 20900),20122,1800,-15.0,4.0,0.3388637602329254
lower (~row 20900),20122,1800,-4.0,-2.0,0.7730017900466919
lower (~row 20900),20122,1800,3.0,-2.0,0.9230934977531433
lower (~row 20900),20122,1800,-151.0,29.0,0.3000669479370117
lower (~row 20900),20122,1800,23.0,67.0,0.2923286557197571
lower (~row 20900),20122,1800,-4.0,-4.0,0.35108625888824463
lower (~row 20900),20122,1800,1.0,-1.0,0.42613229155540466
lower (~row 20900),20122,1800,0.0,-1.0,0.93233722448349
lower (~row 20900),20122,1800,5.0,-3.0,0.884688675403595
lower (~row 20900),20122,1800,58.0,-5.0,0.23265036940574646
lower (~row 20900),20122,1800,0.0,-2.0,0.6977470517158508
lower (~row 20900),20122,1800,5.0,-1.0,0.7068659067153931
lower (~row 20900),20122,1800,-162.0,-68.0,0.24159623682498932
lower (~row 20900),20122,1800,2.0,0.0,0.2975257337093353
lower (~row 20900),20122,1800,-3.0,-2.0,0.5713934898376465
lower (~row 20900),20122,1800,6.0,-1.0,0.47474613785743713
lower (~row 20900),20122,1800,-3.0,-1.0,0.8430607318878174
lower (~row 20900),20122,1800,-1.0,-2.0,0.624628484249115
lower (~row 20900),20122,1800,26.0,-32.0,0.5856598615646362
lower (~row 20900),20122,1800,-3.0,0.0,0.3563383221626282
lower (~row 20900),20122,1800,-19.0,6.0,0.26087626814842224
lower (~row 20900),20122,1800,37.0,-32.0,0.32639560103416443
lower (~row 20900),20122,1800,-1.0,-1.0,0.524144172668457
lower (~row 20900),20122,1800,3.0,-3.0,0.8768768906593323
lower (~row 20900),20122,1800,-9.0,-2.0,0.3975696265697479
lower (~row 20900),20122,1800,-8.0,-2.0,0.34130629897117615
lower (~row 20900),20122,1800,-7.0,-2.0,0.7749356627464294
lower (~row 20900),20122,1800,-9.0,-5.0,0.8041289448738098
lower (~row 20900),20122,1800,-1.0,0.0,0.5610867142677307
lower (~row 20900),20122,1800,-1.0,-1.0,0.8194886445999146
lower (~row 20900),20122,1800,-3.0,4.0,0.2948929965496063
lower (~row 20900),20122,1800,-4.0,-1.0,0.6950685977935791
lower (~row 20900),20122,1800,46.0,-22.0,0.28059616684913635
lower (~row 20900),20122,1800,-1.0,4.0,0.34378018975257874
lower (~row 20900),20122,1800,4.0,-3.0,0.9150561094284058
lower (~row 20900),20122,1800,-5.0,7.0,0.34722205996513367
lower (~row 20900),20122,1800,-2.0,-1.0,0.5717576146125793
lower (~row 20900),20122,1800,-21.0,6.0,0.5194224119186401
lower (~row 20900),20122,1800,-9.0,-3.0,0.4939027428627014
lower (~row 20900),20122,1800,-5.0,2.0,0.3131067752838135
lower (~row 20900),20122,1800,1.0,-16.0,0.604857861995697
lower (~row 20900),20122,1800,90.0,-33.0,0.31618908047676086
lower (~row 20900),20122,1800,-1.0,-1.0,0.6779651045799255
lower (~row 20900),20122,1800,-2.0,2.0,0.3155483603477478
lower (~row 20900),20122,1800,4.0,-3.0,0.5045551061630249
lower (~row 20900),20122,1800,-25.0,3.0,0.45924055576324463
lower (~row 20900),20122,1800,-4.0,-4.0,0.28534236550331116
lower (~row 20900),20122,1800,-1.0,-1.0,0.9465381503105164
lower (~row 20900),20122,1800,17.0,-2.0,0.3087211549282074
lower (~row 20900),20122,1800,66.0,14.0,0.41358840465545654
lower (~row 20900),20122,1800,4.0,-3.0,0.9508519172668457
lower (~row 20900),20122,1800,-2.0,-1.0,0.2461194097995758
lower (~row 20900),20122,1800,-2.0,-2.0,0.5129828453063965
lower (~row 20900),20122,1800,-101.0,-99.0,0.22487804293632507
lower (~row 20900),20122,1800,-11.0,3.0,0.24438977241516113
lower (~row 20900),20122,1800,-253.0,-112.0,0.23809778690338135
lower (~row 20900),20122,1800,-6.0,16.0,0.7730821371078491
lower (~row 20900),20122,1800,-1.0,-2.0,0.612167477607727
lower (~row 20900),20122,1800,-1.0,0.0,0.802366316318512
lower (~row 20900),20122,1800,-10.0,0.0,0.33827224373817444
lower (~row 20900),20122,1800,-43.0,4.0,0.35598915815353394
lower (~row 20900),20122,1800,-1.0,1.0,0.359955370426178
lower (~row 20900),20122,1800,-4.0,0.0,0.7486733198165894
lower (~row 20900),20122,1800,0.0,-1.0,0.7609652280807495
lower (~row 20900),20122,1800,-1.0,-3.0,0.7774331569671631
lower (~row 20900),20122,1800,1.0,-3.0,0.413644403219223
lower (~row 20900),20122,1800,-201.0,-97.0,0.20959919691085815
lower (~row 20900),20122,1800,-10.0,-1.0,0.5575129389762878
lower (~row 20900),20122,1800,-180.0,-82.0,0.20031285285949707
lower (~row 20900),20122,1800,-54.0,-35.0,0.5072264671325684
lower (~row 20900),20122,1800,4.0,-3.0,0.947996199131012
lower (~row 20900),20122,1800,-63.0,-126.0,0.4646233916282654
lower (~row 20900),20122,1800,-2.0,-1.0,0.6140894889831543
lower (~row 20900),20122,1800,1.0,-4.0,0.681842565536499
lower (~row 20900),20122,1800,-1.0,-3.0,0.32058385014533997
lower (~row 20900),20122,1800,-16.0,4.0,0.5459367036819458
lower (~row 20900),20122,1800,-20.0,-99.0,0.21149970591068268
lower (~row 20900),20122,1800,5.0,-3.0,0.9541220664978027
lower (~row 20900),20122,1800,-3.0,-2.0,0.9361380338668823
lower (~row 20900),20122,1800,4.0,-4.0,0.6745914220809937
lower (~row 20900),20122,1800,1.0,-2.0,0.9322207570075989
lower (~row 20900),20122,1800,71.0,-61.0,0.5041573643684387
lower (~row 20900),20122,1800,1.0,-3.0,0.6891217827796936
lower (~row 20900),20122,1800,20.0,16.0,0.24450260400772095
lower (~row 20900),20122,1800,3.0,-2.0,0.9545716643333435
lower (~row 20900),20122,1800,0.0,-4.0,0.8888248801231384
lower (~row 20900),20122,1800,-143.0,-131.0,0.42334669828414917
lower (~row 20900),20122,1800,-12.0,-5.0,0.5635395646095276
lower (~row 20900),20122,1800,4.0,-6.0,0.5442461371421814
lower (~row 20900),20122,1800,-194.0,-114.0,0.21559448540210724
lower (~row 20900),20122,1800,6.0,-3.0,0.9432850480079651
lower (~row 20900),20122,1800,-35.0,-16.0,0.27074193954467773
lower (~row 20900),20122,1800,-15.0,3.0,0.7828277945518494
lower (~row 20900),20122,1800,85.0,-67.0,0.2328876554965973
lower (~row 20900),20122,1800,1.0,-2.0,0.9350156188011169
lower (~row 20900),20122,1800,-98.0,-161.0,0.2531704008579254
lower (~row 20900),20122,1800,-63.0,11.0,0.29643985629081726
lower (~row 20900),20122,1800,0.0,-3.0,0.3394378423690796
lower (~row 20900),20122,1800,0.0,-3.0,0.4364703595638275
lower (~row 20900),20122,1800,0.0,-3.0,0.2352738231420517
lower (~row 20900),20122,1800,-5.0,-71.0,0.2727891802787781
lower (~row 20900),20122,1800,1.0,-1.0,0.22996313869953156
lower (~row 20900),20122,1800,1.0,-3.0,0.9180043339729309
lower (~row 20900),20122,1800,-15.0,4.0,0.21241560578346252
lower (~row 20900),20122,1800,-38.0,-111.0,0.3153458833694458
lower (~row 20900),20122,1800,6.0,-3.0,0.9252219796180725
lower (~row 20900),20122,1800,-15.0,3.0,0.5541791915893555
lower (~row 20900),20122,1800,11.0,-4.0,0.8401568531990051
lower (~row 20900),20122,1800,-7.0,-18.0,0.23118354380130768
lower (~row 20900),20122,1800,-3.0,47.0,0.238168865442276
lower (~row 20900),20122,1800,4.0,-38.0,0.32988107204437256
lower (~row 20900),20122,1800,-22.0,15.0,0.47518277168273926
lower (~row 20900),20122,1800,-16.0,2.0,0.6635775566101074
lower (~row 20900),20122,1800,4.0,-3.0,0.9536998867988586
lower (~row 20900),20122,1800,-15.0,3.0,0.20655697584152222
lower (~row 20900),20122,1800,-14.0,3.0,0.3989209234714508
lower (~row 20900),20122,1800,4.0,-8.0,0.9513217806816101
lower (~row 20900),20122,1800,6.0,-5.0,0.7170729637145996
lower (~row 20900),20122,1800,6.0,-5.0,0.952035129070282
lower (~row 20900),20122,1800,4.0,-6.0,0.932628870010376
lower (~row 20900),20122,1800,1.0,-5.0,0.9571331739425659
lower (~row 20900),20122,1800,5.0,-5.0,0.9522857666015625
lower (~row 20900),20122,1800,19.0,3.0,0.3918469548225403
lower (~row 20900),20122,1800,0.0,148.0,0.40892863273620605
lower (~row 20900),20122,1800,-79.0,-78.0,0.30347898602485657
lower (~row 20900),20122,1800,4.0,-5.0,0.6853276491165161
lower (~row 20900),20122,1800,2.0,-2.0,0.9492464065551758
lower (~row 20900),20122,1800,2.0,-6.0,0.34927451610565186
lower (~row 20900),20122,1800,3.0,-3.0,0.952769935131073
lower (~row 20900),20122,1800,1.0,23.0,0.28645917773246765
lower (~row 20900),20122,1800,109.0,165.0,0.24623939394950867
lower (~row 20900),20122,1800,5.0,-5.0,0.9577468037605286
lower (~row 20900),20122,1800,7.0,-17.0,0.36071687936782837
lower (~row 20900),20122,1800,2.0,-4.0,0.9455799460411072
lower (~row 20900),20122,1800,6.0,-8.0,0.8866168856620789
lower (~row 20900),20122,1800,-90.0,-33.0,0.25652948021888733
lower (~row 20900),20122,1800,8.0,-2.0,0.5499299764633179
lower (~row 20900),20122,1800,7.0,-5.0,0.8400326371192932
lower (~row 20900),20122,1800,8.0,-5.0,0.6806561946868896
lower (~row 20900),20122,1800,8.0,0.0,0.674109697341919
lower (~row 20900),20122,1800,-90.0,-54.0,0.22262409329414368
lower (~row 20900),20122,1800,-19.0,4.0,0.9197639226913452
lower (~row 20900),20122,1800,-2.0,-1.0,0.8390935063362122
lower (~row 20900),20122,1800,4.0,-5.0,0.9538290500640869
lower (~row 20900),20122,1800,8.0,-9.0,0.910342812538147
lower (~row 20900),20122,1800,4.0,-36.0,0.249566450715065
lower (~row 20900),20122,1800,11.0,-18.0,0.28827065229415894
lower (~row 20900),20122,1800,3.0,-4.0,0.9250385165214539
lower (~row 20900),20122,1800,6.0,-6.0,0.929179847240448
lower (~row 20900),20122,1800,4.0,-6.0,0.9538909792900085
lower (~row 20900),20122,1800,5.0,-4.0,0.9577156901359558
lower (~row 20900),20122,1800,-108.0,-148.0,0.277982234954834
lower (~row 20900),20122,1800,5.0,-6.0,0.956468939781189
lower (~row 20900),20122,1800,-13.0,-2.0,0.2939753532409668
lower (~row 20900),20122,1800,-16.0,3.0,0.6283255815505981
lower (~row 20900),20122,1800,-118.0,-161.0,0.25044745206832886
lower (~row 20900),20122,1800,-94.0,-57.0,0.22598934173583984
lower (~row 20900),20122,1800,-15.0,3.0,0.7407333254814148
lower (~row 20900),20122,1800,4.0,-5.0,0.9563795328140259
lower (~row 20900),20122,1800,28.0,-43.0,0.2573930323123932
lower (~row 20900),20122,1800,4.0,-5.0,0.9310000538825989
lower (~row 20900),20122,1800,5.0,-5.0,0.952681839466095
lower (~row 20900),20122,1800,5.0,-4.0,0.8965300917625427
lower (~row 20900),20122,1800,-11.0,-24.0,0.4070497453212738
lower (~row 20900),20122,1800,-56.0,-225.0,0.22546988725662231
lower (~row 20900),20122,1800,-22.0,1.0,0.40589380264282227
lower (~row 20900),20122,1800,4.0,-4.0,0.7088221907615662
lower (~row 20900),20122,1800,-12.0,-20.0,0.2167167067527771
lower (~row 20900),20122,1800,-16.0,2.0,0.8356770873069763
lower (~row 20900),20122,1800,6.0,-5.0,0.955733060836792
lower (~row 20900),20122,1800,-18.0,4.0,0.2829393446445465
lower (~row 20900),20122,1800,2.0,-5.0,0.957302987575531
lower (~row 20900),20122,1800,5.0,-3.0,0.9435945153236389
lower (~row 20900),20122,1800,5.0,-5.0,0.8659620881080627
lower (~row 20900),20122,1800,4.0,-2.0,0.9290345311164856
lower (~row 20900),20122,1800,-15.0,3.0,0.8823041319847107
lower (~row 20900),20122,1800,1.0,-6.0,0.9347721934318542
lower (~row 20900),20122,1800,3.0,-6.0,0.9162139296531677
lower (~row 20900),20122,1800,3.0,-5.0,0.9479925632476807
lower (~row 20900),20122,1800,3.0,-7.0,0.9473382830619812
lower (~row 20900),20122,1800,1.0,-1.0,0.9306200742721558
lower (~row 20900),20122,1800,5.0,-3.0,0.9449381232261658
lower (~row 20900),20122,1800,30.0,2.0,0.28698116540908813
lower (~row 20900),20122,1800,-15.0,4.0,0.943738579750061
lower (~row 20900),20122,1800,2.0,-3.0,0.8902628421783447
lower (~row 20900),20122,1800,2.0,-5.0,0.9468613266944885
lower (~row 20900),20122,1800,-14.0,-48.0,0.4556437134742737
lower (~row 20900),20122,1800,5.0,-6.0,0.5452935695648193
lower (~row 20900),20122,1800,3.0,-5.0,0.9583352208137512
lower (~row 20900),20122,1800,4.0,-5.0,0.8603562712669373
lower (~row 20900),20122,1800,-15.0,3.0,0.9260279536247253
lower (~row 20900),20122,1800,-22.0,14.0,0.5558046102523804
lower (~row 20900),20122,1800,5.0,-4.0,0.9580153226852417
lower (~row 20900),20122,1800,8.0,-37.0,0.3890995383262634
lower (~row 20900),20122,1800,9.0,-3.0,0.6512240171432495
lower (~row 20900),20122,1800,25.0,-2.0,0.4784623384475708
lower (~row 20900),20122,1800,0.0,-4.0,0.6238884925842285
lower (~row 20900),20122,1800,67.0,21.0,0.4657648801803589
lower (~row 20900),20122,1800,4.0,-5.0,0.9570145606994629
lower (~row 20900),20122,1800,-7.0,-13.0,0.3889566957950592
lower (~row 20900),20122,1800,5.0,-3.0,0.9586862325668335
lower (~row 20900),20122,1800,5.0,-3.0,0.30276092886924744
lower (~row 20900),20122,1800,-16.0,4.0,0.6558504104614258
lower (~row 20900),20122,1800,5.0,-6.0,0.78191077709198
lower (~row 20900),20122,1800,4.0,-7.0,0.9558250904083252
lower (~row 20900),20122,1800,-15.0,4.0,0.8647447824478149
lower (~row 20900),20122,1800,-31.0,4.0,0.21941059827804565
lower (~row 20900),20122,1800,-14.0,3.0,0.9045954942703247
lower (~row 20900),20122,1800,-9.0,-174.0,0.23787012696266174
lower (~row 20900),20122,1800,2.0,-4.0,0.7267976999282837
lower (~row 20900),20122,1800,5.0,-3.0,0.9160138964653015
lower (~row 20900),20122,1800,-15.0,4.0,0.7896955609321594
lower (~row 20900),20122,1800,5.0,-4.0,0.9494293332099915
lower (~row 20900),20122,1800,4.0,-5.0,0.7544984221458435
lower (~row 20900),20122,1800,5.0,-4.0,0.9479518532752991
lower (~row 20900),20122,1800,-16.0,4.0,0.9447759389877319
lower (~row 20900),20122,1800,4.0,-3.0,0.9576974511146545
lower (~row 20900),20122,1800,5.0,-6.0,0.9451869130134583
lower (~row 20900),20122,1800,7.0,-3.0,0.9181163907051086
lower (~row 20900),20122,1800,6.0,-6.0,0.9461148381233215
lower (~row 20900),20122,1800,-14.0,4.0,0.8651283979415894
lower (~row 20900),20122,1800,5.0,-5.0,0.8849367499351501
lower (~row 20900),20122,1800,-31.0,7.0,0.5874016880989075
lower (~row 20900),20122,1800,-8.0,-90.0,0.7615025043487549
lower (~row 20900),20122,1800,4.0,-6.0,0.7042611837387085
lower (~row 20900),20122,1800,-15.0,4.0,0.8701342940330505
lower (~row 20900),20122,1800,23.0,-13.0,0.6316341161727905
lower (~row 20900),20122,1800,4.0,-9.0,0.6800151467323303
lower (~row 20900),20122,1800,26.0,-4.0,0.4308064579963684
lower (~row 20900),20122,1800,3.0,-6.0,0.8446896076202393
lower (~row 20900),20122,1800,-12.0,4.0,0.4668838083744049
lower (~row 20900),20122,1800,8.0,-4.0,0.8789867758750916
lower (~row 20900),20122,1800,5.0,-4.0,0.9381041526794434
lower (~row 20900),20122,1800,6.0,-6.0,0.8343416452407837
lower (~row 20900),20122,1800,-14.0,4.0,0.4922249913215637
lower (~row 20900),20122,1800,-1.0,25.0,0.8915117383003235
lower (~row 20900),20122,1800,-20.0,-87.0,0.2156781703233719
lower (~row 20900),20122,1800,-16.0,3.0,0.6028681397438049
lower (~row 20900),20122,1800,-23.0,55.0,0.22834987938404083
lower (~row 20900),20122,1800,-14.0,6.0,0.7708948254585266
lower (~row 20900),20122,1800,-8.0,5.0,0.29072391986846924
lower (~row 20900),20122,1800,-44.0,-57.0,0.6369536519050598
lower (~row 20900),20122,1800,11.0,-5.0,0.9375649094581604
lower (~row 20900),20122,1800,-17.0,5.0,0.42332127690315247
lower (~row 20900),20122,1800,-18.0,4.0,0.9495913982391357
lower (~row 20900),20122,1800,4.0,-5.0,0.9555954337120056
lower (~row 20900),20122,1800,-14.0,5.0,0.5582450032234192
lower (~row 20900),20122,1800,-15.0,4.0,0.46501922607421875
lower (~row 20900),20122,1800,-14.0,3.0,0.25759071111679077
lower (~row 20900),20122,1800,1.0,-5.0,0.9239504933357239
lower (~row 20900),20122,1800,10.0,-14.0,0.9562645554542542
lower (~row 20900),20122,1800,-16.0,5.0,0.7578481435775757
lower (~row 20900),20122,1800,-14.0,3.0,0.9379494786262512
lower (~row 20900),20122,1800,-13.0,4.0,0.7288655042648315
lower (~row 20900),20122,1800,4.0,-6.0,0.9549431204795837
lower (~row 20900),20122,1800,-14.0,3.0,0.24579572677612305
lower (~row 20900),20122,1800,-13.0,3.0,0.9105042815208435
lower (~row 20900),20122,1800,3.0,-7.0,0.9276755452156067
lower (~row 20900),20122,1800,-16.0,3.0,0.9336077570915222
lower (~row 20900),20122,1800,17.0,2.0,0.38657665252685547
lower (~row 20900),20122,1800,6.0,-10.0,0.892301082611084
lower (~row 20900),20122,1800,-14.0,4.0,0.5667506456375122
lower (~row 20900),20122,1800,6.0,-10.0,0.6908226609230042
lower (~row 20900),20122,1800,-14.0,4.0,0.7870370149612427
lower (~row 20900),20122,1800,0.0,-3.0,0.5363789796829224
lower (~row 20900),20122,1800,5.0,-16.0,0.946658194065094
lower (~row 20900),20122,1800,-71.0,-36.0,0.3347766399383545
lower (~row 20900),20122,1800,3.0,-7.0,0.9554040431976318
lower (~row 20900),20122,1800,35.0,151.0,0.23062662780284882
lower (~row 20900),20122,1800,-16.0,4.0,0.5025396347045898
lower (~row 20900),20122,1800,4.0,-7.0,0.9539182186126709
lower (~row 20900),20122,1800,35.0,-27.0,0.30881598591804504
lower (~row 20900),20122,1800,-45.0,-22.0,0.21606583893299103
lower (~row 20900),20122,1800,-15.0,8.0,0.48438581824302673
lower (~row 20900),20122,1800,-15.0,4.0,0.9308002591133118
lower (~row 20900),20122,1800,-16.0,9.0,0.6749684810638428
lower (~row 20900),20122,1800,-18.0,9.0,0.7945787310600281
lower (~row 20900),20122,1800,14.0,-7.0,0.34190768003463745
lower (~row 20900),20122,1800,-17.0,7.0,0.31682446599006653
lower (~row 20900),20122,1800,-18.0,9.0,0.9192325472831726
lower (~row 20900),20122,1800,-17.0,12.0,0.5691805481910706
lower (~row 20900),20122,1800,-15.0,10.0,0.7815485000610352
lower (~row 20900),20122,1800,-10.0,21.0,0.36761537194252014
lower (~row 20900),20122,1800,-107.0,-113.0,0.2052086740732193
lower (~row 20900),20122,1800,-5.0,-7.0,0.342246949672699
lower (~row 20900),20122,1800,-15.0,4.0,0.9221353530883789
lower (~row 20900),20122,1800,-22.0,1.0,0.5084876418113708
lower (~row 20900),20122,1800,5.0,-7.0,0.9387065172195435
lower (~row 20900),20122,1800,3.0,-7.0,0.9172815084457397
lower (~row 20900),20122,1800,2.0,-6.0,0.9453960061073303
lower (~row 20900),20122,1800,20.0,-11.0,0.46847426891326904
lower (~row 20900),20122,1800,-2.0,46.0,0.44989144802093506
lower (~row 20900),20122,1800,-16.0,2.0,0.9291620850563049
lower (~row 20900),20122,1800,4.0,-7.0,0.6624280214309692
lower (~row 20900),20122,1800,-16.0,7.0,0.22218821942806244
lower (~row 20900),20122,1800,2.0,-5.0,0.9565109014511108
lower (~row 20900),20122,1800,-15.0,12.0,0.6099408268928528
lower (~row 20900),20122,1800,-9.0,3.0,0.7326734662055969
lower (~row 20900),20122,1800,9.0,1.0,0.2538124620914459
lower (~row 20900),20122,1800,6.0,-7.0,0.7796130180358887
lower (~row 20900),20122,1800,-3.0,-8.0,0.6301053166389465
lower (~row 20900),20122,1800,0.0,34.0,0.44858601689338684
lower (~row 20900),20122,1800,1.0,-8.0,0.8123161792755127
lower (~row 20900),20122,1800,9.0,-13.0,0.7632976174354553
lower (~row 20900),20122,1800,4.0,-6.0,0.5969427824020386
lower (~row 20900),20122,1800,-16.0,3.0,0.2436562478542328
lower (~row 20900),20122,1800,0.0,-7.0,0.9558634161949158
lower (~row 20900),20122,1800,52.0,6.0,0.306188702583313
lower (~row 20900),20122,1800,-6.0,-17.0,0.2991414964199066
lower (~row 20900),20122,1800,-14.0,1.0,0.9345992803573608
lower (~row 20900),20122,1800,19.0,-1.0,0.5273656845092773
lower (~row 20900),20122,1800,2.0,-10.0,0.5162479877471924
lower (~row 20900),20122,1800,-15.0,0.0,0.7139797806739807
lower (~row 20900),20122,1800,-13.0,8.0,0.6654546856880188
lower (~row 20900),20122,1800,4.0,-7.0,0.8378252983093262
lower (~row 20900),20122,1800,-157.0,-30.0,0.33444511890411377
lower (~row 20900),20122,1800,-8.0,1.0,0.9533916711807251
lower (~row 20900),20122,1800,-12.0,3.0,0.868983268737793
lower (~row 20900),20122,1800,-25.0,4.0,0.23725344240665436
lower (~row 20900),20122,1800,-7.0,20.0,0.265958696603775
lower (~row 20900),20122,1800,14.0,2.0,0.9386304020881653
lower (~row 20900),20122,1800,4.0,-7.0,0.5637534856796265
lower (~row 20900),20122,1800,14.0,-9.0,0.7628893852233887
lower (~row 20900),20122,1800,17.0,6.0,0.4047488570213318
lower (~row 20900),20122,1800,-3.0,-18.0,0.4870348870754242
lower (~row 20900),20122,1800,-4.0,-64.0,0.6280696988105774
lower (~row 20900),20122,1800,17.0,-10.0,0.3090345859527588
lower (~row 20900),20122,1800,-16.0,4.0,0.9377830624580383
lower (~row 20900),20122,1800,2.0,-6.0,0.22562196850776672
lower (~row 20900),20122,1800,-16.0,5.0,0.30195239186286926
lower (~row 20900),20122,1800,4.0,-6.0,0.8516572713851929
lower (~row 20900),20122,1800,-160.0,-38.0,0.6497722864151001
lower (~row 20900),20122,1800,-13.0,6.0,0.4532453119754791
lower (~row 20900),20122,1800,-17.0,3.0,0.626065194606781
lower (~row 20900),20122,1800,-26.0,19.0,0.4175599217414856
lower (~row 20900),20122,1800,-16.0,5.0,0.8093090057373047
lower (~row 20900),20122,1800,5.0,-4.0,0.8832942247390747
lower (~row 20900),20122,1800,5.0,-6.0,0.9470491409301758
lower (~row 20900),20122,1800,-16.0,4.0,0.6750444769859314
lower (~row 20900),20122,1800,-15.0,4.0,0.9232968688011169
lower (~row 20900),20122,1800,3.0,-7.0,0.9464189410209656
lower (~row 20900),20122,1800,2.0,-10.0,0.5275316834449768
lower (~row 20900),20122,1800,-1.0,2.0,0.620222270488739
lower (~row 20900),20122,1800,-6.0,1.0,0.6946318745613098
lower (~row 20900),20122,1800,-12.0,1.0,0.2943479120731354
lower (~row 20900),20122,1800,-88.0,-5.0,0.49693217873573303
lower (~row 20900),20122,1800,-14.0,2.0,0.8350652456283569
lower (~row 20900),20122,1800,3.0,-5.0,0.9527599215507507
lower (~row 20900),20122,1800,-8.0,44.0,0.2311667948961258
lower (~row 20900),20122,1800,-17.0,4.0,0.8028998970985413
lower (~row 20900),20122,1800,-4.0,-2.0,0.42817360162734985
lower (~row 20900),20122,1800,28.0,-3.0,0.3124663233757019
lower (~row 20900),20122,1800,2.0,-12.0,0.40007612109184265
lower (~row 20900),20122,1800,-12.0,41.0,0.2188340574502945
lower (~row 20900),20122,1800,-5.0,0.0,0.21828149259090424
lower (~row 20900),20122,1800,4.0,-9.0,0.9478588104248047
lower (~row 20900),20122,1800,-22.0,-26.0,0.43367838859558105
lower (~row 20900),20122,1800,-5.0,-1.0,0.4119657576084137
lower (~row 20900),20122,1800,-18.0,3.0,0.785821259021759
lower (~row 20900),20122,1800,4.0,-6.0,0.9577906131744385
lower (~row 20900),20122,1800,49.0,-68.0,0.42604613304138184
lower (~row 20900),20122,1800,-4.0,42.0,0.55487459897995
lower (~row 20900),20122,1800,40.0,59.0,0.5378121733665466
lower (~row 20900),20122,1800,-84.0,36.0,0.3452359735965729
lower (~row 20900),20122,1800,-13.0,4.0,0.8875670433044434
lower (~row 20900),20122,1800,44.0,71.0,0.22188308835029602
lower (~row 20900),20122,1800,6.0,-3.0,0.9549294710159302
lower (~row 20900),20122,1800,-15.0,3.0,0.827271044254303
lower (~row 20900),20122,1800,-16.0,4.0,0.8985450267791748
lower (~row 20900),20122,1800,4.0,-6.0,0.9552145600318909
lower (~row 20900),20122,1800,4.0,-5.0,0.958061933517456
lower (~row 20900),20122,1800,-31.0,-24.0,0.2546950876712799
lower (~row 20900),20122,1800,5.0,-9.0,0.8270320296287537
lower (~row 20900),20122,1800,5.0,-8.0,0.9444659948348999
lower (~row 20900),20122,1800,0.0,-8.0,0.8136093616485596
lower (~row 20900),20122,1800,-4.0,-3.0,0.6163736581802368
lower (~row 20900),20122,1800,4.0,-5.0,0.9570236802101135
lower (~row 20900),20122,1800,-24.0,1.0,0.90512615442276
lower (~row 20900),20122,1800,6.0,-5.0,0.9313338994979858
lower (~row 20900),20122,1800,-17.0,4.0,0.9028355479240417
lower (~row 20900),20122,1800,1.0,-6.0,0.4016883075237274
lower (~row 20900),20122,1800,5.0,-5.0,0.9233594536781311
lower (~row 20900),20122,1800,-14.0,8.0,0.4227761924266815
lower (~row 20900),20122,1800,-11.0,2.0,0.4047715961933136
lower (~row 20900),20122,1800,79.0,53.0,0.22646526992321014
lower (~row 20900),20122,1800,-10.0,0.0,0.2769924998283386
lower (~row 20900),20122,1800,-16.0,-2.0,0.9032524228096008
lower (~row 20900),20122,1800,4.0,-5.0,0.9571313858032227
lower (~row 20900),20122,1800,-65.0,-52.0,0.5464439988136292
lower (~row 20900),20122,1800,4.0,-6.0,0.9567307233810425
lower (~row 20900),20122,1800,-15.0,3.0,0.508812665939331
lower (~row 20900),20122,1800,-16.0,5.0,0.8896907567977905
lower (~row 20900),20122,1800,-3.0,-2.0,0.6077054142951965
lower (~row 20900),20122,1800,3.0,-10.0,0.953323483467102
lower (~row 20900),20122,1800,-15.0,3.0,0.5407859683036804
lower (~row 20900),20122,1800,1.0,-7.0,0.5920307636260986
lower (~row 20900),20122,1800,6.0,-6.0,0.915833055973053
lower (~row 20900),20122,1800,93.0,247.0,0.20067882537841797
lower (~row 20900),20122,1800,-11.0,0.0,0.9177759289741516
lower (~row 20900),20122,1800,23.0,-10.0,0.2122410535812378
lower (~row 20900),20122,1800,21.0,-22.0,0.32895931601524353
lower (~row 20900),20122,1800,-110.0,-54.0,0.39700737595558167
lower (~row 20900),20122,1800,25.0,-70.0,0.34261369705200195
lower (~row 20900),20122,1800,10.0,-2.0,0.7883095145225525
lower (~row 20900),20122,1800,33.0,1.0,0.6343058943748474
lower (~row 20900),20122,1800,-13.0,1.0,0.9310257434844971
lower (~row 20900),20122,1800,-10.0,1.0,0.9490690231323242
lower (~row 20900),20122,1800,-56.0,-69.0,0.253099650144577
lower (~row 20900),20122,1800,5.0,-6.0,0.9575403332710266
lower (~row 20900),20122,1800,-16.0,2.0,0.8095775842666626
lower (~row 20900),20122,1800,-14.0,-4.0,0.5659825801849365
lower (~row 20900),20122,1800,0.0,-8.0,0.48835858702659607
lower (~row 20900),20122,1800,4.0,-11.0,0.9235804677009583
lower (~row 20900),20122,1800,-6.0,-4.0,0.49105703830718994
lower (~row 20900),20122,1800,4.0,-8.0,0.9389750957489014
lower (~row 20900),20122,1800,-62.0,21.0,0.20518305897712708
lower (~row 20900),20122,1800,-18.0,5.0,0.37071913480758667
lower (~row 20900),20122,1800,-34.0,-34.0,0.3869093060493469
lower (~row 20900),20122,1800,2.0,-9.0,0.8813883662223816
lower (~row 20900),20122,1800,21.0,4.0,0.8348900675773621
lower (~row 20900),20122,1800,9.0,-7.0,0.7748085856437683
lower (~row 20900),20122,1800,2.0,-9.0,0.539799153804779
lower (~row 20900),20122,1800,2.0,-5.0,0.5389047265052795
lower (~row 20900),20122,1800,-13.0,2.0,0.9528781175613403
lower (~row 20900),20122,1800,57.0,-11.0,0.349134624004364
lower (~row 20900),20122,1800,4.0,-18.0,0.3482763469219208
lower (~row 20900),20122,1800,3.0,-4.0,0.6647835969924927
lower (~row 20900),20122,1800,-16.0,-64.0,0.5232961177825928
lower (~row 20900),20122,1800,-13.0,0.0,0.9555854201316833
lower (~row 20900),20122,1800,-1.0,-10.0,0.4226459860801697
lower (~row 20900),20122,1800,-89.0,-10.0,0.36712735891342163
lower (~row 20900),20122,1800,4.0,-4.0,0.9560129046440125
lower (~row 20900),20122,1800,-18.0,4.0,0.9385203123092651
lower (~row 20900),20122,1800,34.0,-21.0,0.4169049859046936
lower (~row 20900),20122,1800,5.0,-4.0,0.8142396211624146
lower (~row 20900),20122,1800,44.0,1.0,0.32462459802627563
lower (~row 20900),20122,1800,7.0,-9.0,0.9528980851173401
lower (~row 20900),20122,1800,-17.0,4.0,0.9413188099861145
lower (~row 20900),20122,1800,0.0,-9.0,0.9537363052368164
lower (~row 20900),20122,1800,-16.0,4.0,0.94291090965271
lower (~row 20900),20122,1800,39.0,36.0,0.6678591966629028
lower (~row 20900),20122,1800,5.0,-9.0,0.8513844013214111
lower (~row 20900),20122,1800,-35.0,-16.0,0.29912951588630676
lower (~row 20900),20122,1800,5.0,-9.0,0.9576343894004822
lower (~row 20900),20122,1800,-9.0,-3.0,0.9005138278007507
lower (~row 20900),20122,1800,-16.0,2.0,0.5405740141868591
lower (~row 20900),20122,1800,5.0,-3.0,0.953007161617279
lower (~row 20900),20122,1800,4.0,-10.0,0.40664350986480713
lower (~row 20900),20122,1800,-45.0,49.0,0.3456326127052307
lower (~row 20900),20122,1800,5.0,-9.0,0.6074765920639038
lower (~row 20900),20122,1800,3.0,-9.0,0.7557824850082397
lower (~row 20900),20122,1800,-15.0,2.0,0.6295473575592041
lower (~row 20900),20122,1800,-7.0,-8.0,0.5788257122039795
lower (~row 20900),20122,1800,-121.0,-153.0,0.2447158247232437
lower (~row 20900),20122,1800,-6.0,-1.0,0.21487337350845337
lower (~row 20900),20122,1800,6.0,-7.0,0.9451462626457214
lower (~row 20900),20122,1800,3.0,-11.0,0.3911573588848114
lower (~row 20900),20122,1800,-13.0,6.0,0.6694884896278381
lower (~row 20900),20122,1800,11.0,-57.0,0.35572579503059387
lower (~row 20900),20122,1800,-7.0,-3.0,0.24172459542751312
lower (~row 20900),20122,1800,-9.0,5.0,0.9478488564491272
lower (~row 20900),20122,1800,16.0,-6.0,0.3872529864311218
lower (~row 20900),20122,1800,-58.0,-34.0,0.5538532137870789
lower (~row 20900),20122,1800,-9.0,-11.0,0.40930047631263733
lower (~row 20900),20122,1800,26.0,-16.0,0.3899550437927246
lower (~row 20900),20122,1800,3.0,-7.0,0.7565764784812927
lower (~row 20900),20122,1800,22.0,-79.0,0.7979487776756287
lower (~row 20900),20122,1800,-18.0,5.0,0.9339506030082703
lower (~row 20900),20122,1800,-38.0,-45.0,0.3324058949947357
lower (~row 20900),20122,1800,-16.0,3.0,0.9483533501625061
lower (~row 20900),20122,1800,-114.0,-39.0,0.2658456265926361
lower (~row 20900),20122,1800,26.0,2.0,0.9073629379272461
lower (~row 20900),20122,1800,1.0,-10.0,0.948853611946106
lower (~row 20900),20122,1800,-18.0,7.0,0.2590194642543793
lower (~row 20900),20122,1800,-9.0,-2.0,0.8463038802146912
lower (~row 20900),20122,1800,-18.0,5.0,0.9313374161720276
lower (~row 20900),20122,1800,-15.0,4.0,0.8736366033554077
lower (~row 20900),20122,1800,-5.0,-5.0,0.8678743243217468
lower (~row 20900),20122,1800,4.0,-9.0,0.9508918523788452
lower (~row 20900),20122,1800,-29.0,8.0,0.23237784206867218
lower (~row 20900),20122,1800,1.0,-3.0,0.7603834867477417
lower (~row 20900),20122,1800,12.0,-19.0,0.45824965834617615
lower (~row 20900),20122,1800,10.0,-32.0,0.20632624626159668
lower (~row 20900),20122,1800,5.0,-9.0,0.9507485628128052
lower (~row 20900),20122,1800,6.0,-58.0,0.26841145753860474
lower (~row 20900),20122,1800,2.0,-9.0,0.9578015208244324
lower (~row 20900),20122,1800,-13.0,2.0,0.3062079846858978
lower (~row 20900),20122,1800,3.0,-9.0,0.9537190794944763
lower (~row 20900),20122,1800,-22.0,-8.0,0.6376568675041199
lower (~row 20900),20122,1800,-37.0,-12.0,0.2758481502532959
lower (~row 20900),20122,1800,4.0,-5.0,0.9585481286048889
lower (~row 20900),20122,1800,-44.0,17.0,0.27571114897727966
lower (~row 20900),20122,1800,16.0,27.0,0.535742998123169
lower (~row 20900),20122,1800,-83.0,-14.0,0.2951039969921112
lower (~row 20900),20122,1800,-20.0,5.0,0.23898203670978546
lower (~row 20900),20122,1800,-3.0,-7.0,0.21794992685317993
lower (~row 20900),20122,1800,-110.0,-39.0,0.236053466796875
lower (~row 20900),20122,1800,6.0,-11.0,0.5007174611091614
lower (~row 20900),20122,1800,-33.0,21.0,0.4651287794113159
lower (~row 20900),20122,1800,-14.0,3.0,0.7051295042037964
lower (~row 20900),20122,1800,5.0,-44.0,0.30369094014167786
lower (~row 20900),20122,1800,5.0,-8.0,0.9515703916549683
lower (~row 20900),20122,1800,4.0,-5.0,0.9477458000183105
lower (~row 20900),20122,1800,11.0,1.0,0.7343173027038574
lower (~row 20900),20122,1800,-7.0,19.0,0.3532976508140564
lower (~row 20900),20122,1800,-124.0,5.0,0.2763444781303406
lower (~row 20900),20122,1800,-5.0,0.0,0.2608802616596222
lower (~row 20900),20122,1800,-3.0,-9.0,0.5123995542526245
lower (~row 20900),20122,1800,3.0,-12.0,0.9418817758560181
lower (~row 20900),20122,1800,5.0,-10.0,0.949005663394928
lower (~row 20900),20122,1800,-18.0,5.0,0.9377830624580383
lower (~row 20900),20122,1800,-17.0,3.0,0.9526472687721252
lower (~row 20900),20122,1800,1.0,-47.0,0.23957853019237518
lower (~row 20900),20122,1800,-55.0,-46.0,0.7805072069168091
lower (~row 20900),20122,1800,18.0,85.0,0.2473311871290207
lower (~row 20900),20122,1800,4.0,-9.0,0.8186419010162354
lower (~row 20900),20122,1800,2.0,-2.0,0.9472370147705078
lower (~row 20900),20122,1800,157.0,103.0,0.22315549850463867
lower (~row 20900),20122,1800,-18.0,4.0,0.9176271557807922
lower (~row 20900),20122,1800,4.0,-11.0,0.9567261338233948
lower (~row 20900),20122,1800,0.0,3.0,0.9225918650627136
lower (~row 20900),20122,1800,10.0,-5.0,0.2669772207736969
lower (~row 20900),20122,1800,0.0,-10.0,0.7248388528823853
lower (~row 20900),20122,1800,2.0,-11.0,0.9424748420715332
lower (~row 20900),20122,1800,10.0,12.0,0.28447696566581726
lower (~row 20900),20122,1800,-6.0,-3.0,0.5816277861595154
lower (~row 20900),20122,1800,-4.0,-52.0,0.42089951038360596
lower (~row 20900),20122,1800,2.0,-5.0,0.954839289188385
lower (~row 20900),20122,1800,4.0,-11.0,0.9085820913314819
lower (~row 20900),20122,1800,-1.0,-7.0,0.8341642022132874
lower (~row 20900),20122,1800,23.0,-17.0,0.7183892130851746
lower (~row 20900),20122,1800,-111.0,-50.0,0.21245267987251282
lower (~row 20900),20122,1800,3.0,-7.0,0.9214724898338318
lower (~row 20900),20122,1800,-91.0,-30.0,0.40169215202331543
lower (~row 20900),20122,1800,-1.0,-24.0,0.3775593340396881
lower (~row 20900),20122,1800,-45.0,-40.0,0.22930704057216644
lower (~row 20900),20122,1800,-18.0,4.0,0.39390507340431213
lower (~row 20900),20122,1800,2.0,-11.0,0.9513744115829468
lower (~row 20900),20122,1800,-6.0,-5.0,0.6679649353027344
lower (~row 20900),20122,1800,-79.0,-30.0,0.29287421703338623
lower (~row 20900),20122,1800,3.0,-4.0,0.9521831274032593
lower (~row 20900),20122,1800,10.0,14.0,0.6440907716751099
lower (~row 20900),20122,1800,2.0,-5.0,0.9165626168251038
lower (~row 20900),20122,1800,-1.0,-11.0,0.4605805277824402
lower (~row 20900),20122,1800,14.0,13.0,0.2705930173397064
lower (~row 20900),20122,1800,0.0,-10.0,0.5812446475028992
lower (~row 20900),20122,1800,4.0,-3.0,0.9428074359893799
lower (~row 20900),20122,1800,6.0,-7.0,0.7607272267341614
lower (~row 20900),20122,1800,2.0,-9.0,0.9087051749229431
lower (~row 20900),20122,1800,-7.0,-8.0,0.903220534324646
lower (~row 20900),20122,1800,12.0,-15.0,0.5534952282905579
lower (~row 20900),20122,1800,-46.0,-19.0,0.46731099486351013
lower (~row 20900),20122,1800,4.0,-11.0,0.9525019526481628
lower (~row 20900),20122,1800,4.0,-10.0,0.9505862593650818
lower (~row 20900),20122,1800,4.0,-12.0,0.9447327256202698
lower (~row 20900),20122,1800,-3.0,-6.0,0.8786582946777344
lower (~row 20900),20122,1800,4.0,-11.0,0.9425018429756165
lower (~row 20900),20122,1800,13.0,-19.0,0.5205987095832825
lower (~row 20900),20122,1800,-5.0,-7.0,0.4927312731742859
lower (~row 20900),20122,1800,6.0,-10.0,0.9506760239601135
lower (~row 20900),20122,1800,-17.0,3.0,0.9376614093780518
lower (~row 20900),20122,1800,-114.0,-72.0,0.4486634433269501
lower (~row 20900),20122,1800,3.0,-11.0,0.9437484741210938
lower (~row 20900),20122,1800,4.0,-8.0,0.9554341435432434
lower (~row 20900),20122,1800,-1.0,-53.0,0.3452155590057373
lower (~row 20900),20122,1800,4.0,-11.0,0.9578289985656738
lower (~row 20900),20122,1800,-2.0,-11.0,0.9399005770683289
lower (~row 20900),20122,1800,-19.0,-18.0,0.8508536219596863
lower (~row 20900),20122,1800,2.0,-12.0,0.944513738155365
lower (~row 20900),20122,1800,3.0,-12.0,0.951784610748291
lower (~row 20900),20122,1800,7.0,-6.0,0.9404878616333008
lower (~row 20900),20122,1800,4.0,-10.0,0.9508392214775085
lower (~row 20900),20122,1800,3.0,-5.0,0.9552728533744812
lower (~row 20900),20122,1800,4.0,-13.0,0.7757919430732727
lower (~row 20900),20122,1800,-22.0,-4.0,0.566723644733429
lower (~row 20900),20122,1800,0.0,-10.0,0.9540401697158813
lower (~row 20900),20122,1800,2.0,-12.0,0.9361710548400879
lower (~row 20900),20122,1800,-3.0,-20.0,0.3941981792449951
lower (~row 20900),20122,1800,-36.0,-44.0,0.21642135083675385
lower (~row 20900),20122,1800,-10.0,1.0,0.5701562166213989
lower (~row 20900),20122,1800,2.0,-9.0,0.9397302865982056
lower (~row 20900),20122,1800,-16.0,3.0,0.8930178880691528
lower (~row 20900),20122,1800,-48.0,11.0,0.335496723651886
lower (~row 20900),20122,1800,5.0,-10.0,0.9582273364067078
lower (~row 20900),20122,1800,-27.0,-52.0,0.3340676724910736
lower (~row 20900),20122,1800,-11.0,-4.0,0.6720030903816223
lower (~row 20900),20122,1800,-58.0,0.0,0.38654160499572754
lower (~row 20900),20122,1800,-3.0,-61.0,0.32004714012145996
lower (~row 20900),20122,1800,4.0,-11.0,0.954265832901001
lower (~row 20900),20122,1800,2.0,-15.0,0.7386501431465149
lower (~row 20900),20122,1800,156.0,90.0,0.21655163168907166
lower (~row 20900),20122,1800,1.0,-8.0,0.8281954526901245
lower (~row 20900),20122,1800,-8.0,-4.0,0.9320873618125916
lower (~row 20900),20122,1800,2.0,-6.0,0.9547500610351562
lower (~row 20900),20122,1800,64.0,15.0,0.2227313220500946
lower (~row 20900),20122,1800,-5.0,-10.0,0.5333338379859924
lower (~row 20900),20122,1800,5.0,-7.0,0.32176461815834045
lower (~row 20900),20122,1800,1.0,-2.0,0.5341675877571106
lower (~row 20900),20122,1800,3.0,-11.0,0.9510142803192139
lower (~row 20900),20122,1800,-4.0,-8.0,0.6107021570205688
lower (~row 20900),20122,1800,6.0,-11.0,0.9311723113059998
lower (~row 20900),20122,1800,-8.0,-3.0,0.9348987936973572
lower (~row 20900),20122,1800,-14.0,0.0,0.39076659083366394
lower (~row 20900),20122,1800,-7.0,4.0,0.2331850230693817
lower (~row 20900),20122,1800,2.0,-10.0,0.783308744430542
lower (~row 20900),20122,1800,4.0,-13.0,0.9103740453720093
lower (~row 20900),20122,1800,3.0,-7.0,0.9516321420669556
lower (~row 20900),20122,1800,13.0,0.0,0.843075156211853
lower (~row 20900),20122,1800,-17.0,3.0,0.9023544788360596
lower (~row 20900),20122,1800,-3.0,-8.0,0.9051253795623779
lower (~row 20900),20122,1800,-47.0,-34.0,0.7986019849777222
lower (~row 20900),20122,1800,3.0,-6.0,0.953285276889801
lower (~row 20900),20122,1800,2.0,-12.0,0.9142501354217529
lower (~row 20900),20122,1800,46.0,-39.0,0.36085519194602966
lower (~row 20900),20122,1800,20.0,1.0,0.6931020021438599
lower (~row 20900),20122,1800,-28.0,3.0,0.421964555978775
lower (~row 20900),20122,1800,4.0,-8.0,0.8870761394500732
lower (~row 20900),20122,1800,6.0,-19.0,0.38808780908584595
lower (~row 20900),20122,1800,-5.0,20.0,0.7580187320709229
lower (~row 20900),20122,1800,2.0,-11.0,0.805121898651123
lower (~row 20900),20122,1800,4.0,-12.0,0.9487360119819641
lower (~row 20900),20122,1800,-34.0,0.0,0.6642379760742188
lower (~row 20900),20122,1800,2.0,-12.0,0.9242492318153381
lower (~row 20900),20122,1800,-38.0,-1.0,0.5882689952850342
lower (~row 20900),20122,1800,-15.0,0.0,0.912388801574707
lower (~row 20900),20122,1800,-1.0,-10.0,0.8295336961746216
lower (~row 20900),20122,1800,4.0,-7.0,0.9582830667495728
lower (~row 20900),20122,1800,2.0,-4.0,0.9292968511581421
lower (~row 20900),20122,1800,-17.0,2.0,0.3383106291294098
lower (~row 20900),20122,1800,2.0,-10.0,0.9377902150154114
lower (~row 20900),20122,1800,-48.0,-52.0,0.5295711159706116
lower (~row 20900),20122,1800,5.0,-9.0,0.9518299698829651
lower (~row 20900),20122,1800,-19.0,-55.0,0.5072636604309082
lower (~row 20900),20122,1800,20.0,-21.0,0.7005394697189331
lower (~row 20900),20122,1800,3.0,-7.0,0.9474357962608337
lower (~row 20900),20122,1800,22.0,-24.0,0.5796979665756226
lower (~row 20900),20122,1800,6.0,-8.0,0.7581409215927124
lower (~row 20900),20122,1800,3.0,-10.0,0.7067371606826782
lower (~row 20900),20122,1800,-8.0,-5.0,0.4056345224380493
lower (~row 20900),20122,1800,2.0,-4.0,0.9406009316444397
lower (~row 20900),20122,1800,3.0,-7.0,0.9576225280761719
lower (~row 20900),20122,1800,-4.0,-10.0,0.6885010004043579
lower (~row 20900),20122,1800,3.0,-12.0,0.9556410312652588
lower (~row 20900),20122,1800,30.0,-12.0,0.24625205993652344
lower (~row 20900),20122,1800,2.0,-14.0,0.504615306854248
lower (~row 20900),20122,1800,5.0,-11.0,0.9400538206100464
lower (~row 20900),20122,1800,4.0,-6.0,0.9576326012611389
lower (~row 20900),20122,1800,-16.0,-17.0,0.2253699153661728
lower (~row 20900),20122,1800,-10.0,-15.0,0.9474250078201294
lower (~row 20900),20122,1800,-26.0,-115.0,0.24400319159030914
lower (~row 20900),20122,1800,-117.0,-59.0,0.2931075096130371
lower (~row 20900),20122,1800,-8.0,-6.0,0.3325822055339813
lower (~row 20900),20122,1800,-13.0,14.0,0.5523109436035156
lower (~row 20900),20122,1800,-38.0,-4.0,0.39325231313705444
lower (~row 20900),20122,1800,4.0,-10.0,0.9027460813522339
lower (~row 20900),20122,1800,4.0,-9.0,0.7740182876586914
lower (~row 20900),20122,1800,1.0,-9.0,0.9351984262466431
lower (~row 20900),20122,1800,3.0,-7.0,0.955433189868927
lower (~row 20900),20122,1800,4.0,-4.0,0.8673357367515564
lower (~row 20900),20122,1800,9.0,-31.0,0.8531123399734497
lower (~row 20900),20122,1800,4.0,-12.0,0.8656004071235657
lower (~row 20900),20122,1800,3.0,-5.0,0.8015747666358948
lower (~row 20900),20122,1800,25.0,86.0,0.2672668695449829
lower (~row 20900),20122,1800,4.0,-10.0,0.9462845325469971
lower (~row 20900),20122,1800,-7.0,-5.0,0.9504312872886658
lower (~row 20900),20122,1800,5.0,-69.0,0.36309871077537537
lower (~row 20900),20122,1800,21.0,-2.0,0.48610684275627136
lower (~row 20900),20122,1800,-29.0,-6.0,0.570697009563446
lower (~row 20900),20122,1800,-6.0,-17.0,0.889818012714386
lower (~row 20900),20122,1800,16.0,28.0,0.666975736618042
lower (~row 20900),20122,1800,3.0,-5.0,0.7062844038009644
lower (~row 20900),20122,1800,4.0,-6.0,0.9451462626457214
lower (~row 20900),20122,1800,-9.0,-9.0,0.8860244154930115
lower (~row 20900),20122,1800,-23.0,-34.0,0.2735425531864166
lower (~row 20900),20122,1800,31.0,-5.0,0.4188253581523895
lower (~row 20900),20122,1800,-31.0,9.0,0.42645999789237976
lower (~row 20900),20122,1800,4.0,-13.0,0.8988296389579773
lower (~row 20900),20122,1800,21.0,-14.0,0.4541080594062805
lower (~row 20900),20122,1800,3.0,-13.0,0.6347875595092773
lower (~row 20900),20122,1800,3.0,-6.0,0.954612672328949
lower (~row 20900),20122,1800,-7.0,-5.0,0.41192883253097534
lower (~row 20900),20122,1800,-7.0,-7.0,0.9478713870048523
lower (~row 20900),20122,1800,12.0,-11.0,0.5132162570953369
lower (~row 20900),20122,1800,4.0,-5.0,0.9561898112297058
lower (~row 20900),20122,1800,71.0,-7.0,0.8072046041488647
lower (~row 20900),20122,1800,-14.0,-1.0,0.7289224863052368
lower (~row 20900),20122,1800,-1.0,-7.0,0.7522475123405457
lower (~row 20900),20122,1800,17.0,-76.0,0.4734024405479431
lower (~row 20900),20122,1800,0.0,-16.0,0.5060774683952332
lower (~row 20900),20122,1800,-71.0,-17.0,0.2514101564884186
lower (~row 20900),20122,1800,8.0,-96.0,0.26766860485076904
lower (~row 20900),20122,1800,-4.0,-7.0,0.31571751832962036
lower (~row 20900),20122,1800,3.0,-5.0,0.9503506422042847
lower (~row 20900),20122,1800,-13.0,-3.0,0.9168616533279419
lower (~row 20900),20122,1800,-100.0,-60.0,0.3680671751499176
lower (~row 20900),20122,1800,-13.0,-2.0,0.9243232607841492
lower (~row 20900),20122,1800,57.0,-78.0,0.2834162712097168
lower (~row 20900),20122,1800,2.0,-11.0,0.8426459431648254
lower (~row 20900),20122,1800,2.0,-13.0,0.8773219585418701
lower (~row 20900),20122,1800,-112.0,-52.0,0.24745576083660126
lower (~row 20900),20122,1800,27.0,-59.0,0.4788539707660675
lower (~row 20900),20122,1800,2.0,-17.0,0.5938646793365479
lower (~row 20900),20122,1800,4.0,-14.0,0.6366226673126221
lower (~row 20900),20122,1800,-71.0,-76.0,0.23200957477092743
lower (~row 20900),20122,1800,4.0,-9.0,0.9295210838317871
lower (~row 20900),20122,1800,8.0,-10.0,0.780997097492218
lower (~row 20900),20122,1800,2.0,-14.0,0.6519690155982971
lower (~row 20900),20122,1800,2.0,-8.0,0.9382374882698059
lower (~row 20900),20122,1800,-45.0,-8.0,0.39777782559394836
lower (~row 20900),20122,1800,-5.0,-4.0,0.49406197667121887
lower (~row 20900),20122,1800,4.0,-11.0,0.9362388849258423
lower (~row 20900),20122,1800,4.0,-8.0,0.9273915886878967
lower (~row 20900),20122,1800,2.0,-12.0,0.9477782845497131
lower (~row 20900),20122,1800,12.0,-5.0,0.8800671696662903
lower (~row 20900),20122,1800,-45.0,-42.0,0.2013920247554779
lower (~row 20900),20122,1800,2.0,-7.0,0.46359434723854065
lower (~row 20900),20122,1800,4.0,-5.0,0.3859040439128876
lower (~row 20900),20122,1800,4.0,-15.0,0.9514669179916382
lower (~row 20900),20122,1800,-15.0,5.0,0.6708338260650635
lower (~row 20900),20122,1800,-1.0,-10.0,0.9513816237449646
lower (~row 20900),20122,1800,21.0,-8.0,0.5806540846824646
lower (~row 20900),20122,1800,-9.0,-5.0,0.6449408531188965
lower (~row 20900),20122,1800,-20.0,2.0,0.4361857771873474
lower (~row 20900),20122,1800,21.0,-22.0,0.25990036129951477
lower (~row 20900),20122,1800,13.0,-64.0,0.2141561359167099
lower (~row 20900),20122,1800,-11.0,0.0,0.33013567328453064
lower (~row 20900),20122,1800,4.0,-6.0,0.9085959792137146
lower (~row 20900),20122,1800,4.0,-13.0,0.5814669728279114
lower (~row 20900),20122,1800,3.0,-6.0,0.4578040838241577
lower (~row 20900),20122,1800,10.0,18.0,0.4369809925556183
lower (~row 20900),20122,1800,-9.0,-7.0,0.7713220119476318
lower (~row 20900),20122,1800,-11.0,0.0,0.7220591306686401
lower (~row 20900),20122,1800,2.0,-14.0,0.9488744735717773
lower (~row 20900),20122,1800,4.0,-5.0,0.9552437663078308
lower (~row 20900),20122,1800,3.0,-10.0,0.949573278427124
lower (~row 20900),20122,1800,-6.0,-7.0,0.639676570892334
lower (~row 20900),20122,1800,3.0,-7.0,0.9441733360290527
lower (~row 20900),20122,1800,18.0,-18.0,0.7548936009407043
lower (~row 20900),20122,1800,-23.0,-25.0,0.3293378949165344
lower (~row 20900),20122,1800,-3.0,-11.0,0.9529798030853271
lower (~row 20900),20122,1800,3.0,-8.0,0.953005313873291
lower (~row 20900),20122,1800,3.0,-15.0,0.9547774791717529
lower (~row 20900),20122,1800,5.0,-7.0,0.9459118843078613
lower (~row 20900),20122,1800,2.0,-5.0,0.9470852613449097
lower (~row 20900),20122,1800,3.0,-3.0,0.5088471174240112
lower (~row 20900),20122,1800,2.0,-7.0,0.6090009212493896
lower (~row 20900),20122,1800,59.0,-38.0,0.6690462231636047
lower (~row 20900),20122,1800,8.0,14.0,0.47471532225608826
lower (~row 20900),20122,1800,-1.0,-12.0,0.9337769746780396
lower (~row 20900),20122,1800,6.0,-17.0,0.8316367268562317
lower (~row 20900),20122,1800,2.0,-14.0,0.9417865872383118
lower (~row 20900),20122,1800,4.0,-14.0,0.9525954723358154
lower (~row 20900),20122,1800,5.0,-15.0,0.9316936135292053
lower (~row 20900),20122,1800,21.0,-7.0,0.8094038963317871
lower (~row 20900),20122,1800,11.0,-12.0,0.24369041621685028
lower (~row 20900),20122,1800,-9.0,-13.0,0.4138259291648865
lower (~row 20900),20122,1800,4.0,-11.0,0.9274606108665466
lower (~row 20900),20122,1800,98.0,-63.0,0.2192135900259018
lower (~row 20900),20122,1800,4.0,-10.0,0.9042617082595825
lower (~row 20900),20122,1800,3.0,-5.0,0.9284729957580566
lower (~row 20900),20122,1800,4.0,-7.0,0.9512001872062683
lower (~row 20900),20122,1800,4.0,-8.0,0.8406376838684082
lower (~row 20900),20122,1800,1.0,-13.0,0.923418402671814
lower (~row 20900),20122,1800,-1.0,-12.0,0.6092798113822937
lower (~row 20900),20122,1800,3.0,-13.0,0.9434253573417664
lower (~row 20900),20122,1800,3.0,-10.0,0.9169875979423523
lower (~row 20900),20122,1800,2.0,-14.0,0.9494239091873169
lower (~row 20900),20122,1800,1.0,-13.0,0.9286669492721558
lower (~row 20900),20122,1800,-60.0,29.0,0.408526748418808
lower (~row 20900),20122,1800,0.0,-22.0,0.5129265785217285
lower (~row 20900),20122,1800,-7.0,-19.0,0.3469354212284088
lower (~row 20900),20122,1800,1.0,-8.0,0.8943491578102112
lower (~row 20900),20122,1800,-3.0,-12.0,0.9530116319656372
lower (~row 20900),20122,1800,-4.0,-11.0,0.4357612431049347
lower (~row 20900),20122,1800,22.0,6.0,0.25366872549057007
lower (~row 20900),20122,1800,-43.0,-42.0,0.6839128732681274
lower (~row 20900),20122,1800,41.0,-4.0,0.2782710790634155
lower (~row 20900),20122,1800,3.0,-7.0,0.9267894625663757
lower (~row 20900),20122,1800,-74.0,-78.0,0.2092171460390091
lower (~row 20900),20122,1800,-41.0,-52.0,0.852708101272583
lower (~row 20900),20122,1800,7.0,-9.0,0.912718653678894
lower (~row 20900),20122,1800,30.0,-7.0,0.48980826139450073
lower (~row 20900),20122,1800,4.0,-15.0,0.9469254016876221
lower (~row 20900),20122,1800,-20.0,-9.0,0.3931916058063507
lower (~row 20900),20122,1800,8.0,-9.0,0.859801709651947
lower (~row 20900),20122,1800,-9.0,-12.0,0.9103514552116394
lower (~row 20900),20122,1800,-110.0,36.0,0.25532472133636475
lower (~row 20900),20122,1800,4.0,-14.0,0.9380147457122803
lower (~row 20900),20122,1800,2.0,-11.0,0.5495808124542236
lower (~row 20900),20122,1800,-59.0,-26.0,0.4790942370891571
lower (~row 20900),20122,1800,14.0,-3.0,0.5327035188674927
lower (~row 20900),20122,1800,3.0,-15.0,0.3551895022392273
lower (~row 20900),20122,1800,4.0,-8.0,0.9084417819976807
lower (~row 20900),20122,1800,3.0,-11.0,0.954788327217102
lower (~row 20900),20122,1800,-3.0,-17.0,0.8466994166374207
lower (~row 20900),20122,1800,0.0,-14.0,0.9107578992843628
lower (~row 20900),20122,1800,5.0,-16.0,0.9568411707878113
lower (~row 20900),20122,1800,-4.0,-9.0,0.6367131471633911
lower (~row 20900),20122,1800,0.0,-12.0,0.9484573602676392
lower (~row 20900),20122,1800,-8.0,-7.0,0.579681396484375
lower (~row 20900),20122,1800,67.0,-62.0,0.2530948221683502
lower (~row 20900),20122,1800,3.0,-9.0,0.9393978714942932
lower (~row 20900),20122,1800,5.0,-5.0,0.8115611672401428
lower (~row 20900),20122,1800,1.0,0.0,0.5279654860496521
lower (~row 20900),20122,1800,4.0,-11.0,0.5466796159744263
lower (~row 20900),20122,1800,3.0,-8.0,0.9345377087593079
lower (~row 20900),20122,1800,6.0,-8.0,0.8534524440765381
lower (~row 20900),20122,1800,3.0,-11.0,0.7114661931991577
lower (~row 20900),20122,1800,1.0,-11.0,0.5272108316421509
lower (~row 20900),20122,1800,1.0,-13.0,0.8638578653335571
lower (~row 20900),20122,1800,-20.0,-14.0,0.3713160753250122
lower (~row 20900),20122,1800,4.0,-9.0,0.9306733012199402
lower (~row 20900),20122,1800,-11.0,-6.0,0.8210054636001587
lower (~row 20900),20122,1800,-8.0,-7.0,0.6734324097633362
lower (~row 20900),20122,1800,-17.0,-17.0,0.49913790822029114
lower (~row 20900),20122,1800,4.0,-11.0,0.9515740275382996
lower (~row 20900),20122,1800,-37.0,-48.0,0.3594079315662384
lower (~row 20900),20122,1800,4.0,-12.0,0.6235750317573547
lower (~row 20900),20122,1800,-2.0,-19.0,0.6963006258010864
lower (~row 20900),20122,1800,-16.0,-4.0,0.6255542635917664
lower (~row 20900),20122,1800,4.0,-8.0,0.8991125226020813
lower (~row 20900),20122,1800,20.0,7.0,0.5592148303985596
lower (~row 20900),20122,1800,19.0,-12.0,0.8435078859329224
lower (~row 20900),20122,1800,3.0,-15.0,0.3177679479122162
lower (~row 20900),20122,1800,-23.0,-63.0,0.21494512259960175
lower (~row 20900),20122,1800,2.0,-14.0,0.6095733046531677
