tile_id,tile_row,tile_col,ohrc_x,ohrc_y,nac_x,nac_y,confidence
19,9560,1800,2696.0,10637.0,2604.0,8094.0,0.953301
19,9560,1800,2824.0,10684.0,2735.0,8137.0,0.951812
19,9560,1800,2846.0,10633.0,2760.0,8086.0,0.740084
19,9560,1800,2544.0,10733.0,2445.0,8195.0,0.903349
19,9560,1800,2572.0,10645.0,2471.0,8103.0,0.95072
19,9560,1800,2576.0,10595.0,2481.0,8055.0,0.950571
19,9560,1800,2589.0,10605.0,2494.0,8065.0,0.934733
19,9560,1800,2716.0,10657.0,2625.0,8114.0,0.937891
19,9560,1800,2753.0,10756.0,2661.0,8213.0,0.945107
19,9560,1800,2713.0,10683.0,2620.0,8141.0,0.934488
19,9560,1800,2521.0,10759.0,2423.0,8224.0,0.913459
19,9560,1800,2900.0,10595.0,2814.0,8046.0,0.924693
19,9560,1800,2838.0,10661.0,2750.0,8115.0,0.951103
19,9560,1800,2508.0,10683.0,2408.0,8145.0,0.944305
19,9560,1800,2603.0,10669.0,2507.0,8129.0,0.731088
19,9560,1800,2853.0,10680.0,2766.0,8134.0,0.914677
19,9560,1800,2607.0,10542.0,2512.0,7999.0,0.950813
19,9560,1800,2875.0,10703.0,2788.0,8157.0,0.947905
19,9560,1800,2711.0,10652.0,2618.0,8107.0,0.894885
19,9560,1800,2660.0,10544.0,2567.0,8000.0,0.949428
19,9560,1800,2700.0,10661.0,2608.0,8117.0,0.943342
19,9560,1800,2990.0,10412.0,2902.0,7864.0,0.431351
19,9560,1800,2755.0,10723.0,2662.0,8180.0,0.949952
19,9560,1800,2983.0,10620.0,2902.0,8070.0,0.528067
19,9560,1800,2595.0,10286.0,2496.0,7740.0,0.427383
19,9560,1800,2163.0,10366.0,2048.0,7836.0,0.583259
19,9560,1800,2958.0,10692.0,2874.0,8142.0,0.929237
20,9560,3000,3723.0,10323.0,3665.0,7750.0,0.755133
20,9560,3000,3658.0,10185.0,3587.0,7615.0,0.53612
20,9560,3000,3889.0,10490.0,3837.0,7920.0,0.951209
20,9560,3000,3719.0,10630.0,3658.0,8065.0,0.739975
20,9560,3000,3924.0,10723.0,3868.0,8158.0,0.954868
20,9560,3000,3631.0,10652.0,3569.0,8089.0,0.945673
20,9560,3000,3924.0,10632.0,3869.0,8065.0,0.86358
20,9560,3000,3872.0,10742.0,3817.0,8177.0,0.928282
20,9560,3000,3652.0,10738.0,3592.0,8174.0,0.942435
20,9560,3000,3897.0,10345.0,3848.0,7773.0,0.940815
20,9560,3000,3906.0,10602.0,3854.0,8036.0,0.878371
20,9560,3000,3924.0,10681.0,3867.0,8117.0,0.614517
20,9560,3000,3812.0,10662.0,3753.0,8100.0,0.942834
20,9560,3000,3800.0,10574.0,3744.0,8008.0,0.944758
20,9560,3000,3730.0,10597.0,3669.0,8035.0,0.93415
20,9560,3000,3783.0,10639.0,3723.0,8076.0,0.951589
20,9560,3000,3783.0,9911.0,3724.0,7343.0,0.525746
20,9560,3000,3894.0,10633.0,3841.0,8068.0,0.588538
20,9560,3000,3606.0,10639.0,3543.0,8075.0,0.947314
20,9560,3000,3540.0,10726.0,3477.0,8163.0,0.934714
20,9560,3000,3622.0,10713.0,3560.0,8150.0,0.946824
20,9560,3000,3079.0,10740.0,2999.0,8190.0,0.907401
20,9560,3000,3908.0,10464.0,3856.0,7895.0,0.909148
20,9560,3000,3794.0,10682.0,3733.0,8119.0,0.950837
20,9560,3000,3887.0,10447.0,3832.0,7871.0,0.860739
20,9560,3000,3810.0,10470.0,3739.0,7908.0,0.418983
20,9560,3000,3272.0,10739.0,3197.0,8187.0,0.698134
20,9560,3000,3911.0,10337.0,3860.0,7769.0,0.485332
20,9560,3000,3020.0,10709.0,2923.0,8158.0,0.725068
20,9560,3000,3237.0,10683.0,3156.0,8121.0,0.809241
20,9560,3000,3012.0,10721.0,2930.0,8171.0,0.926418
20,9560,3000,3911.0,10574.0,3859.0,8003.0,0.695861
20,9560,3000,3638.0,10696.0,3578.0,8133.0,0.893555
20,9560,3000,3327.0,10649.0,3253.0,8091.0,0.892188
20,9560,3000,3793.0,10710.0,3734.0,8148.0,0.949884
20,9560,3000,3855.0,10510.0,3803.0,7940.0,0.951052
22,10760,1800,2151.0,11333.0,2033.0,8816.0,0.941308
22,10760,1800,2140.0,11565.0,2017.0,9051.0,0.926384
22,10760,1800,2355.0,11863.0,2235.0,9348.0,0.376422
22,10760,1800,2148.0,11128.0,2032.0,8609.0,0.872963
22,10760,1800,2316.0,11028.0,2204.0,8503.0,0.759365
22,10760,1800,2247.0,11479.0,2126.0,8964.0,0.945998
22,10760,1800,2296.0,11284.0,2180.0,8766.0,0.948864
22,10760,1800,2016.0,11696.0,1888.0,9174.0,0.330692
22,10760,1800,2423.0,11435.0,2308.0,8915.0,0.517513
22,10760,1800,2804.0,11493.0,2704.0,8962.0,0.954179
22,10760,1800,2137.0,11106.0,2021.0,8584.0,0.949723
22,10760,1800,2687.0,11636.0,2579.0,9111.0,0.93657
22,10760,1800,2919.0,11450.0,2823.0,8915.0,0.877037
22,10760,1800,2021.0,11367.0,1903.0,8853.0,0.913969
22,10760,1800,2682.0,11549.0,2575.0,9023.0,0.946125
22,10760,1800,2460.0,11799.0,2344.0,9281.0,0.952294
22,10760,1800,2862.0,11788.0,2759.0,9261.0,0.94926
22,10760,1800,2987.0,11482.0,2894.0,8944.0,0.948654
22,10760,1800,2548.0,11067.0,2442.0,8536.0,0.916899
22,10760,1800,2246.0,11363.0,2127.0,8847.0,0.950949
22,10760,1800,2654.0,11378.0,2547.0,8851.0,0.954716
22,10760,1800,2837.0,11018.0,2745.0,8478.0,0.86399
22,10760,1800,2094.0,11407.0,1972.0,8892.0,0.815072
22,10760,1800,2383.0,11808.0,2267.0,9292.0,0.954107
22,10760,1800,2938.0,11781.0,2837.0,9253.0,0.708116
22,10760,1800,2667.0,11639.0,2559.0,9115.0,0.818819
22,10760,1800,2227.0,10973.0,2117.0,8448.0,0.828873
22,10760,1800,2232.0,10848.0,2124.0,8318.0,0.678821
22,10760,1800,2315.0,11852.0,2193.0,9338.0,0.874299
22,10760,1800,2547.0,11384.0,2437.0,8860.0,0.953606
22,10760,1800,2444.0,11538.0,2327.0,9018.0,0.954904
22,10760,1800,2612.0,11400.0,2504.0,8873.0,0.944427
22,10760,1800,2003.0,11691.0,1879.0,9180.0,0.948557
22,10760,1800,2610.0,11769.0,2498.0,9247.0,0.955599
22,10760,1800,2618.0,11085.0,2517.0,8550.0,0.898292
22,10760,1800,2963.0,10857.0,2878.0,8310.0,0.888037
22,10760,1800,2226.0,11003.0,2114.0,8478.0,0.820774
22,10760,1800,2206.0,11715.0,2082.0,9202.0,0.94659
22,10760,1800,2203.0,11357.0,2082.0,8839.0,0.95407
22,10760,1800,2960.0,11706.0,2861.0,9174.0,0.947177
22,10760,1800,2516.0,10862.0,2415.0,8329.0,0.920426
22,10760,1800,2863.0,11624.0,2761.0,9093.0,0.949285
22,10760,1800,2955.0,11082.0,2865.0,8539.0,0.504324
22,10760,1800,2313.0,11114.0,2199.0,8591.0,0.930336
22,10760,1800,2752.0,11543.0,2646.0,9014.0,0.857509
22,10760,1800,2406.0,11850.0,2289.0,9334.0,0.948953
22,10760,1800,2671.0,11650.0,2568.0,9130.0,0.651915
22,10760,1800,2888.0,11727.0,2787.0,9198.0,0.947997
22,10760,1800,2482.0,10890.0,2379.0,8358.0,0.951387
22,10760,1800,2887.0,10890.0,2797.0,8349.0,0.57276
22,10760,1800,2842.0,11035.0,2750.0,8493.0,0.944825
22,10760,1800,2338.0,11279.0,2222.0,8760.0,0.857193
22,10760,1800,2882.0,11813.0,2779.0,9285.0,0.941743
22,10760,1800,2334.0,10911.0,2225.0,8383.0,0.835076
22,10760,1800,2311.0,11670.0,2190.0,9155.0,0.952795
22,10760,1800,2021.0,11436.0,1899.0,8918.0,0.946985
22,10760,1800,2997.0,11171.0,2908.0,8628.0,0.845892
22,10760,1800,2256.0,11811.0,2134.0,9299.0,0.918186
22,10760,1800,1947.0,11390.0,1826.0,8873.0,0.942824
22,10760,1800,2319.0,11906.0,2200.0,9391.0,0.951363
22,10760,1800,2186.0,10968.0,2075.0,8442.0,0.948737
22,10760,1800,2770.0,10999.0,2676.0,8459.0,0.936727
22,10760,1800,2341.0,10960.0,2230.0,8431.0,0.921029
22,10760,1800,2635.0,11115.0,2534.0,8585.0,0.880888
22,10760,1800,2259.0,11305.0,2140.0,8787.0,0.479089
22,10760,1800,2995.0,10841.0,2911.0,8293.0,0.817009
22,10760,1800,2618.0,11239.0,2513.0,8709.0,0.94368
22,10760,1800,2588.0,11407.0,2479.0,8882.0,0.946546
22,10760,1800,2948.0,11462.0,2852.0,8926.0,0.642909
22,10760,1800,2444.0,11337.0,2330.0,8812.0,0.954556
22,10760,1800,2123.0,11710.0,1998.0,9198.0,0.940589
22,10760,1800,2514.0,11801.0,2403.0,9283.0,0.930713
22,10760,1800,2452.0,11957.0,2334.0,9441.0,0.951503
22,10760,1800,2599.0,11319.0,2492.0,8792.0,0.944757
22,10760,1800,2104.0,11151.0,1988.0,8630.0,0.682439
22,10760,1800,2226.0,11641.0,2102.0,9128.0,0.912607
22,10760,1800,2682.0,10968.0,2584.0,8433.0,0.813049
22,10760,1800,2270.0,11431.0,2149.0,8914.0,0.946331
22,10760,1800,2462.0,11900.0,2345.0,9383.0,0.948992
22,10760,1800,2661.0,11048.0,2560.0,8515.0,0.936242
22,10760,1800,2558.0,10940.0,2455.0,8407.0,0.836533
22,10760,1800,2163.0,11102.0,2049.0,8578.0,0.820989
22,10760,1800,2655.0,11632.0,2545.0,9108.0,0.623117
22,10760,1800,2910.0,11834.0,2808.0,9307.0,0.951438
22,10760,1800,2888.0,10923.0,2800.0,8380.0,0.791538
22,10760,1800,2519.0,11812.0,2405.0,9292.0,0.938135
22,10760,1800,2918.0,11756.0,2820.0,9225.0,0.468938
22,10760,1800,2254.0,11336.0,2133.0,8818.0,0.781232
22,10760,1800,2512.0,11188.0,2404.0,8660.0,0.72462
22,10760,1800,2571.0,11739.0,2458.0,9218.0,0.952494
22,10760,1800,2165.0,11350.0,2045.0,8832.0,0.950948
22,10760,1800,2147.0,11149.0,2031.0,8628.0,0.94542
22,10760,1800,2122.0,11088.0,2006.0,8565.0,0.946723
22,10760,1800,2956.0,11626.0,2861.0,9093.0,0.855696
22,10760,1800,2404.0,11195.0,2278.0,8664.0,0.42517
22,10760,1800,2792.0,11127.0,2697.0,8591.0,0.951803
22,10760,1800,2985.0,11416.0,2893.0,8878.0,0.949767
22,10760,1800,2222.0,11495.0,2099.0,8980.0,0.952995
22,10760,1800,2295.0,11078.0,2182.0,8554.0,0.936051
22,10760,1800,2720.0,10779.0,2626.0,8239.0,0.363742
22,10760,1800,2573.0,11809.0,2460.0,9288.0,0.95499
22,10760,1800,2530.0,11809.0,2419.0,9290.0,0.943669
22,10760,1800,2211.0,10967.0,2100.0,8440.0,0.599701
22,10760,1800,2113.0,11099.0,1997.0,8576.0,0.928132
22,10760,1800,2578.0,11759.0,2466.0,9237.0,0.954563
22,10760,1800,2675.0,11617.0,2568.0,9091.0,0.927235
22,10760,1800,2147.0,11726.0,2022.0,9214.0,0.568262
22,10760,1800,2256.0,11611.0,2131.0,9097.0,0.947905
22,10760,1800,2671.0,11559.0,2565.0,9034.0,0.940989
22,10760,1800,2935.0,11344.0,2842.0,8807.0,0.94415
22,10760,1800,2010.0,11648.0,1885.0,9134.0,0.695597
22,10760,1800,2674.0,11758.0,2565.0,9234.0,0.954382
22,10760,1800,2929.0,10974.0,2843.0,8434.0,0.438935
22,10760,1800,2365.0,11089.0,2254.0,8565.0,0.847724
22,10760,1800,2841.0,10984.0,2750.0,8442.0,0.898638
22,10760,1800,2400.0,11176.0,2288.0,8652.0,0.335041
22,10760,1800,2665.0,11951.0,2553.0,9430.0,0.953
22,10760,1800,2189.0,11529.0,2064.0,9015.0,0.672093
22,10760,1800,2267.0,11938.0,2144.0,9425.0,0.933156
22,10760,1800,2175.0,10963.0,2064.0,8438.0,0.878661
22,10760,1800,2370.0,11603.0,2246.0,9085.0,0.954421
22,10760,1800,2941.0,10845.0,2856.0,8299.0,0.9228
22,10760,1800,2575.0,11841.0,2461.0,9323.0,0.941113
22,10760,1800,2606.0,11816.0,2489.0,9295.0,0.845601
22,10760,1800,2403.0,11865.0,2285.0,9349.0,0.954056
22,10760,1800,2889.0,11959.0,2784.0,9433.0,0.949815
22,10760,1800,2855.0,11282.0,2759.0,8745.0,0.77268
22,10760,1800,2991.0,11932.0,2891.0,9404.0,0.653133
22,10760,1800,2693.0,11600.0,2585.0,9072.0,0.95437
22,10760,1800,2356.0,11619.0,2238.0,9101.0,0.953195
22,10760,1800,2715.0,10858.0,2619.0,8318.0,0.94738
22,10760,1800,2245.0,11860.0,2121.0,9349.0,0.723527
22,10760,1800,2630.0,11721.0,2519.0,9198.0,0.952819
22,10760,1800,2229.0,11872.0,2108.0,9360.0,0.614784
22,10760,1800,2446.0,11715.0,2328.0,9196.0,0.953366
22,10760,1800,2670.0,11814.0,2555.0,9295.0,0.481249
22,10760,1800,2617.0,11157.0,2513.0,8626.0,0.865281
22,10760,1800,2042.0,11472.0,1917.0,8954.0,0.389786
22,10760,1800,2915.0,11859.0,2813.0,9331.0,0.892746
22,10760,1800,2548.0,11085.0,2442.0,8555.0,0.882483
22,10760,1800,2072.0,11112.0,1952.0,8588.0,0.412454
22,10760,1800,2680.0,11164.0,2578.0,8631.0,0.926609
22,10760,1800,2263.0,11634.0,2144.0,9121.0,0.952036
22,10760,1800,2659.0,10944.0,2555.0,8416.0,0.841942
22,10760,1800,2182.0,11871.0,2057.0,9361.0,0.766075
22,10760,1800,1947.0,11430.0,1825.0,8913.0,0.747114
22,10760,1800,2879.0,11065.0,2787.0,8524.0,0.647613
22,10760,1800,2959.0,11111.0,2869.0,8568.0,0.915014
22,10760,1800,1935.0,11410.0,1814.0,8895.0,0.598222
22,10760,1800,2658.0,11554.0,2549.0,9029.0,0.952254
22,10760,1800,2650.0,11157.0,2548.0,8625.0,0.911832
22,10760,1800,2624.0,10840.0,2525.0,8304.0,0.670014
22,10760,1800,2426.0,11160.0,2314.0,8636.0,0.941566
22,10760,1800,2067.0,11439.0,1943.0,8926.0,0.862236
22,10760,1800,2605.0,11646.0,2494.0,9124.0,0.742256
22,10760,1800,2158.0,10910.0,2047.0,8382.0,0.952415
22,10760,1800,2210.0,11042.0,2098.0,8518.0,0.949486
22,10760,1800,2485.0,11715.0,2370.0,9195.0,0.776714
22,10760,1800,2861.0,11753.0,2757.0,9225.0,0.941814
22,10760,1800,2293.0,11930.0,2173.0,9419.0,0.6647
22,10760,1800,2130.0,10953.0,2019.0,8427.0,0.902966
22,10760,1800,2297.0,11932.0,2175.0,9424.0,0.623871
22,10760,1800,2899.0,11567.0,2797.0,9034.0,0.915417
22,10760,1800,2928.0,11699.0,2828.0,9168.0,0.421946
22,10760,1800,2054.0,11274.0,1933.0,8755.0,0.951578
22,10760,1800,2131.0,11313.0,2012.0,8796.0,0.849721
22,10760,1800,2861.0,11394.0,2762.0,8859.0,0.951564
22,10760,1800,2586.0,11138.0,2481.0,8609.0,0.89371
22,10760,1800,2902.0,11822.0,2800.0,9294.0,0.950432
22,10760,1800,2431.0,11851.0,2315.0,9334.0,0.949464
22,10760,1800,2793.0,11055.0,2698.0,8517.0,0.953179
22,10760,1800,2295.0,11394.0,2187.0,8874.0,0.926567
22,10760,1800,2178.0,11111.0,2063.0,8589.0,0.894214
22,10760,1800,2646.0,10942.0,2547.0,8406.0,0.878289
22,10760,1800,2953.0,11642.0,2855.0,9109.0,0.953475
22,10760,1800,2417.0,11807.0,2299.0,9291.0,0.945507
22,10760,1800,2508.0,11126.0,2401.0,8599.0,0.935
22,10760,1800,2610.0,10902.0,2516.0,8369.0,0.505814
22,10760,1800,2254.0,11419.0,2131.0,8904.0,0.870322
22,10760,1800,2988.0,11248.0,2899.0,8706.0,0.88758
22,10760,1800,2935.0,11107.0,2846.0,8565.0,0.917585
22,10760,1800,2800.0,11247.0,2700.0,8711.0,0.674212
22,10760,1800,2322.0,10877.0,2199.0,8349.0,0.354914
22,10760,1800,2616.0,11657.0,2505.0,9135.0,0.952243
22,10760,1800,2838.0,11387.0,2739.0,8853.0,0.953699
22,10760,1800,2925.0,11735.0,2825.0,9205.0,0.949849
22,10760,1800,2746.0,10833.0,2653.0,8292.0,0.722121
22,10760,1800,2755.0,10998.0,2661.0,8453.0,0.431648
22,10760,1800,1973.0,11383.0,1834.0,8866.0,0.53069
22,10760,1800,2600.0,11723.0,2486.0,9199.0,0.953986
22,10760,1800,2653.0,11448.0,2543.0,8922.0,0.951912
22,10760,1800,2526.0,11793.0,2415.0,9273.0,0.950853
22,10760,1800,2289.0,11631.0,2170.0,9117.0,0.946081
22,10760,1800,2206.0,11125.0,2091.0,8603.0,0.394698
22,10760,1800,2157.0,11136.0,2047.0,8614.0,0.841832
22,10760,1800,2977.0,11769.0,2878.0,9235.0,0.542265
22,10760,1800,2637.0,10948.0,2540.0,8412.0,0.692663
22,10760,1800,2520.0,11636.0,2407.0,9115.0,0.92999
22,10760,1800,2881.0,11857.0,2777.0,9330.0,0.949413
22,10760,1800,2631.0,11942.0,2517.0,9427.0,0.885483
22,10760,1800,2071.0,11661.0,1948.0,9149.0,0.93008
22,10760,1800,2330.0,11405.0,2213.0,8887.0,0.886712
22,10760,1800,2086.0,11265.0,1965.0,8746.0,0.532093
22,10760,1800,2247.0,11215.0,2130.0,8694.0,0.365893
22,10760,1800,2515.0,11398.0,2399.0,8877.0,0.597884
22,10760,1800,2243.0,11897.0,2120.0,9384.0,0.95012
22,10760,1800,2631.0,11688.0,2521.0,9165.0,0.918809
22,10760,1800,2902.0,11881.0,2800.0,9354.0,0.856817
22,10760,1800,2437.0,11764.0,2320.0,9246.0,0.952995
22,10760,1800,2222.0,11666.0,2100.0,9152.0,0.914085
22,10760,1800,2895.0,11674.0,2793.0,9145.0,0.584524
22,10760,1800,2580.0,11660.0,2468.0,9138.0,0.954735
22,10760,1800,2523.0,11855.0,2408.0,9337.0,0.951002
22,10760,1800,2890.0,11099.0,2799.0,8559.0,0.316898
22,10760,1800,1970.0,11950.0,1843.0,9443.0,0.715821
22,10760,1800,2973.0,11483.0,2883.0,8949.0,0.727958
22,10760,1800,2075.0,11099.0,1959.0,8576.0,0.766889
22,10760,1800,2762.0,11761.0,2656.0,9236.0,0.953819
22,10760,1800,2768.0,10981.0,2673.0,8443.0,0.875706
22,10760,1800,2440.0,11066.0,2332.0,8538.0,0.927275
22,10760,1800,2899.0,11927.0,2796.0,9401.0,0.575511
22,10760,1800,2831.0,11035.0,2740.0,8501.0,0.591358
22,10760,1800,2297.0,11302.0,2191.0,8788.0,0.70841
22,10760,1800,2602.0,11942.0,2490.0,9423.0,0.953499
22,10760,1800,2330.0,11112.0,2217.0,8590.0,0.84912
22,10760,1800,2811.0,11347.0,2711.0,8815.0,0.952129
22,10760,1800,2951.0,10848.0,2861.0,8306.0,0.588001
22,10760,1800,2488.0,11616.0,2375.0,9095.0,0.954249
22,10760,1800,2587.0,10817.0,2488.0,8281.0,0.485937
22,10760,1800,2723.0,11209.0,2622.0,8675.0,0.943433
22,10760,1800,2913.0,11160.0,2819.0,8620.0,0.938571
22,10760,1800,2327.0,11942.0,2212.0,9428.0,0.699294
22,10760,1800,2988.0,11139.0,2899.0,8597.0,0.941682
22,10760,1800,2847.0,11500.0,2745.0,8969.0,0.924717
22,10760,1800,2575.0,10902.0,2475.0,8369.0,0.362172
22,10760,1800,2844.0,11722.0,2741.0,9198.0,0.912466
22,10760,1800,2314.0,11092.0,2201.0,8568.0,0.935199
22,10760,1800,2886.0,11001.0,2792.0,8461.0,0.917373
22,10760,1800,2739.0,11745.0,2632.0,9219.0,0.950808
22,10760,1800,2255.0,10928.0,2146.0,8401.0,0.646815
22,10760,1800,2716.0,11830.0,2595.0,9298.0,0.619985
22,10760,1800,2578.0,11362.0,2468.0,8837.0,0.955395
22,10760,1800,2539.0,11185.0,2432.0,8657.0,0.831396
22,10760,1800,2972.0,11135.0,2882.0,8593.0,0.948362
22,10760,1800,2409.0,11782.0,2288.0,9260.0,0.644005
22,10760,1800,2030.0,11722.0,1906.0,9211.0,0.951802
22,10760,1800,2559.0,10904.0,2455.0,8371.0,0.592963
22,10760,1800,2511.0,11386.0,2401.0,8861.0,0.952221
22,10760,1800,2405.0,10921.0,2299.0,8391.0,0.569481
22,10760,1800,2605.0,11806.0,2491.0,9285.0,0.892549
22,10760,1800,2522.0,11709.0,2408.0,9189.0,0.953795
22,10760,1800,2686.0,11621.0,2579.0,9095.0,0.686977
22,10760,1800,2310.0,11268.0,2194.0,8749.0,0.814849
22,10760,1800,2785.0,11599.0,2682.0,9069.0,0.954414
22,10760,1800,2999.0,10890.0,2901.0,8350.0,0.325066
22,10760,1800,2495.0,11666.0,2380.0,9146.0,0.951572
22,10760,1800,2375.0,11592.0,2258.0,9073.0,0.935091
22,10760,1800,2095.0,11112.0,1981.0,8591.0,0.943914
22,10760,1800,2349.0,11941.0,2225.0,9429.0,0.950871
22,10760,1800,2949.0,11395.0,2855.0,8856.0,0.954316
22,10760,1800,2940.0,11001.0,2850.0,8459.0,0.549926
22,10760,1800,2668.0,10939.0,2571.0,8402.0,0.928802
22,10760,1800,2509.0,10862.0,2405.0,8329.0,0.872455
22,10760,1800,2204.0,11697.0,2079.0,9184.0,0.907225
22,10760,1800,2771.0,11235.0,2673.0,8700.0,0.786625
22,10760,1800,2988.0,11777.0,2891.0,9248.0,0.952892
22,10760,1800,2430.0,11941.0,2312.0,9424.0,0.95339
22,10760,1800,2834.0,11623.0,2732.0,9094.0,0.879969
22,10760,1800,2297.0,11097.0,2188.0,8572.0,0.400123
22,10760,1800,2797.0,11292.0,2700.0,8761.0,0.711339
22,10760,1800,2699.0,11188.0,2599.0,8654.0,0.62721
22,10760,1800,2440.0,10847.0,2337.0,8313.0,0.385625
22,10760,1800,2821.0,11033.0,2728.0,8493.0,0.908032
22,10760,1800,2614.0,11115.0,2519.0,8582.0,0.931899
22,10760,1800,2787.0,11024.0,2693.0,8486.0,0.942208
22,10760,1800,2994.0,11830.0,2903.0,9299.0,0.512506
22,10760,1800,2875.0,10889.0,2782.0,8342.0,0.544131
22,10760,1800,2260.0,11247.0,2143.0,8727.0,0.930753
22,10760,1800,2981.0,11161.0,2893.0,8619.0,0.870309
22,10760,1800,2714.0,11439.0,2600.0,8913.0,0.504814
22,10760,1800,2808.0,11446.0,2706.0,8913.0,0.904107
22,10760,1800,2295.0,11864.0,2173.0,9352.0,0.918713
22,10760,1800,2786.0,11074.0,2691.0,8538.0,0.821388
22,10760,1800,2799.0,11243.0,2700.0,8707.0,0.849559
22,10760,1800,2172.0,11681.0,2048.0,9166.0,0.527655
22,10760,1800,2531.0,11329.0,2435.0,8803.0,0.636946
22,10760,1800,2015.0,11735.0,1889.0,9226.0,0.627128
22,10760,1800,2880.0,11678.0,2778.0,9148.0,0.950519
22,10760,1800,2711.0,11298.0,2608.0,8765.0,0.876936
22,10760,1800,2492.0,11166.0,2388.0,8640.0,0.822047
22,10760,1800,2108.0,11731.0,1983.0,9219.0,0.953921
22,10760,1800,2406.0,10807.0,2302.0,8273.0,0.618056
22,10760,1800,2879.0,10871.0,2790.0,8327.0,0.570347
22,10760,1800,2558.0,11827.0,2454.0,9306.0,0.372416
22,10760,1800,2861.0,11034.0,2768.0,8493.0,0.895602
22,10760,1800,2928.0,11101.0,2838.0,8558.0,0.947165
22,10760,1800,2997.0,11160.0,2910.0,8617.0,0.828794
22,10760,1800,2987.0,11832.0,2889.0,9304.0,0.531121
23,10760,3000,3299.0,11333.0,3217.0,8788.0,0.941281
23,10760,3000,3275.0,11955.0,3191.0,9425.0,0.821314
23,10760,3000,3176.0,11935.0,3081.0,9403.0,0.940578
23,10760,3000,3064.0,11389.0,2979.0,8839.0,0.561874
23,10760,3000,3598.0,10929.0,3533.0,8369.0,0.94112
23,10760,3000,3350.0,11079.0,3274.0,8527.0,0.941011
23,10760,3000,3489.0,11884.0,3397.0,9346.0,0.874022
23,10760,3000,3046.0,11326.0,2953.0,8785.0,0.593248
23,10760,3000,3335.0,11044.0,3255.0,8492.0,0.800263
23,10760,3000,3448.0,11425.0,3369.0,8880.0,0.944931
23,10760,3000,3333.0,11888.0,3241.0,9355.0,0.768054
23,10760,3000,3019.0,11240.0,2930.0,8700.0,0.885222
23,10760,3000,3567.0,11284.0,3490.0,8735.0,0.944868
23,10760,3000,3409.0,11515.0,3325.0,8973.0,0.941869
23,10760,3000,3073.0,11225.0,2983.0,8684.0,0.756376
23,10760,3000,3016.0,11489.0,2923.0,8953.0,0.89547
23,10760,3000,3746.0,11327.0,3673.0,8777.0,0.719997
23,10760,3000,3217.0,11629.0,3127.0,9090.0,0.94053
23,10760,3000,3206.0,11497.0,3119.0,8956.0,0.939032
23,10760,3000,3493.0,11749.0,3409.0,9212.0,0.939876
23,10760,3000,3165.0,11750.0,3071.0,9217.0,0.883993
23,10760,3000,3577.0,11511.0,3499.0,8966.0,0.940912
23,10760,3000,3245.0,11659.0,3155.0,9121.0,0.940184
23,10760,3000,3265.0,11522.0,3176.0,8982.0,0.940326
23,10760,3000,3570.0,11069.0,3499.0,8515.0,0.94133
23,10760,3000,3346.0,11865.0,3255.0,9331.0,0.903489
23,10760,3000,3187.0,11360.0,3098.0,8820.0,0.931911
23,10760,3000,3483.0,11558.0,3401.0,9015.0,0.940931
23,10760,3000,3356.0,11199.0,3280.0,8650.0,0.93981
23,10760,3000,3020.0,11507.0,2926.0,8969.0,0.938541
23,10760,3000,3294.0,11640.0,3206.0,9101.0,0.9409
23,10760,3000,3195.0,11838.0,3101.0,9305.0,0.935608
23,10760,3000,3501.0,11543.0,3420.0,8998.0,0.940706
23,10760,3000,3227.0,11070.0,3149.0,8520.0,0.940704
23,10760,3000,3670.0,10893.0,3607.0,8332.0,0.927408
23,10760,3000,3341.0,11917.0,3248.0,9384.0,0.940985
23,10760,3000,3037.0,10777.0,2955.0,8227.0,0.917015
23,10760,3000,3081.0,11465.0,2989.0,8932.0,0.941219
23,10760,3000,3591.0,11124.0,3520.0,8570.0,0.821469
23,10760,3000,3251.0,11649.0,3156.0,9111.0,0.469902
23,10760,3000,3036.0,11505.0,2942.0,8969.0,0.939496
23,10760,3000,3255.0,11831.0,3162.0,9297.0,0.938239
23,10760,3000,3435.0,11421.0,3356.0,8876.0,0.936976
23,10760,3000,3057.0,11877.0,2959.0,9346.0,0.940466
23,10760,3000,3535.0,10937.0,3469.0,8378.0,0.941447
23,10760,3000,3275.0,10869.0,3201.0,8319.0,0.426714
23,10760,3000,3501.0,11337.0,3423.0,8790.0,0.944165
23,10760,3000,3009.0,11073.0,2923.0,8530.0,0.930499
23,10760,3000,3559.0,11066.0,3488.0,8509.0,0.937614
23,10760,3000,3292.0,11081.0,3209.0,8528.0,0.747002
23,10760,3000,3400.0,11544.0,3317.0,9000.0,0.852597
23,10760,3000,3561.0,10919.0,3495.0,8359.0,0.940259
23,10760,3000,3608.0,10899.0,3545.0,8337.0,0.803745
23,10760,3000,3656.0,10809.0,3594.0,8246.0,0.942289
23,10760,3000,3027.0,11493.0,2933.0,8955.0,0.921769
23,10760,3000,3860.0,11886.0,3783.0,9330.0,0.515646
23,10760,3000,3478.0,11754.0,3395.0,9216.0,0.515218
23,10760,3000,3019.0,11265.0,2929.0,8722.0,0.936826
23,10760,3000,3699.0,11522.0,3622.0,8978.0,0.942231
23,10760,3000,3717.0,10863.0,3656.0,8302.0,0.923849
23,10760,3000,3289.0,10858.0,3214.0,8305.0,0.939693
23,10760,3000,3717.0,10802.0,3658.0,8238.0,0.94172
23,10760,3000,3663.0,11780.0,3579.0,9240.0,0.943426
23,10760,3000,3388.0,11776.0,3299.0,9239.0,0.939292
23,10760,3000,3757.0,11317.0,3686.0,8768.0,0.787487
23,10760,3000,3960.0,11180.0,3894.0,8624.0,0.358962
23,10760,3000,3261.0,11578.0,3169.0,9039.0,0.723429
23,10760,3000,3094.0,11346.0,3002.0,8809.0,0.884278
23,10760,3000,3590.0,11231.0,3517.0,8680.0,0.94337
23,10760,3000,3398.0,11498.0,3315.0,8957.0,0.942754
23,10760,3000,3588.0,11030.0,3521.0,8475.0,0.942622
23,10760,3000,3371.0,11951.0,3279.0,9419.0,0.939956
23,10760,3000,3513.0,11100.0,3441.0,8547.0,0.941347
23,10760,3000,3403.0,11330.0,3323.0,8782.0,0.941702
23,10760,3000,3519.0,11253.0,3445.0,8703.0,0.951793
23,10760,3000,3578.0,11604.0,3497.0,9062.0,0.941722
23,10760,3000,3804.0,11655.0,3726.0,9110.0,0.94034
23,10760,3000,3530.0,10994.0,3462.0,8437.0,0.93991
23,10760,3000,3358.0,11744.0,3269.0,9207.0,0.939997
23,10760,3000,3346.0,11047.0,3272.0,8493.0,0.778601
23,10760,3000,3027.0,11665.0,2931.0,9130.0,0.940489
23,10760,3000,3268.0,11757.0,3178.0,9220.0,0.936051
23,10760,3000,3061.0,11679.0,2966.0,9144.0,0.940264
23,10760,3000,3014.0,11323.0,2922.0,8783.0,0.921161
23,10760,3000,3165.0,11765.0,3072.0,9231.0,0.940858
23,10760,3000,3182.0,11284.0,3094.0,8742.0,0.883511
23,10760,3000,3294.0,11742.0,3204.0,9206.0,0.925797
23,10760,3000,3180.0,11274.0,3092.0,8733.0,0.932324
23,10760,3000,3329.0,11034.0,3253.0,8483.0,0.497663
23,10760,3000,3539.0,11695.0,3456.0,9156.0,0.940596
23,10760,3000,3358.0,11704.0,3270.0,9166.0,0.937872
23,10760,3000,3266.0,11648.0,3176.0,9109.0,0.940504
23,10760,3000,3321.0,11781.0,3231.0,9245.0,0.940926
23,10760,3000,3253.0,11627.0,3164.0,9088.0,0.940521
23,10760,3000,3425.0,10920.0,3356.0,8363.0,0.940887
23,10760,3000,3336.0,11871.0,3245.0,9337.0,0.621448
23,10760,3000,3476.0,11590.0,3394.0,9047.0,0.944629
23,10760,3000,3229.0,11749.0,3138.0,9213.0,0.941014
23,10760,3000,3445.0,11954.0,3353.0,9421.0,0.90924
23,10760,3000,3068.0,11746.0,2973.0,9215.0,0.939605
23,10760,3000,3829.0,11502.0,3759.0,8956.0,0.937421
23,10760,3000,3214.0,11750.0,3123.0,9215.0,0.939655
23,10760,3000,3285.0,11579.0,3196.0,9039.0,0.940915
23,10760,3000,3197.0,11784.0,3104.0,9249.0,0.944293
23,10760,3000,3379.0,11668.0,3292.0,9129.0,0.940639
23,10760,3000,3794.0,10812.0,3734.0,8247.0,0.524105
23,10760,3000,3543.0,10882.0,3477.0,8322.0,0.765409
23,10760,3000,3625.0,10861.0,3561.0,8301.0,0.930763
23,10760,3000,3053.0,11601.0,2958.0,9065.0,0.939475
23,10760,3000,3563.0,11793.0,3477.0,9254.0,0.941039
23,10760,3000,3276.0,10886.0,3203.0,8331.0,0.768232
23,10760,3000,3419.0,10842.0,3349.0,8284.0,0.927949
23,10760,3000,3279.0,11763.0,3187.0,9227.0,0.937137
23,10760,3000,3527.0,10917.0,3461.0,8357.0,0.940802
23,10760,3000,3373.0,11457.0,3289.0,8914.0,0.940336
23,10760,3000,3369.0,10813.0,3299.0,8256.0,0.821829
23,10760,3000,3299.0,10843.0,3227.0,8288.0,0.941286
23,10760,3000,3360.0,11313.0,3280.0,8768.0,0.709509
23,10760,3000,3554.0,11054.0,3484.0,8498.0,0.917156
23,10760,3000,3152.0,11837.0,3058.0,9304.0,0.933964
23,10760,3000,3775.0,11554.0,3699.0,9008.0,0.940806
23,10760,3000,3466.0,11548.0,3383.0,9006.0,0.940686
23,10760,3000,3389.0,10923.0,3318.0,8367.0,0.936031
23,10760,3000,3159.0,11369.0,3067.0,8829.0,0.93709
23,10760,3000,3338.0,11055.0,3261.0,8502.0,0.941143
23,10760,3000,3138.0,11246.0,3050.0,8703.0,0.939906
23,10760,3000,3495.0,11199.0,3420.0,8647.0,0.942869
23,10760,3000,3033.0,11678.0,2937.0,9143.0,0.940578
23,10760,3000,3274.0,11369.0,3190.0,8826.0,0.510849
23,10760,3000,3020.0,11298.0,2931.0,8760.0,0.622619
23,10760,3000,3311.0,11880.0,3220.0,9345.0,0.937623
23,10760,3000,3092.0,11763.0,2997.0,9228.0,0.93826
23,10760,3000,3635.0,11426.0,3559.0,8880.0,0.942622
23,10760,3000,3424.0,10893.0,3357.0,8341.0,0.930002
23,10760,3000,3180.0,11728.0,3086.0,9193.0,0.928354
23,10760,3000,3637.0,10771.0,3575.0,8207.0,0.597794
23,10760,3000,3346.0,11540.0,3261.0,8999.0,0.88261
23,10760,3000,3008.0,11279.0,2916.0,8736.0,0.86353
23,10760,3000,3099.0,10795.0,3019.0,8245.0,0.933902
23,10760,3000,3490.0,11274.0,3420.0,8726.0,0.945042
23,10760,3000,3615.0,10874.0,3551.0,8312.0,0.940213
23,10760,3000,3572.0,11040.0,3508.0,8483.0,0.939553
23,10760,3000,3502.0,11282.0,3429.0,8733.0,0.941715
23,10760,3000,3492.0,11351.0,3414.0,8803.0,0.940996
23,10760,3000,3428.0,10952.0,3357.0,8395.0,0.941753
23,10760,3000,3145.0,11742.0,3056.0,9203.0,0.940727
23,10760,3000,3503.0,11704.0,3418.0,9165.0,0.921194
23,10760,3000,3085.0,11721.0,2991.0,9187.0,0.90525
23,10760,3000,3752.0,10880.0,3684.0,8320.0,0.758746
23,10760,3000,3026.0,11083.0,2940.0,8537.0,0.834943
23,10760,3000,3684.0,10792.0,3624.0,8229.0,0.885545
23,10760,3000,3461.0,11954.0,3369.0,9421.0,0.940214
23,10760,3000,3250.0,11537.0,3162.0,8997.0,0.941239
23,10760,3000,3039.0,11249.0,2948.0,8709.0,0.673411
23,10760,3000,3220.0,11502.0,3132.0,8962.0,0.937164
23,10760,3000,3439.0,11125.0,3353.0,8573.0,0.368365
23,10760,3000,3234.0,11035.0,3155.0,8486.0,0.940806
23,10760,3000,3604.0,11482.0,3525.0,8936.0,0.942171
23,10760,3000,3470.0,11531.0,3388.0,8989.0,0.872121
23,10760,3000,3272.0,11084.0,3193.0,8534.0,0.940508
23,10760,3000,3199.0,10965.0,3119.0,8417.0,0.939544
23,10760,3000,3660.0,10836.0,3598.0,8274.0,0.623432
23,10760,3000,3102.0,11802.0,3008.0,9270.0,0.939849
23,10760,3000,3227.0,11771.0,3134.0,9235.0,0.941612
23,10760,3000,3640.0,11468.0,3574.0,8914.0,0.600413
23,10760,3000,3337.0,11115.0,3262.0,8564.0,0.939974
23,10760,3000,3441.0,11867.0,3352.0,9332.0,0.934106
23,10760,3000,3019.0,11293.0,2927.0,8750.0,0.638889
23,10760,3000,3366.0,11211.0,3287.0,8664.0,0.798562
23,10760,3000,3234.0,11315.0,3148.0,8772.0,0.890834
23,10760,3000,3075.0,11737.0,2984.0,9202.0,0.939467
23,10760,3000,3120.0,11317.0,3035.0,8778.0,0.530676
23,10760,3000,3169.0,11484.0,3080.0,8945.0,0.939824
23,10760,3000,3538.0,11511.0,3458.0,8968.0,0.948564
23,10760,3000,3211.0,11324.0,3126.0,8780.0,0.939206
23,10760,3000,3404.0,11538.0,3329.0,9001.0,0.322658
23,10760,3000,3391.0,11597.0,3306.0,9056.0,0.940555
23,10760,3000,3694.0,11384.0,3622.0,8835.0,0.92459
23,10760,3000,3422.0,11465.0,3340.0,8921.0,0.941624
23,10760,3000,3080.0,11695.0,2985.0,9160.0,0.940458
23,10760,3000,3268.0,11802.0,3176.0,9269.0,0.940629
23,10760,3000,3352.0,11758.0,3264.0,9221.0,0.940396
23,10760,3000,3396.0,10873.0,3326.0,8315.0,0.941199
23,10760,3000,3074.0,11058.0,2991.0,8513.0,0.928422
23,10760,3000,3015.0,11954.0,2914.0,9425.0,0.93932
23,10760,3000,3408.0,11653.0,3322.0,9112.0,0.940496
23,10760,3000,3110.0,11846.0,3014.0,9313.0,0.806541
23,10760,3000,3333.0,10983.0,3259.0,8427.0,0.940703
23,10760,3000,3299.0,11788.0,3207.0,9252.0,0.94033
23,10760,3000,3518.0,11551.0,3436.0,9008.0,0.931324
23,10760,3000,3582.0,11657.0,3499.0,9115.0,0.941657
23,10760,3000,3362.0,11600.0,3276.0,9060.0,0.616576
23,10760,3000,3440.0,10965.0,3371.0,8408.0,0.937963
23,10760,3000,3678.0,10785.0,3618.0,8221.0,0.86561
23,10760,3000,3532.0,11499.0,3461.0,8947.0,0.855123
23,10760,3000,3097.0,11659.0,3003.0,9122.0,0.938171
23,10760,3000,3310.0,11439.0,3225.0,8893.0,0.941052
23,10760,3000,3221.0,11334.0,3134.0,8792.0,0.936023
23,10760,3000,3330.0,11276.0,3250.0,8729.0,0.939315
23,10760,3000,3620.0,11091.0,3550.0,8536.0,0.852495
23,10760,3000,3445.0,11415.0,3365.0,8868.0,0.941001
23,10760,3000,3128.0,11515.0,3033.0,8979.0,0.30025
23,10760,3000,3015.0,11081.0,2922.0,8544.0,0.790276
23,10760,3000,3066.0,11057.0,2980.0,8511.0,0.901801
23,10760,3000,3423.0,11239.0,3346.0,8689.0,0.949091
23,10760,3000,3710.0,10893.0,3639.0,8340.0,0.707337
23,10760,3000,3137.0,10785.0,3058.0,8233.0,0.912151
23,10760,3000,3204.0,11751.0,3112.0,9216.0,0.939101
23,10760,3000,3866.0,10829.0,3812.0,8270.0,0.301011
23,10760,3000,3481.0,10937.0,3413.0,8378.0,0.93848
23,10760,3000,3559.0,11042.0,3489.0,8486.0,0.929454
23,10760,3000,3339.0,11084.0,3264.0,8531.0,0.941416
23,10760,3000,3253.0,11011.0,3174.0,8459.0,0.520571
23,10760,3000,3059.0,11058.0,2974.0,8512.0,0.934048
23,10760,3000,3527.0,11487.0,3448.0,8945.0,0.940944
23,10760,3000,3346.0,11227.0,3268.0,8677.0,0.936513
23,10760,3000,3238.0,10888.0,3162.0,8336.0,0.694415
23,10760,3000,3116.0,10968.0,3030.0,8420.0,0.821985
23,10760,3000,3248.0,11193.0,3164.0,8646.0,0.940549
23,10760,3000,3403.0,11840.0,3313.0,9304.0,0.939728
23,10760,3000,3316.0,11249.0,3236.0,8702.0,0.941215
23,10760,3000,3544.0,11068.0,3473.0,8512.0,0.943026
23,10760,3000,3600.0,11627.0,3520.0,9077.0,0.93281
23,10760,3000,3251.0,11842.0,3157.0,9309.0,0.898213
23,10760,3000,3717.0,10777.0,3660.0,8215.0,0.708925
23,10760,3000,3047.0,11842.0,2949.0,9310.0,0.93685
23,10760,3000,3094.0,10982.0,3009.0,8435.0,0.93978
23,10760,3000,3041.0,10815.0,2958.0,8267.0,0.926636
23,10760,3000,3213.0,10899.0,3135.0,8348.0,0.940068
23,10760,3000,3585.0,11219.0,3510.0,8668.0,0.953223
23,10760,3000,3058.0,11591.0,2965.0,9056.0,0.940918
23,10760,3000,3335.0,11227.0,3256.0,8674.0,0.877038
23,10760,3000,3442.0,11420.0,3362.0,8874.0,0.938012
23,10760,3000,3023.0,11535.0,2928.0,8999.0,0.940946
23,10760,3000,3167.0,10996.0,3086.0,8449.0,0.938638
23,10760,3000,3359.0,11309.0,3279.0,8764.0,0.802056
23,10760,3000,3371.0,10902.0,3299.0,8346.0,0.939777
23,10760,3000,3653.0,11264.0,3585.0,8709.0,0.636615
23,10760,3000,3279.0,10842.0,3205.0,8288.0,0.925308
23,10760,3000,3694.0,10768.0,3632.0,8203.0,0.901962
23,10760,3000,3414.0,11495.0,3333.0,8944.0,0.933713
23,10760,3000,3523.0,11540.0,3443.0,8996.0,0.908625
23,10760,3000,3215.0,11674.0,3124.0,9137.0,0.946751
23,10760,3000,3782.0,10789.0,3725.0,8224.0,0.722512
23,10760,3000,3326.0,11600.0,3239.0,9059.0,0.940641
23,10760,3000,3088.0,10908.0,3006.0,8362.0,0.514623
23,10760,3000,3321.0,11439.0,3237.0,8894.0,0.941432
23,10760,3000,3239.0,10978.0,3163.0,8428.0,0.555473
23,10760,3000,3297.0,11051.0,3219.0,8499.0,0.934521
23,10760,3000,3335.0,11386.0,3254.0,8842.0,0.942895
23,10760,3000,3087.0,11083.0,3001.0,8536.0,0.940689
23,10760,3000,3099.0,11226.0,3010.0,8685.0,0.939203
23,10760,3000,3310.0,11304.0,3228.0,8756.0,0.894252
23,10760,3000,3562.0,11598.0,3480.0,9054.0,0.939736
23,10760,3000,3039.0,11568.0,2945.0,9033.0,0.940709
23,10760,3000,3755.0,11553.0,3677.0,9008.0,0.82964
23,10760,3000,3339.0,10943.0,3265.0,8385.0,0.823971
25,11960,1800,2929.0,12765.0,2822.0,10242.0,0.92451
25,11960,1800,2477.0,12749.0,2357.0,10236.0,0.939589
25,11960,1800,2673.0,12804.0,2559.0,10289.0,0.950749
25,11960,1800,2504.0,12225.0,2391.0,9718.0,0.678649
25,11960,1800,2979.0,12006.0,2877.0,9480.0,0.836363
25,11960,1800,2500.0,12825.0,2378.0,10314.0,0.815634
25,11960,1800,2238.0,12401.0,2112.0,9891.0,0.915146
25,11960,1800,2161.0,12244.0,2035.0,9735.0,0.950223
25,11960,1800,2642.0,12396.0,2527.0,9878.0,0.95011
25,11960,1800,2267.0,12336.0,2143.0,9826.0,0.933102
25,11960,1800,2120.0,12449.0,1992.0,9943.0,0.949249
25,11960,1800,2679.0,12815.0,2564.0,10298.0,0.953528
25,11960,1800,2723.0,12292.0,2611.0,9773.0,0.886923
25,11960,1800,2569.0,12395.0,2453.0,9879.0,0.603483
25,11960,1800,2117.0,12471.0,1989.0,9966.0,0.944942
25,11960,1800,2832.0,12686.0,2722.0,10165.0,0.949287
25,11960,1800,2942.0,12590.0,2835.0,10070.0,0.320846
25,11960,1800,2438.0,12995.0,2316.0,10484.0,0.949467
25,11960,1800,2485.0,12419.0,2366.0,9904.0,0.952932
25,11960,1800,2060.0,12732.0,1934.0,10236.0,0.711381
25,11960,1800,2757.0,12510.0,2644.0,9991.0,0.95186
25,11960,1800,2721.0,13139.0,2610.0,10619.0,0.952154
25,11960,1800,2876.0,12144.0,2769.0,9621.0,0.944283
25,11960,1800,2917.0,12775.0,2812.0,10252.0,0.861092
25,11960,1800,2110.0,12012.0,1982.0,9504.0,0.866678
25,11960,1800,2515.0,12220.0,2397.0,9704.0,0.707386
25,11960,1800,2646.0,12686.0,2531.0,10169.0,0.952557
25,11960,1800,2545.0,12126.0,2430.0,9610.0,0.936099
25,11960,1800,2122.0,12259.0,1995.0,9752.0,0.894008
25,11960,1800,2696.0,11974.0,2586.0,9453.0,0.706513
25,11960,1800,2936.0,12651.0,2830.0,10127.0,0.942819
25,11960,1800,2461.0,12104.0,2342.0,9587.0,0.480517
25,11960,1800,2130.0,12989.0,1995.0,10487.0,0.92356
25,11960,1800,2560.0,12611.0,2443.0,10096.0,0.954801
25,11960,1800,2747.0,13015.0,2634.0,10495.0,0.953001
25,11960,1800,2905.0,12797.0,2797.0,10274.0,0.36195
25,11960,1800,2176.0,13148.0,2045.0,10645.0,0.950918
25,11960,1800,2371.0,12633.0,2249.0,10123.0,0.951578
25,11960,1800,2614.0,12262.0,2500.0,9745.0,0.312735
25,11960,1800,2708.0,12261.0,2596.0,9742.0,0.952897
25,11960,1800,2941.0,12212.0,2837.0,9689.0,0.949505
25,11960,1800,2294.0,12746.0,2179.0,10242.0,0.528991
25,11960,1800,2659.0,13004.0,2543.0,10486.0,0.940208
25,11960,1800,1982.0,12721.0,1844.0,10223.0,0.366611
25,11960,1800,2605.0,12584.0,2490.0,10069.0,0.953837
25,11960,1800,2614.0,12023.0,2500.0,9504.0,0.941253
25,11960,1800,2043.0,12390.0,1914.0,9884.0,0.897921
25,11960,1800,2866.0,12951.0,2754.0,10430.0,0.919923
25,11960,1800,2199.0,12453.0,2074.0,9945.0,0.947765
25,11960,1800,2240.0,12061.0,2116.0,9550.0,0.784812
25,11960,1800,2467.0,12684.0,2346.0,10170.0,0.877177
25,11960,1800,2240.0,12112.0,2116.0,9602.0,0.949805
25,11960,1800,2138.0,13009.0,2007.0,10506.0,0.947451
25,11960,1800,2247.0,12808.0,2117.0,10302.0,0.939289
25,11960,1800,2939.0,12954.0,2832.0,10431.0,0.952267
25,11960,1800,2598.0,12810.0,2481.0,10297.0,0.949991
25,11960,1800,2523.0,12491.0,2406.0,9976.0,0.948753
25,11960,1800,2663.0,12541.0,2549.0,10023.0,0.95166
25,11960,1800,2821.0,12357.0,2713.0,9835.0,0.95195
25,11960,1800,2648.0,12255.0,2534.0,9736.0,0.924059
25,11960,1800,2442.0,12812.0,2317.0,10304.0,0.346426
25,11960,1800,2858.0,12976.0,2759.0,10442.0,0.428225
25,11960,1800,2599.0,12294.0,2483.0,9777.0,0.951196
25,11960,1800,2494.0,12605.0,2375.0,10090.0,0.950372
25,11960,1800,2180.0,11989.0,2056.0,9479.0,0.651644
25,11960,1800,2742.0,12713.0,2629.0,10195.0,0.949657
25,11960,1800,2196.0,12069.0,2071.0,9559.0,0.71111
25,11960,1800,1943.0,13019.0,1800.0,10526.0,0.563987
25,11960,1800,2060.0,12713.0,1932.0,10218.0,0.806818
25,11960,1800,2770.0,12459.0,2659.0,9940.0,0.949917
25,11960,1800,2539.0,12687.0,2421.0,10174.0,0.950773
25,11960,1800,2613.0,12372.0,2500.0,9852.0,0.922845
25,11960,1800,2368.0,12496.0,2247.0,9985.0,0.951776
25,11960,1800,2023.0,12287.0,1885.0,9778.0,0.933123
25,11960,1800,2318.0,12023.0,2197.0,9509.0,0.938747
25,11960,1800,2309.0,12951.0,2184.0,10441.0,0.946501
25,11960,1800,1980.0,12345.0,1849.0,9841.0,0.941031
25,11960,1800,2656.0,12936.0,2542.0,10419.0,0.952332
25,11960,1800,2198.0,12387.0,2071.0,9878.0,0.952057
25,11960,1800,2729.0,12781.0,2614.0,10264.0,0.9487
25,11960,1800,2842.0,13155.0,2730.0,10633.0,0.953037
25,11960,1800,2804.0,12339.0,2694.0,9820.0,0.933658
25,11960,1800,2368.0,12607.0,2246.0,10095.0,0.932512
25,11960,1800,2795.0,12350.0,2687.0,9832.0,0.59078
25,11960,1800,2622.0,12517.0,2507.0,10000.0,0.927394
25,11960,1800,1961.0,12205.0,1831.0,9701.0,0.536843
25,11960,1800,2483.0,13080.0,2364.0,10566.0,0.490213
25,11960,1800,2656.0,12488.0,2542.0,9971.0,0.88566
25,11960,1800,2926.0,12982.0,2819.0,10457.0,0.917353
25,11960,1800,2468.0,12723.0,2347.0,10211.0,0.913372
25,11960,1800,2740.0,12039.0,2634.0,9518.0,0.793907
25,11960,1800,2208.0,12470.0,2082.0,9961.0,0.950604
25,11960,1800,2076.0,12938.0,1941.0,10438.0,0.508967
25,11960,1800,2807.0,12106.0,2699.0,9583.0,0.946189
25,11960,1800,2460.0,12750.0,2340.0,10238.0,0.92122
25,11960,1800,2993.0,12993.0,2888.0,10468.0,0.912869
25,11960,1800,2218.0,12458.0,2094.0,9947.0,0.945992
25,11960,1800,2817.0,12981.0,2707.0,10459.0,0.953684
25,11960,1800,2730.0,12484.0,2632.0,9960.0,0.725892
25,11960,1800,2080.0,12460.0,1951.0,9955.0,0.947308
25,11960,1800,2477.0,12973.0,2356.0,10460.0,0.937562
25,11960,1800,2741.0,12868.0,2627.0,10350.0,0.940012
25,11960,1800,2355.0,11997.0,2234.0,9484.0,0.479078
25,11960,1800,2542.0,12747.0,2423.0,10233.0,0.952771
25,11960,1800,1949.0,12685.0,1811.0,10188.0,0.336446
25,11960,1800,1988.0,12793.0,1851.0,10294.0,0.561802
25,11960,1800,2582.0,12689.0,2465.0,10174.0,0.760097
25,11960,1800,2710.0,13011.0,2597.0,10490.0,0.954934
25,11960,1800,2279.0,12132.0,2156.0,9621.0,0.945204
25,11960,1800,2678.0,12729.0,2563.0,10214.0,0.948142
25,11960,1800,2516.0,12259.0,2398.0,9744.0,0.94822
25,11960,1800,2378.0,12595.0,2255.0,10083.0,0.951504
25,11960,1800,2165.0,12570.0,2037.0,10065.0,0.535059
25,11960,1800,2859.0,13094.0,2751.0,10572.0,0.950671
25,11960,1800,2705.0,12823.0,2590.0,10308.0,0.918676
25,11960,1800,2418.0,12425.0,2299.0,9911.0,0.94827
25,11960,1800,2620.0,12475.0,2504.0,9959.0,0.94057
25,11960,1800,1994.0,13053.0,1855.0,10554.0,0.930252
25,11960,1800,2339.0,12938.0,2215.0,10428.0,0.830982
25,11960,1800,2694.0,12242.0,2582.0,9723.0,0.950023
25,11960,1800,2626.0,12703.0,2510.0,10189.0,0.94619
25,11960,1800,2119.0,13041.0,1984.0,10539.0,0.920909
25,11960,1800,2877.0,12894.0,2770.0,10371.0,0.800885
25,11960,1800,2837.0,12171.0,2730.0,9648.0,0.751735
25,11960,1800,2253.0,12543.0,2127.0,10034.0,0.943677
25,11960,1800,2236.0,13107.0,2118.0,10600.0,0.835893
25,11960,1800,2026.0,12159.0,1897.0,9653.0,0.879412
25,11960,1800,1930.0,12668.0,1792.0,10171.0,0.860743
25,11960,1800,2738.0,12234.0,2627.0,9714.0,0.905804
25,11960,1800,2154.0,12591.0,2024.0,10085.0,0.946254
25,11960,1800,2855.0,13145.0,2747.0,10623.0,0.950487
25,11960,1800,2159.0,12673.0,2029.0,10170.0,0.948279
25,11960,1800,2925.0,12248.0,2818.0,9725.0,0.950839
25,11960,1800,2666.0,11995.0,2554.0,9483.0,0.579348
25,11960,1800,2896.0,13034.0,2788.0,10511.0,0.9538
25,11960,1800,2044.0,12376.0,1914.0,9871.0,0.938732
25,11960,1800,2069.0,12738.0,1947.0,10237.0,0.678016
25,11960,1800,2146.0,12667.0,2015.0,10167.0,0.725773
25,11960,1800,2960.0,13069.0,2861.0,10542.0,0.392366
25,11960,1800,2480.0,12185.0,2363.0,9671.0,0.345342
25,11960,1800,2106.0,13108.0,1967.0,10609.0,0.594055
25,11960,1800,2290.0,13087.0,2162.0,10581.0,0.889765
25,11960,1800,2467.0,12064.0,2362.0,9544.0,0.651433
25,11960,1800,2331.0,12581.0,2207.0,10072.0,0.68371
25,11960,1800,2326.0,12896.0,2201.0,10384.0,0.94846
25,11960,1800,2670.0,12245.0,2557.0,9727.0,0.902852
25,11960,1800,2017.0,13016.0,1880.0,10517.0,0.94945
25,11960,1800,2936.0,12804.0,2831.0,10280.0,0.940157
25,11960,1800,2115.0,13145.0,1980.0,10644.0,0.863247
25,11960,1800,2373.0,12302.0,2251.0,9789.0,0.862376
25,11960,1800,1976.0,12225.0,1846.0,9722.0,0.571803
25,11960,1800,2447.0,13114.0,2326.0,10601.0,0.952988
25,11960,1800,2860.0,12484.0,2750.0,9963.0,0.809175
25,11960,1800,2599.0,13099.0,2484.0,10582.0,0.942211
25,11960,1800,2609.0,12703.0,2492.0,10188.0,0.950748
25,11960,1800,2526.0,13136.0,2408.0,10620.0,0.952706
25,11960,1800,2653.0,12104.0,2540.0,9584.0,0.449665
25,11960,1800,2835.0,12666.0,2727.0,10146.0,0.86425
25,11960,1800,2625.0,12207.0,2500.0,9691.0,0.646134
25,11960,1800,2267.0,12936.0,2143.0,10432.0,0.936391
25,11960,1800,2463.0,12618.0,2343.0,10106.0,0.950956
25,11960,1800,2701.0,12295.0,2590.0,9776.0,0.951279
25,11960,1800,2848.0,12394.0,2739.0,9872.0,0.94596
25,11960,1800,2104.0,12499.0,1975.0,9993.0,0.952027
25,11960,1800,2709.0,12404.0,2597.0,9886.0,0.948956
25,11960,1800,2726.0,12378.0,2615.0,9859.0,0.951092
25,11960,1800,2694.0,12273.0,2580.0,9756.0,0.817161
25,11960,1800,2734.0,12946.0,2620.0,10427.0,0.953553
25,11960,1800,2177.0,12726.0,2044.0,10223.0,0.946045
25,11960,1800,2818.0,11993.0,2712.0,9469.0,0.935321
25,11960,1800,2218.0,12054.0,2094.0,9543.0,0.670454
25,11960,1800,2915.0,12236.0,2807.0,9713.0,0.890612
25,11960,1800,2004.0,12793.0,1868.0,10291.0,0.95076
25,11960,1800,2285.0,12869.0,2158.0,10361.0,0.479444
25,11960,1800,2183.0,13135.0,2052.0,10636.0,0.951853
25,11960,1800,2577.0,12658.0,2459.0,10143.0,0.951248
25,11960,1800,2498.0,12086.0,2382.0,9570.0,0.463838
25,11960,1800,2465.0,12646.0,2345.0,10132.0,0.942567
25,11960,1800,2930.0,12239.0,2825.0,9713.0,0.950062
25,11960,1800,2957.0,12757.0,2849.0,10234.0,0.896993
25,11960,1800,2699.0,12394.0,2588.0,9874.0,0.9501
25,11960,1800,2130.0,13083.0,1996.0,10581.0,0.923025
25,11960,1800,2104.0,13072.0,1968.0,10572.0,0.528955
25,11960,1800,2899.0,12365.0,2793.0,9841.0,0.940567
25,11960,1800,2100.0,12985.0,1965.0,10482.0,0.95232
25,11960,1800,2875.0,12549.0,2779.0,10020.0,0.743885
25,11960,1800,2337.0,12893.0,2215.0,10382.0,0.951814
25,11960,1800,2591.0,13068.0,2475.0,10551.0,0.953885
25,11960,1800,2820.0,12337.0,2711.0,9816.0,0.918022
25,11960,1800,2012.0,13138.0,1866.0,10647.0,0.425554
25,11960,1800,2530.0,12367.0,2412.0,9852.0,0.937814
25,11960,1800,2182.0,12457.0,2044.0,9943.0,0.357355
25,11960,1800,2112.0,12102.0,1984.0,9594.0,0.929077
25,11960,1800,2752.0,12271.0,2639.0,9752.0,0.695104
25,11960,1800,2495.0,12557.0,2377.0,10045.0,0.949327
25,11960,1800,2077.0,12258.0,1949.0,9752.0,0.766765
25,11960,1800,2202.0,12842.0,2071.0,10338.0,0.951555
25,11960,1800,2882.0,12177.0,2777.0,9654.0,0.858547
25,11960,1800,2688.0,12487.0,2574.0,9969.0,0.951898
25,11960,1800,2603.0,12200.0,2489.0,9683.0,0.900388
25,11960,1800,2863.0,13048.0,2755.0,10526.0,0.762633
25,11960,1800,2752.0,12796.0,2638.0,10285.0,0.402586
25,11960,1800,1963.0,12252.0,1832.0,9748.0,0.928676
25,11960,1800,2744.0,12973.0,2632.0,10454.0,0.88034
25,11960,1800,2764.0,12047.0,2645.0,9526.0,0.632882
25,11960,1800,2919.0,12036.0,2814.0,9510.0,0.949188
25,11960,1800,2740.0,12468.0,2626.0,9950.0,0.687861
25,11960,1800,2735.0,12521.0,2624.0,10006.0,0.951936
25,11960,1800,2567.0,12480.0,2452.0,9965.0,0.94829
25,11960,1800,2346.0,13025.0,2220.0,10515.0,0.952479
25,11960,1800,2125.0,12460.0,1996.0,9953.0,0.948017
25,11960,1800,1929.0,12142.0,1798.0,9637.0,0.682371
25,11960,1800,2217.0,12520.0,2090.0,10012.0,0.948277
25,11960,1800,2854.0,12912.0,2746.0,10387.0,0.938688
25,11960,1800,2163.0,12216.0,2039.0,9705.0,0.711679
25,11960,1800,2293.0,12997.0,2166.0,10488.0,0.945671
25,11960,1800,2689.0,12149.0,2577.0,9629.0,0.94689
25,11960,1800,2945.0,12864.0,2847.0,10351.0,0.350144
25,11960,1800,2555.0,12231.0,2439.0,9715.0,0.951011
25,11960,1800,2931.0,12409.0,2824.0,9887.0,0.745587
25,11960,1800,1983.0,12250.0,1853.0,9746.0,0.656427
25,11960,1800,2157.0,13002.0,2024.0,10501.0,0.925846
25,11960,1800,2479.0,12436.0,2361.0,9922.0,0.943318
25,11960,1800,2096.0,12017.0,1968.0,9508.0,0.406342
25,11960,1800,2641.0,12656.0,2525.0,10139.0,0.862151
25,11960,1800,2374.0,12071.0,2254.0,9556.0,0.784455
25,11960,1800,1991.0,12787.0,1853.0,10290.0,0.587858
25,11960,1800,2391.0,12756.0,2268.0,10245.0,0.635166
25,11960,1800,2768.0,12312.0,2655.0,9793.0,0.947793
25,11960,1800,2150.0,12617.0,2019.0,10113.0,0.948859
25,11960,1800,2918.0,12822.0,2811.0,10299.0,0.94463
25,11960,1800,2517.0,12489.0,2397.0,9970.0,0.946311
25,11960,1800,2788.0,12647.0,2678.0,10127.0,0.870656
25,11960,1800,2875.0,12353.0,2768.0,9831.0,0.773879
25,11960,1800,2275.0,12588.0,2149.0,10080.0,0.950042
25,11960,1800,2752.0,12466.0,2642.0,9946.0,0.934575
25,11960,1800,2944.0,12576.0,2841.0,10050.0,0.636943
25,11960,1800,2348.0,12473.0,2226.0,9961.0,0.95186
25,11960,1800,2849.0,12677.0,2740.0,10157.0,0.887242
25,11960,1800,2409.0,12246.0,2291.0,9733.0,0.881497
25,11960,1800,2752.0,12034.0,2654.0,9512.0,0.82371
25,11960,1800,2727.0,12848.0,2614.0,10331.0,0.95258
25,11960,1800,2042.0,12733.0,1910.0,10232.0,0.786597
25,11960,1800,2629.0,12443.0,2510.0,9928.0,0.779612
25,11960,1800,2944.0,12639.0,2835.0,10117.0,0.864132
25,11960,1800,2804.0,12957.0,2691.0,10436.0,0.926573
25,11960,1800,2116.0,12765.0,1997.0,10254.0,0.330831
25,11960,1800,1960.0,12889.0,1820.0,10392.0,0.939343
25,11960,1800,2380.0,12539.0,2258.0,10027.0,0.944319
25,11960,1800,2706.0,12643.0,2589.0,10125.0,0.848537
25,11960,1800,2768.0,12891.0,2655.0,10373.0,0.952977
25,11960,1800,2567.0,12306.0,2456.0,9792.0,0.880627
25,11960,1800,1970.0,12244.0,1839.0,9739.0,0.844806
25,11960,1800,2432.0,12892.0,2310.0,10380.0,0.882535
25,11960,1800,2862.0,12917.0,2754.0,10395.0,0.949865
25,11960,1800,2099.0,13011.0,1965.0,10509.0,0.945685
25,11960,1800,2118.0,12299.0,1991.0,9794.0,0.95096
25,11960,1800,2495.0,12078.0,2379.0,9561.0,0.485435
25,11960,1800,2135.0,12883.0,2002.0,10382.0,0.951718
25,11960,1800,2592.0,12374.0,2476.0,9857.0,0.428754
25,11960,1800,2242.0,13039.0,2114.0,10532.0,0.952766
25,11960,1800,2707.0,13059.0,2594.0,10539.0,0.95271
25,11960,1800,2668.0,12412.0,2556.0,9895.0,0.95277
25,11960,1800,2293.0,12151.0,2170.0,9639.0,0.772892
25,11960,1800,2964.0,12266.0,2857.0,9743.0,0.863115
25,11960,1800,2386.0,12766.0,2260.0,10255.0,0.504938
25,11960,1800,2125.0,12869.0,1991.0,10368.0,0.950666
25,11960,1800,2307.0,12635.0,2182.0,10125.0,0.93076
25,11960,1800,2228.0,12575.0,2103.0,10067.0,0.949287
25,11960,1800,2396.0,12770.0,2274.0,10257.0,0.828632
25,11960,1800,2801.0,13147.0,2691.0,10624.0,0.954744
25,11960,1800,2831.0,12703.0,2733.0,10178.0,0.53603
25,11960,1800,2776.0,13091.0,2665.0,10571.0,0.390779
25,11960,1800,2392.0,12767.0,2275.0,10253.0,0.688802
25,11960,1800,2114.0,12934.0,1993.0,10425.0,0.917404
25,11960,1800,2543.0,12775.0,2421.0,10265.0,0.937599
25,11960,1800,2861.0,12739.0,2753.0,10218.0,0.946193
25,11960,1800,2627.0,12695.0,2513.0,10177.0,0.902206
25,11960,1800,2144.0,12230.0,2025.0,9730.0,0.468834
25,11960,1800,2283.0,12191.0,2158.0,9680.0,0.846555
25,11960,1800,2499.0,12447.0,2381.0,9934.0,0.649995
25,11960,1800,2812.0,12021.0,2703.0,9498.0,0.945119
25,11960,1800,2196.0,12100.0,2070.0,9592.0,0.816284
25,11960,1800,2257.0,13060.0,2116.0,10550.0,0.461901
25,11960,1800,2531.0,13144.0,2413.0,10629.0,0.952477
25,11960,1800,1999.0,13091.0,1858.0,10594.0,0.948632
25,11960,1800,2796.0,12435.0,2685.0,9916.0,0.94116
25,11960,1800,2814.0,12372.0,2707.0,9849.0,0.952224
25,11960,1800,2750.0,12319.0,2637.0,9800.0,0.801543
25,11960,1800,2511.0,12188.0,2383.0,9665.0,0.803578
25,11960,1800,2439.0,12101.0,2320.0,9586.0,0.947769
25,11960,1800,2479.0,13100.0,2358.0,10587.0,0.940766
25,11960,1800,2515.0,13111.0,2396.0,10596.0,0.941003
25,11960,1800,2277.0,12775.0,2148.0,10267.0,0.401738
25,11960,1800,2299.0,12983.0,2174.0,10472.0,0.936236
25,11960,1800,2821.0,12384.0,2713.0,9863.0,0.951907
25,11960,1800,2752.0,12874.0,2638.0,10357.0,0.950032
25,11960,1800,2848.0,12690.0,2738.0,10169.0,0.76941
25,11960,1800,2161.0,13130.0,2030.0,10629.0,0.81556
25,11960,1800,2311.0,12998.0,2185.0,10487.0,0.929459
25,11960,1800,2590.0,12806.0,2470.0,10298.0,0.854833
25,11960,1800,2645.0,12409.0,2531.0,9893.0,0.949919
28,13160,1800,2954.0,14355.0,2844.0,11839.0,0.935037
28,13160,1800,2798.0,14353.0,2687.0,11837.0,0.936198
28,13160,1800,2662.0,13994.0,2545.0,11481.0,0.951575
28,13160,1800,2963.0,13784.0,2853.0,11267.0,0.888202
28,13160,1800,2634.0,13784.0,2515.0,11273.0,0.945972
28,13160,1800,2558.0,14166.0,2440.0,11653.0,0.938634
28,13160,1800,2982.0,13806.0,2872.0,11288.0,0.925609
28,13160,1800,2975.0,14137.0,2862.0,11620.0,0.53331
28,13160,1800,2729.0,14220.0,2617.0,11705.0,0.948013
28,13160,1800,2573.0,14272.0,2458.0,11758.0,0.892436
28,13160,1800,2760.0,13888.0,2646.0,11374.0,0.93265
28,13160,1800,2770.0,13187.0,2660.0,10665.0,0.584557
28,13160,1800,2507.0,13695.0,2388.0,11184.0,0.948001
28,13160,1800,2285.0,13452.0,2158.0,10946.0,0.775219
28,13160,1800,2902.0,14175.0,2792.0,11660.0,0.923977
28,13160,1800,2911.0,13387.0,2793.0,10854.0,0.622628
28,13160,1800,2587.0,13317.0,2474.0,10800.0,0.824492
28,13160,1800,2333.0,14166.0,2211.0,11658.0,0.83082
28,13160,1800,2574.0,13300.0,2458.0,10781.0,0.944535
28,13160,1800,2387.0,13749.0,2261.0,11242.0,0.379705
28,13160,1800,2219.0,14359.0,2094.0,11851.0,0.947665
28,13160,1800,2336.0,14210.0,2212.0,11701.0,0.933207
28,13160,1800,2380.0,14321.0,2259.0,11811.0,0.556052
28,13160,1800,2897.0,13396.0,2784.0,10881.0,0.495123
28,13160,1800,1940.0,13263.0,1799.0,10771.0,0.301522
28,13160,1800,2312.0,14155.0,2188.0,11647.0,0.950326
28,13160,1800,2323.0,14279.0,2201.0,11771.0,0.946564
28,13160,1800,2785.0,13220.0,2675.0,10699.0,0.606191
28,13160,1800,2517.0,13688.0,2399.0,11178.0,0.947299
28,13160,1800,2713.0,13811.0,2599.0,11297.0,0.94093
28,13160,1800,2021.0,14065.0,1885.0,11570.0,0.91796
28,13160,1800,2262.0,14194.0,2137.0,11688.0,0.920618
28,13160,1800,2525.0,13819.0,2400.0,11307.0,0.928471
28,13160,1800,2402.0,13690.0,2278.0,11183.0,0.942333
28,13160,1800,2807.0,13705.0,2695.0,11189.0,0.945029
28,13160,1800,2487.0,14074.0,2367.0,11564.0,0.427701
28,13160,1800,2800.0,14037.0,2687.0,11521.0,0.799218
28,13160,1800,2755.0,13601.0,2642.0,11083.0,0.935083
28,13160,1800,2800.0,14020.0,2688.0,11507.0,0.940329
28,13160,1800,2838.0,13828.0,2725.0,11314.0,0.872709
28,13160,1800,2704.0,14266.0,2591.0,11751.0,0.947027
28,13160,1800,2555.0,13257.0,2441.0,10738.0,0.662886
28,13160,1800,2837.0,13867.0,2724.0,11350.0,0.936105
28,13160,1800,2676.0,14292.0,2562.0,11778.0,0.919069
28,13160,1800,2338.0,13725.0,2211.0,11219.0,0.947565
28,13160,1800,2435.0,13826.0,2313.0,11317.0,0.949517
28,13160,1800,2808.0,13170.0,2699.0,10648.0,0.725132
28,13160,1800,2529.0,13847.0,2408.0,11335.0,0.947701
28,13160,1800,2312.0,14099.0,2187.0,11594.0,0.939329
28,13160,1800,2322.0,13943.0,2196.0,11437.0,0.945125
28,13160,1800,2777.0,13568.0,2665.0,11050.0,0.908088
28,13160,1800,2426.0,13234.0,2304.0,10721.0,0.658881
28,13160,1800,2233.0,13952.0,2102.0,11450.0,0.677361
28,13160,1800,2992.0,13526.0,2883.0,11007.0,0.708452
28,13160,1800,2542.0,14209.0,2425.0,11696.0,0.947388
28,13160,1800,2056.0,13752.0,1917.0,11258.0,0.815508
28,13160,1800,2293.0,13722.0,2166.0,11218.0,0.616778
28,13160,1800,2902.0,13803.0,2791.0,11286.0,0.875201
28,13160,1800,2478.0,14283.0,2361.0,11772.0,0.947225
28,13160,1800,2757.0,14265.0,2644.0,11750.0,0.783144
28,13160,1800,2763.0,13173.0,2665.0,10652.0,0.694492
28,13160,1800,2733.0,13948.0,2619.0,11434.0,0.933618
28,13160,1800,2363.0,13379.0,2240.0,10868.0,0.485428
28,13160,1800,2908.0,14237.0,2798.0,11721.0,0.942256
28,13160,1800,2443.0,13608.0,2322.0,11099.0,0.949959
28,13160,1800,2506.0,13302.0,2390.0,10784.0,0.92878
28,13160,1800,2322.0,13301.0,2197.0,10791.0,0.94577
28,13160,1800,2905.0,14276.0,2795.0,11759.0,0.830116
28,13160,1800,2444.0,13693.0,2320.0,11182.0,0.948247
28,13160,1800,2233.0,14149.0,2106.0,11644.0,0.821416
28,13160,1800,2102.0,13946.0,1965.0,11447.0,0.528916
28,13160,1800,2082.0,13924.0,1945.0,11428.0,0.902035
28,13160,1800,2413.0,14012.0,2290.0,11504.0,0.835922
28,13160,1800,2103.0,14192.0,1969.0,11693.0,0.786372
28,13160,1800,2174.0,13994.0,2043.0,11493.0,0.381819
28,13160,1800,2306.0,13835.0,2179.0,11331.0,0.948891
28,13160,1800,2934.0,13770.0,2824.0,11253.0,0.871862
28,13160,1800,2230.0,13823.0,2099.0,11321.0,0.935367
28,13160,1800,2582.0,13285.0,2468.0,10766.0,0.706621
28,13160,1800,2616.0,14343.0,2500.0,11829.0,0.612332
28,13160,1800,2391.0,13396.0,2268.0,10873.0,0.891494
28,13160,1800,2797.0,13967.0,2681.0,11452.0,0.948404
28,13160,1800,2453.0,13873.0,2326.0,11360.0,0.855344
28,13160,1800,2633.0,13240.0,2520.0,10721.0,0.841258
28,13160,1800,2660.0,13220.0,2546.0,10702.0,0.860945
28,13160,1800,2602.0,13619.0,2486.0,11103.0,0.367157
28,13160,1800,2759.0,13533.0,2645.0,11015.0,0.842342
28,13160,1800,2769.0,14244.0,2657.0,11728.0,0.822312
28,13160,1800,2043.0,13495.0,1900.0,11001.0,0.911635
28,13160,1800,2913.0,13788.0,2802.0,11271.0,0.946008
28,13160,1800,2099.0,13976.0,1967.0,11481.0,0.662675
28,13160,1800,2437.0,13748.0,2313.0,11241.0,0.909541
28,13160,1800,2562.0,13931.0,2442.0,11416.0,0.952477
28,13160,1800,2363.0,13312.0,2239.0,10801.0,0.944586
28,13160,1800,2303.0,13719.0,2175.0,11214.0,0.714761
28,13160,1800,2227.0,14037.0,2098.0,11533.0,0.93536
28,13160,1800,2345.0,13683.0,2221.0,11178.0,0.947972
28,13160,1800,2046.0,14088.0,1910.0,11592.0,0.935604
28,13160,1800,2909.0,13401.0,2795.0,10888.0,0.943787
28,13160,1800,2691.0,14001.0,2575.0,11488.0,0.916485
28,13160,1800,2128.0,13179.0,1992.0,10679.0,0.361847
28,13160,1800,2429.0,13403.0,2308.0,10891.0,0.944145
28,13160,1800,2627.0,14126.0,2509.0,11613.0,0.926834
28,13160,1800,2183.0,13922.0,2051.0,11422.0,0.898868
28,13160,1800,2346.0,13239.0,2224.0,10728.0,0.768695
28,13160,1800,2507.0,13675.0,2393.0,11164.0,0.942734
28,13160,1800,2744.0,13841.0,2629.0,11327.0,0.893256
28,13160,1800,2478.0,14045.0,2356.0,11535.0,0.84465
28,13160,1800,2223.0,14255.0,2096.0,11749.0,0.950164
28,13160,1800,2731.0,14112.0,2617.0,11597.0,0.945033
28,13160,1800,2668.0,13769.0,2550.0,11258.0,0.949584
28,13160,1800,2230.0,13987.0,2101.0,11486.0,0.926053
28,13160,1800,2430.0,13248.0,2309.0,10734.0,0.93396
28,13160,1800,2450.0,14215.0,2331.0,11705.0,0.950487
28,13160,1800,2819.0,13211.0,2710.0,10691.0,0.804542
28,13160,1800,2872.0,13795.0,2764.0,11274.0,0.438996
28,13160,1800,2828.0,13971.0,2713.0,11454.0,0.942622
28,13160,1800,2646.0,14007.0,2531.0,11495.0,0.950686
28,13160,1800,2530.0,13899.0,2409.0,11388.0,0.947455
28,13160,1800,2727.0,13808.0,2614.0,11294.0,0.796067
28,13160,1800,2099.0,13495.0,1965.0,10996.0,0.862157
28,13160,1800,2077.0,13383.0,1940.0,10883.0,0.338145
28,13160,1800,2576.0,13325.0,2462.0,10808.0,0.5699
28,13160,1800,2367.0,13455.0,2242.0,10945.0,0.940553
28,13160,1800,2392.0,14107.0,2271.0,11598.0,0.948913
28,13160,1800,2105.0,14166.0,1974.0,11673.0,0.875634
28,13160,1800,2339.0,13639.0,2213.0,11134.0,0.894452
28,13160,1800,2951.0,13395.0,2840.0,10879.0,0.333067
28,13160,1800,2901.0,14149.0,2790.0,11632.0,0.900486
28,13160,1800,2336.0,14128.0,2212.0,11620.0,0.952446
28,13160,1800,1939.0,14121.0,1801.0,11628.0,0.873842
28,13160,1800,1935.0,14144.0,1793.0,11652.0,0.651981
28,13160,1800,2255.0,13501.0,2126.0,10996.0,0.951529
28,13160,1800,2282.0,13743.0,2151.0,11250.0,0.615369
28,13160,1800,2350.0,13451.0,2226.0,10941.0,0.942761
28,13160,1800,2351.0,13466.0,2225.0,10954.0,0.850021
28,13160,1800,1964.0,13723.0,1821.0,11236.0,0.535149
28,13160,1800,2455.0,14146.0,2337.0,11635.0,0.907656
28,13160,1800,2695.0,13904.0,2580.0,11391.0,0.9478
28,13160,1800,2190.0,13792.0,2057.0,11292.0,0.944528
28,13160,1800,2416.0,13770.0,2292.0,11262.0,0.813602
28,13160,1800,2320.0,13248.0,2196.0,10738.0,0.938237
28,13160,1800,2123.0,13975.0,1991.0,11478.0,0.936517
28,13160,1800,2450.0,13896.0,2330.0,11384.0,0.458589
28,13160,1800,2915.0,13200.0,2811.0,10677.0,0.550168
28,13160,1800,2131.0,13476.0,1997.0,10971.0,0.808221
28,13160,1800,2628.0,14104.0,2512.0,11592.0,0.949776
28,13160,1800,2496.0,13683.0,2381.0,11171.0,0.761779
28,13160,1800,2851.0,14338.0,2741.0,11821.0,0.910207
28,13160,1800,2740.0,13882.0,2626.0,11368.0,0.949649
28,13160,1800,2781.0,13188.0,2671.0,10666.0,0.633452
28,13160,1800,2055.0,13894.0,1917.0,11400.0,0.946447
28,13160,1800,2120.0,13985.0,1985.0,11489.0,0.917005
28,13160,1800,2402.0,13838.0,2274.0,11331.0,0.933216
28,13160,1800,2968.0,13246.0,2859.0,10724.0,0.393773
28,13160,1800,2345.0,13743.0,2218.0,11237.0,0.912391
28,13160,1800,2180.0,13909.0,2046.0,11406.0,0.392849
28,13160,1800,2033.0,14062.0,1895.0,11567.0,0.691742
28,13160,1800,2916.0,13664.0,2807.0,11147.0,0.927199
28,13160,1800,2499.0,13549.0,2382.0,11036.0,0.943335
28,13160,1800,2281.0,13981.0,2156.0,11478.0,0.949988
28,13160,1800,2859.0,13919.0,2747.0,11405.0,0.89647
28,13160,1800,2140.0,13491.0,2007.0,10991.0,0.817748
28,13160,1800,2180.0,13952.0,2048.0,11451.0,0.851296
28,13160,1800,2486.0,13956.0,2366.0,11447.0,0.946727
28,13160,1800,2132.0,13781.0,1994.0,11283.0,0.930058
28,13160,1800,2724.0,13814.0,2608.0,11302.0,0.905034
28,13160,1800,2149.0,14296.0,2021.0,11792.0,0.947522
28,13160,1800,2462.0,13403.0,2341.0,10889.0,0.939968
28,13160,1800,2322.0,14132.0,2198.0,11623.0,0.938008
28,13160,1800,2171.0,13358.0,2039.0,10854.0,0.899935
28,13160,1800,2248.0,13827.0,2118.0,11324.0,0.952226
28,13160,1800,2575.0,14239.0,2458.0,11726.0,0.791715
28,13160,1800,2335.0,14189.0,2211.0,11682.0,0.804407
28,13160,1800,2764.0,14133.0,2651.0,11619.0,0.950012
28,13160,1800,2027.0,14088.0,1890.0,11592.0,0.933022
28,13160,1800,2834.0,14021.0,2720.0,11509.0,0.456202
28,13160,1800,2532.0,14211.0,2413.0,11696.0,0.95051
28,13160,1800,2916.0,13283.0,2804.0,10764.0,0.502804
28,13160,1800,2546.0,13247.0,2430.0,10730.0,0.751588
28,13160,1800,2490.0,13915.0,2370.0,11406.0,0.941742
28,13160,1800,2106.0,13674.0,1969.0,11181.0,0.595443
28,13160,1800,2417.0,13828.0,2293.0,11321.0,0.925947
28,13160,1800,2358.0,13905.0,2232.0,11400.0,0.950244
28,13160,1800,2483.0,14181.0,2365.0,11670.0,0.879211
28,13160,1800,2067.0,13899.0,1930.0,11397.0,0.894347
28,13160,1800,2886.0,14253.0,2776.0,11736.0,0.93012
28,13160,1800,2781.0,14037.0,2668.0,11522.0,0.943551
28,13160,1800,2775.0,14137.0,2661.0,11623.0,0.942858
28,13160,1800,2009.0,13657.0,1879.0,11161.0,0.527634
28,13160,1800,2327.0,13331.0,2202.0,10817.0,0.442642
28,13160,1800,2971.0,13683.0,2861.0,11166.0,0.947793
28,13160,1800,2595.0,13446.0,2481.0,10928.0,0.475031
28,13160,1800,2566.0,13320.0,2449.0,10798.0,0.68271
28,13160,1800,2015.0,13593.0,1873.0,11101.0,0.58386
28,13160,1800,2288.0,13859.0,2161.0,11355.0,0.9501
28,13160,1800,2113.0,13975.0,1971.0,11469.0,0.573487
28,13160,1800,2092.0,13497.0,1947.0,11002.0,0.448171
28,13160,1800,1932.0,13951.0,1790.0,11460.0,0.341499
28,13160,1800,2269.0,13676.0,2138.0,11174.0,0.951806
28,13160,1800,2288.0,13486.0,2160.0,10980.0,0.949004
28,13160,1800,2857.0,13518.0,2745.0,11002.0,0.829002
28,13160,1800,2266.0,13743.0,2139.0,11242.0,0.947497
28,13160,1800,2755.0,13199.0,2645.0,10679.0,0.725579
28,13160,1800,2688.0,13252.0,2574.0,10732.0,0.908145
28,13160,1800,2285.0,13717.0,2154.0,11217.0,0.92544
28,13160,1800,2709.0,13871.0,2593.0,11356.0,0.950918
28,13160,1800,2698.0,13946.0,2584.0,11432.0,0.62389
28,13160,1800,2514.0,13415.0,2397.0,10899.0,0.702514
28,13160,1800,2224.0,13750.0,2094.0,11250.0,0.460185
28,13160,1800,2107.0,13987.0,1974.0,11489.0,0.924759
28,13160,1800,2185.0,13784.0,2051.0,11286.0,0.532524
28,13160,1800,2607.0,13613.0,2498.0,11096.0,0.500328
28,13160,1800,2381.0,14070.0,2259.0,11562.0,0.952456
28,13160,1800,2784.0,14050.0,2670.0,11535.0,0.939827
28,13160,1800,2288.0,14258.0,2160.0,11755.0,0.730032
28,13160,1800,2188.0,13946.0,2045.0,11443.0,0.539837
28,13160,1800,2254.0,13913.0,2125.0,11410.0,0.92825
28,13160,1800,2514.0,13383.0,2399.0,10866.0,0.738242
28,13160,1800,2049.0,13844.0,1909.0,11350.0,0.842547
28,13160,1800,2628.0,14045.0,2514.0,11533.0,0.947009
28,13160,1800,2314.0,14195.0,2189.0,11687.0,0.950479
28,13160,1800,2333.0,13680.0,2207.0,11176.0,0.608837
28,13160,1800,2747.0,14240.0,2633.0,11726.0,0.338176
28,13160,1800,2528.0,13372.0,2411.0,10857.0,0.701569
28,13160,1800,2405.0,13714.0,2281.0,11206.0,0.916561
28,13160,1800,2612.0,13530.0,2497.0,11013.0,0.708818
28,13160,1800,2389.0,14021.0,2265.0,11513.0,0.890366
28,13160,1800,2332.0,13239.0,2209.0,10729.0,0.905212
28,13160,1800,2584.0,13426.0,2469.0,10908.0,0.69774
37,16760,1800,2359.0,17810.0,2210.0,15331.0,0.768075
37,16760,1800,2491.0,17710.0,2341.0,15232.0,0.405308
37,16760,1800,2222.0,17719.0,2067.0,15243.0,0.608126
37,16760,1800,2367.0,17791.0,2218.0,15313.0,0.619558
37,16760,1800,2060.0,17726.0,1906.0,15251.0,0.447782
37,16760,1800,2216.0,17694.0,2064.0,15219.0,0.652505
37,16760,1800,2316.0,17547.0,2166.0,15069.0,0.694688
37,16760,1800,2442.0,17955.0,2292.0,15479.0,0.49161
37,16760,1800,2164.0,17365.0,2009.0,14889.0,0.331563
37,16760,1800,2163.0,17422.0,2008.0,14946.0,0.546837
37,16760,1800,1986.0,17642.0,1829.0,15170.0,0.44918
37,16760,1800,2300.0,17404.0,2152.0,14925.0,0.426225
37,16760,1800,2239.0,17664.0,2087.0,15187.0,0.754621
37,16760,1800,2278.0,17339.0,2129.0,14861.0,0.415832
37,16760,1800,2239.0,17394.0,2088.0,14915.0,0.438243
37,16760,1800,2290.0,17413.0,2135.0,14931.0,0.420838
37,16760,1800,2304.0,17460.0,2153.0,14986.0,0.469424
37,16760,1800,2227.0,17387.0,2076.0,14911.0,0.376306
37,16760,1800,2209.0,17486.0,2057.0,15010.0,0.616616
37,16760,1800,2210.0,17400.0,2057.0,14924.0,0.319155
37,16760,1800,2228.0,17649.0,2076.0,15173.0,0.6239
37,16760,1800,2346.0,16930.0,2202.0,14449.0,0.316349
37,16760,1800,2428.0,17547.0,2282.0,15072.0,0.328939
37,16760,1800,2288.0,17608.0,2139.0,15130.0,0.426679
37,16760,1800,2228.0,17791.0,2077.0,15314.0,0.68209
37,16760,1800,2411.0,17832.0,2263.0,15356.0,0.384644
37,16760,1800,2286.0,17395.0,2137.0,14918.0,0.542889
37,16760,1800,2347.0,17906.0,2197.0,15427.0,0.773588
37,16760,1800,2282.0,17376.0,2131.0,14896.0,0.494762
37,16760,1800,2360.0,17731.0,2212.0,15253.0,0.58767
37,16760,1800,1963.0,17629.0,1812.0,15156.0,0.405044
37,16760,1800,2216.0,17473.0,2063.0,14996.0,0.410008
37,16760,1800,2249.0,17138.0,2097.0,14662.0,0.328467
37,16760,1800,1968.0,17657.0,1811.0,15185.0,0.317814
37,16760,1800,2210.0,17289.0,2057.0,14813.0,0.405359
37,16760,1800,2050.0,17734.0,1894.0,15260.0,0.531742
37,16760,1800,2264.0,17601.0,2113.0,15123.0,0.737323
37,16760,1800,2002.0,17591.0,1847.0,15119.0,0.397079
37,16760,1800,2110.0,17516.0,1954.0,15042.0,0.655105
37,16760,1800,2311.0,17562.0,2158.0,15083.0,0.772233
38,16760,3000,3805.0,17917.0,3710.0,15411.0,0.305949
43,19160,1800,2453.0,19607.0,2293.0,17146.0,0.61065
43,19160,1800,2439.0,19604.0,2280.0,17142.0,0.304705
43,19160,1800,2049.0,19494.0,1886.0,17035.0,0.478804
43,19160,1800,2165.0,19485.0,2002.0,17024.0,0.487862
43,19160,1800,2079.0,19776.0,1914.0,17318.0,0.325828
43,19160,1800,2404.0,19746.0,2243.0,17288.0,0.351295
43,19160,1800,2309.0,20333.0,2149.0,17880.0,0.431269
43,19160,1800,2202.0,20311.0,2030.0,17862.0,0.364861
43,19160,1800,2285.0,19366.0,2126.0,16903.0,0.454904
43,19160,1800,2032.0,19485.0,1868.0,17024.0,0.329156
43,19160,1800,2312.0,19571.0,2152.0,17111.0,0.314637
43,19160,1800,2152.0,20081.0,1983.0,17629.0,0.389917
43,19160,1800,2294.0,19574.0,2134.0,17116.0,0.371939
43,19160,1800,2063.0,19565.0,1899.0,17105.0,0.346808
43,19160,1800,2277.0,19400.0,2118.0,16938.0,0.411761
43,19160,1800,2099.0,20196.0,1927.0,17746.0,0.373694
43,19160,1800,2164.0,20259.0,1992.0,17811.0,0.548992
43,19160,1800,2274.0,20103.0,2106.0,17650.0,0.335469
43,19160,1800,2201.0,19380.0,2037.0,16922.0,0.32948
43,19160,1800,2221.0,20352.0,2066.0,17903.0,0.506626
44,19160,3000,3657.0,19717.0,3539.0,17223.0,0.394109
44,19160,3000,4129.0,19929.0,4043.0,17415.0,0.474484
44,19160,3000,3966.0,19711.0,3866.0,17213.0,0.303415
46,20360,1800,2068.0,20477.0,1895.0,18025.0,0.923599
46,20360,1800,2581.0,21416.0,2416.0,18965.0,0.933627
46,20360,1800,2179.0,20856.0,2010.0,18405.0,0.712242
46,20360,1800,2330.0,20920.0,2162.0,18468.0,0.855853
46,20360,1800,2264.0,20522.0,2094.0,18071.0,0.729025
46,20360,1800,2240.0,21343.0,2070.0,18894.0,0.950186
46,20360,1800,2433.0,21247.0,2269.0,18799.0,0.907044
46,20360,1800,2527.0,20827.0,2369.0,18377.0,0.606898
46,20360,1800,2286.0,20588.0,2118.0,18138.0,0.763791
46,20360,1800,2475.0,20781.0,2314.0,18323.0,0.490551
46,20360,1800,2336.0,20952.0,2170.0,18500.0,0.560713
46,20360,1800,2246.0,21313.0,2078.0,18864.0,0.954083
46,20360,1800,2287.0,20568.0,2117.0,18116.0,0.847671
46,20360,1800,1910.0,21023.0,1735.0,18576.0,0.871434
46,20360,1800,1882.0,21009.0,1709.0,18563.0,0.422917
46,20360,1800,2409.0,21273.0,2242.0,18821.0,0.923737
46,20360,1800,2089.0,20896.0,1918.0,18445.0,0.610802
46,20360,1800,2600.0,21035.0,2447.0,18582.0,0.935818
46,20360,1800,2228.0,21346.0,2058.0,18898.0,0.951657
46,20360,1800,2210.0,20639.0,2041.0,18187.0,0.938417
46,20360,1800,2270.0,20874.0,2101.0,18422.0,0.759858
46,20360,1800,2027.0,20941.0,1854.0,18493.0,0.857621
46,20360,1800,2397.0,21393.0,2231.0,18942.0,0.926466
46,20360,1800,2544.0,21155.0,2379.0,18702.0,0.840709
46,20360,1800,2864.0,21443.0,2718.0,18987.0,0.872075
46,20360,1800,1901.0,21031.0,1726.0,18584.0,0.715115
46,20360,1800,2360.0,20976.0,2193.0,18523.0,0.847969
46,20360,1800,2100.0,20639.0,1930.0,18187.0,0.817069
46,20360,1800,2281.0,20843.0,2112.0,18390.0,0.931788
46,20360,1800,2445.0,21542.0,2279.0,19091.0,0.93128
46,20360,1800,2227.0,20644.0,2058.0,18193.0,0.8924
46,20360,1800,2272.0,20600.0,2104.0,18150.0,0.784115
46,20360,1800,2335.0,20748.0,2165.0,18298.0,0.635551
46,20360,1800,2128.0,21315.0,1955.0,18869.0,0.95208
46,20360,1800,2325.0,21066.0,2157.0,18613.0,0.405008
46,20360,1800,2542.0,21491.0,2388.0,19031.0,0.846129
46,20360,1800,2441.0,20857.0,2274.0,18407.0,0.633017
46,20360,1800,1904.0,21011.0,1728.0,18562.0,0.694254
46,20360,1800,2598.0,21547.0,2435.0,19094.0,0.950906
46,20360,1800,2197.0,20969.0,2028.0,18518.0,0.909967
46,20360,1800,2770.0,21480.0,2614.0,19023.0,0.726538
46,20360,1800,2224.0,21488.0,2069.0,19030.0,0.324695
46,20360,1800,2333.0,21049.0,2167.0,18596.0,0.950436
46,20360,1800,2294.0,20608.0,2124.0,18157.0,0.868643
46,20360,1800,2762.0,21475.0,2600.0,19018.0,0.717399
46,20360,1800,2463.0,21147.0,2298.0,18693.0,0.856978
46,20360,1800,1999.0,21551.0,1824.0,19109.0,0.810047
46,20360,1800,2441.0,21236.0,2288.0,18782.0,0.864716
46,20360,1800,2377.0,20778.0,2209.0,18325.0,0.904746
46,20360,1800,1924.0,20895.0,1749.0,18449.0,0.899566
46,20360,1800,2451.0,21345.0,2284.0,18894.0,0.954511
46,20360,1800,2478.0,21359.0,2313.0,18908.0,0.946248
46,20360,1800,2518.0,21208.0,2352.0,18756.0,0.689425
46,20360,1800,2359.0,20957.0,2192.0,18505.0,0.942664
46,20360,1800,1949.0,20912.0,1774.0,18467.0,0.882093
46,20360,1800,1912.0,20447.0,1740.0,18005.0,0.496819
46,20360,1800,2050.0,21086.0,1876.0,18639.0,0.901719
46,20360,1800,2570.0,21049.0,2423.0,18588.0,0.786559
46,20360,1800,2284.0,21281.0,2114.0,18832.0,0.936022
46,20360,1800,2417.0,21232.0,2251.0,18780.0,0.903129
46,20360,1800,2348.0,21350.0,2181.0,18900.0,0.951825
46,20360,1800,2031.0,21254.0,1853.0,18810.0,0.616635
46,20360,1800,2317.0,21469.0,2149.0,19021.0,0.952903
46,20360,1800,2321.0,20444.0,2151.0,17993.0,0.465557
46,20360,1800,2438.0,21220.0,2274.0,18768.0,0.946935
46,20360,1800,2371.0,21039.0,2204.0,18585.0,0.884485
46,20360,1800,2070.0,20820.0,1901.0,18371.0,0.764592
46,20360,1800,2368.0,20666.0,2199.0,18214.0,0.927202
46,20360,1800,2149.0,20917.0,1980.0,18465.0,0.427717
46,20360,1800,2249.0,21527.0,2079.0,19079.0,0.922565
46,20360,1800,2585.0,21019.0,2432.0,18566.0,0.552644
46,20360,1800,2321.0,21371.0,2153.0,18922.0,0.954028
46,20360,1800,2417.0,21253.0,2251.0,18800.0,0.940482
46,20360,1800,2230.0,21192.0,2060.0,18742.0,0.945741
46,20360,1800,2334.0,21273.0,2165.0,18823.0,0.943471
46,20360,1800,2078.0,20598.0,1908.0,18146.0,0.688904
46,20360,1800,2295.0,20596.0,2126.0,18146.0,0.726824
46,20360,1800,2441.0,21127.0,2275.0,18673.0,0.942442
46,20360,1800,1878.0,21020.0,1705.0,18578.0,0.352487
46,20360,1800,2631.0,21552.0,2486.0,19094.0,0.833529
46,20360,1800,2070.0,20763.0,1899.0,18311.0,0.667487
46,20360,1800,2302.0,20529.0,2131.0,18079.0,0.872085
46,20360,1800,2342.0,20983.0,2176.0,18528.0,0.883699
46,20360,1800,2585.0,21330.0,2422.0,18878.0,0.418081
46,20360,1800,2380.0,21396.0,2214.0,18944.0,0.474963
46,20360,1800,2183.0,21248.0,2010.0,18800.0,0.949112
46,20360,1800,2373.0,20857.0,2206.0,18404.0,0.85482
46,20360,1800,2567.0,21037.0,2420.0,18569.0,0.369181
46,20360,1800,2080.0,20469.0,1909.0,18021.0,0.873652
46,20360,1800,2116.0,21314.0,1942.0,18868.0,0.927063
46,20360,1800,2127.0,20512.0,1956.0,18060.0,0.404566
46,20360,1800,2492.0,21245.0,2326.0,18793.0,0.932961
46,20360,1800,1939.0,21096.0,1764.0,18652.0,0.352471
46,20360,1800,1941.0,20500.0,1764.0,18055.0,0.403634
46,20360,1800,2366.0,21015.0,2198.0,18561.0,0.94616
46,20360,1800,2116.0,20781.0,1946.0,18331.0,0.814427
46,20360,1800,1968.0,20484.0,1793.0,18036.0,0.318285
46,20360,1800,2476.0,21426.0,2310.0,18974.0,0.875261
46,20360,1800,2569.0,21368.0,2406.0,18915.0,0.955372
46,20360,1800,2130.0,21389.0,1955.0,18945.0,0.803207
46,20360,1800,1888.0,20435.0,1713.0,17990.0,0.563871
46,20360,1800,1886.0,20439.0,1710.0,17994.0,0.435686
46,20360,1800,2166.0,20830.0,1996.0,18378.0,0.901199
46,20360,1800,2593.0,21022.0,2436.0,18564.0,0.326974
46,20360,1800,2329.0,20559.0,2160.0,18108.0,0.761034
46,20360,1800,2244.0,21193.0,2073.0,18745.0,0.954392
46,20360,1800,1942.0,20517.0,1767.0,18070.0,0.727198
46,20360,1800,2200.0,21468.0,2028.0,19021.0,0.951513
46,20360,1800,1953.0,20426.0,1778.0,17979.0,0.3311
46,20360,1800,2189.0,21290.0,2017.0,18842.0,0.951789
46,20360,1800,2270.0,20533.0,2099.0,18083.0,0.646277
46,20360,1800,2444.0,21258.0,2280.0,18804.0,0.609895
46,20360,1800,2042.0,21555.0,1866.0,19112.0,0.948372
46,20360,1800,2482.0,21399.0,2314.0,18949.0,0.873576
46,20360,1800,2130.0,20477.0,1957.0,18024.0,0.69746
46,20360,1800,2375.0,20824.0,2207.0,18372.0,0.778446
46,20360,1800,2004.0,21499.0,1825.0,19064.0,0.746927
46,20360,1800,2304.0,20909.0,2136.0,18459.0,0.815646
46,20360,1800,2352.0,20979.0,2185.0,18527.0,0.922239
46,20360,1800,2554.0,21085.0,2390.0,18631.0,0.953319
46,20360,1800,2343.0,20834.0,2184.0,18380.0,0.92331
46,20360,1800,2194.0,20935.0,2025.0,18484.0,0.908199
46,20360,1800,2382.0,21299.0,2216.0,18847.0,0.954292
46,20360,1800,2365.0,21289.0,2203.0,18827.0,0.946484
46,20360,1800,2151.0,21167.0,1997.0,18717.0,0.949922
46,20360,1800,1927.0,20523.0,1751.0,18077.0,0.769533
46,20360,1800,2049.0,21060.0,1875.0,18612.0,0.905328
46,20360,1800,2627.0,20848.0,2470.0,18393.0,0.4036
46,20360,1800,2287.0,21466.0,2119.0,19017.0,0.951119
46,20360,1800,2065.0,21504.0,1887.0,19069.0,0.491153
46,20360,1800,2021.0,21041.0,1848.0,18590.0,0.790925
46,20360,1800,2681.0,21391.0,2525.0,18937.0,0.717974
46,20360,1800,2391.0,21273.0,2224.0,18821.0,0.563465
46,20360,1800,2066.0,21081.0,1894.0,18633.0,0.733912
46,20360,1800,2215.0,21344.0,2044.0,18897.0,0.92739
46,20360,1800,2233.0,21317.0,2063.0,18868.0,0.94539
46,20360,1800,2151.0,20665.0,1982.0,18209.0,0.806296
46,20360,1800,1911.0,20683.0,1733.0,18238.0,0.329625
46,20360,1800,2287.0,20466.0,2116.0,18017.0,0.738323
46,20360,1800,1929.0,21294.0,1748.0,18859.0,0.533846
46,20360,1800,2467.0,20967.0,2301.0,18515.0,0.443533
46,20360,1800,2666.0,21418.0,2503.0,18965.0,0.927615
46,20360,1800,1927.0,20454.0,1754.0,18009.0,0.772897
46,20360,1800,2526.0,21297.0,2361.0,18845.0,0.897265
46,20360,1800,2308.0,21264.0,2138.0,18813.0,0.949821
46,20360,1800,2053.0,21249.0,1876.0,18806.0,0.764178
46,20360,1800,2080.0,20819.0,1919.0,18369.0,0.418258
46,20360,1800,2425.0,21421.0,2257.0,18971.0,0.398361
46,20360,1800,1890.0,20456.0,1716.0,18009.0,0.411225
46,20360,1800,2413.0,21148.0,2246.0,18696.0,0.697244
46,20360,1800,2477.0,20899.0,2313.0,18446.0,0.88639
46,20360,1800,2062.0,20992.0,1890.0,18543.0,0.854735
46,20360,1800,2068.0,20467.0,1897.0,18016.0,0.571123
46,20360,1800,2328.0,21550.0,2160.0,19100.0,0.949994
46,20360,1800,2889.0,21477.0,2754.0,18999.0,0.301576
46,20360,1800,2443.0,21078.0,2278.0,18625.0,0.950354
46,20360,1800,2230.0,21523.0,2060.0,19073.0,0.795724
46,20360,1800,2071.0,20463.0,1901.0,18013.0,0.56328
46,20360,1800,2261.0,20888.0,2090.0,18437.0,0.820638
46,20360,1800,2463.0,21212.0,2296.0,18759.0,0.94278
46,20360,1800,2429.0,21505.0,2269.0,19043.0,0.722912
46,20360,1800,2087.0,20384.0,1914.0,17934.0,0.682914
46,20360,1800,2242.0,20902.0,2073.0,18451.0,0.910575
46,20360,1800,2511.0,20762.0,2346.0,18309.0,0.506879
46,20360,1800,2312.0,20980.0,2150.0,18532.0,0.636877
46,20360,1800,2493.0,21321.0,2330.0,18870.0,0.478335
46,20360,1800,2417.0,21370.0,2250.0,18920.0,0.9492
46,20360,1800,2481.0,21074.0,2333.0,18617.0,0.823791
46,20360,1800,2403.0,21319.0,2239.0,18870.0,0.953911
46,20360,1800,2528.0,21197.0,2363.0,18743.0,0.491321
46,20360,1800,2237.0,20767.0,2068.0,18315.0,0.924191
46,20360,1800,1988.0,21231.0,1811.0,18791.0,0.795145
46,20360,1800,2227.0,20823.0,2059.0,18370.0,0.813649
46,20360,1800,2382.0,21400.0,2223.0,18943.0,0.557646
46,20360,1800,2005.0,21291.0,1826.0,18848.0,0.358456
46,20360,1800,2215.0,21340.0,2044.0,18893.0,0.818405
46,20360,1800,1990.0,21486.0,1820.0,19044.0,0.390213
46,20360,1800,2373.0,20585.0,2204.0,18134.0,0.420927
46,20360,1800,2733.0,21264.0,2584.0,18805.0,0.775938
46,20360,1800,2300.0,20661.0,2132.0,18208.0,0.928705
46,20360,1800,2556.0,21173.0,2391.0,18721.0,0.890216
46,20360,1800,2508.0,21347.0,2344.0,18895.0,0.873608
46,20360,1800,2487.0,21096.0,2323.0,18643.0,0.945536
46,20360,1800,2080.0,20814.0,1911.0,18361.0,0.912689
46,20360,1800,2278.0,21497.0,2108.0,19047.0,0.932844
46,20360,1800,2644.0,21151.0,2481.0,18690.0,0.379916
46,20360,1800,2149.0,21486.0,1977.0,19041.0,0.944051
46,20360,1800,2245.0,20504.0,2079.0,18055.0,0.473093
46,20360,1800,2260.0,21204.0,2092.0,18755.0,0.955208
46,20360,1800,2556.0,21038.0,2397.0,18567.0,0.588784
46,20360,1800,2349.0,20708.0,2180.0,18256.0,0.476721
46,20360,1800,2214.0,21301.0,2041.0,18854.0,0.808455
46,20360,1800,2576.0,21389.0,2411.0,18935.0,0.954482
46,20360,1800,2160.0,20962.0,1990.0,18512.0,0.547981
46,20360,1800,2488.0,21439.0,2323.0,18987.0,0.950965
49,21560,1800,2270.0,21594.0,2101.0,19145.0,0.915987
49,21560,1800,2134.0,21985.0,1963.0,19538.0,0.646981
49,21560,1800,2805.0,21927.0,2650.0,19467.0,0.3696
49,21560,1800,2618.0,22149.0,2460.0,19692.0,0.897143
49,21560,1800,2673.0,22194.0,2516.0,19738.0,0.926897
49,21560,1800,2691.0,21584.0,2530.0,19130.0,0.900364
49,21560,1800,2075.0,21877.0,1903.0,19429.0,0.892562
49,21560,1800,2852.0,22353.0,2704.0,19888.0,0.520658
49,21560,1800,2056.0,22594.0,1883.0,20149.0,0.628766
49,21560,1800,2853.0,22377.0,2704.0,19912.0,0.933248
49,21560,1800,2128.0,22113.0,1955.0,19667.0,0.748887
49,21560,1800,2410.0,21717.0,2244.0,19266.0,0.780355
49,21560,1800,1999.0,22261.0,1825.0,19815.0,0.467352
49,21560,1800,2866.0,22526.0,2718.0,20059.0,0.901418
49,21560,1800,2795.0,22628.0,2649.0,20159.0,0.930884
49,21560,1800,2887.0,22147.0,2736.0,19684.0,0.946147
49,21560,1800,2211.0,22217.0,2041.0,19770.0,0.801507
49,21560,1800,2834.0,22042.0,2680.0,19581.0,0.909809
49,21560,1800,2659.0,22179.0,2502.0,19721.0,0.927766
49,21560,1800,1978.0,21717.0,1805.0,19273.0,0.398813
49,21560,1800,2407.0,22146.0,2243.0,19704.0,0.513713
49,21560,1800,2380.0,21915.0,2213.0,19465.0,0.621509
49,21560,1800,2838.0,21684.0,2683.0,19224.0,0.417755
49,21560,1800,2103.0,22219.0,1930.0,19774.0,0.668917
49,21560,1800,2014.0,21656.0,1840.0,19213.0,0.622592
49,21560,1800,2866.0,22150.0,2714.0,19688.0,0.920819
49,21560,1800,2548.0,21888.0,2388.0,19431.0,0.852037
49,21560,1800,2264.0,22069.0,2096.0,19621.0,0.813303
49,21560,1800,2738.0,22528.0,2588.0,20061.0,0.877621
49,21560,1800,2402.0,22399.0,2239.0,19946.0,0.67914
49,21560,1800,2848.0,22538.0,2701.0,20071.0,0.867006
49,21560,1800,2995.0,22335.0,2851.0,19866.0,0.894592
49,21560,1800,1962.0,22546.0,1787.0,20101.0,0.396946
49,21560,1800,2849.0,22176.0,2696.0,19713.0,0.949819
49,21560,1800,2661.0,22632.0,2512.0,20165.0,0.70714
49,21560,1800,2405.0,21601.0,2238.0,19151.0,0.666165
49,21560,1800,2464.0,22176.0,2299.0,19723.0,0.660142
49,21560,1800,2748.0,21717.0,2590.0,19261.0,0.942412
49,21560,1800,1922.0,22172.0,1748.0,19726.0,0.578167
49,21560,1800,2192.0,21816.0,2023.0,19368.0,0.740974
49,21560,1800,2674.0,22477.0,2522.0,20011.0,0.927125
49,21560,1800,2540.0,21777.0,2378.0,19324.0,0.490662
49,21560,1800,2763.0,22531.0,2615.0,20064.0,0.887583
49,21560,1800,2467.0,22616.0,2311.0,20155.0,0.371686
49,21560,1800,2141.0,22060.0,1970.0,19615.0,0.843821
49,21560,1800,2569.0,21955.0,2400.0,19499.0,0.738489
49,21560,1800,2414.0,21993.0,2248.0,19540.0,0.78273
49,21560,1800,2156.0,22409.0,1986.0,19962.0,0.673571
49,21560,1800,1936.0,22141.0,1762.0,19696.0,0.313595
49,21560,1800,2979.0,21806.0,2829.0,19344.0,0.894938
49,21560,1800,2062.0,21832.0,1890.0,19384.0,0.840037
49,21560,1800,2328.0,22017.0,2161.0,19568.0,0.832718
49,21560,1800,2667.0,22488.0,2515.0,20022.0,0.941216
49,21560,1800,2199.0,21871.0,2029.0,19423.0,0.38286
49,21560,1800,2601.0,22550.0,2443.0,20086.0,0.408847
49,21560,1800,2614.0,22525.0,2464.0,20062.0,0.498144
49,21560,1800,2380.0,22264.0,2213.0,19814.0,0.432696
49,21560,1800,2784.0,22646.0,2637.0,20176.0,0.805175
49,21560,1800,2417.0,21612.0,2252.0,19159.0,0.789424
49,21560,1800,2656.0,21638.0,2492.0,19184.0,0.418492
49,21560,1800,2050.0,21711.0,1878.0,19265.0,0.696718
49,21560,1800,2245.0,22160.0,2075.0,19712.0,0.778392
49,21560,1800,2673.0,21625.0,2514.0,19170.0,0.683288
49,21560,1800,2248.0,21976.0,2079.0,19528.0,0.520682
49,21560,1800,2215.0,22622.0,2046.0,20173.0,0.547613
49,21560,1800,2565.0,21925.0,2419.0,19473.0,0.81617
49,21560,1800,2556.0,21958.0,2396.0,19501.0,0.368218
49,21560,1800,2238.0,21874.0,2068.0,19426.0,0.462182
49,21560,1800,2393.0,22384.0,2227.0,19931.0,0.706367
49,21560,1800,2359.0,22242.0,2191.0,19794.0,0.898135
49,21560,1800,2558.0,22553.0,2403.0,20090.0,0.817948
49,21560,1800,2409.0,21896.0,2244.0,19445.0,0.897888
49,21560,1800,2135.0,22204.0,1962.0,19759.0,0.469766
49,21560,1800,2631.0,22093.0,2472.0,19636.0,0.906738
49,21560,1800,1939.0,21671.0,1764.0,19229.0,0.758858
49,21560,1800,2609.0,22537.0,2457.0,20075.0,0.625355
49,21560,1800,2793.0,21760.0,2637.0,19302.0,0.379598
49,21560,1800,2180.0,22472.0,2012.0,20024.0,0.837499
49,21560,1800,2308.0,22219.0,2140.0,19770.0,0.614044
49,21560,1800,2066.0,22205.0,1892.0,19759.0,0.582065
49,21560,1800,2163.0,22040.0,1990.0,19592.0,0.358824
49,21560,1800,2660.0,22083.0,2502.0,19625.0,0.947889
49,21560,1800,2042.0,22703.0,1870.0,20258.0,0.45098
49,21560,1800,2574.0,22178.0,2413.0,19722.0,0.758565
49,21560,1800,2302.0,22365.0,2136.0,19914.0,0.841232
49,21560,1800,2114.0,22740.0,1937.0,20289.0,0.367
49,21560,1800,2812.0,21894.0,2656.0,19432.0,0.895053
49,21560,1800,2373.0,22139.0,2206.0,19688.0,0.549271
49,21560,1800,2996.0,22012.0,2847.0,19547.0,0.83474
49,21560,1800,2655.0,22476.0,2502.0,20014.0,0.884006
49,21560,1800,2740.0,21621.0,2580.0,19165.0,0.363493
49,21560,1800,2166.0,22456.0,1997.0,20008.0,0.546381
49,21560,1800,2247.0,21801.0,2077.0,19352.0,0.785971
49,21560,1800,2688.0,21625.0,2527.0,19171.0,0.55671
49,21560,1800,2688.0,21939.0,2530.0,19481.0,0.752593
49,21560,1800,2750.0,21708.0,2593.0,19249.0,0.758351
49,21560,1800,2210.0,21588.0,2040.0,19140.0,0.480845
49,21560,1800,2110.0,22722.0,1939.0,20274.0,0.450337
49,21560,1800,2883.0,21835.0,2730.0,19373.0,0.9308
49,21560,1800,1930.0,21727.0,1757.0,19284.0,0.487494
49,21560,1800,2789.0,22448.0,2645.0,19981.0,0.517217
49,21560,1800,2863.0,21806.0,2709.0,19345.0,0.921079
49,21560,1800,2243.0,21775.0,2075.0,19326.0,0.784495
49,21560,1800,2188.0,22611.0,2021.0,20160.0,0.317364
49,21560,1800,2554.0,22071.0,2393.0,19615.0,0.869781
49,21560,1800,2383.0,22061.0,2220.0,19612.0,0.701578
49,21560,1800,2136.0,22412.0,1964.0,19964.0,0.314817
49,21560,1800,2939.0,22369.0,2793.0,19902.0,0.674559
49,21560,1800,2532.0,21890.0,2371.0,19436.0,0.564719
49,21560,1800,2753.0,21815.0,2596.0,19359.0,0.82496
49,21560,1800,2834.0,21815.0,2681.0,19355.0,0.939739
49,21560,1800,2637.0,21664.0,2476.0,19208.0,0.691792
49,21560,1800,2350.0,21822.0,2181.0,19373.0,0.653812
49,21560,1800,2047.0,22167.0,1871.0,19718.0,0.59462
49,21560,1800,2114.0,22098.0,1949.0,19658.0,0.428574
49,21560,1800,2343.0,21940.0,2176.0,19490.0,0.609618
49,21560,1800,2254.0,22172.0,2084.0,19724.0,0.928412
49,21560,1800,2926.0,21928.0,2773.0,19466.0,0.705224
49,21560,1800,2817.0,22292.0,2667.0,19829.0,0.932944
49,21560,1800,1915.0,21973.0,1740.0,19529.0,0.45855
49,21560,1800,1929.0,22128.0,1756.0,19682.0,0.605452
49,21560,1800,2750.0,21790.0,2593.0,19331.0,0.91208
49,21560,1800,2655.0,21726.0,2494.0,19271.0,0.610731
49,21560,1800,2130.0,22240.0,1958.0,19795.0,0.769368
49,21560,1800,2603.0,21864.0,2439.0,19409.0,0.871301
49,21560,1800,2688.0,22420.0,2535.0,19958.0,0.57719
49,21560,1800,2721.0,22205.0,2566.0,19746.0,0.918508
49,21560,1800,2608.0,21626.0,2446.0,19174.0,0.768368
49,21560,1800,2196.0,22297.0,2033.0,19846.0,0.33525
49,21560,1800,2841.0,22673.0,2698.0,20204.0,0.61153
49,21560,1800,2983.0,22280.0,2836.0,19814.0,0.944991
49,21560,1800,2331.0,22117.0,2163.0,19667.0,0.41409
49,21560,1800,2569.0,22544.0,2416.0,20079.0,0.711946
49,21560,1800,2235.0,22317.0,2066.0,19869.0,0.410394
49,21560,1800,2270.0,21924.0,2101.0,19475.0,0.52731
49,21560,1800,2760.0,22477.0,2609.0,20011.0,0.710438
49,21560,1800,2733.0,22175.0,2577.0,19715.0,0.846194
49,21560,1800,2533.0,22103.0,2372.0,19648.0,0.377972
49,21560,1800,2559.0,21900.0,2397.0,19446.0,0.31429
49,21560,1800,2694.0,21644.0,2536.0,19186.0,0.625662
49,21560,1800,2857.0,22166.0,2705.0,19704.0,0.949754
49,21560,1800,2825.0,21878.0,2671.0,19417.0,0.804104
49,21560,1800,2785.0,21725.0,2629.0,19266.0,0.422122
49,21560,1800,2951.0,22263.0,2803.0,19797.0,0.903249
49,21560,1800,2428.0,22573.0,2268.0,20115.0,0.483126
49,21560,1800,2231.0,22087.0,2061.0,19635.0,0.654228
49,21560,1800,1955.0,22339.0,1782.0,19894.0,0.438028
49,21560,1800,2752.0,22544.0,2604.0,20077.0,0.733042
49,21560,1800,2951.0,22133.0,2802.0,19668.0,0.457473
49,21560,1800,2703.0,22597.0,2553.0,20132.0,0.933246
49,21560,1800,2410.0,21885.0,2241.0,19438.0,0.515359
49,21560,1800,2272.0,21688.0,2102.0,19239.0,0.723672
49,21560,1800,2859.0,22582.0,2712.0,20113.0,0.768513
49,21560,1800,2847.0,22025.0,2694.0,19564.0,0.649979
49,21560,1800,2630.0,22575.0,2478.0,20111.0,0.944912
49,21560,1800,2524.0,22197.0,2355.0,19734.0,0.641622
49,21560,1800,2834.0,22129.0,2680.0,19667.0,0.758551
49,21560,1800,2219.0,22031.0,2049.0,19583.0,0.606398
49,21560,1800,2802.0,22150.0,2648.0,19689.0,0.818164
49,21560,1800,2809.0,22368.0,2659.0,19902.0,0.639691
49,21560,1800,2613.0,21991.0,2450.0,19536.0,0.492303
49,21560,1800,2139.0,21711.0,1969.0,19264.0,0.37113
49,21560,1800,2739.0,21908.0,2582.0,19450.0,0.943914
49,21560,1800,2788.0,22432.0,2638.0,19966.0,0.947027
49,21560,1800,2782.0,21869.0,2626.0,19409.0,0.826682
49,21560,1800,2922.0,22218.0,2772.0,19752.0,0.943418
49,21560,1800,2148.0,21827.0,1978.0,19376.0,0.356644
49,21560,1800,2599.0,22538.0,2446.0,20072.0,0.698424
49,21560,1800,2342.0,22033.0,2173.0,19584.0,0.941449
49,21560,1800,2928.0,22024.0,2777.0,19561.0,0.939135
49,21560,1800,2592.0,22481.0,2437.0,20018.0,0.41736
49,21560,1800,2580.0,22224.0,2434.0,19764.0,0.359398
49,21560,1800,2267.0,22551.0,2102.0,20098.0,0.397981
49,21560,1800,2236.0,22063.0,2065.0,19616.0,0.345014
49,21560,1800,2841.0,22120.0,2689.0,19659.0,0.841524
49,21560,1800,1986.0,22473.0,1809.0,20027.0,0.467581
49,21560,1800,2073.0,21829.0,1902.0,19381.0,0.813372
49,21560,1800,2524.0,22246.0,2362.0,19790.0,0.638212
49,21560,1800,2810.0,22029.0,2652.0,19569.0,0.890926
49,21560,1800,2698.0,22497.0,2548.0,20032.0,0.947758
49,21560,1800,2979.0,22428.0,2834.0,19959.0,0.904344
49,21560,1800,2511.0,21616.0,2348.0,19162.0,0.695045
49,21560,1800,2076.0,22486.0,1900.0,20044.0,0.489539
49,21560,1800,2862.0,22144.0,2710.0,19683.0,0.659406
49,21560,1800,2449.0,21626.0,2283.0,19176.0,0.68091
49,21560,1800,1976.0,22046.0,1803.0,19600.0,0.819456
49,21560,1800,2899.0,22136.0,2754.0,19664.0,0.53167
49,21560,1800,2754.0,22518.0,2604.0,20052.0,0.730199
49,21560,1800,2071.0,22483.0,1900.0,20040.0,0.435501
49,21560,1800,2533.0,22242.0,2372.0,19787.0,0.414203
49,21560,1800,2604.0,22518.0,2452.0,20054.0,0.734055
49,21560,1800,2659.0,22112.0,2498.0,19655.0,0.881521
49,21560,1800,2763.0,22733.0,2610.0,20269.0,0.453865
49,21560,1800,2416.0,22692.0,2260.0,20234.0,0.302494
49,21560,1800,2404.0,21831.0,2237.0,19381.0,0.868166
49,21560,1800,2749.0,21712.0,2584.0,19255.0,0.612637
49,21560,1800,2232.0,21776.0,2064.0,19329.0,0.834843
49,21560,1800,2688.0,21610.0,2526.0,19153.0,0.44719
49,21560,1800,2542.0,21821.0,2377.0,19369.0,0.817858
49,21560,1800,2192.0,22258.0,2021.0,19814.0,0.409251
49,21560,1800,2945.0,22624.0,2796.0,20154.0,0.668253
49,21560,1800,2676.0,21663.0,2518.0,19207.0,0.367877
49,21560,1800,1936.0,22137.0,1763.0,19689.0,0.346932
49,21560,1800,2367.0,22509.0,2204.0,20052.0,0.684914
49,21560,1800,2957.0,22497.0,2811.0,20029.0,0.940862
49,21560,1800,2996.0,22498.0,2851.0,20027.0,0.918886
49,21560,1800,2948.0,22604.0,2805.0,20134.0,0.904294
49,21560,1800,2740.0,22502.0,2589.0,20037.0,0.937623
49,21560,1800,2708.0,21865.0,2561.0,19402.0,0.347838
49,21560,1800,2463.0,22006.0,2299.0,19553.0,0.696691
49,21560,1800,2133.0,21713.0,1965.0,19266.0,0.495596
49,21560,1800,2196.0,22603.0,2031.0,20150.0,0.337633
49,21560,1800,2384.0,22057.0,2219.0,19605.0,0.542447
49,21560,1800,2178.0,22619.0,2011.0,20168.0,0.47865
49,21560,1800,2932.0,22335.0,2786.0,19872.0,0.884226
49,21560,1800,2667.0,22045.0,2510.0,19587.0,0.638279
49,21560,1800,2151.0,22186.0,1981.0,19738.0,0.688466
49,21560,1800,2924.0,22318.0,2776.0,19851.0,0.891671
49,21560,1800,2662.0,22469.0,2510.0,20004.0,0.776473
49,21560,1800,2158.0,21837.0,1988.0,19386.0,0.712678
49,21560,1800,1918.0,22192.0,1744.0,19746.0,0.427312
49,21560,1800,2975.0,22674.0,2833.0,20202.0,0.85128
49,21560,1800,2391.0,21869.0,2222.0,19420.0,0.87055
49,21560,1800,2330.0,21820.0,2165.0,19370.0,0.581372
49,21560,1800,2719.0,22212.0,2565.0,19750.0,0.902423
49,21560,1800,1921.0,22134.0,1747.0,19693.0,0.349384
49,21560,1800,2666.0,21919.0,2506.0,19462.0,0.596785
49,21560,1800,2458.0,21829.0,2298.0,19381.0,0.423718
49,21560,1800,2574.0,22534.0,2420.0,20069.0,0.913718
49,21560,1800,2102.0,22091.0,1929.0,19643.0,0.614002
49,21560,1800,2660.0,21618.0,2500.0,19164.0,0.576504
49,21560,1800,2275.0,21570.0,2109.0,19121.0,0.484153
49,21560,1800,2983.0,22128.0,2836.0,19662.0,0.860006
49,21560,1800,2617.0,21585.0,2475.0,19118.0,0.375351
49,21560,1800,2055.0,22388.0,1882.0,19943.0,0.471736
49,21560,1800,2974.0,22311.0,2827.0,19845.0,0.864854
49,21560,1800,2683.0,21809.0,2525.0,19352.0,0.594058
49,21560,1800,1985.0,22358.0,1813.0,19912.0,0.38207
49,21560,1800,2215.0,21897.0,2039.0,19459.0,0.637177
49,21560,1800,2703.0,22220.0,2547.0,19760.0,0.886095
49,21560,1800,2538.0,21886.0,2376.0,19433.0,0.595954
49,21560,1800,2782.0,21606.0,2627.0,19153.0,0.355839
49,21560,1800,2388.0,21629.0,2236.0,19183.0,0.615314
49,21560,1800,2826.0,22154.0,2672.0,19693.0,0.952717
49,21560,1800,2539.0,21878.0,2378.0,19424.0,0.908586
49,21560,1800,2065.0,22518.0,1893.0,20073.0,0.742206
49,21560,1800,2952.0,22736.0,2812.0,20262.0,0.677465
49,21560,1800,2214.0,21811.0,2044.0,19362.0,0.721674
49,21560,1800,2333.0,21767.0,2165.0,19318.0,0.775332
49,21560,1800,2516.0,22406.0,2358.0,19949.0,0.796794
49,21560,1800,1986.0,21909.0,1815.0,19462.0,0.463812
49,21560,1800,2955.0,22318.0,2808.0,19851.0,0.946073
49,21560,1800,2583.0,21618.0,2420.0,19166.0,0.585648
49,21560,1800,2230.0,22345.0,2060.0,19895.0,0.749513
49,21560,1800,2183.0,22271.0,2020.0,19822.0,0.653795
50,21560,3000,3387.0,22342.0,3251.0,19870.0,0.381082
50,21560,3000,4096.0,22414.0,3983.0,19924.0,0.944629
50,21560,3000,3046.0,22145.0,2901.0,19678.0,0.516105
50,21560,3000,3909.0,22238.0,3785.0,19756.0,0.942624
50,21560,3000,3374.0,22171.0,3234.0,19701.0,0.542133
50,21560,3000,3802.0,22427.0,3682.0,19942.0,0.551558
50,21560,3000,4062.0,22604.0,3952.0,20113.0,0.902248
50,21560,3000,4029.0,22664.0,3916.0,20173.0,0.920812
50,21560,3000,3326.0,22402.0,3189.0,19928.0,0.812811
50,21560,3000,3623.0,22743.0,3500.0,20256.0,0.929824
50,21560,3000,4158.0,22270.0,4044.0,19782.0,0.869698
50,21560,3000,3956.0,22362.0,3836.0,19877.0,0.920969
50,21560,3000,4080.0,22427.0,3968.0,19938.0,0.892852
50,21560,3000,4100.0,22653.0,3991.0,20161.0,0.771803
50,21560,3000,3968.0,22561.0,3852.0,20070.0,0.885179
50,21560,3000,4064.0,22739.0,3954.0,20247.0,0.837257
50,21560,3000,3819.0,22435.0,3695.0,19952.0,0.553348
50,21560,3000,3262.0,22563.0,3127.0,20087.0,0.600198
50,21560,3000,4094.0,22450.0,3981.0,19960.0,0.94563
50,21560,3000,3968.0,22741.0,3856.0,20250.0,0.944728
50,21560,3000,3330.0,22389.0,3194.0,19916.0,0.406343
50,21560,3000,3295.0,22426.0,3157.0,19951.0,0.874664
50,21560,3000,4129.0,22758.0,4021.0,20264.0,0.940794
50,21560,3000,3153.0,22188.0,3011.0,19718.0,0.343717
50,21560,3000,3453.0,22230.0,3314.0,19759.0,0.602623
50,21560,3000,3111.0,22473.0,2970.0,20000.0,0.839615
50,21560,3000,3829.0,22353.0,3707.0,19871.0,0.938634
50,21560,3000,3415.0,22211.0,3274.0,19741.0,0.894958
50,21560,3000,3683.0,22606.0,3561.0,20121.0,0.850712
50,21560,3000,3950.0,22568.0,3837.0,20080.0,0.928019
50,21560,3000,3901.0,22515.0,3783.0,20028.0,0.94959
50,21560,3000,3722.0,22449.0,3600.0,19965.0,0.912912
50,21560,3000,3344.0,22395.0,3208.0,19921.0,0.861934
50,21560,3000,3199.0,22113.0,3056.0,19642.0,0.755327
50,21560,3000,4013.0,22612.0,3900.0,20122.0,0.936158
50,21560,3000,3249.0,22465.0,3111.0,19990.0,0.760897
50,21560,3000,3621.0,22317.0,3490.0,19839.0,0.621604
50,21560,3000,3248.0,22493.0,3111.0,20018.0,0.902407
50,21560,3000,3146.0,22427.0,3006.0,19955.0,0.805805
50,21560,3000,3848.0,22471.0,3729.0,19985.0,0.91646
50,21560,3000,3805.0,22449.0,3682.0,19961.0,0.920669
50,21560,3000,3439.0,22706.0,3312.0,20223.0,0.929662
50,21560,3000,3389.0,22182.0,3249.0,19711.0,0.799939
50,21560,3000,3791.0,22645.0,3673.0,20156.0,0.940508
50,21560,3000,3378.0,22159.0,3241.0,19691.0,0.371431
50,21560,3000,3247.0,22664.0,3113.0,20186.0,0.836438
50,21560,3000,3266.0,22541.0,3131.0,20065.0,0.91945
50,21560,3000,4118.0,22647.0,4008.0,20154.0,0.94064
50,21560,3000,3729.0,22519.0,3608.0,20033.0,0.933932
50,21560,3000,4187.0,22701.0,4083.0,20208.0,0.819258
50,21560,3000,3665.0,22237.0,3531.0,19762.0,0.930498
50,21560,3000,4033.0,22632.0,3919.0,20142.0,0.939859
50,21560,3000,3710.0,22404.0,3585.0,19922.0,0.890174
50,21560,3000,4182.0,22754.0,4075.0,20260.0,0.881661
50,21560,3000,3232.0,22750.0,3094.0,20277.0,0.396328
50,21560,3000,3936.0,22695.0,3825.0,20207.0,0.932935
50,21560,3000,3556.0,22214.0,3422.0,19741.0,0.681519
50,21560,3000,3778.0,22703.0,3661.0,20214.0,0.942939
50,21560,3000,3540.0,22226.0,3414.0,19753.0,0.834132
50,21560,3000,3382.0,22690.0,3253.0,20208.0,0.52588
50,21560,3000,4011.0,22481.0,3907.0,19987.0,0.933601
50,21560,3000,3261.0,22124.0,3119.0,19655.0,0.799201
50,21560,3000,3916.0,22271.0,3793.0,19788.0,0.901229
50,21560,3000,3685.0,22484.0,3559.0,19999.0,0.949314
50,21560,3000,3590.0,22711.0,3469.0,20223.0,0.850077
50,21560,3000,3428.0,22272.0,3290.0,19801.0,0.67882
50,21560,3000,3525.0,22508.0,3395.0,20029.0,0.816707
50,21560,3000,3291.0,22626.0,3157.0,20149.0,0.731821
50,21560,3000,3893.0,22359.0,3771.0,19875.0,0.92942
50,21560,3000,3827.0,22448.0,3707.0,19963.0,0.943955
50,21560,3000,3164.0,22721.0,3028.0,20245.0,0.92709
50,21560,3000,3682.0,22726.0,3565.0,20238.0,0.940023
50,21560,3000,4189.0,22255.0,4075.0,19768.0,0.93612
50,21560,3000,3370.0,22190.0,3230.0,19721.0,0.848593
50,21560,3000,4119.0,22250.0,4003.0,19764.0,0.951188
50,21560,3000,3866.0,22701.0,3747.0,20211.0,0.635342
50,21560,3000,3029.0,22739.0,2890.0,20265.0,0.763791
50,21560,3000,3138.0,22418.0,2997.0,19947.0,0.514205
50,21560,3000,4097.0,22226.0,3983.0,19742.0,0.9082
50,21560,3000,3821.0,22279.0,3710.0,19794.0,0.803077
50,21560,3000,4129.0,22470.0,4018.0,19979.0,0.950914
50,21560,3000,3856.0,22456.0,3736.0,19972.0,0.903521
50,21560,3000,4164.0,22617.0,4055.0,20124.0,0.916155
50,21560,3000,4097.0,22309.0,3981.0,19822.0,0.941514
50,21560,3000,4165.0,22259.0,4062.0,19771.0,0.713165
50,21560,3000,3772.0,22688.0,3656.0,20198.0,0.895916
50,21560,3000,3044.0,22601.0,2904.0,20131.0,0.604184
50,21560,3000,3841.0,22676.0,3726.0,20188.0,0.915905
50,21560,3000,4133.0,22672.0,4027.0,20175.0,0.475519
50,21560,3000,4081.0,22239.0,3963.0,19754.0,0.934861
50,21560,3000,4183.0,22503.0,4073.0,20011.0,0.918095
50,21560,3000,3888.0,22593.0,3772.0,20102.0,0.943448
50,21560,3000,3056.0,21957.0,2908.0,19492.0,0.488521
50,21560,3000,3757.0,22296.0,3629.0,19817.0,0.919198
50,21560,3000,3829.0,22429.0,3707.0,19939.0,0.789577
50,21560,3000,4116.0,22493.0,4005.0,20001.0,0.797025
50,21560,3000,3196.0,22065.0,3053.0,19597.0,0.485391
50,21560,3000,3279.0,22426.0,3143.0,19952.0,0.865758
50,21560,3000,3933.0,22340.0,3811.0,19855.0,0.950114
50,21560,3000,4104.0,22424.0,3992.0,19933.0,0.826967
50,21560,3000,4142.0,22416.0,4030.0,19925.0,0.951858
50,21560,3000,3365.0,22629.0,3235.0,20150.0,0.883127
50,21560,3000,3203.0,22211.0,3063.0,19739.0,0.740255
50,21560,3000,3521.0,22598.0,3392.0,20117.0,0.94318
50,21560,3000,3497.0,22734.0,3373.0,20249.0,0.792054
50,21560,3000,3780.0,22221.0,3651.0,19743.0,0.637062
50,21560,3000,4195.0,22753.0,4090.0,20259.0,0.945559
50,21560,3000,3946.0,22199.0,3823.0,19717.0,0.950316
50,21560,3000,3144.0,22590.0,3006.0,20116.0,0.859853
50,21560,3000,3823.0,22576.0,3705.0,20087.0,0.943976
50,21560,3000,3372.0,22297.0,3234.0,19823.0,0.835045
50,21560,3000,4075.0,22410.0,3960.0,19922.0,0.952453
50,21560,3000,3024.0,22606.0,2884.0,20135.0,0.459191
50,21560,3000,3063.0,22305.0,2921.0,19836.0,0.758639
50,21560,3000,3688.0,22705.0,3569.0,20216.0,0.875036
50,21560,3000,3119.0,22616.0,2981.0,20142.0,0.697334
50,21560,3000,3227.0,22111.0,3085.0,19642.0,0.541996
50,21560,3000,3933.0,22165.0,3810.0,19683.0,0.648996
50,21560,3000,3733.0,22453.0,3612.0,19969.0,0.765955
50,21560,3000,3513.0,22562.0,3385.0,20080.0,0.821182
50,21560,3000,3714.0,22284.0,3588.0,19806.0,0.32189
50,21560,3000,3815.0,22240.0,3688.0,19761.0,0.950064
50,21560,3000,4051.0,22649.0,3941.0,20162.0,0.933464
50,21560,3000,3536.0,22401.0,3405.0,19924.0,0.739736
50,21560,3000,3936.0,22482.0,3806.0,19986.0,0.865651
50,21560,3000,4085.0,22351.0,3970.0,19864.0,0.950456
50,21560,3000,3815.0,22364.0,3691.0,19882.0,0.351145
50,21560,3000,3785.0,22232.0,3658.0,19755.0,0.865988
50,21560,3000,4168.0,22406.0,4058.0,19916.0,0.933253
50,21560,3000,3758.0,22348.0,3633.0,19866.0,0.949564
50,21560,3000,3707.0,22570.0,3585.0,20084.0,0.913717
50,21560,3000,3873.0,22503.0,3757.0,20015.0,0.93661
50,21560,3000,3415.0,22330.0,3278.0,19857.0,0.828426
50,21560,3000,3839.0,22306.0,3715.0,19825.0,0.934147
50,21560,3000,3699.0,22712.0,3579.0,20225.0,0.776327
50,21560,3000,3864.0,22538.0,3745.0,20052.0,0.950601
50,21560,3000,3870.0,22573.0,3751.0,20086.0,0.951687
50,21560,3000,4112.0,22166.0,3995.0,19681.0,0.912313
50,21560,3000,4001.0,22334.0,3883.0,19849.0,0.30523
50,21560,3000,3650.0,22255.0,3518.0,19780.0,0.47283
50,21560,3000,3614.0,22681.0,3492.0,20195.0,0.666274
50,21560,3000,3946.0,22217.0,3822.0,19734.0,0.949542
50,21560,3000,4105.0,22692.0,3996.0,20201.0,0.734842
50,21560,3000,3913.0,22697.0,3802.0,20209.0,0.566331
50,21560,3000,3915.0,22680.0,3801.0,20189.0,0.828944
50,21560,3000,4131.0,22678.0,4022.0,20187.0,0.462005
50,21560,3000,3253.0,22472.0,3119.0,20000.0,0.570112
50,21560,3000,3864.0,22604.0,3748.0,20115.0,0.923093
50,21560,3000,3855.0,22179.0,3735.0,19699.0,0.867371
50,21560,3000,3698.0,22701.0,3581.0,20213.0,0.549915
50,21560,3000,4108.0,22433.0,3994.0,19943.0,0.70515
50,21560,3000,3707.0,22465.0,3588.0,19978.0,0.592218
50,21560,3000,3093.0,22101.0,2949.0,19632.0,0.533356
50,21560,3000,3568.0,22705.0,3446.0,20218.0,0.898782
50,21560,3000,3546.0,22409.0,3419.0,19927.0,0.519051
50,21560,3000,3272.0,22410.0,3138.0,19934.0,0.687296
50,21560,3000,3935.0,22261.0,3812.0,19779.0,0.944331
50,21560,3000,3296.0,22651.0,3166.0,20171.0,0.897183
50,21560,3000,3207.0,22566.0,3069.0,20091.0,0.831465
50,21560,3000,3154.0,22406.0,3014.0,19933.0,0.93225
50,21560,3000,3899.0,22692.0,3784.0,20202.0,0.889997
50,21560,3000,3288.0,22506.0,3151.0,20032.0,0.688531
50,21560,3000,3134.0,22526.0,2997.0,20052.0,0.401824
50,21560,3000,4193.0,22404.0,4084.0,19913.0,0.545121
50,21560,3000,3589.0,22557.0,3459.0,20084.0,0.855107
50,21560,3000,3545.0,22397.0,3416.0,19917.0,0.677379
50,21560,3000,3699.0,22654.0,3580.0,20167.0,0.944528
50,21560,3000,3979.0,22583.0,3866.0,20094.0,0.952843
50,21560,3000,3012.0,22487.0,2869.0,20018.0,0.436863
50,21560,3000,4097.0,22679.0,3987.0,20185.0,0.878146
50,21560,3000,4126.0,22496.0,4012.0,20006.0,0.690219
50,21560,3000,3607.0,22696.0,3485.0,20210.0,0.830877
50,21560,3000,3120.0,22404.0,2977.0,19933.0,0.854193
50,21560,3000,3145.0,22755.0,3009.0,20279.0,0.336322
50,21560,3000,3884.0,22757.0,3776.0,20265.0,0.405109
50,21560,3000,3419.0,22340.0,3280.0,19867.0,0.784614
50,21560,3000,4135.0,22639.0,4026.0,20147.0,0.918256
50,21560,3000,3123.0,22617.0,2985.0,20142.0,0.628838
50,21560,3000,3113.0,22537.0,2975.0,20064.0,0.885383
50,21560,3000,4082.0,22253.0,3963.0,19768.0,0.928414
50,21560,3000,4175.0,22264.0,4061.0,19779.0,0.428378
50,21560,3000,3424.0,22195.0,3285.0,19724.0,0.317235
50,21560,3000,4185.0,22275.0,4072.0,19786.0,0.916684
50,21560,3000,3546.0,22671.0,3422.0,20186.0,0.52948
50,21560,3000,3088.0,22124.0,2942.0,19656.0,0.801421
50,21560,3000,3734.0,22276.0,3605.0,19798.0,0.745666
50,21560,3000,3959.0,22658.0,3845.0,20168.0,0.950848
50,21560,3000,3207.0,22479.0,3068.0,20005.0,0.844075
50,21560,3000,3918.0,22589.0,3802.0,20101.0,0.785803
50,21560,3000,3884.0,22710.0,3771.0,20219.0,0.600402
50,21560,3000,3249.0,22018.0,3122.0,19545.0,0.320664
50,21560,3000,3892.0,22455.0,3773.0,19970.0,0.94607
50,21560,3000,3946.0,22705.0,3832.0,20215.0,0.951051
50,21560,3000,3970.0,22576.0,3855.0,20087.0,0.931379
50,21560,3000,4065.0,22506.0,3951.0,20016.0,0.949546
50,21560,3000,3025.0,22660.0,2884.0,20187.0,0.726158
50,21560,3000,4090.0,22506.0,3978.0,20015.0,0.944116
50,21560,3000,3800.0,22681.0,3686.0,20193.0,0.645257
50,21560,3000,3020.0,22682.0,2880.0,20210.0,0.301877
50,21560,3000,4121.0,22442.0,4010.0,19950.0,0.368814
50,21560,3000,3263.0,22669.0,3131.0,20191.0,0.692498
50,21560,3000,3143.0,22292.0,3000.0,19820.0,0.938318
50,21560,3000,4020.0,22577.0,3905.0,20085.0,0.884727
50,21560,3000,3908.0,22414.0,3789.0,19929.0,0.803022
50,21560,3000,3877.0,22642.0,3762.0,20153.0,0.950661
50,21560,3000,4076.0,22302.0,3958.0,19816.0,0.945466
50,21560,3000,4121.0,22369.0,4008.0,19880.0,0.878329
50,21560,3000,3702.0,22465.0,3577.0,19982.0,0.794055
50,21560,3000,4048.0,22511.0,3935.0,20021.0,0.946054
52,22760,1800,2408.0,23145.0,2246.0,20693.0,0.388079
52,22760,1800,2455.0,23086.0,2291.0,20636.0,0.309147
52,22760,1800,2050.0,23267.0,1857.0,20834.0,0.430422
52,22760,1800,2089.0,23704.0,1920.0,21275.0,0.36504
52,22760,1800,2402.0,23665.0,2230.0,21212.0,0.638282
53,22760,3000,4013.0,23093.0,3907.0,20597.0,0.950539
53,22760,3000,4024.0,23090.0,3918.0,20594.0,0.872244
53,22760,3000,3645.0,22779.0,3526.0,20290.0,0.423277
53,22760,3000,3997.0,22852.0,3886.0,20361.0,0.862689
53,22760,3000,4000.0,22936.0,3891.0,20443.0,0.773897
53,22760,3000,4011.0,23179.0,3899.0,20683.0,0.903301
53,22760,3000,3690.0,22848.0,3572.0,20360.0,0.5716
53,22760,3000,4189.0,22986.0,4087.0,20487.0,0.938604
53,22760,3000,3809.0,22800.0,3695.0,20310.0,0.779806
53,22760,3000,3609.0,22771.0,3490.0,20282.0,0.700444
53,22760,3000,3917.0,22904.0,3806.0,20412.0,0.945783
53,22760,3000,3701.0,22846.0,3583.0,20356.0,0.720438
53,22760,3000,3787.0,22844.0,3672.0,20353.0,0.946265
53,22760,3000,3843.0,22768.0,3729.0,20277.0,0.842172
53,22760,3000,3876.0,23038.0,3765.0,20546.0,0.933743
53,22760,3000,4001.0,22772.0,3889.0,20281.0,0.759515
53,22760,3000,4163.0,23012.0,4061.0,20514.0,0.751267
53,22760,3000,4057.0,22857.0,3947.0,20365.0,0.907171
53,22760,3000,4129.0,22797.0,4022.0,20304.0,0.868748
53,22760,3000,3687.0,23026.0,3569.0,20536.0,0.848943
53,22760,3000,3816.0,22783.0,3707.0,20293.0,0.81087
53,22760,3000,3652.0,22790.0,3532.0,20302.0,0.782229
53,22760,3000,4012.0,22891.0,3903.0,20399.0,0.637821
53,22760,3000,4140.0,22803.0,4037.0,20302.0,0.384444
53,22760,3000,3693.0,22960.0,3576.0,20471.0,0.950959
53,22760,3000,4127.0,22944.0,4023.0,20447.0,0.900708
53,22760,3000,3751.0,23207.0,3621.0,20726.0,0.337763
53,22760,3000,3668.0,22793.0,3551.0,20306.0,0.850042
53,22760,3000,3592.0,22904.0,3471.0,20416.0,0.833166
53,22760,3000,4129.0,22768.0,4021.0,20277.0,0.91255
53,22760,3000,3924.0,22968.0,3813.0,20475.0,0.831386
53,22760,3000,3557.0,22951.0,3436.0,20464.0,0.922717
53,22760,3000,3804.0,23095.0,3691.0,20606.0,0.910184
53,22760,3000,3999.0,23000.0,3890.0,20506.0,0.951304
53,22760,3000,3712.0,22842.0,3583.0,20367.0,0.332201
53,22760,3000,3741.0,22856.0,3625.0,20365.0,0.574318
53,22760,3000,4122.0,22966.0,4021.0,20470.0,0.686102
53,22760,3000,3636.0,22967.0,3517.0,20479.0,0.940021
53,22760,3000,4014.0,23008.0,3907.0,20514.0,0.952975
53,22760,3000,3630.0,22775.0,3511.0,20287.0,0.42319
53,22760,3000,4182.0,22917.0,4062.0,20424.0,0.426423
53,22760,3000,4010.0,22791.0,3903.0,20301.0,0.408185
53,22760,3000,3817.0,22998.0,3704.0,20507.0,0.933329
53,22760,3000,3734.0,23034.0,3619.0,20543.0,0.938952
53,22760,3000,3604.0,22888.0,3484.0,20401.0,0.742659
53,22760,3000,4125.0,23000.0,4022.0,20503.0,0.899239
53,22760,3000,3729.0,22899.0,3613.0,20409.0,0.942342
53,22760,3000,3832.0,22793.0,3723.0,20305.0,0.404205
53,22760,3000,3672.0,22815.0,3554.0,20326.0,0.731392
53,22760,3000,4073.0,22854.0,3964.0,20362.0,0.487619
53,22760,3000,3636.0,22939.0,3517.0,20450.0,0.817855
53,22760,3000,3837.0,23036.0,3725.0,20544.0,0.414717
53,22760,3000,4189.0,23071.0,4089.0,20572.0,0.871494
53,22760,3000,4192.0,23011.0,4092.0,20513.0,0.925655
53,22760,3000,4006.0,23167.0,3897.0,20672.0,0.947449
53,22760,3000,3855.0,22936.0,3742.0,20444.0,0.937703
53,22760,3000,3933.0,22885.0,3821.0,20392.0,0.300162
53,22760,3000,3857.0,23039.0,3747.0,20548.0,0.94906
53,22760,3000,3782.0,22929.0,3669.0,20439.0,0.42401
53,22760,3000,3813.0,23061.0,3700.0,20568.0,0.88664
53,22760,3000,4118.0,23121.0,4016.0,20623.0,0.936601
